보험회사,상품명,구분,담보명(급부명),지급사유,지급금액,가입금액,기준보험료,가입보험료,적용이율,갱신구분,판매채널,기준일자,상세안내,연락처,source_file,원본_열_0,원본_열_1,원본_열_2,원본_열_3,원본_열_4,원본_열_5,원본_열_6,원본_열_7,원본_열_8,원본_열_9,원본_열_10,원본_열_11,원본_열_12,원본_열_13,원본_열_14,원본_열_15,원본_열_16,원본_열_17,원본_열_18,원본_열_19,원본_열_20,원본_열_21,원본_열_22,원본_열_23,원본_열_24,원본_열_25,원본_열_26,원본_열_27,원본_열_28,원본_열_29
현대해상,(무)현대해상마음을더하는케어간병인보험(연만기갱신형)(Hi2510) 1종,(무)현대해상마음을더하는케어간병인보험(연만기갱신형)(Hi2510) 1종,간병인지원상해입원일당Ⅱ(1-180일)(간편맞춤고지)(갱신형),상해로 입원하여 치료를 받으며 실질적으로 간병서비스가 필요한 경우 간병인지원 및 간병인지원 1일당 이 특약의 보험가입금액(180일한도) 지급,3만원,"27,765","38,215",121,,,,,,,file_47.xls,,현대해상,(무)현대해상마음을더하는케어간병인보험(연만기갱신형)(Hi2510) 1종,간병인지원상해입원일당Ⅱ(1-180일)(간편맞춤고지)(갱신형),상해로 입원하여 치료를 받으며 실질적으로 간병서비스가 필요한 경우 간병인지원 및 간병인지원 1일당 이 특약의 보험가입금액(180일한도) 지급,3만원,"27,765","38,215",121,119.5,,,,,,,,,,,,,,,,,,,,
현대해상,(무)현대해상마음을더하는케어간병인보험(연만기갱신형)(Hi2510) 2종,(무)현대해상마음을더하는케어간병인보험(연만기갱신형)(Hi2510) 2종,간병인지원상해입원일당Ⅱ(1-180일)(갱신형),상해로 입원하여 치료를 받으며 실질적으로 간병서비스가 필요한 경우 간병인지원 및 간병인지원 1일당 이 특약의 보험가입금액(180일한도) 지급,3만원,"21,613","29,750",94.2,,,,,,,file_47.xls,,현대해상,(무)현대해상마음을더하는케어간병인보험(연만기갱신형)(Hi2510) 2종,간병인지원상해입원일당Ⅱ(1-180일)(갱신형),상해로 입원하여 치료를 받으며 실질적으로 간병서비스가 필요한 경우 간병인지원 및 간병인지원 1일당 이 특약의 보험가입금액(180일한도) 지급,3만원,"21,613","29,750",94.2,93,,,,,,,,,,,,,,,,,,,,
,,,간병인지원질병입원일당Ⅱ(1-180일)(갱신형),질병으로 입원하여 치료를 받으며 실질적으로 간병서비스가 필요한 경우 간병인지원 및 간병인지원 1일당 이 특약의 보험가입금액(180일한도) 지급,,,,,,,,,,,file_47.xls,,,,간병인지원질병입원일당Ⅱ(1-180일)(갱신형),질병으로 입원하여 치료를 받으며 실질적으로 간병서비스가 필요한 경우 간병인지원 및 간병인지원 1일당 이 특약의 보험가입금액(180일한도) 지급,,,,,,,,,,,,,,,,,,,,,,,,,
,,,"기본계약(상해재택간병인지원보장(입원간병인사용1일당,최대180회)(갱신형))","상해로 입원하여 치료를 받으며 입원간병인을 1일당 8시간 이상 사용하여 실질적으로 입원간병서비스를 이용한 후, 퇴원일로부터 1년간 자택 등 의료기관 이외의 장소에서 그 상해로 인하여 실질적으로 재택간병서비스가 필요한경우 입원간병인사용 1일당 재택간병인 1회 지원 및 재택간병인 지원 1회당 이 특약의 보험가입금액(180회 한도) 지급",,,,,,,,,,,file_47.xls,,,,"기본계약(상해재택간병인지원보장(입원간병인사용1일당,최대180회)(갱신형))","상해로 입원하여 치료를 받으며 입원간병인을 1일당 8시간 이상 사용하여 실질적으로 입원간병서비스를 이용한 후, 퇴원일로부터 1년간 자택 등 의료기관 이외의 장소에서 그 상해로 인하여 실질적으로 재택간병서비스가 필요한경우 입원간병인사용 1일당 재택간병인 1회 지원 및 재택간병인 지원 1회당 이 특약의 보험가입금액(180회 한도) 지급",,,,,,,,,,,,,,,,,,,,,,,,,
,,,"기본계약(질병재택간병인지원보장(입원간병인사용1일당,최대180회)(갱신형))","질병으로 입원하여 치료를 받으며 입원간병인을 1일당 8시간 이상 사용하여 실질적으로 입원간병서비스를 이용한 후, 퇴원일로부터 1년간 자택 등 의료기관 이외의 장소에서 그 상해로 인하여 실질적으로 재택간병서비스가 필요한경우 입원간병인사용 1일당 재택간병인 1회 지원 및 재택간병인 지원 1회당 이 특약의 보험가입금액(180회 한도) 지급",,,,,,,,,,,file_47.xls,,,,"기본계약(질병재택간병인지원보장(입원간병인사용1일당,최대180회)(갱신형))","질병으로 입원하여 치료를 받으며 입원간병인을 1일당 8시간 이상 사용하여 실질적으로 입원간병서비스를 이용한 후, 퇴원일로부터 1년간 자택 등 의료기관 이외의 장소에서 그 상해로 인하여 실질적으로 재택간병서비스가 필요한경우 입원간병인사용 1일당 재택간병인 1회 지원 및 재택간병인 지원 1회당 이 특약의 보험가입금액(180회 한도) 지급",,,,,,,,,,,,,,,,,,,,,,,,,
교보생명,교보더안심치매·간병보험 (무배당),주계약,사망보험금,보험기간 중 피보험자가 사망하였을 경우,보험가입금액,"1,000만원",21100  원,"18,900  원",,,,,,,보장성_상품비교_20260608162031320.xls,교보생명,교보더안심치매·간병보험 (무배당),주계약,사망보험금,보험기간 중 피보험자가 사망하였을 경우,보험가입금액,"1,000만원",21100  원,"18,900  원",2.50 %,-,-,97.0 %,96.8 %,-,-,-,-,기본형,무해지/저해지환급,-,-,-,-,,비유니버셜,대면채널,2026-04-01,"■필수기재사항 1.가입나이 : 30세~최대75세(납입기간별로 상이함) 2.보험기간 : 종신 3. 보험료 예시기준 : 저해약환급금형, 40세, 20년납, 보험가입금액 1,000만원 ■선택기재사항 1. 주계약 가입한도 : 100만원 ~ 3,000만원 2. 부가서비스 : 교보New헬스케어서비스 치매·간병특화형",1588-1001
교보생명,교보더안심치매·간병보험 (무배당),특약,무배당 장기요양진단특약L(1~인지지원등급),"피보험자가 이 특약의 보험기간 중 “장기요양상태(1~인지지원등급) 보장개시일” 이후에 최초로 “장기요양상태(1~인지지원등급)”가 되었을 경우(다만, 최초 1회의 판정에 한함)",100만원,"1,000만원",1560  원,"2,020  원",,,,,,,보장성_상품비교_20260608162031320.xls,교보생명,교보더안심치매·간병보험 (무배당),특약,무배당 장기요양진단특약L(1~인지지원등급),"피보험자가 이 특약의 보험기간 중 “장기요양상태(1~인지지원등급) 보장개시일” 이후에 최초로 “장기요양상태(1~인지지원등급)”가 되었을 경우(다만, 최초 1회의 판정에 한함)",100만원,"1,000만원",1560  원,"2,020  원",2.50 %,-,-,97.0 %,96.8 %,-,-,-,-,기본형,무해지/저해지환급,-,-,-,-,,비유니버셜,대면채널,2026-04-01,"■필수기재사항 1.가입나이 : 30세~최대75세(납입기간별로 상이함) 2.보험기간 : 종신 3. 보험료 예시기준 : 저해약환급금형, 40세, 20년납, 보험가입금액 1,000만원 ■선택기재사항 1. 주계약 가입한도 : 100만원 ~ 3,000만원 2. 부가서비스 : 교보New헬스케어서비스 치매·간병특화형",1588-1001
교보생명,교보더안심치매·간병보험 (무배당),특약,"무배당 장기요양재가급여특약L(1~5등급)(각1일,복지용구제외)","피보험자가 이 특약의 보험기간 중 “장기요양상태(1~5등급) 보장개시일” 이후에 최초로 “장기요양상태(1~5등급)”가 되고 “재가급여” 중 방문요양을 이용하는 경우(다만, “장기요양등급(1~5등급) 판정일”로부터 10년을 최고 한도로 하여 지급, 1일1회에 한함) ※ 이외 보장담보는 상품요약서 참조",이용 1회당 1만원,"1,000만원",9450  원,"14,430  원",,,,,,,보장성_상품비교_20260608162031320.xls,교보생명,교보더안심치매·간병보험 (무배당),특약,"무배당 장기요양재가급여특약L(1~5등급)(각1일,복지용구제외)","피보험자가 이 특약의 보험기간 중 “장기요양상태(1~5등급) 보장개시일” 이후에 최초로 “장기요양상태(1~5등급)”가 되고 “재가급여” 중 방문요양을 이용하는 경우(다만, “장기요양등급(1~5등급) 판정일”로부터 10년을 최고 한도로 하여 지급, 1일1회에 한함) ※ 이외 보장담보는 상품요약서 참조",이용 1회당 1만원,"1,000만원",9450  원,"14,430  원",2.50 %,-,-,97.0 %,96.8 %,-,-,-,-,기본형,무해지/저해지환급,-,-,-,-,,비유니버셜,대면채널,2026-04-01,"■필수기재사항 1.가입나이 : 30세~최대75세(납입기간별로 상이함) 2.보험기간 : 종신 3. 보험료 예시기준 : 저해약환급금형, 40세, 20년납, 보험가입금액 1,000만원 ■선택기재사항 1. 주계약 가입한도 : 100만원 ~ 3,000만원 2. 부가서비스 : 교보New헬스케어서비스 치매·간병특화형",1588-1001
교보생명,교보더안심치매·간병보험 (무배당),특약,무배당 장기요양시설급여특약L(1~4등급)(일1회),"피보험자가 이 특약의 보험기간 중 “장기요양상태(1~4등급) 보장개시일”이후에 최초로 “장기요양상태(1~4등급)”가 되고 “시설급여”를 1일 이상 이용하는 경우(다만, “장기요양등급(1~4등급) 판정일”로부터 10년을 최고 한도로 하여 지급)",이용 1일당 1만원,"1,000만원",3520  원,"7,230  원",,,,,,,보장성_상품비교_20260608162031320.xls,교보생명,교보더안심치매·간병보험 (무배당),특약,무배당 장기요양시설급여특약L(1~4등급)(일1회),"피보험자가 이 특약의 보험기간 중 “장기요양상태(1~4등급) 보장개시일”이후에 최초로 “장기요양상태(1~4등급)”가 되고 “시설급여”를 1일 이상 이용하는 경우(다만, “장기요양등급(1~4등급) 판정일”로부터 10년을 최고 한도로 하여 지급)",이용 1일당 1만원,"1,000만원",3520  원,"7,230  원",2.50 %,-,-,97.0 %,96.8 %,-,-,-,-,기본형,무해지/저해지환급,-,-,-,-,,비유니버셜,대면채널,2026-04-01,"■필수기재사항 1.가입나이 : 30세~최대75세(납입기간별로 상이함) 2.보험기간 : 종신 3. 보험료 예시기준 : 저해약환급금형, 40세, 20년납, 보험가입금액 1,000만원 ■선택기재사항 1. 주계약 가입한도 : 100만원 ~ 3,000만원 2. 부가서비스 : 교보New헬스케어서비스 치매·간병특화형",1588-1001
교보생명,교보더안심치매·간병보험 (무배당),특약,무배당 경도이상치매(CDR1점이상)보장특약L,"피보험자가 이 특약의 보험기간 중 “경도이상치매 보장개시일” 이후에 “경도이상 치매상태”로 진단이 확정되었을 경우(다만, 최초 1회에 한하여 지급) ※ 이외 보장담보는 상품요약서 참조","1,000만원","1,000만원",33800  원,"38,590  원",,,,,,,보장성_상품비교_20260608162031320.xls,교보생명,교보더안심치매·간병보험 (무배당),특약,무배당 경도이상치매(CDR1점이상)보장특약L,"피보험자가 이 특약의 보험기간 중 “경도이상치매 보장개시일” 이후에 “경도이상 치매상태”로 진단이 확정되었을 경우(다만, 최초 1회에 한하여 지급) ※ 이외 보장담보는 상품요약서 참조","1,000만원","1,000만원",33800  원,"38,590  원",2.50 %,-,-,97.0 %,96.8 %,-,-,-,-,기본형,무해지/저해지환급,-,-,-,-,,비유니버셜,대면채널,2026-04-01,"■필수기재사항 1.가입나이 : 30세~최대75세(납입기간별로 상이함) 2.보험기간 : 종신 3. 보험료 예시기준 : 저해약환급금형, 40세, 20년납, 보험가입금액 1,000만원 ■선택기재사항 1. 주계약 가입한도 : 100만원 ~ 3,000만원 2. 부가서비스 : 교보New헬스케어서비스 치매·간병특화형",1588-1001
교보생명,교보더안심치매·간병보험 [D](무배당),주계약,사망보험금,보험기간 중 피보험자가 사망하였을 경우,보험가입금액,"1,000만원",21100  원,"18,900  원",,,,,,,보장성_상품비교_20260608162031320.xls,교보생명,교보더안심치매·간병보험 [D](무배당),주계약,사망보험금,보험기간 중 피보험자가 사망하였을 경우,보험가입금액,"1,000만원",21100  원,"18,900  원",2.50 %,-,-,97.0 %,96.8 %,-,-,-,-,기본형,무해지/저해지환급,-,-,-,-,,비유니버셜,TM,2026-04-01,"■필수기재사항 1.가입나이 : 30세~최대75세(납입기간별로 상이함) 2.보험기간 : 종신 3. 보험료 예시기준 : 저해약환급금형, 40세, 20년납, 보험가입금액 1,000만원 ■선택기재사항 1. 주계약 가입한도 : 100만원 ~ 3,000만원 2. 부가서비스 : 교보New헬스케어서비스 치매·간병특화형",1588-1001
교보생명,교보더안심치매·간병보험 [D](무배당),특약,무배당 장기요양진단특약L(1~인지지원등급),"피보험자가 이 특약의 보험기간 중 “장기요양상태(1~인지지원등급) 보장개시일” 이후에 최초로 “장기요양상태(1~인지지원등급)”가 되었을 경우(다만, 최초 1회의 판정에 한함)",100만원,"1,000만원",1560  원,"2,020  원",,,,,,,보장성_상품비교_20260608162031320.xls,교보생명,교보더안심치매·간병보험 [D](무배당),특약,무배당 장기요양진단특약L(1~인지지원등급),"피보험자가 이 특약의 보험기간 중 “장기요양상태(1~인지지원등급) 보장개시일” 이후에 최초로 “장기요양상태(1~인지지원등급)”가 되었을 경우(다만, 최초 1회의 판정에 한함)",100만원,"1,000만원",1560  원,"2,020  원",2.50 %,-,-,97.0 %,96.8 %,-,-,-,-,기본형,무해지/저해지환급,-,-,-,-,,비유니버셜,TM,2026-04-01,"■필수기재사항 1.가입나이 : 30세~최대75세(납입기간별로 상이함) 2.보험기간 : 종신 3. 보험료 예시기준 : 저해약환급금형, 40세, 20년납, 보험가입금액 1,000만원 ■선택기재사항 1. 주계약 가입한도 : 100만원 ~ 3,000만원 2. 부가서비스 : 교보New헬스케어서비스 치매·간병특화형",1588-1001
교보생명,교보더안심치매·간병보험 [D](무배당),특약,"무배당 장기요양재가급여특약L(1~5등급)(각1일,복지용구제외)","피보험자가 이 특약의 보험기간 중 “장기요양상태(1~5등급) 보장개시일” 이후에 최초로 “장기요양상태(1~5등급)”가 되고 “재가급여” 중 방문요양을 이용하는 경우(다만, “장기요양등급(1~5등급) 판정일”로부터 10년을 최고 한도로 하여 지급, 1일1회에 한함) ※ 이외 보장담보는 상품요약서 참조",이용 1회당 1만원,"1,000만원",9450  원,"14,430  원",,,,,,,보장성_상품비교_20260608162031320.xls,교보생명,교보더안심치매·간병보험 [D](무배당),특약,"무배당 장기요양재가급여특약L(1~5등급)(각1일,복지용구제외)","피보험자가 이 특약의 보험기간 중 “장기요양상태(1~5등급) 보장개시일” 이후에 최초로 “장기요양상태(1~5등급)”가 되고 “재가급여” 중 방문요양을 이용하는 경우(다만, “장기요양등급(1~5등급) 판정일”로부터 10년을 최고 한도로 하여 지급, 1일1회에 한함) ※ 이외 보장담보는 상품요약서 참조",이용 1회당 1만원,"1,000만원",9450  원,"14,430  원",2.50 %,-,-,97.0 %,96.8 %,-,-,-,-,기본형,무해지/저해지환급,-,-,-,-,,비유니버셜,TM,2026-04-01,"■필수기재사항 1.가입나이 : 30세~최대75세(납입기간별로 상이함) 2.보험기간 : 종신 3. 보험료 예시기준 : 저해약환급금형, 40세, 20년납, 보험가입금액 1,000만원 ■선택기재사항 1. 주계약 가입한도 : 100만원 ~ 3,000만원 2. 부가서비스 : 교보New헬스케어서비스 치매·간병특화형",1588-1001
교보생명,교보더안심치매·간병보험 [D](무배당),특약,무배당 장기요양시설급여특약L(1~4등급)(일1회),"피보험자가 이 특약의 보험기간 중 “장기요양상태(1~4등급) 보장개시일”이후에 최초로 “장기요양상태(1~4등급)”가 되고 “시설급여”를 1일 이상 이용하는 경우(다만, “장기요양등급(1~4등급) 판정일”로부터 10년을 최고 한도로 하여 지급)",이용 1일당 1만원,"1,000만원",3520  원,"7,230  원",,,,,,,보장성_상품비교_20260608162031320.xls,교보생명,교보더안심치매·간병보험 [D](무배당),특약,무배당 장기요양시설급여특약L(1~4등급)(일1회),"피보험자가 이 특약의 보험기간 중 “장기요양상태(1~4등급) 보장개시일”이후에 최초로 “장기요양상태(1~4등급)”가 되고 “시설급여”를 1일 이상 이용하는 경우(다만, “장기요양등급(1~4등급) 판정일”로부터 10년을 최고 한도로 하여 지급)",이용 1일당 1만원,"1,000만원",3520  원,"7,230  원",2.50 %,-,-,97.0 %,96.8 %,-,-,-,-,기본형,무해지/저해지환급,-,-,-,-,,비유니버셜,TM,2026-04-01,"■필수기재사항 1.가입나이 : 30세~최대75세(납입기간별로 상이함) 2.보험기간 : 종신 3. 보험료 예시기준 : 저해약환급금형, 40세, 20년납, 보험가입금액 1,000만원 ■선택기재사항 1. 주계약 가입한도 : 100만원 ~ 3,000만원 2. 부가서비스 : 교보New헬스케어서비스 치매·간병특화형",1588-1001
교보생명,교보더안심치매·간병보험 [D](무배당),특약,무배당 경도이상치매(CDR1점이상)보장특약L,"피보험자가 이 특약의 보험기간 중 “경도이상치매 보장개시일” 이후에 “경도이상 치매상태”로 진단이 확정되었을 경우(다만, 최초 1회에 한하여 지급) ※ 이외 보장담보는 상품요약서 참조","1,000만원","1,000만원",33800  원,"38,590  원",,,,,,,보장성_상품비교_20260608162031320.xls,교보생명,교보더안심치매·간병보험 [D](무배당),특약,무배당 경도이상치매(CDR1점이상)보장특약L,"피보험자가 이 특약의 보험기간 중 “경도이상치매 보장개시일” 이후에 “경도이상 치매상태”로 진단이 확정되었을 경우(다만, 최초 1회에 한하여 지급) ※ 이외 보장담보는 상품요약서 참조","1,000만원","1,000만원",33800  원,"38,590  원",2.50 %,-,-,97.0 %,96.8 %,-,-,-,-,기본형,무해지/저해지환급,-,-,-,-,,비유니버셜,TM,2026-04-01,"■필수기재사항 1.가입나이 : 30세~최대75세(납입기간별로 상이함) 2.보험기간 : 종신 3. 보험료 예시기준 : 저해약환급금형, 40세, 20년납, 보험가입금액 1,000만원 ■선택기재사항 1. 주계약 가입한도 : 100만원 ~ 3,000만원 2. 부가서비스 : 교보New헬스케어서비스 치매·간병특화형",1588-1001
미래에셋생명,M-케어 치매간병보험 무배당 일반가입형 [해약환급금이 없는 유형],주계약,사망보험금,피보험자가 보험기간 중 사망한 경우,"보험가입금액 ※ 보험기간 중 피보험자에게 사망보험금 지급사유가 발생한 경우에는 해당 보험금과 """"이미 납입한보험료"""" 중 큰 금액을 지급합니다","1,000만원",20270  원,"17,360  원",,,,,,,보장성_상품비교_20260608162031320.xls,미래에셋생명,M-케어 치매간병보험 무배당 일반가입형 [해약환급금이 없는 유형],주계약,사망보험금,피보험자가 보험기간 중 사망한 경우,"보험가입금액 ※ 보험기간 중 피보험자에게 사망보험금 지급사유가 발생한 경우에는 해당 보험금과 """"이미 납입한보험료"""" 중 큰 금액을 지급합니다","1,000만원",20270  원,"17,360  원",2.50 %,-,-,105.0 %,101.9 %,-,-,-,-,기본형,무해지/저해지환급,-,-,-,-,비갱신형,비유니버셜,대면채널  기타,2026-05-01,"1. 보험기간 : 90, 95세, 종신 2. 보험종류 : 일반가입형 [기본형], 일반가입형 [해약환급금이 없는 유형], 간편고지형(355) [기본형], 간편고지형(355) [해약환급금이 없는 유형] 3. 가입나이 : 만30세 ~ 75세 4. 납입기간 : 10,15,20,25,30년납 5. 납입주기 : 월납 6. 보험가격지수 산출기준 : 일반가입형 [해약환급금이 없는 유형], 가입금액 1,000만원, 40세, 종신, 20년납, 월납 7. 주계약 보험료 산출기준 : 일반가입형 [해약환급금이 없는 유형], 가입금액 1,000만원, 40세, 종신, 20년납, 월납 8. 특약 보험기간, 납입기간 : 종신, 20년납(단, 치매진단특약(경도이상) 월지급형 일반가입형 [해약환급금이 없는 유형]은 100세만기, 20년납) 9. 특이사항 : 「M-케어 치매간병보험 무배당」은 주계약의 사망보험금을 중심으로 각종 특약을 부가해 치매에 대해 종합적으로 보장을 설계할 수 있는 상품입니다. 경도치매부터 중증치매까지 단계별 치매 진단에 대한 보장뿐만 아니라, 치매 검사ㆍ치료ㆍ간병 등 다양한 보장을 제공합니다.",1588-0220
미래에셋생명,M-케어 치매간병보험 무배당 일반가입형 [해약환급금이 없는 유형],특약,치매진단특약(경도이상) 일반가입형 [해약환급금이 없는 유형],"피보험자가 이 특약의 보험기간 중 치매보장개시일 이후 경도이상치매상태로 최종 진단확정 되었을 경우 (다만, 최초 1회에 한하여 지급)",이 특약 보험가입금액의 100%,"1,000만원",12730  원,"14,170  원",,,,,,,보장성_상품비교_20260608162031320.xls,미래에셋생명,M-케어 치매간병보험 무배당 일반가입형 [해약환급금이 없는 유형],특약,치매진단특약(경도이상) 일반가입형 [해약환급금이 없는 유형],"피보험자가 이 특약의 보험기간 중 치매보장개시일 이후 경도이상치매상태로 최종 진단확정 되었을 경우 (다만, 최초 1회에 한하여 지급)",이 특약 보험가입금액의 100%,"1,000만원",12730  원,"14,170  원",2.50 %,-,-,105.0 %,101.9 %,-,-,-,-,기본형,무해지/저해지환급,-,-,-,-,비갱신형,비유니버셜,대면채널  기타,2026-05-01,"1. 보험기간 : 90, 95세, 종신 2. 보험종류 : 일반가입형 [기본형], 일반가입형 [해약환급금이 없는 유형], 간편고지형(355) [기본형], 간편고지형(355) [해약환급금이 없는 유형] 3. 가입나이 : 만30세 ~ 75세 4. 납입기간 : 10,15,20,25,30년납 5. 납입주기 : 월납 6. 보험가격지수 산출기준 : 일반가입형 [해약환급금이 없는 유형], 가입금액 1,000만원, 40세, 종신, 20년납, 월납 7. 주계약 보험료 산출기준 : 일반가입형 [해약환급금이 없는 유형], 가입금액 1,000만원, 40세, 종신, 20년납, 월납 8. 특약 보험기간, 납입기간 : 종신, 20년납(단, 치매진단특약(경도이상) 월지급형 일반가입형 [해약환급금이 없는 유형]은 100세만기, 20년납) 9. 특이사항 : 「M-케어 치매간병보험 무배당」은 주계약의 사망보험금을 중심으로 각종 특약을 부가해 치매에 대해 종합적으로 보장을 설계할 수 있는 상품입니다. 경도치매부터 중증치매까지 단계별 치매 진단에 대한 보장뿐만 아니라, 치매 검사ㆍ치료ㆍ간병 등 다양한 보장을 제공합니다.",1588-0220
미래에셋생명,M-케어 치매간병보험 무배당 일반가입형 [해약환급금이 없는 유형],특약,치매진단특약(경도이상) 월지급형 일반가입형 [해약환급금이 없는 유형],"피보험자가 이 특약의 보험기간 중 치매보장개시일이후에 ‘경도이상치매상태’로 최종 진단확정되고, 매년 ‘경도이상치매상태’ 최종 진단확정일에 살아있을 경우(월 1회한)",1회 지급금액 : 이 특약 보험가입금액의 100% / 총 지급액 : 이 특약 보험가입금액의 100%를 매년 경도이상치매상태 최종 진단확정일에 생존하는 경우 매월 경도이상치매상태 최종 진단확정일에 지급 (최초 36회 확정지급하며 최대 120회 지급),10만원,8741  원,"10,509  원",,,,,,,보장성_상품비교_20260608162031320.xls,미래에셋생명,M-케어 치매간병보험 무배당 일반가입형 [해약환급금이 없는 유형],특약,치매진단특약(경도이상) 월지급형 일반가입형 [해약환급금이 없는 유형],"피보험자가 이 특약의 보험기간 중 치매보장개시일이후에 ‘경도이상치매상태’로 최종 진단확정되고, 매년 ‘경도이상치매상태’ 최종 진단확정일에 살아있을 경우(월 1회한)",1회 지급금액 : 이 특약 보험가입금액의 100% / 총 지급액 : 이 특약 보험가입금액의 100%를 매년 경도이상치매상태 최종 진단확정일에 생존하는 경우 매월 경도이상치매상태 최종 진단확정일에 지급 (최초 36회 확정지급하며 최대 120회 지급),10만원,8741  원,"10,509  원",2.50 %,-,-,105.0 %,101.9 %,-,-,-,-,기본형,무해지/저해지환급,-,-,-,-,비갱신형,비유니버셜,대면채널  기타,2026-05-01,"1. 보험기간 : 90, 95세, 종신 2. 보험종류 : 일반가입형 [기본형], 일반가입형 [해약환급금이 없는 유형], 간편고지형(355) [기본형], 간편고지형(355) [해약환급금이 없는 유형] 3. 가입나이 : 만30세 ~ 75세 4. 납입기간 : 10,15,20,25,30년납 5. 납입주기 : 월납 6. 보험가격지수 산출기준 : 일반가입형 [해약환급금이 없는 유형], 가입금액 1,000만원, 40세, 종신, 20년납, 월납 7. 주계약 보험료 산출기준 : 일반가입형 [해약환급금이 없는 유형], 가입금액 1,000만원, 40세, 종신, 20년납, 월납 8. 특약 보험기간, 납입기간 : 종신, 20년납(단, 치매진단특약(경도이상) 월지급형 일반가입형 [해약환급금이 없는 유형]은 100세만기, 20년납) 9. 특이사항 : 「M-케어 치매간병보험 무배당」은 주계약의 사망보험금을 중심으로 각종 특약을 부가해 치매에 대해 종합적으로 보장을 설계할 수 있는 상품입니다. 경도치매부터 중증치매까지 단계별 치매 진단에 대한 보장뿐만 아니라, 치매 검사ㆍ치료ㆍ간병 등 다양한 보장을 제공합니다.",1588-0220
미래에셋생명,M-케어 치매간병보험 무배당 일반가입형 [해약환급금이 없는 유형],특약,치매진단특약(중등도이상) 일반가입형 [해약환급금이 없는 유형],"피보험자가 이 특약의 보험기간 중 치매보장개시일 이후 중등도이상치매상태로 최종 진단확정 되었을 경우 (다만, 최초 1회에 한하여 지급)",이 특약 보험가입금액의 100%,"1,000만원",8660  원,"10,340  원",,,,,,,보장성_상품비교_20260608162031320.xls,미래에셋생명,M-케어 치매간병보험 무배당 일반가입형 [해약환급금이 없는 유형],특약,치매진단특약(중등도이상) 일반가입형 [해약환급금이 없는 유형],"피보험자가 이 특약의 보험기간 중 치매보장개시일 이후 중등도이상치매상태로 최종 진단확정 되었을 경우 (다만, 최초 1회에 한하여 지급)",이 특약 보험가입금액의 100%,"1,000만원",8660  원,"10,340  원",2.50 %,-,-,105.0 %,101.9 %,-,-,-,-,기본형,무해지/저해지환급,-,-,-,-,비갱신형,비유니버셜,대면채널  기타,2026-05-01,"1. 보험기간 : 90, 95세, 종신 2. 보험종류 : 일반가입형 [기본형], 일반가입형 [해약환급금이 없는 유형], 간편고지형(355) [기본형], 간편고지형(355) [해약환급금이 없는 유형] 3. 가입나이 : 만30세 ~ 75세 4. 납입기간 : 10,15,20,25,30년납 5. 납입주기 : 월납 6. 보험가격지수 산출기준 : 일반가입형 [해약환급금이 없는 유형], 가입금액 1,000만원, 40세, 종신, 20년납, 월납 7. 주계약 보험료 산출기준 : 일반가입형 [해약환급금이 없는 유형], 가입금액 1,000만원, 40세, 종신, 20년납, 월납 8. 특약 보험기간, 납입기간 : 종신, 20년납(단, 치매진단특약(경도이상) 월지급형 일반가입형 [해약환급금이 없는 유형]은 100세만기, 20년납) 9. 특이사항 : 「M-케어 치매간병보험 무배당」은 주계약의 사망보험금을 중심으로 각종 특약을 부가해 치매에 대해 종합적으로 보장을 설계할 수 있는 상품입니다. 경도치매부터 중증치매까지 단계별 치매 진단에 대한 보장뿐만 아니라, 치매 검사ㆍ치료ㆍ간병 등 다양한 보장을 제공합니다.",1588-0220
미래에셋생명,M-케어 치매간병보험 무배당 일반가입형 [해약환급금이 없는 유형],특약,치매진단특약(중증) 일반가입형 [해약환급금이 없는 유형],"피보험자가 이 특약의 보험기간 중 치매보장개시일 이후 중증치매상태로 최종 진단확정 되었을 경우 (다만, 최초 1회에 한하여 지급)",이 특약 보험가입금액의 100%,"1,000만원",4640  원,"6,640  원",,,,,,,보장성_상품비교_20260608162031320.xls,미래에셋생명,M-케어 치매간병보험 무배당 일반가입형 [해약환급금이 없는 유형],특약,치매진단특약(중증) 일반가입형 [해약환급금이 없는 유형],"피보험자가 이 특약의 보험기간 중 치매보장개시일 이후 중증치매상태로 최종 진단확정 되었을 경우 (다만, 최초 1회에 한하여 지급)",이 특약 보험가입금액의 100%,"1,000만원",4640  원,"6,640  원",2.50 %,-,-,105.0 %,101.9 %,-,-,-,-,기본형,무해지/저해지환급,-,-,-,-,비갱신형,비유니버셜,대면채널  기타,2026-05-01,"1. 보험기간 : 90, 95세, 종신 2. 보험종류 : 일반가입형 [기본형], 일반가입형 [해약환급금이 없는 유형], 간편고지형(355) [기본형], 간편고지형(355) [해약환급금이 없는 유형] 3. 가입나이 : 만30세 ~ 75세 4. 납입기간 : 10,15,20,25,30년납 5. 납입주기 : 월납 6. 보험가격지수 산출기준 : 일반가입형 [해약환급금이 없는 유형], 가입금액 1,000만원, 40세, 종신, 20년납, 월납 7. 주계약 보험료 산출기준 : 일반가입형 [해약환급금이 없는 유형], 가입금액 1,000만원, 40세, 종신, 20년납, 월납 8. 특약 보험기간, 납입기간 : 종신, 20년납(단, 치매진단특약(경도이상) 월지급형 일반가입형 [해약환급금이 없는 유형]은 100세만기, 20년납) 9. 특이사항 : 「M-케어 치매간병보험 무배당」은 주계약의 사망보험금을 중심으로 각종 특약을 부가해 치매에 대해 종합적으로 보장을 설계할 수 있는 상품입니다. 경도치매부터 중증치매까지 단계별 치매 진단에 대한 보장뿐만 아니라, 치매 검사ㆍ치료ㆍ간병 등 다양한 보장을 제공합니다.",1588-0220
미래에셋생명,M-케어 치매간병보험 무배당 일반가입형 [기본형],주계약,사망보험금,피보험자가 보험기간 중 사망한 경우,"보험가입금액 ※ 보험기간 중 피보험자에게 사망보험금 지급사유가 발생한 경우에는 해당 보험금과 """"이미 납입한보험료"""" 중 큰 금액을 지급합니다","1,000만원",25500  원,"22,270  원",,,,,,,보장성_상품비교_20260608162031320.xls,미래에셋생명,M-케어 치매간병보험 무배당 일반가입형 [기본형],주계약,사망보험금,피보험자가 보험기간 중 사망한 경우,"보험가입금액 ※ 보험기간 중 피보험자에게 사망보험금 지급사유가 발생한 경우에는 해당 보험금과 """"이미 납입한보험료"""" 중 큰 금액을 지급합니다","1,000만원",25500  원,"22,270  원",2.50 %,-,-,98.9 %,95.8 %,-,-,-,-,기본형,일반,-,-,-,-,비갱신형,비유니버셜,대면채널  기타,2026-05-01,"1. 보험기간 : 90, 95세, 종신 2. 보험종류 : 일반가입형 [기본형], 일반가입형 [해약환급금이 없는 유형], 간편고지형(355) [기본형], 간편고지형(355) [해약환급금이 없는 유형] 3. 가입나이 : 만30세 ~ 75세 4. 납입기간 : 10,15,20,25,30년납 5. 납입주기 : 월납 6. 보험가격지수 산출기준 : 일반가입형 [기본형], 가입금액 1,000만원, 40세, 종신, 20년납, 월납 7. 주계약 보험료 산출기준 : 일반가입형 [기본형], 가입금액 1,000만원, 40세, 종신, 20년납, 월납 8. 특약 보험기간, 납입기간 : 종신, 20년납(단, 치매진단특약(경도이상) 월지급형 일반가입형 [기본형]은 100세만기, 20년납) 9. 특이사항 : 「M-케어 치매간병보험 무배당」은 주계약의 사망보험금을 중심으로 각종 특약을 부가해 치매에 대해 종합적으로 보장을 설계할 수 있는 상품입니다. 경도치매부터 중증치매까지 단계별 치매 진단에 대한 보장뿐만 아니라, 치매 검사ㆍ치료ㆍ간병 등 다양한 보장을 제공합니다.",1588-0220
미래에셋생명,M-케어 치매간병보험 무배당 일반가입형 [기본형],특약,치매진단특약(경도이상) 일반가입형 [기본형],"피보험자가 이 특약의 보험기간 중 치매보장개시일 이후 경도이상치매상태로 최종 진단확정 되었을 경우 (다만, 최초 1회에 한하여 지급)",이 특약 보험가입금액의 100%,"1,000만원",17750  원,"19,790  원",,,,,,,보장성_상품비교_20260608162031320.xls,미래에셋생명,M-케어 치매간병보험 무배당 일반가입형 [기본형],특약,치매진단특약(경도이상) 일반가입형 [기본형],"피보험자가 이 특약의 보험기간 중 치매보장개시일 이후 경도이상치매상태로 최종 진단확정 되었을 경우 (다만, 최초 1회에 한하여 지급)",이 특약 보험가입금액의 100%,"1,000만원",17750  원,"19,790  원",2.50 %,-,-,98.9 %,95.8 %,-,-,-,-,기본형,일반,-,-,-,-,비갱신형,비유니버셜,대면채널  기타,2026-05-01,"1. 보험기간 : 90, 95세, 종신 2. 보험종류 : 일반가입형 [기본형], 일반가입형 [해약환급금이 없는 유형], 간편고지형(355) [기본형], 간편고지형(355) [해약환급금이 없는 유형] 3. 가입나이 : 만30세 ~ 75세 4. 납입기간 : 10,15,20,25,30년납 5. 납입주기 : 월납 6. 보험가격지수 산출기준 : 일반가입형 [기본형], 가입금액 1,000만원, 40세, 종신, 20년납, 월납 7. 주계약 보험료 산출기준 : 일반가입형 [기본형], 가입금액 1,000만원, 40세, 종신, 20년납, 월납 8. 특약 보험기간, 납입기간 : 종신, 20년납(단, 치매진단특약(경도이상) 월지급형 일반가입형 [기본형]은 100세만기, 20년납) 9. 특이사항 : 「M-케어 치매간병보험 무배당」은 주계약의 사망보험금을 중심으로 각종 특약을 부가해 치매에 대해 종합적으로 보장을 설계할 수 있는 상품입니다. 경도치매부터 중증치매까지 단계별 치매 진단에 대한 보장뿐만 아니라, 치매 검사ㆍ치료ㆍ간병 등 다양한 보장을 제공합니다.",1588-0220
미래에셋생명,M-케어 치매간병보험 무배당 일반가입형 [기본형],특약,치매진단특약(경도이상) 월지급형 일반가입형 [기본형],"피보험자가 이 특약의 보험기간 중 치매보장개시일이후에 ‘경도이상치매상태’로 최종 진단확정되고, 매년 ‘경도이상치매상태’ 최종 진단확정일에 살아있을 경우(월 1회한)",1회 지급금액 : 이 특약 보험가입금액의 100% / 총 지급액 : 이 특약 보험가입금액의 100%를 매년 경도이상치매상태 최종 진단확정일에 생존하는 경우 매월 경도이상치매상태 최종 진단확정일에 지급 (최초 36회 확정지급하며 최대 120회 지급),10만원,11164  원,"13,395  원",,,,,,,보장성_상품비교_20260608162031320.xls,미래에셋생명,M-케어 치매간병보험 무배당 일반가입형 [기본형],특약,치매진단특약(경도이상) 월지급형 일반가입형 [기본형],"피보험자가 이 특약의 보험기간 중 치매보장개시일이후에 ‘경도이상치매상태’로 최종 진단확정되고, 매년 ‘경도이상치매상태’ 최종 진단확정일에 살아있을 경우(월 1회한)",1회 지급금액 : 이 특약 보험가입금액의 100% / 총 지급액 : 이 특약 보험가입금액의 100%를 매년 경도이상치매상태 최종 진단확정일에 생존하는 경우 매월 경도이상치매상태 최종 진단확정일에 지급 (최초 36회 확정지급하며 최대 120회 지급),10만원,11164  원,"13,395  원",2.50 %,-,-,98.9 %,95.8 %,-,-,-,-,기본형,일반,-,-,-,-,비갱신형,비유니버셜,대면채널  기타,2026-05-01,"1. 보험기간 : 90, 95세, 종신 2. 보험종류 : 일반가입형 [기본형], 일반가입형 [해약환급금이 없는 유형], 간편고지형(355) [기본형], 간편고지형(355) [해약환급금이 없는 유형] 3. 가입나이 : 만30세 ~ 75세 4. 납입기간 : 10,15,20,25,30년납 5. 납입주기 : 월납 6. 보험가격지수 산출기준 : 일반가입형 [기본형], 가입금액 1,000만원, 40세, 종신, 20년납, 월납 7. 주계약 보험료 산출기준 : 일반가입형 [기본형], 가입금액 1,000만원, 40세, 종신, 20년납, 월납 8. 특약 보험기간, 납입기간 : 종신, 20년납(단, 치매진단특약(경도이상) 월지급형 일반가입형 [기본형]은 100세만기, 20년납) 9. 특이사항 : 「M-케어 치매간병보험 무배당」은 주계약의 사망보험금을 중심으로 각종 특약을 부가해 치매에 대해 종합적으로 보장을 설계할 수 있는 상품입니다. 경도치매부터 중증치매까지 단계별 치매 진단에 대한 보장뿐만 아니라, 치매 검사ㆍ치료ㆍ간병 등 다양한 보장을 제공합니다.",1588-0220
미래에셋생명,M-케어 치매간병보험 무배당 일반가입형 [기본형],특약,치매진단특약(중등도이상) 일반가입형 [기본형],"피보험자가 이 특약의 보험기간 중 치매보장개시일 이후 중등도이상치매상태로 최종 진단확정 되었을 경우 (다만, 최초 1회에 한하여 지급)",이 특약 보험가입금액의 100%,"1,000만원",12150  원,"14,530  원",,,,,,,보장성_상품비교_20260608162031320.xls,미래에셋생명,M-케어 치매간병보험 무배당 일반가입형 [기본형],특약,치매진단특약(중등도이상) 일반가입형 [기본형],"피보험자가 이 특약의 보험기간 중 치매보장개시일 이후 중등도이상치매상태로 최종 진단확정 되었을 경우 (다만, 최초 1회에 한하여 지급)",이 특약 보험가입금액의 100%,"1,000만원",12150  원,"14,530  원",2.50 %,-,-,98.9 %,95.8 %,-,-,-,-,기본형,일반,-,-,-,-,비갱신형,비유니버셜,대면채널  기타,2026-05-01,"1. 보험기간 : 90, 95세, 종신 2. 보험종류 : 일반가입형 [기본형], 일반가입형 [해약환급금이 없는 유형], 간편고지형(355) [기본형], 간편고지형(355) [해약환급금이 없는 유형] 3. 가입나이 : 만30세 ~ 75세 4. 납입기간 : 10,15,20,25,30년납 5. 납입주기 : 월납 6. 보험가격지수 산출기준 : 일반가입형 [기본형], 가입금액 1,000만원, 40세, 종신, 20년납, 월납 7. 주계약 보험료 산출기준 : 일반가입형 [기본형], 가입금액 1,000만원, 40세, 종신, 20년납, 월납 8. 특약 보험기간, 납입기간 : 종신, 20년납(단, 치매진단특약(경도이상) 월지급형 일반가입형 [기본형]은 100세만기, 20년납) 9. 특이사항 : 「M-케어 치매간병보험 무배당」은 주계약의 사망보험금을 중심으로 각종 특약을 부가해 치매에 대해 종합적으로 보장을 설계할 수 있는 상품입니다. 경도치매부터 중증치매까지 단계별 치매 진단에 대한 보장뿐만 아니라, 치매 검사ㆍ치료ㆍ간병 등 다양한 보장을 제공합니다.",1588-0220
미래에셋생명,M-케어 치매간병보험 무배당 일반가입형 [기본형],특약,치매진단특약(중증) 일반가입형 [기본형],"피보험자가 이 특약의 보험기간 중 치매보장개시일 이후 중증치매상태로 최종 진단확정 되었을 경우 (다만, 최초 1회에 한하여 지급)",이 특약 보험가입금액의 100%,"1,000만원",6540  원,"9,390  원",,,,,,,보장성_상품비교_20260608162031320.xls,미래에셋생명,M-케어 치매간병보험 무배당 일반가입형 [기본형],특약,치매진단특약(중증) 일반가입형 [기본형],"피보험자가 이 특약의 보험기간 중 치매보장개시일 이후 중증치매상태로 최종 진단확정 되었을 경우 (다만, 최초 1회에 한하여 지급)",이 특약 보험가입금액의 100%,"1,000만원",6540  원,"9,390  원",2.50 %,-,-,98.9 %,95.8 %,-,-,-,-,기본형,일반,-,-,-,-,비갱신형,비유니버셜,대면채널  기타,2026-05-01,"1. 보험기간 : 90, 95세, 종신 2. 보험종류 : 일반가입형 [기본형], 일반가입형 [해약환급금이 없는 유형], 간편고지형(355) [기본형], 간편고지형(355) [해약환급금이 없는 유형] 3. 가입나이 : 만30세 ~ 75세 4. 납입기간 : 10,15,20,25,30년납 5. 납입주기 : 월납 6. 보험가격지수 산출기준 : 일반가입형 [기본형], 가입금액 1,000만원, 40세, 종신, 20년납, 월납 7. 주계약 보험료 산출기준 : 일반가입형 [기본형], 가입금액 1,000만원, 40세, 종신, 20년납, 월납 8. 특약 보험기간, 납입기간 : 종신, 20년납(단, 치매진단특약(경도이상) 월지급형 일반가입형 [기본형]은 100세만기, 20년납) 9. 특이사항 : 「M-케어 치매간병보험 무배당」은 주계약의 사망보험금을 중심으로 각종 특약을 부가해 치매에 대해 종합적으로 보장을 설계할 수 있는 상품입니다. 경도치매부터 중증치매까지 단계별 치매 진단에 대한 보장뿐만 아니라, 치매 검사ㆍ치료ㆍ간병 등 다양한 보장을 제공합니다.",1588-0220
동양생명,(무)우리WON하는치매간병보험(표준형),주계약,사망보험금,사망하였을 경우,보험가입금액,100만원,2477  원,"2,155  원",,,,,,,보장성_상품비교_20260608162031320.xls,동양생명,(무)우리WON하는치매간병보험(표준형),주계약,사망보험금,사망하였을 경우,보험가입금액,100만원,2477  원,"2,155  원",2.75 %,-,-,96.1 %,92.7 %,-,-,-,-,기본형,일반,-,-,-,-,,비유니버셜,대면채널  TM  기타,2026-01-01,"1. 가입나이: 30세~최고 80세 2. 보험기간: 종신, 90·95세만기 3. 상품형태: 해약환급금 미지급형Ⅲ, 해약환급금 일부지급형, 표준형 4. 보험료 예시기준: 표준형, 가입금액 100만원, 40세, 종신만기, 20년납 5. 보험가격지수 예시기준: 표준형, 가입금액 100만원, 40세, 종신만기, 20년납",1577-1004
동양생명,(무)우리WON하는치매간병보험(표준형),특약,무배당경도이상치매보장특약D,"“치매보장개시일” 이후에 “경도이상치매상태”로 진단확정되었을 때(다만, 최초 1회에 한함)",보험가입금액(면책 1년),"1,000만원",14640  원,"16,670  원",,,,,,,보장성_상품비교_20260608162031320.xls,동양생명,(무)우리WON하는치매간병보험(표준형),특약,무배당경도이상치매보장특약D,"“치매보장개시일” 이후에 “경도이상치매상태”로 진단확정되었을 때(다만, 최초 1회에 한함)",보험가입금액(면책 1년),"1,000만원",14640  원,"16,670  원",2.75 %,-,-,96.1 %,92.7 %,-,-,-,-,기본형,일반,-,-,-,-,,비유니버셜,대면채널  TM  기타,2026-01-01,"1. 가입나이: 30세~최고 80세 2. 보험기간: 종신, 90·95세만기 3. 상품형태: 해약환급금 미지급형Ⅲ, 해약환급금 일부지급형, 표준형 4. 보험료 예시기준: 표준형, 가입금액 100만원, 40세, 종신만기, 20년납 5. 보험가격지수 예시기준: 표준형, 가입금액 100만원, 40세, 종신만기, 20년납",1577-1004
동양생명,(무)우리WON하는치매간병보험(표준형),특약,무배당중등도이상치매보장특약D,"“치매보장개시일” 이후에 “중등도이상치매상태”로 진단확정되었을 때(다만, 최초 1회에 한함)",보험가입금액(면책 1년),"1,000만원",9616  원,"11,672  원",,,,,,,보장성_상품비교_20260608162031320.xls,동양생명,(무)우리WON하는치매간병보험(표준형),특약,무배당중등도이상치매보장특약D,"“치매보장개시일” 이후에 “중등도이상치매상태”로 진단확정되었을 때(다만, 최초 1회에 한함)",보험가입금액(면책 1년),"1,000만원",9616  원,"11,672  원",2.75 %,-,-,96.1 %,92.7 %,-,-,-,-,기본형,일반,-,-,-,-,,비유니버셜,대면채널  TM  기타,2026-01-01,"1. 가입나이: 30세~최고 80세 2. 보험기간: 종신, 90·95세만기 3. 상품형태: 해약환급금 미지급형Ⅲ, 해약환급금 일부지급형, 표준형 4. 보험료 예시기준: 표준형, 가입금액 100만원, 40세, 종신만기, 20년납 5. 보험가격지수 예시기준: 표준형, 가입금액 100만원, 40세, 종신만기, 20년납",1577-1004
동양생명,(무)우리WON하는치매간병보험(표준형),특약,무배당중증치매보장특약D,"“치매보장개시일” 이후에 “중증치매상태”로 진단확정되었을 때(다만, 최초 1회에 한함)",보험가입금액(면책 1년),"1,000만원",5091  원,"7,307  원",,,,,,,보장성_상품비교_20260608162031320.xls,동양생명,(무)우리WON하는치매간병보험(표준형),특약,무배당중증치매보장특약D,"“치매보장개시일” 이후에 “중증치매상태”로 진단확정되었을 때(다만, 최초 1회에 한함)",보험가입금액(면책 1년),"1,000만원",5091  원,"7,307  원",2.75 %,-,-,96.1 %,92.7 %,-,-,-,-,기본형,일반,-,-,-,-,,비유니버셜,대면채널  TM  기타,2026-01-01,"1. 가입나이: 30세~최고 80세 2. 보험기간: 종신, 90·95세만기 3. 상품형태: 해약환급금 미지급형Ⅲ, 해약환급금 일부지급형, 표준형 4. 보험료 예시기준: 표준형, 가입금액 100만원, 40세, 종신만기, 20년납 5. 보험가격지수 예시기준: 표준형, 가입금액 100만원, 40세, 종신만기, 20년납",1577-1004
동양생명,(무)우리WON하는치매간병보험(표준형),특약,무배당시니어수술보장특약D,"백내장으로 진단확정되고, 그 치료를 직접적인 목적으로 수술분류표에서 정한 수술을 받았을 때(수술 1회당) ‘※ 이외 보장담보는 상품요약서 참조’",보험가입금액의 3%,"1,000만원",2938  원,"5,672  원",,,,,,,보장성_상품비교_20260608162031320.xls,동양생명,(무)우리WON하는치매간병보험(표준형),특약,무배당시니어수술보장특약D,"백내장으로 진단확정되고, 그 치료를 직접적인 목적으로 수술분류표에서 정한 수술을 받았을 때(수술 1회당) ‘※ 이외 보장담보는 상품요약서 참조’",보험가입금액의 3%,"1,000만원",2938  원,"5,672  원",2.75 %,-,-,96.1 %,92.7 %,-,-,-,-,기본형,일반,-,-,-,-,,비유니버셜,대면채널  TM  기타,2026-01-01,"1. 가입나이: 30세~최고 80세 2. 보험기간: 종신, 90·95세만기 3. 상품형태: 해약환급금 미지급형Ⅲ, 해약환급금 일부지급형, 표준형 4. 보험료 예시기준: 표준형, 가입금액 100만원, 40세, 종신만기, 20년납 5. 보험가격지수 예시기준: 표준형, 가입금액 100만원, 40세, 종신만기, 20년납",1577-1004
동양생명,(무)우리WON하는치매간병보험(해약환급금 미지급형Ⅲ),주계약,사망보험금,사망하였을 경우,보험가입금액,100만원,2134  원,"1,846  원",,,,,,,보장성_상품비교_20260608162031320.xls,동양생명,(무)우리WON하는치매간병보험(해약환급금 미지급형Ⅲ),주계약,사망보험금,사망하였을 경우,보험가입금액,100만원,2134  원,"1,846  원",2.75 %,-,-,102.4 %,98.8 %,-,-,-,-,기본형,무해지/저해지환급,-,-,-,-,,비유니버셜,대면채널  TM  기타,2026-01-01,"1. 가입나이: 30세~최고 80세 2. 보험기간: 종신, 90·95세만기 3. 상품형태: 해약환급금 미지급형Ⅲ, 해약환급금 일부지급형, 표준형 4. 보험료 예시기준: 해약환급금 미지급형Ⅲ, 가입금액 100만원, 40세, 종신만기, 20년납 5. 보험가격지수 예시기준: 해약환급금 미지급형Ⅲ, 가입금액 100만원, 40세, 종신만기, 20년납",1577-1004
동양생명,(무)우리WON하는치매간병보험(해약환급금 미지급형Ⅲ),특약,무배당경도이상치매보장특약D,"“치매보장개시일” 이후에 “경도이상치매상태”로 진단확정되었을 때(다만, 최초 1회에 한함)",보험가입금액(면책 1년),"1,000만원",12030  원,"13,720  원",,,,,,,보장성_상품비교_20260608162031320.xls,동양생명,(무)우리WON하는치매간병보험(해약환급금 미지급형Ⅲ),특약,무배당경도이상치매보장특약D,"“치매보장개시일” 이후에 “경도이상치매상태”로 진단확정되었을 때(다만, 최초 1회에 한함)",보험가입금액(면책 1년),"1,000만원",12030  원,"13,720  원",2.75 %,-,-,102.4 %,98.8 %,-,-,-,-,기본형,무해지/저해지환급,-,-,-,-,,비유니버셜,대면채널  TM  기타,2026-01-01,"1. 가입나이: 30세~최고 80세 2. 보험기간: 종신, 90·95세만기 3. 상품형태: 해약환급금 미지급형Ⅲ, 해약환급금 일부지급형, 표준형 4. 보험료 예시기준: 해약환급금 미지급형Ⅲ, 가입금액 100만원, 40세, 종신만기, 20년납 5. 보험가격지수 예시기준: 해약환급금 미지급형Ⅲ, 가입금액 100만원, 40세, 종신만기, 20년납",1577-1004
동양생명,(무)우리WON하는치매간병보험(해약환급금 미지급형Ⅲ),특약,무배당중등도이상치매보장특약D,"“치매보장개시일” 이후에 “중등도이상치매상태”로 진단확정되었을 때(다만, 최초 1회에 한함)",보험가입금액(면책 1년),"1,000만원",7851  원,"9,543  원",,,,,,,보장성_상품비교_20260608162031320.xls,동양생명,(무)우리WON하는치매간병보험(해약환급금 미지급형Ⅲ),특약,무배당중등도이상치매보장특약D,"“치매보장개시일” 이후에 “중등도이상치매상태”로 진단확정되었을 때(다만, 최초 1회에 한함)",보험가입금액(면책 1년),"1,000만원",7851  원,"9,543  원",2.75 %,-,-,102.4 %,98.8 %,-,-,-,-,기본형,무해지/저해지환급,-,-,-,-,,비유니버셜,대면채널  TM  기타,2026-01-01,"1. 가입나이: 30세~최고 80세 2. 보험기간: 종신, 90·95세만기 3. 상품형태: 해약환급금 미지급형Ⅲ, 해약환급금 일부지급형, 표준형 4. 보험료 예시기준: 해약환급금 미지급형Ⅲ, 가입금액 100만원, 40세, 종신만기, 20년납 5. 보험가격지수 예시기준: 해약환급금 미지급형Ⅲ, 가입금액 100만원, 40세, 종신만기, 20년납",1577-1004
동양생명,(무)우리WON하는치매간병보험(해약환급금 미지급형Ⅲ),특약,무배당중증치매보장특약D,"“치매보장개시일” 이후에 “중증치매상태”로 진단확정되었을 때(다만, 최초 1회에 한함)",보험가입금액(면책 1년),"1,000만원",4136  원,"5,947  원",,,,,,,보장성_상품비교_20260608162031320.xls,동양생명,(무)우리WON하는치매간병보험(해약환급금 미지급형Ⅲ),특약,무배당중증치매보장특약D,"“치매보장개시일” 이후에 “중증치매상태”로 진단확정되었을 때(다만, 최초 1회에 한함)",보험가입금액(면책 1년),"1,000만원",4136  원,"5,947  원",2.75 %,-,-,102.4 %,98.8 %,-,-,-,-,기본형,무해지/저해지환급,-,-,-,-,,비유니버셜,대면채널  TM  기타,2026-01-01,"1. 가입나이: 30세~최고 80세 2. 보험기간: 종신, 90·95세만기 3. 상품형태: 해약환급금 미지급형Ⅲ, 해약환급금 일부지급형, 표준형 4. 보험료 예시기준: 해약환급금 미지급형Ⅲ, 가입금액 100만원, 40세, 종신만기, 20년납 5. 보험가격지수 예시기준: 해약환급금 미지급형Ⅲ, 가입금액 100만원, 40세, 종신만기, 20년납",1577-1004
동양생명,(무)우리WON하는치매간병보험(해약환급금 미지급형Ⅲ),특약,무배당시니어수술보장특약D,"백내장으로 진단확정되고, 그 치료를 직접적인 목적으로 수술분류표에서 정한 수술을 받았을 때(수술 1회당) ‘※ 이외 보장담보는 상품요약서 참조’",보험가입금액의 3%,"1,000만원",2256  원,"4,286  원",,,,,,,보장성_상품비교_20260608162031320.xls,동양생명,(무)우리WON하는치매간병보험(해약환급금 미지급형Ⅲ),특약,무배당시니어수술보장특약D,"백내장으로 진단확정되고, 그 치료를 직접적인 목적으로 수술분류표에서 정한 수술을 받았을 때(수술 1회당) ‘※ 이외 보장담보는 상품요약서 참조’",보험가입금액의 3%,"1,000만원",2256  원,"4,286  원",2.75 %,-,-,102.4 %,98.8 %,-,-,-,-,기본형,무해지/저해지환급,-,-,-,-,,비유니버셜,대면채널  TM  기타,2026-01-01,"1. 가입나이: 30세~최고 80세 2. 보험기간: 종신, 90·95세만기 3. 상품형태: 해약환급금 미지급형Ⅲ, 해약환급금 일부지급형, 표준형 4. 보험료 예시기준: 해약환급금 미지급형Ⅲ, 가입금액 100만원, 40세, 종신만기, 20년납 5. 보험가격지수 예시기준: 해약환급금 미지급형Ⅲ, 가입금액 100만원, 40세, 종신만기, 20년납",1577-1004
동양생명,(무)우리WON하는치매간병보험(해약환급금 일부지급형),주계약,사망보험금,사망하였을 경우,보험가입금액,100만원,2273  원,"1,982  원",,,,,,,보장성_상품비교_20260608162031320.xls,동양생명,(무)우리WON하는치매간병보험(해약환급금 일부지급형),주계약,사망보험금,사망하였을 경우,보험가입금액,100만원,2273  원,"1,982  원",2.75 %,-,-,103.5 %,100.1 %,-,-,-,-,기본형,무해지/저해지환급,-,-,-,-,,비유니버셜,대면채널  TM  기타,2026-01-01,"1. 가입나이: 30세~최고 80세 2. 보험기간: 종신, 90·95세만기 3. 상품형태: 해약환급금 미지급형Ⅲ, 해약환급금 일부지급형, 표준형 4. 보험료 예시기준: 해약환급금 일부지급형, 가입금액 100만원, 40세, 종신만기, 20년납 5. 보험가격지수 예시기준: 해약환급금 일부지급형, 가입금액 100만원, 40세, 종신만기, 20년납",1577-1004
동양생명,(무)우리WON하는치매간병보험(해약환급금 일부지급형),특약,무배당경도이상치매보장특약D,"“치매보장개시일” 이후에 “경도이상치매상태”로 진단확정되었을 때(다만, 최초 1회에 한함)",보험가입금액(면책 1년),"1,000만원",12940  원,"14,750  원",,,,,,,보장성_상품비교_20260608162031320.xls,동양생명,(무)우리WON하는치매간병보험(해약환급금 일부지급형),특약,무배당경도이상치매보장특약D,"“치매보장개시일” 이후에 “경도이상치매상태”로 진단확정되었을 때(다만, 최초 1회에 한함)",보험가입금액(면책 1년),"1,000만원",12940  원,"14,750  원",2.75 %,-,-,103.5 %,100.1 %,-,-,-,-,기본형,무해지/저해지환급,-,-,-,-,,비유니버셜,대면채널  TM  기타,2026-01-01,"1. 가입나이: 30세~최고 80세 2. 보험기간: 종신, 90·95세만기 3. 상품형태: 해약환급금 미지급형Ⅲ, 해약환급금 일부지급형, 표준형 4. 보험료 예시기준: 해약환급금 일부지급형, 가입금액 100만원, 40세, 종신만기, 20년납 5. 보험가격지수 예시기준: 해약환급금 일부지급형, 가입금액 100만원, 40세, 종신만기, 20년납",1577-1004
동양생명,(무)우리WON하는치매간병보험(해약환급금 일부지급형),특약,무배당중등도이상치매보장특약D,"“치매보장개시일” 이후에 “중등도이상치매상태”로 진단확정되었을 때(다만, 최초 1회에 한함)",보험가입금액(면책 1년),"1,000만원",8493  원,"10,320  원",,,,,,,보장성_상품비교_20260608162031320.xls,동양생명,(무)우리WON하는치매간병보험(해약환급금 일부지급형),특약,무배당중등도이상치매보장특약D,"“치매보장개시일” 이후에 “중등도이상치매상태”로 진단확정되었을 때(다만, 최초 1회에 한함)",보험가입금액(면책 1년),"1,000만원",8493  원,"10,320  원",2.75 %,-,-,103.5 %,100.1 %,-,-,-,-,기본형,무해지/저해지환급,-,-,-,-,,비유니버셜,대면채널  TM  기타,2026-01-01,"1. 가입나이: 30세~최고 80세 2. 보험기간: 종신, 90·95세만기 3. 상품형태: 해약환급금 미지급형Ⅲ, 해약환급금 일부지급형, 표준형 4. 보험료 예시기준: 해약환급금 일부지급형, 가입금액 100만원, 40세, 종신만기, 20년납 5. 보험가격지수 예시기준: 해약환급금 일부지급형, 가입금액 100만원, 40세, 종신만기, 20년납",1577-1004
동양생명,(무)우리WON하는치매간병보험(해약환급금 일부지급형),특약,무배당중증치매보장특약D,"“치매보장개시일” 이후에 “중증치매상태”로 진단확정되었을 때(다만, 최초 1회에 한함)",보험가입금액(면책 1년),"1,000만원",4496  원,"6,459  원",,,,,,,보장성_상품비교_20260608162031320.xls,동양생명,(무)우리WON하는치매간병보험(해약환급금 일부지급형),특약,무배당중증치매보장특약D,"“치매보장개시일” 이후에 “중증치매상태”로 진단확정되었을 때(다만, 최초 1회에 한함)",보험가입금액(면책 1년),"1,000만원",4496  원,"6,459  원",2.75 %,-,-,103.5 %,100.1 %,-,-,-,-,기본형,무해지/저해지환급,-,-,-,-,,비유니버셜,대면채널  TM  기타,2026-01-01,"1. 가입나이: 30세~최고 80세 2. 보험기간: 종신, 90·95세만기 3. 상품형태: 해약환급금 미지급형Ⅲ, 해약환급금 일부지급형, 표준형 4. 보험료 예시기준: 해약환급금 일부지급형, 가입금액 100만원, 40세, 종신만기, 20년납 5. 보험가격지수 예시기준: 해약환급금 일부지급형, 가입금액 100만원, 40세, 종신만기, 20년납",1577-1004
동양생명,(무)우리WON하는치매간병보험(해약환급금 일부지급형),특약,무배당시니어수술보장특약D,"백내장으로 진단확정되고, 그 치료를 직접적인 목적으로 수술분류표에서 정한 수술을 받았을 때(수술 1회당) ‘※ 이외 보장담보는 상품요약서 참조’",보험가입금액의 3%,"1,000만원",2399  원,"4,582  원",,,,,,,보장성_상품비교_20260608162031320.xls,동양생명,(무)우리WON하는치매간병보험(해약환급금 일부지급형),특약,무배당시니어수술보장특약D,"백내장으로 진단확정되고, 그 치료를 직접적인 목적으로 수술분류표에서 정한 수술을 받았을 때(수술 1회당) ‘※ 이외 보장담보는 상품요약서 참조’",보험가입금액의 3%,"1,000만원",2399  원,"4,582  원",2.75 %,-,-,103.5 %,100.1 %,-,-,-,-,기본형,무해지/저해지환급,-,-,-,-,,비유니버셜,대면채널  TM  기타,2026-01-01,"1. 가입나이: 30세~최고 80세 2. 보험기간: 종신, 90·95세만기 3. 상품형태: 해약환급금 미지급형Ⅲ, 해약환급금 일부지급형, 표준형 4. 보험료 예시기준: 해약환급금 일부지급형, 가입금액 100만원, 40세, 종신만기, 20년납 5. 보험가격지수 예시기준: 해약환급금 일부지급형, 가입금액 100만원, 40세, 종신만기, 20년납",1577-1004
미래에셋생명,M-케어 치매간병보험 무배당 일반가입형 [해약환급금이 없는 유형],주계약,사망보험금,피보험자가 보험기간 중 사망한 경우,"보험가입금액 ※ 보험기간 중 피보험자에게 사망보험금 지급사유가 발생한 경우에는 해당 보험금과 """"이미 납입한보험료"""" 중 큰 금액을 지급합니다","1,000만원",14270  원,"8,320  원",,,,,,,보장성_상품비교_20260608162037508.xls,미래에셋생명,M-케어 치매간병보험 무배당 일반가입형 [해약환급금이 없는 유형],주계약,사망보험금,피보험자가 보험기간 중 사망한 경우,"보험가입금액 ※ 보험기간 중 피보험자에게 사망보험금 지급사유가 발생한 경우에는 해당 보험금과 """"이미 납입한보험료"""" 중 큰 금액을 지급합니다","1,000만원",14270  원,"8,320  원",2.50 %,-,-,109.2 %,97.4 %,-,-,-,-,기본형,무해지/저해지환급,-,-,-,-,비갱신형,비유니버셜,대면채널  기타,2026-05-01,"1. 보험기간 : 90, 95세, 종신 2. 보험종류 : 일반가입형 [기본형], 일반가입형 [해약환급금이 없는 유형], 간편고지형(355) [기본형], 간편고지형(355) [해약환급금이 없는 유형] 3. 가입나이 : 만30세 ~ 75세 4. 납입기간 : 10,15,20,25,30년납 5. 납입주기 : 월납 6. 보험가격지수 산출기준 : 일반가입형 [해약환급금이 없는 유형], 가입금액 1,000만원, 40세, 90세만기, 20년납, 월납 7. 주계약 보험료 산출기준 : 일반가입형 [해약환급금이 없는 유형], 가입금액 1,000만원, 40세, 90세만기, 20년납, 월납 (고객님의 편의를 위해 상품요약서 내의 보험료, 해약환급금 예시에는 선택특약 등의 특약 보험료/특약의 해약환급금이 추가되어 협회 공시시스템의 주계약 보험료/해약환급금과는 값이 다릅니다) 8. 특약 보험기간, 납입기간 : 90세만기, 20년납 9. 특이사항 : 「M-케어 치매간병보험 무배당」은 주계약의 사망보험금을 중심으로 각종 특약을 부가해 치매에 대해 종합적으로 보장을 설계할 수 있는 상품입니다. 경도치매부터 중증치매까지 단계별 치매 진단에 대한 보장뿐만 아니라, 치매 검사ㆍ치료ㆍ간병 등 다양한 보장을 제공합니다.",1588-0220
미래에셋생명,M-케어 치매간병보험 무배당 일반가입형 [해약환급금이 없는 유형],특약,치매진단특약(경도이상) 일반가입형 [해약환급금이 없는 유형],"피보험자가 이 특약의 보험기간 중 치매보장개시일 이후 경도이상치매상태로 최종 진단확정 되었을 경우 (다만, 최초 1회에 한하여 지급)",이 특약 보험가입금액의 100%,"1,000만원",12010  원,"11,820  원",,,,,,,보장성_상품비교_20260608162037508.xls,미래에셋생명,M-케어 치매간병보험 무배당 일반가입형 [해약환급금이 없는 유형],특약,치매진단특약(경도이상) 일반가입형 [해약환급금이 없는 유형],"피보험자가 이 특약의 보험기간 중 치매보장개시일 이후 경도이상치매상태로 최종 진단확정 되었을 경우 (다만, 최초 1회에 한하여 지급)",이 특약 보험가입금액의 100%,"1,000만원",12010  원,"11,820  원",2.50 %,-,-,109.2 %,97.4 %,-,-,-,-,기본형,무해지/저해지환급,-,-,-,-,비갱신형,비유니버셜,대면채널  기타,2026-05-01,"1. 보험기간 : 90, 95세, 종신 2. 보험종류 : 일반가입형 [기본형], 일반가입형 [해약환급금이 없는 유형], 간편고지형(355) [기본형], 간편고지형(355) [해약환급금이 없는 유형] 3. 가입나이 : 만30세 ~ 75세 4. 납입기간 : 10,15,20,25,30년납 5. 납입주기 : 월납 6. 보험가격지수 산출기준 : 일반가입형 [해약환급금이 없는 유형], 가입금액 1,000만원, 40세, 90세만기, 20년납, 월납 7. 주계약 보험료 산출기준 : 일반가입형 [해약환급금이 없는 유형], 가입금액 1,000만원, 40세, 90세만기, 20년납, 월납 (고객님의 편의를 위해 상품요약서 내의 보험료, 해약환급금 예시에는 선택특약 등의 특약 보험료/특약의 해약환급금이 추가되어 협회 공시시스템의 주계약 보험료/해약환급금과는 값이 다릅니다) 8. 특약 보험기간, 납입기간 : 90세만기, 20년납 9. 특이사항 : 「M-케어 치매간병보험 무배당」은 주계약의 사망보험금을 중심으로 각종 특약을 부가해 치매에 대해 종합적으로 보장을 설계할 수 있는 상품입니다. 경도치매부터 중증치매까지 단계별 치매 진단에 대한 보장뿐만 아니라, 치매 검사ㆍ치료ㆍ간병 등 다양한 보장을 제공합니다.",1588-0220
미래에셋생명,M-케어 치매간병보험 무배당 일반가입형 [해약환급금이 없는 유형],특약,치매진단특약(경도이상) 월지급형 일반가입형 [해약환급금이 없는 유형],"피보험자가 이 특약의 보험기간 중 치매보장개시일이후에 ‘경도이상치매상태’로 최종 진단확정되고, 매년 ‘경도이상치매상태’ 최종 진단확정일에 살아있을 경우(월 1회한)",1회 지급금액 : 이 특약 보험가입금액의 100% / 총 지급액 : 이 특약 보험가입금액의 100%를 매년 경도이상치매상태 최종 진단확정일에 생존하는 경우 매월 경도이상치매상태 최종 진단확정일에 지급 (최초 36회 확정지급하며 최대 120회 지급),10만원,8323  원,"9,178  원",,,,,,,보장성_상품비교_20260608162037508.xls,미래에셋생명,M-케어 치매간병보험 무배당 일반가입형 [해약환급금이 없는 유형],특약,치매진단특약(경도이상) 월지급형 일반가입형 [해약환급금이 없는 유형],"피보험자가 이 특약의 보험기간 중 치매보장개시일이후에 ‘경도이상치매상태’로 최종 진단확정되고, 매년 ‘경도이상치매상태’ 최종 진단확정일에 살아있을 경우(월 1회한)",1회 지급금액 : 이 특약 보험가입금액의 100% / 총 지급액 : 이 특약 보험가입금액의 100%를 매년 경도이상치매상태 최종 진단확정일에 생존하는 경우 매월 경도이상치매상태 최종 진단확정일에 지급 (최초 36회 확정지급하며 최대 120회 지급),10만원,8323  원,"9,178  원",2.50 %,-,-,109.2 %,97.4 %,-,-,-,-,기본형,무해지/저해지환급,-,-,-,-,비갱신형,비유니버셜,대면채널  기타,2026-05-01,"1. 보험기간 : 90, 95세, 종신 2. 보험종류 : 일반가입형 [기본형], 일반가입형 [해약환급금이 없는 유형], 간편고지형(355) [기본형], 간편고지형(355) [해약환급금이 없는 유형] 3. 가입나이 : 만30세 ~ 75세 4. 납입기간 : 10,15,20,25,30년납 5. 납입주기 : 월납 6. 보험가격지수 산출기준 : 일반가입형 [해약환급금이 없는 유형], 가입금액 1,000만원, 40세, 90세만기, 20년납, 월납 7. 주계약 보험료 산출기준 : 일반가입형 [해약환급금이 없는 유형], 가입금액 1,000만원, 40세, 90세만기, 20년납, 월납 (고객님의 편의를 위해 상품요약서 내의 보험료, 해약환급금 예시에는 선택특약 등의 특약 보험료/특약의 해약환급금이 추가되어 협회 공시시스템의 주계약 보험료/해약환급금과는 값이 다릅니다) 8. 특약 보험기간, 납입기간 : 90세만기, 20년납 9. 특이사항 : 「M-케어 치매간병보험 무배당」은 주계약의 사망보험금을 중심으로 각종 특약을 부가해 치매에 대해 종합적으로 보장을 설계할 수 있는 상품입니다. 경도치매부터 중증치매까지 단계별 치매 진단에 대한 보장뿐만 아니라, 치매 검사ㆍ치료ㆍ간병 등 다양한 보장을 제공합니다.",1588-0220
미래에셋생명,M-케어 치매간병보험 무배당 일반가입형 [해약환급금이 없는 유형],특약,치매진단특약(중등도이상) 일반가입형 [해약환급금이 없는 유형],"피보험자가 이 특약의 보험기간 중 치매보장개시일 이후 중등도이상치매상태로 최종 진단확정 되었을 경우 (다만, 최초 1회에 한하여 지급)",이 특약 보험가입금액의 100%,"1,000만원",7250  원,"7,540  원",,,,,,,보장성_상품비교_20260608162037508.xls,미래에셋생명,M-케어 치매간병보험 무배당 일반가입형 [해약환급금이 없는 유형],특약,치매진단특약(중등도이상) 일반가입형 [해약환급금이 없는 유형],"피보험자가 이 특약의 보험기간 중 치매보장개시일 이후 중등도이상치매상태로 최종 진단확정 되었을 경우 (다만, 최초 1회에 한하여 지급)",이 특약 보험가입금액의 100%,"1,000만원",7250  원,"7,540  원",2.50 %,-,-,109.2 %,97.4 %,-,-,-,-,기본형,무해지/저해지환급,-,-,-,-,비갱신형,비유니버셜,대면채널  기타,2026-05-01,"1. 보험기간 : 90, 95세, 종신 2. 보험종류 : 일반가입형 [기본형], 일반가입형 [해약환급금이 없는 유형], 간편고지형(355) [기본형], 간편고지형(355) [해약환급금이 없는 유형] 3. 가입나이 : 만30세 ~ 75세 4. 납입기간 : 10,15,20,25,30년납 5. 납입주기 : 월납 6. 보험가격지수 산출기준 : 일반가입형 [해약환급금이 없는 유형], 가입금액 1,000만원, 40세, 90세만기, 20년납, 월납 7. 주계약 보험료 산출기준 : 일반가입형 [해약환급금이 없는 유형], 가입금액 1,000만원, 40세, 90세만기, 20년납, 월납 (고객님의 편의를 위해 상품요약서 내의 보험료, 해약환급금 예시에는 선택특약 등의 특약 보험료/특약의 해약환급금이 추가되어 협회 공시시스템의 주계약 보험료/해약환급금과는 값이 다릅니다) 8. 특약 보험기간, 납입기간 : 90세만기, 20년납 9. 특이사항 : 「M-케어 치매간병보험 무배당」은 주계약의 사망보험금을 중심으로 각종 특약을 부가해 치매에 대해 종합적으로 보장을 설계할 수 있는 상품입니다. 경도치매부터 중증치매까지 단계별 치매 진단에 대한 보장뿐만 아니라, 치매 검사ㆍ치료ㆍ간병 등 다양한 보장을 제공합니다.",1588-0220
미래에셋생명,M-케어 치매간병보험 무배당 일반가입형 [해약환급금이 없는 유형],특약,치매진단특약(중증) 일반가입형 [해약환급금이 없는 유형],"피보험자가 이 특약의 보험기간 중 치매보장개시일 이후 중증치매상태로 최종 진단확정 되었을 경우 (다만, 최초 1회에 한하여 지급)",이 특약 보험가입금액의 100%,"1,000만원",3180  원,"4,040  원",,,,,,,보장성_상품비교_20260608162037508.xls,미래에셋생명,M-케어 치매간병보험 무배당 일반가입형 [해약환급금이 없는 유형],특약,치매진단특약(중증) 일반가입형 [해약환급금이 없는 유형],"피보험자가 이 특약의 보험기간 중 치매보장개시일 이후 중증치매상태로 최종 진단확정 되었을 경우 (다만, 최초 1회에 한하여 지급)",이 특약 보험가입금액의 100%,"1,000만원",3180  원,"4,040  원",2.50 %,-,-,109.2 %,97.4 %,-,-,-,-,기본형,무해지/저해지환급,-,-,-,-,비갱신형,비유니버셜,대면채널  기타,2026-05-01,"1. 보험기간 : 90, 95세, 종신 2. 보험종류 : 일반가입형 [기본형], 일반가입형 [해약환급금이 없는 유형], 간편고지형(355) [기본형], 간편고지형(355) [해약환급금이 없는 유형] 3. 가입나이 : 만30세 ~ 75세 4. 납입기간 : 10,15,20,25,30년납 5. 납입주기 : 월납 6. 보험가격지수 산출기준 : 일반가입형 [해약환급금이 없는 유형], 가입금액 1,000만원, 40세, 90세만기, 20년납, 월납 7. 주계약 보험료 산출기준 : 일반가입형 [해약환급금이 없는 유형], 가입금액 1,000만원, 40세, 90세만기, 20년납, 월납 (고객님의 편의를 위해 상품요약서 내의 보험료, 해약환급금 예시에는 선택특약 등의 특약 보험료/특약의 해약환급금이 추가되어 협회 공시시스템의 주계약 보험료/해약환급금과는 값이 다릅니다) 8. 특약 보험기간, 납입기간 : 90세만기, 20년납 9. 특이사항 : 「M-케어 치매간병보험 무배당」은 주계약의 사망보험금을 중심으로 각종 특약을 부가해 치매에 대해 종합적으로 보장을 설계할 수 있는 상품입니다. 경도치매부터 중증치매까지 단계별 치매 진단에 대한 보장뿐만 아니라, 치매 검사ㆍ치료ㆍ간병 등 다양한 보장을 제공합니다.",1588-0220
미래에셋생명,M-케어 치매간병보험 무배당 일반가입형 [기본형],주계약,사망보험금,피보험자가 보험기간 중 사망한 경우,"보험가입금액 ※ 보험기간 중 피보험자에게 사망보험금 지급사유가 발생한 경우에는 해당 보험금과 """"이미 납입한보험료"""" 중 큰 금액을 지급합니다","1,000만원",17520  원,"10,200  원",,,,,,,보장성_상품비교_20260608162037508.xls,미래에셋생명,M-케어 치매간병보험 무배당 일반가입형 [기본형],주계약,사망보험금,피보험자가 보험기간 중 사망한 경우,"보험가입금액 ※ 보험기간 중 피보험자에게 사망보험금 지급사유가 발생한 경우에는 해당 보험금과 """"이미 납입한보험료"""" 중 큰 금액을 지급합니다","1,000만원",17520  원,"10,200  원",2.50 %,-,-,103.3 %,91.1 %,-,-,-,-,기본형,순수보장,-,-,-,-,비갱신형,비유니버셜,대면채널  기타,2026-05-01,"1. 보험기간 : 90, 95세, 종신 2. 보험종류 : 일반가입형 [기본형], 일반가입형 [해약환급금이 없는 유형], 간편고지형(355) [기본형], 간편고지형(355) [해약환급금이 없는 유형] 3. 가입나이 : 만30세 ~ 75세 4. 납입기간 : 10,15,20,25,30년납 5. 납입주기 : 월납 6. 보험가격지수 산출기준 : 일반가입형 [기본형], 가입금액 1,000만원, 40세, 90세만기, 20년납, 월납 7. 주계약 보험료 산출기준 : 일반가입형 [기본형], 가입금액 1,000만원, 40세, 90세만기, 20년납, 월납 (고객님의 편의를 위해 상품요약서 내의 보험료, 해약환급금 예시에는 선택특약 등의 특약 보험료/특약의 해약환급금이 추가되어 협회 공시시스템의 주계약 보험료/해약환급금과는 값이 다릅니다) 8. 특약 보험기간, 납입기간 : 90세만기, 20년납 9. 특이사항 : 「M-케어 치매간병보험 무배당」은 주계약의 사망보험금을 중심으로 각종 특약을 부가해 치매에 대해 종합적으로 보장을 설계할 수 있는 상품입니다. 경도치매부터 중증치매까지 단계별 치매 진단에 대한 보장뿐만 아니라, 치매 검사ㆍ치료ㆍ간병 등 다양한 보장을 제공합니다.",1588-0220
미래에셋생명,M-케어 치매간병보험 무배당 일반가입형 [기본형],특약,치매진단특약(경도이상) 일반가입형 [기본형],"피보험자가 이 특약의 보험기간 중 치매보장개시일 이후 경도이상치매상태로 최종 진단확정 되었을 경우 (다만, 최초 1회에 한하여 지급)",이 특약 보험가입금액의 100%,"1,000만원",16700  원,"16,360  원",,,,,,,보장성_상품비교_20260608162037508.xls,미래에셋생명,M-케어 치매간병보험 무배당 일반가입형 [기본형],특약,치매진단특약(경도이상) 일반가입형 [기본형],"피보험자가 이 특약의 보험기간 중 치매보장개시일 이후 경도이상치매상태로 최종 진단확정 되었을 경우 (다만, 최초 1회에 한하여 지급)",이 특약 보험가입금액의 100%,"1,000만원",16700  원,"16,360  원",2.50 %,-,-,103.3 %,91.1 %,-,-,-,-,기본형,순수보장,-,-,-,-,비갱신형,비유니버셜,대면채널  기타,2026-05-01,"1. 보험기간 : 90, 95세, 종신 2. 보험종류 : 일반가입형 [기본형], 일반가입형 [해약환급금이 없는 유형], 간편고지형(355) [기본형], 간편고지형(355) [해약환급금이 없는 유형] 3. 가입나이 : 만30세 ~ 75세 4. 납입기간 : 10,15,20,25,30년납 5. 납입주기 : 월납 6. 보험가격지수 산출기준 : 일반가입형 [기본형], 가입금액 1,000만원, 40세, 90세만기, 20년납, 월납 7. 주계약 보험료 산출기준 : 일반가입형 [기본형], 가입금액 1,000만원, 40세, 90세만기, 20년납, 월납 (고객님의 편의를 위해 상품요약서 내의 보험료, 해약환급금 예시에는 선택특약 등의 특약 보험료/특약의 해약환급금이 추가되어 협회 공시시스템의 주계약 보험료/해약환급금과는 값이 다릅니다) 8. 특약 보험기간, 납입기간 : 90세만기, 20년납 9. 특이사항 : 「M-케어 치매간병보험 무배당」은 주계약의 사망보험금을 중심으로 각종 특약을 부가해 치매에 대해 종합적으로 보장을 설계할 수 있는 상품입니다. 경도치매부터 중증치매까지 단계별 치매 진단에 대한 보장뿐만 아니라, 치매 검사ㆍ치료ㆍ간병 등 다양한 보장을 제공합니다.",1588-0220
미래에셋생명,M-케어 치매간병보험 무배당 일반가입형 [기본형],특약,치매진단특약(경도이상) 월지급형 일반가입형 [기본형],"피보험자가 이 특약의 보험기간 중 치매보장개시일이후에 ‘경도이상치매상태’로 최종 진단확정되고, 매년 ‘경도이상치매상태’ 최종 진단확정일에 살아있을 경우(월 1회한)",1회 지급금액 : 이 특약 보험가입금액의 100% / 총 지급액 : 이 특약 보험가입금액의 100%를 매년 경도이상치매상태 최종 진단확정일에 생존하는 경우 매월 경도이상치매상태 최종 진단확정일에 지급 (최초 36회 확정지급하며 최대 120회 지급),10만원,10606  원,"11,612  원",,,,,,,보장성_상품비교_20260608162037508.xls,미래에셋생명,M-케어 치매간병보험 무배당 일반가입형 [기본형],특약,치매진단특약(경도이상) 월지급형 일반가입형 [기본형],"피보험자가 이 특약의 보험기간 중 치매보장개시일이후에 ‘경도이상치매상태’로 최종 진단확정되고, 매년 ‘경도이상치매상태’ 최종 진단확정일에 살아있을 경우(월 1회한)",1회 지급금액 : 이 특약 보험가입금액의 100% / 총 지급액 : 이 특약 보험가입금액의 100%를 매년 경도이상치매상태 최종 진단확정일에 생존하는 경우 매월 경도이상치매상태 최종 진단확정일에 지급 (최초 36회 확정지급하며 최대 120회 지급),10만원,10606  원,"11,612  원",2.50 %,-,-,103.3 %,91.1 %,-,-,-,-,기본형,순수보장,-,-,-,-,비갱신형,비유니버셜,대면채널  기타,2026-05-01,"1. 보험기간 : 90, 95세, 종신 2. 보험종류 : 일반가입형 [기본형], 일반가입형 [해약환급금이 없는 유형], 간편고지형(355) [기본형], 간편고지형(355) [해약환급금이 없는 유형] 3. 가입나이 : 만30세 ~ 75세 4. 납입기간 : 10,15,20,25,30년납 5. 납입주기 : 월납 6. 보험가격지수 산출기준 : 일반가입형 [기본형], 가입금액 1,000만원, 40세, 90세만기, 20년납, 월납 7. 주계약 보험료 산출기준 : 일반가입형 [기본형], 가입금액 1,000만원, 40세, 90세만기, 20년납, 월납 (고객님의 편의를 위해 상품요약서 내의 보험료, 해약환급금 예시에는 선택특약 등의 특약 보험료/특약의 해약환급금이 추가되어 협회 공시시스템의 주계약 보험료/해약환급금과는 값이 다릅니다) 8. 특약 보험기간, 납입기간 : 90세만기, 20년납 9. 특이사항 : 「M-케어 치매간병보험 무배당」은 주계약의 사망보험금을 중심으로 각종 특약을 부가해 치매에 대해 종합적으로 보장을 설계할 수 있는 상품입니다. 경도치매부터 중증치매까지 단계별 치매 진단에 대한 보장뿐만 아니라, 치매 검사ㆍ치료ㆍ간병 등 다양한 보장을 제공합니다.",1588-0220
미래에셋생명,M-케어 치매간병보험 무배당 일반가입형 [기본형],특약,치매진단특약(중등도이상) 일반가입형 [기본형],"피보험자가 이 특약의 보험기간 중 치매보장개시일 이후 중등도이상치매상태로 최종 진단확정 되었을 경우 (다만, 최초 1회에 한하여 지급)",이 특약 보험가입금액의 100%,"1,000만원",10110  원,"10,460  원",,,,,,,보장성_상품비교_20260608162037508.xls,미래에셋생명,M-케어 치매간병보험 무배당 일반가입형 [기본형],특약,치매진단특약(중등도이상) 일반가입형 [기본형],"피보험자가 이 특약의 보험기간 중 치매보장개시일 이후 중등도이상치매상태로 최종 진단확정 되었을 경우 (다만, 최초 1회에 한하여 지급)",이 특약 보험가입금액의 100%,"1,000만원",10110  원,"10,460  원",2.50 %,-,-,103.3 %,91.1 %,-,-,-,-,기본형,순수보장,-,-,-,-,비갱신형,비유니버셜,대면채널  기타,2026-05-01,"1. 보험기간 : 90, 95세, 종신 2. 보험종류 : 일반가입형 [기본형], 일반가입형 [해약환급금이 없는 유형], 간편고지형(355) [기본형], 간편고지형(355) [해약환급금이 없는 유형] 3. 가입나이 : 만30세 ~ 75세 4. 납입기간 : 10,15,20,25,30년납 5. 납입주기 : 월납 6. 보험가격지수 산출기준 : 일반가입형 [기본형], 가입금액 1,000만원, 40세, 90세만기, 20년납, 월납 7. 주계약 보험료 산출기준 : 일반가입형 [기본형], 가입금액 1,000만원, 40세, 90세만기, 20년납, 월납 (고객님의 편의를 위해 상품요약서 내의 보험료, 해약환급금 예시에는 선택특약 등의 특약 보험료/특약의 해약환급금이 추가되어 협회 공시시스템의 주계약 보험료/해약환급금과는 값이 다릅니다) 8. 특약 보험기간, 납입기간 : 90세만기, 20년납 9. 특이사항 : 「M-케어 치매간병보험 무배당」은 주계약의 사망보험금을 중심으로 각종 특약을 부가해 치매에 대해 종합적으로 보장을 설계할 수 있는 상품입니다. 경도치매부터 중증치매까지 단계별 치매 진단에 대한 보장뿐만 아니라, 치매 검사ㆍ치료ㆍ간병 등 다양한 보장을 제공합니다.",1588-0220
미래에셋생명,M-케어 치매간병보험 무배당 일반가입형 [기본형],특약,치매진단특약(중증) 일반가입형 [기본형],"피보험자가 이 특약의 보험기간 중 치매보장개시일 이후 중증치매상태로 최종 진단확정 되었을 경우 (다만, 최초 1회에 한하여 지급)",이 특약 보험가입금액의 100%,"1,000만원",4440  원,"5,610  원",,,,,,,보장성_상품비교_20260608162037508.xls,미래에셋생명,M-케어 치매간병보험 무배당 일반가입형 [기본형],특약,치매진단특약(중증) 일반가입형 [기본형],"피보험자가 이 특약의 보험기간 중 치매보장개시일 이후 중증치매상태로 최종 진단확정 되었을 경우 (다만, 최초 1회에 한하여 지급)",이 특약 보험가입금액의 100%,"1,000만원",4440  원,"5,610  원",2.50 %,-,-,103.3 %,91.1 %,-,-,-,-,기본형,순수보장,-,-,-,-,비갱신형,비유니버셜,대면채널  기타,2026-05-01,"1. 보험기간 : 90, 95세, 종신 2. 보험종류 : 일반가입형 [기본형], 일반가입형 [해약환급금이 없는 유형], 간편고지형(355) [기본형], 간편고지형(355) [해약환급금이 없는 유형] 3. 가입나이 : 만30세 ~ 75세 4. 납입기간 : 10,15,20,25,30년납 5. 납입주기 : 월납 6. 보험가격지수 산출기준 : 일반가입형 [기본형], 가입금액 1,000만원, 40세, 90세만기, 20년납, 월납 7. 주계약 보험료 산출기준 : 일반가입형 [기본형], 가입금액 1,000만원, 40세, 90세만기, 20년납, 월납 (고객님의 편의를 위해 상품요약서 내의 보험료, 해약환급금 예시에는 선택특약 등의 특약 보험료/특약의 해약환급금이 추가되어 협회 공시시스템의 주계약 보험료/해약환급금과는 값이 다릅니다) 8. 특약 보험기간, 납입기간 : 90세만기, 20년납 9. 특이사항 : 「M-케어 치매간병보험 무배당」은 주계약의 사망보험금을 중심으로 각종 특약을 부가해 치매에 대해 종합적으로 보장을 설계할 수 있는 상품입니다. 경도치매부터 중증치매까지 단계별 치매 진단에 대한 보장뿐만 아니라, 치매 검사ㆍ치료ㆍ간병 등 다양한 보장을 제공합니다.",1588-0220
DB생명,(무)백년친구 당신곁에 치매간병보험(2601)(2종)(해약환급금 미지급형),주계약,사망보험금,피보험자가 보험기간 중 사망하였을 때,300만원,300만원,3870  원,"2,520  원",,,,,,,보장성_상품비교_20260608162037508.xls,DB생명,(무)백년친구 당신곁에 치매간병보험(2601)(2종)(해약환급금 미지급형),주계약,사망보험금,피보험자가 보험기간 중 사망하였을 때,300만원,300만원,3870  원,"2,520  원",2.75 %,-,-,119.8 %,101.4 %,-,-,-,-,기본형,무해지/저해지환급,-,-,-,-,비갱신형,비유니버셜,대면채널  TM,2026-05-01,"1. 상품형태 : 표준형, 해약환급금 일부지급형, 해약환급금 미지급형 2. 보험기간 : 85세, 90세, 95세, 100세만기 3. 납입기간 : 10, 15, 20, 25, 30년납 4. 가입연령 : 20세 ~ 최고 75세(납입기간별 상이) 5. 보험가격지수 예시기준 : 2종 해약환급금 미지급형, 40세, 20년납, 90세만기, 100만원 6. 보험료 예시기준 - 주계약 : 2종 해약환급금 미지급형, 40세, 20년납, 90세만기, 300만원 - 선택특약 : 해약환급금 미지급형, 40세, 20년납, 90세만기, ※기타 자세한 사항은 상품요약서 참조",1588-3131
DB생명,(무)백년친구 당신곁에 치매간병보험(2601)(2종)(해약환급금 미지급형),특약,(무)경도치매보장특약Ⅱ(해약환급금 미지급형),"“치매보장개시일” 이후에 “경도이상 치매상태”로 진단 확정되었을 경우(다만, 최초 1회에 한함)","1,000만원","1,000만원",16110  원,"12,960  원",,,,,,,보장성_상품비교_20260608162037508.xls,DB생명,(무)백년친구 당신곁에 치매간병보험(2601)(2종)(해약환급금 미지급형),특약,(무)경도치매보장특약Ⅱ(해약환급금 미지급형),"“치매보장개시일” 이후에 “경도이상 치매상태”로 진단 확정되었을 경우(다만, 최초 1회에 한함)","1,000만원","1,000만원",16110  원,"12,960  원",2.75 %,-,-,119.8 %,101.4 %,-,-,-,-,기본형,무해지/저해지환급,-,-,-,-,비갱신형,비유니버셜,대면채널  TM,2026-05-01,"1. 상품형태 : 표준형, 해약환급금 일부지급형, 해약환급금 미지급형 2. 보험기간 : 85세, 90세, 95세, 100세만기 3. 납입기간 : 10, 15, 20, 25, 30년납 4. 가입연령 : 20세 ~ 최고 75세(납입기간별 상이) 5. 보험가격지수 예시기준 : 2종 해약환급금 미지급형, 40세, 20년납, 90세만기, 100만원 6. 보험료 예시기준 - 주계약 : 2종 해약환급금 미지급형, 40세, 20년납, 90세만기, 300만원 - 선택특약 : 해약환급금 미지급형, 40세, 20년납, 90세만기, ※기타 자세한 사항은 상품요약서 참조",1588-3131
DB생명,(무)백년친구 당신곁에 치매간병보험(2601)(2종)(해약환급금 미지급형),특약,(무)중증치매보장특약Ⅱ(해약환급금 미지급형),"“치매보장개시일” 이후에 “중증이상 치매상태”로 진단 확정되었을 경우(다만, 최초 1회에 한함)","1,000만원","1,000만원",5250  원,"5,040  원",,,,,,,보장성_상품비교_20260608162037508.xls,DB생명,(무)백년친구 당신곁에 치매간병보험(2601)(2종)(해약환급금 미지급형),특약,(무)중증치매보장특약Ⅱ(해약환급금 미지급형),"“치매보장개시일” 이후에 “중증이상 치매상태”로 진단 확정되었을 경우(다만, 최초 1회에 한함)","1,000만원","1,000만원",5250  원,"5,040  원",2.75 %,-,-,119.8 %,101.4 %,-,-,-,-,기본형,무해지/저해지환급,-,-,-,-,비갱신형,비유니버셜,대면채널  TM,2026-05-01,"1. 상품형태 : 표준형, 해약환급금 일부지급형, 해약환급금 미지급형 2. 보험기간 : 85세, 90세, 95세, 100세만기 3. 납입기간 : 10, 15, 20, 25, 30년납 4. 가입연령 : 20세 ~ 최고 75세(납입기간별 상이) 5. 보험가격지수 예시기준 : 2종 해약환급금 미지급형, 40세, 20년납, 90세만기, 100만원 6. 보험료 예시기준 - 주계약 : 2종 해약환급금 미지급형, 40세, 20년납, 90세만기, 300만원 - 선택특약 : 해약환급금 미지급형, 40세, 20년납, 90세만기, ※기타 자세한 사항은 상품요약서 참조",1588-3131
DB생명,(무)백년친구 당신곁에 치매간병보험(2601)(2종)(해약환급금 미지급형),특약,(무)장기요양(1~5등급) 재가급여특약Ⅱ(해약환급금 미지급형),"장기요양상태보장개시일 이후 피보험자가 “장기요양상태(1~5등급)”인 장기요양수급자로 재가급여 이용시(다만, 월1회 한도)",10만원(이용 1회당),10만원,4159  원,"5,623  원",,,,,,,보장성_상품비교_20260608162037508.xls,DB생명,(무)백년친구 당신곁에 치매간병보험(2601)(2종)(해약환급금 미지급형),특약,(무)장기요양(1~5등급) 재가급여특약Ⅱ(해약환급금 미지급형),"장기요양상태보장개시일 이후 피보험자가 “장기요양상태(1~5등급)”인 장기요양수급자로 재가급여 이용시(다만, 월1회 한도)",10만원(이용 1회당),10만원,4159  원,"5,623  원",2.75 %,-,-,119.8 %,101.4 %,-,-,-,-,기본형,무해지/저해지환급,-,-,-,-,비갱신형,비유니버셜,대면채널  TM,2026-05-01,"1. 상품형태 : 표준형, 해약환급금 일부지급형, 해약환급금 미지급형 2. 보험기간 : 85세, 90세, 95세, 100세만기 3. 납입기간 : 10, 15, 20, 25, 30년납 4. 가입연령 : 20세 ~ 최고 75세(납입기간별 상이) 5. 보험가격지수 예시기준 : 2종 해약환급금 미지급형, 40세, 20년납, 90세만기, 100만원 6. 보험료 예시기준 - 주계약 : 2종 해약환급금 미지급형, 40세, 20년납, 90세만기, 300만원 - 선택특약 : 해약환급금 미지급형, 40세, 20년납, 90세만기, ※기타 자세한 사항은 상품요약서 참조",1588-3131
DB생명,(무)백년친구 당신곁에 치매간병보험(2601)(2종)(해약환급금 미지급형),특약,(무)장기요양(1~2등급) 시설입소특약Ⅱ(해약환급금 미지급형),"장기요양상태보장개시일 이후 피보험자가 “장기요양상태(1~2등급)”인 장기요양수급자로 시설입소급여 이용시(다만, 월1회 한도)",10만원(이용 1회당),10만원,347  원,592  원,,,,,,,보장성_상품비교_20260608162037508.xls,DB생명,(무)백년친구 당신곁에 치매간병보험(2601)(2종)(해약환급금 미지급형),특약,(무)장기요양(1~2등급) 시설입소특약Ⅱ(해약환급금 미지급형),"장기요양상태보장개시일 이후 피보험자가 “장기요양상태(1~2등급)”인 장기요양수급자로 시설입소급여 이용시(다만, 월1회 한도)",10만원(이용 1회당),10만원,347  원,592  원,2.75 %,-,-,119.8 %,101.4 %,-,-,-,-,기본형,무해지/저해지환급,-,-,-,-,비갱신형,비유니버셜,대면채널  TM,2026-05-01,"1. 상품형태 : 표준형, 해약환급금 일부지급형, 해약환급금 미지급형 2. 보험기간 : 85세, 90세, 95세, 100세만기 3. 납입기간 : 10, 15, 20, 25, 30년납 4. 가입연령 : 20세 ~ 최고 75세(납입기간별 상이) 5. 보험가격지수 예시기준 : 2종 해약환급금 미지급형, 40세, 20년납, 90세만기, 100만원 6. 보험료 예시기준 - 주계약 : 2종 해약환급금 미지급형, 40세, 20년납, 90세만기, 300만원 - 선택특약 : 해약환급금 미지급형, 40세, 20년납, 90세만기, ※기타 자세한 사항은 상품요약서 참조",1588-3131
DB생명,(무)백년친구 당신곁에 치매간병보험(2601)(2종)(해약환급금 일부지급형),주계약,사망보험금,피보험자가 보험기간 중 사망하였을 때,300만원,300만원,4470  원,"2,970  원",,,,,,,보장성_상품비교_20260608162037508.xls,DB생명,(무)백년친구 당신곁에 치매간병보험(2601)(2종)(해약환급금 일부지급형),주계약,사망보험금,피보험자가 보험기간 중 사망하였을 때,300만원,300만원,4470  원,"2,970  원",2.75 %,-,-,102.0 %,104.1 %,-,-,-,-,기본형,무해지/저해지환급,-,-,-,-,비갱신형,비유니버셜,대면채널  TM,2026-05-01,"1. 상품형태 : 표준형, 해약환급금 일부지급형, 해약환급금 미지급형 2. 보험기간 : 85세, 90세, 95세, 100세만기 3. 납입기간 : 10, 15, 20, 25, 30년납 4. 가입연령 : 20세 ~ 최고 75세(납입기간별 상이) 5. 보험가격지수 예시기준 : 2종 해약환급금 일부지급형, 40세, 20년납, 90세만기, 100만원 6. 보험료 예시기준 - 주계약 : 2종 해약환급금 일부지급형, 40세, 20년납, 90세만기, 300만원 - 선택특약 : 해약환급금 일부지급형, 40세, 20년납, 90세만기 ※기타 자세한 사항은 상품요약서 참조",1588-3131
DB생명,(무)백년친구 당신곁에 치매간병보험(2601)(2종)(해약환급금 일부지급형),특약,(무)경도치매보장특약Ⅱ(해약환급금 일부지급형),"“치매보장개시일” 이후에 “경도이상 치매상태”로 진단 확정되었을 경우(다만, 최초 1회에 한함)","1,000만원","1,000만원",19190  원,"15,340  원",,,,,,,보장성_상품비교_20260608162037508.xls,DB생명,(무)백년친구 당신곁에 치매간병보험(2601)(2종)(해약환급금 일부지급형),특약,(무)경도치매보장특약Ⅱ(해약환급금 일부지급형),"“치매보장개시일” 이후에 “경도이상 치매상태”로 진단 확정되었을 경우(다만, 최초 1회에 한함)","1,000만원","1,000만원",19190  원,"15,340  원",2.75 %,-,-,102.0 %,104.1 %,-,-,-,-,기본형,무해지/저해지환급,-,-,-,-,비갱신형,비유니버셜,대면채널  TM,2026-05-01,"1. 상품형태 : 표준형, 해약환급금 일부지급형, 해약환급금 미지급형 2. 보험기간 : 85세, 90세, 95세, 100세만기 3. 납입기간 : 10, 15, 20, 25, 30년납 4. 가입연령 : 20세 ~ 최고 75세(납입기간별 상이) 5. 보험가격지수 예시기준 : 2종 해약환급금 일부지급형, 40세, 20년납, 90세만기, 100만원 6. 보험료 예시기준 - 주계약 : 2종 해약환급금 일부지급형, 40세, 20년납, 90세만기, 300만원 - 선택특약 : 해약환급금 일부지급형, 40세, 20년납, 90세만기 ※기타 자세한 사항은 상품요약서 참조",1588-3131
DB생명,(무)백년친구 당신곁에 치매간병보험(2601)(2종)(해약환급금 일부지급형),특약,(무)중증치매보장특약Ⅱ(해약환급금 일부지급형),"“치매보장개시일” 이후에 “중증이상 치매상태”로 진단 확정되었을 경우(다만, 최초 1회에 한함)","1,000만원","1,000만원",6320  원,"6,040  원",,,,,,,보장성_상품비교_20260608162037508.xls,DB생명,(무)백년친구 당신곁에 치매간병보험(2601)(2종)(해약환급금 일부지급형),특약,(무)중증치매보장특약Ⅱ(해약환급금 일부지급형),"“치매보장개시일” 이후에 “중증이상 치매상태”로 진단 확정되었을 경우(다만, 최초 1회에 한함)","1,000만원","1,000만원",6320  원,"6,040  원",2.75 %,-,-,102.0 %,104.1 %,-,-,-,-,기본형,무해지/저해지환급,-,-,-,-,비갱신형,비유니버셜,대면채널  TM,2026-05-01,"1. 상품형태 : 표준형, 해약환급금 일부지급형, 해약환급금 미지급형 2. 보험기간 : 85세, 90세, 95세, 100세만기 3. 납입기간 : 10, 15, 20, 25, 30년납 4. 가입연령 : 20세 ~ 최고 75세(납입기간별 상이) 5. 보험가격지수 예시기준 : 2종 해약환급금 일부지급형, 40세, 20년납, 90세만기, 100만원 6. 보험료 예시기준 - 주계약 : 2종 해약환급금 일부지급형, 40세, 20년납, 90세만기, 300만원 - 선택특약 : 해약환급금 일부지급형, 40세, 20년납, 90세만기 ※기타 자세한 사항은 상품요약서 참조",1588-3131
DB생명,(무)백년친구 당신곁에 치매간병보험(2601)(2종)(해약환급금 일부지급형),특약,(무)장기요양(1~5등급) 재가급여특약Ⅱ(해약환급금 일부지급형),"장기요양상태보장개시일 이후 피보험자가 “장기요양상태(1~5등급)”인 장기요양수급자로 재가급여 이용시(다만, 월1회 한도)",10만원(이용 1회당),10만원,4947  원,"6,699  원",,,,,,,보장성_상품비교_20260608162037508.xls,DB생명,(무)백년친구 당신곁에 치매간병보험(2601)(2종)(해약환급금 일부지급형),특약,(무)장기요양(1~5등급) 재가급여특약Ⅱ(해약환급금 일부지급형),"장기요양상태보장개시일 이후 피보험자가 “장기요양상태(1~5등급)”인 장기요양수급자로 재가급여 이용시(다만, 월1회 한도)",10만원(이용 1회당),10만원,4947  원,"6,699  원",2.75 %,-,-,102.0 %,104.1 %,-,-,-,-,기본형,무해지/저해지환급,-,-,-,-,비갱신형,비유니버셜,대면채널  TM,2026-05-01,"1. 상품형태 : 표준형, 해약환급금 일부지급형, 해약환급금 미지급형 2. 보험기간 : 85세, 90세, 95세, 100세만기 3. 납입기간 : 10, 15, 20, 25, 30년납 4. 가입연령 : 20세 ~ 최고 75세(납입기간별 상이) 5. 보험가격지수 예시기준 : 2종 해약환급금 일부지급형, 40세, 20년납, 90세만기, 100만원 6. 보험료 예시기준 - 주계약 : 2종 해약환급금 일부지급형, 40세, 20년납, 90세만기, 300만원 - 선택특약 : 해약환급금 일부지급형, 40세, 20년납, 90세만기 ※기타 자세한 사항은 상품요약서 참조",1588-3131
DB생명,(무)백년친구 당신곁에 치매간병보험(2601)(2종)(해약환급금 일부지급형),특약,(무)장기요양(1~2등급) 시설입소특약Ⅱ(해약환급금 일부지급형),"장기요양상태보장개시일 이후 피보험자가 “장기요양상태(1~2등급)”인 장기요양수급자로 시설입소급여 이용시(다만, 월1회 한도)",10만원(이용 1회당),10만원,414  원,708  원,,,,,,,보장성_상품비교_20260608162037508.xls,DB생명,(무)백년친구 당신곁에 치매간병보험(2601)(2종)(해약환급금 일부지급형),특약,(무)장기요양(1~2등급) 시설입소특약Ⅱ(해약환급금 일부지급형),"장기요양상태보장개시일 이후 피보험자가 “장기요양상태(1~2등급)”인 장기요양수급자로 시설입소급여 이용시(다만, 월1회 한도)",10만원(이용 1회당),10만원,414  원,708  원,2.75 %,-,-,102.0 %,104.1 %,-,-,-,-,기본형,무해지/저해지환급,-,-,-,-,비갱신형,비유니버셜,대면채널  TM,2026-05-01,"1. 상품형태 : 표준형, 해약환급금 일부지급형, 해약환급금 미지급형 2. 보험기간 : 85세, 90세, 95세, 100세만기 3. 납입기간 : 10, 15, 20, 25, 30년납 4. 가입연령 : 20세 ~ 최고 75세(납입기간별 상이) 5. 보험가격지수 예시기준 : 2종 해약환급금 일부지급형, 40세, 20년납, 90세만기, 100만원 6. 보험료 예시기준 - 주계약 : 2종 해약환급금 일부지급형, 40세, 20년납, 90세만기, 300만원 - 선택특약 : 해약환급금 일부지급형, 40세, 20년납, 90세만기 ※기타 자세한 사항은 상품요약서 참조",1588-3131
DB생명,(무)백년친구 당신곁에 치매간병보험(2601)(2종)(표준형),주계약,사망보험금,피보험자가 보험기간 중 사망하였을 때,300만원,300만원,4890  원,"3,240  원",,,,,,,보장성_상품비교_20260608162037508.xls,DB생명,(무)백년친구 당신곁에 치매간병보험(2601)(2종)(표준형),주계약,사망보험금,피보험자가 보험기간 중 사망하였을 때,300만원,300만원,4890  원,"3,240  원",2.75 %,-,-,96.1 %,96.5 %,-,-,-,-,기본형,무해지/저해지환급,-,-,-,-,비갱신형,비유니버셜,대면채널  TM,2026-05-01,"1. 상품형태 : 표준형, 해약환급금 일부지급형, 해약환급금 미지급형 2. 보험기간 : 85세, 90세, 95세, 100세만기 3. 납입기간 : 10, 15, 20, 25, 30년납 4. 가입연령 : 20세 ~ 최고 75세(납입기간별 상이) 5. 보험가격지수 예시기준 : 2종 표준형, 40세, 20년납, 90세만기, 100만원 6. 보험료 예시기준 - 주계약 : 2종 표준형, 40세, 20년납, 90세만기, 300만원 - 선택특약 : 표준형, 40세, 20년납, 90세만기 ※기타 자세한 사항은 상품요약서 참조",1588-3131
DB생명,(무)백년친구 당신곁에 치매간병보험(2601)(2종)(표준형),특약,(무)경도치매보장특약Ⅱ(표준형),"“치매보장개시일” 이후에 “경도이상 치매상태”로 진단 확정되었을 경우(다만, 최초 1회에 한함)","1,000만원","1,000만원",21270  원,"16,990  원",,,,,,,보장성_상품비교_20260608162037508.xls,DB생명,(무)백년친구 당신곁에 치매간병보험(2601)(2종)(표준형),특약,(무)경도치매보장특약Ⅱ(표준형),"“치매보장개시일” 이후에 “경도이상 치매상태”로 진단 확정되었을 경우(다만, 최초 1회에 한함)","1,000만원","1,000만원",21270  원,"16,990  원",2.75 %,-,-,96.1 %,96.5 %,-,-,-,-,기본형,무해지/저해지환급,-,-,-,-,비갱신형,비유니버셜,대면채널  TM,2026-05-01,"1. 상품형태 : 표준형, 해약환급금 일부지급형, 해약환급금 미지급형 2. 보험기간 : 85세, 90세, 95세, 100세만기 3. 납입기간 : 10, 15, 20, 25, 30년납 4. 가입연령 : 20세 ~ 최고 75세(납입기간별 상이) 5. 보험가격지수 예시기준 : 2종 표준형, 40세, 20년납, 90세만기, 100만원 6. 보험료 예시기준 - 주계약 : 2종 표준형, 40세, 20년납, 90세만기, 300만원 - 선택특약 : 표준형, 40세, 20년납, 90세만기 ※기타 자세한 사항은 상품요약서 참조",1588-3131
DB생명,(무)백년친구 당신곁에 치매간병보험(2601)(2종)(표준형),특약,(무)중증치매보장특약Ⅱ(표준형),"“치매보장개시일” 이후에 “중증이상 치매상태”로 진단 확정되었을 경우(다만, 최초 1회에 한함)","1,000만원","1,000만원",7010  원,"6,690  원",,,,,,,보장성_상품비교_20260608162037508.xls,DB생명,(무)백년친구 당신곁에 치매간병보험(2601)(2종)(표준형),특약,(무)중증치매보장특약Ⅱ(표준형),"“치매보장개시일” 이후에 “중증이상 치매상태”로 진단 확정되었을 경우(다만, 최초 1회에 한함)","1,000만원","1,000만원",7010  원,"6,690  원",2.75 %,-,-,96.1 %,96.5 %,-,-,-,-,기본형,무해지/저해지환급,-,-,-,-,비갱신형,비유니버셜,대면채널  TM,2026-05-01,"1. 상품형태 : 표준형, 해약환급금 일부지급형, 해약환급금 미지급형 2. 보험기간 : 85세, 90세, 95세, 100세만기 3. 납입기간 : 10, 15, 20, 25, 30년납 4. 가입연령 : 20세 ~ 최고 75세(납입기간별 상이) 5. 보험가격지수 예시기준 : 2종 표준형, 40세, 20년납, 90세만기, 100만원 6. 보험료 예시기준 - 주계약 : 2종 표준형, 40세, 20년납, 90세만기, 300만원 - 선택특약 : 표준형, 40세, 20년납, 90세만기 ※기타 자세한 사항은 상품요약서 참조",1588-3131
DB생명,(무)백년친구 당신곁에 치매간병보험(2601)(2종)(표준형),특약,(무)장기요양(1~5등급) 재가급여특약Ⅱ(표준형),"장기요양상태보장개시일 이후 피보험자가 “장기요양상태(1~5등급)”인 장기요양수급자로 재가급여 이용시(다만, 월1회 한도)",10만원(이용 1회당),10만원,5485  원,"7,428  원",,,,,,,보장성_상품비교_20260608162037508.xls,DB생명,(무)백년친구 당신곁에 치매간병보험(2601)(2종)(표준형),특약,(무)장기요양(1~5등급) 재가급여특약Ⅱ(표준형),"장기요양상태보장개시일 이후 피보험자가 “장기요양상태(1~5등급)”인 장기요양수급자로 재가급여 이용시(다만, 월1회 한도)",10만원(이용 1회당),10만원,5485  원,"7,428  원",2.75 %,-,-,96.1 %,96.5 %,-,-,-,-,기본형,무해지/저해지환급,-,-,-,-,비갱신형,비유니버셜,대면채널  TM,2026-05-01,"1. 상품형태 : 표준형, 해약환급금 일부지급형, 해약환급금 미지급형 2. 보험기간 : 85세, 90세, 95세, 100세만기 3. 납입기간 : 10, 15, 20, 25, 30년납 4. 가입연령 : 20세 ~ 최고 75세(납입기간별 상이) 5. 보험가격지수 예시기준 : 2종 표준형, 40세, 20년납, 90세만기, 100만원 6. 보험료 예시기준 - 주계약 : 2종 표준형, 40세, 20년납, 90세만기, 300만원 - 선택특약 : 표준형, 40세, 20년납, 90세만기 ※기타 자세한 사항은 상품요약서 참조",1588-3131
DB생명,(무)백년친구 당신곁에 치매간병보험(2601)(2종)(표준형),특약,(무)장기요양(1~2등급) 시설입소특약Ⅱ(표준형),"장기요양상태보장개시일 이후 피보험자가 “장기요양상태(1~2등급)”인 장기요양수급자로 시설입소급여 이용시(다만, 월1회 한도)",10만원(이용 1회당),10만원,458  원,785  원,,,,,,,보장성_상품비교_20260608162037508.xls,DB생명,(무)백년친구 당신곁에 치매간병보험(2601)(2종)(표준형),특약,(무)장기요양(1~2등급) 시설입소특약Ⅱ(표준형),"장기요양상태보장개시일 이후 피보험자가 “장기요양상태(1~2등급)”인 장기요양수급자로 시설입소급여 이용시(다만, 월1회 한도)",10만원(이용 1회당),10만원,458  원,785  원,2.75 %,-,-,96.1 %,96.5 %,-,-,-,-,기본형,무해지/저해지환급,-,-,-,-,비갱신형,비유니버셜,대면채널  TM,2026-05-01,"1. 상품형태 : 표준형, 해약환급금 일부지급형, 해약환급금 미지급형 2. 보험기간 : 85세, 90세, 95세, 100세만기 3. 납입기간 : 10, 15, 20, 25, 30년납 4. 가입연령 : 20세 ~ 최고 75세(납입기간별 상이) 5. 보험가격지수 예시기준 : 2종 표준형, 40세, 20년납, 90세만기, 100만원 6. 보험료 예시기준 - 주계약 : 2종 표준형, 40세, 20년납, 90세만기, 300만원 - 선택특약 : 표준형, 40세, 20년납, 90세만기 ※기타 자세한 사항은 상품요약서 참조",1588-3131
DB생명,(무)백년친구 당신곁에 치매간병보험(2601)(1종)(해약환급금 미지급형),주계약,사망보험금,피보험자가 보험기간 중 사망하였을 때,300만원,300만원,3870  원,"2,520  원",,,,,,,보장성_상품비교_20260608162037508.xls,DB생명,(무)백년친구 당신곁에 치매간병보험(2601)(1종)(해약환급금 미지급형),주계약,사망보험금,피보험자가 보험기간 중 사망하였을 때,300만원,300만원,3870  원,"2,520  원",2.75 %,-,-,119.8 %,101.4 %,-,-,-,-,기본형,무해지/저해지환급,-,-,-,-,비갱신형,비유니버셜,대면채널  TM,2026-05-01,"1. 상품형태 : 표준형, 해약환급금 일부지급형, 해약환급금 미지급형 2. 보험기간 : 85세, 90세, 95세, 100세만기 3. 납입기간 : 10, 15, 20, 25, 30년납 4. 가입연령 : 20세 ~ 최고 75세(납입기간별 상이) 5. 보험가격지수 예시기준 : 1종 해약환급금 미지급형, 40세, 20년납, 90세만기, 100만원 6. 보험료 예시기준 - 주계약 : 1종 해약환급금 미지급형, 40세, 20년납, 90세만기, 300만원 - 선택특약 : 해약환급금 미지급형, 40세, 20년납, 90세만기 ※기타 자세한 사항은 상품요약서 참조",1588-3131
DB생명,(무)백년친구 당신곁에 치매간병보험(2601)(1종)(해약환급금 미지급형),특약,(무)경도치매보장특약Ⅰ(해약환급금 미지급형),"“치매보장개시일” 이후에 “경도이상 치매상태”로 진단 확정되었을 경우(다만, 최초 1회에 한함)","1,000만원","1,000만원",11060  원,"10,860  원",,,,,,,보장성_상품비교_20260608162037508.xls,DB생명,(무)백년친구 당신곁에 치매간병보험(2601)(1종)(해약환급금 미지급형),특약,(무)경도치매보장특약Ⅰ(해약환급금 미지급형),"“치매보장개시일” 이후에 “경도이상 치매상태”로 진단 확정되었을 경우(다만, 최초 1회에 한함)","1,000만원","1,000만원",11060  원,"10,860  원",2.75 %,-,-,119.8 %,101.4 %,-,-,-,-,기본형,무해지/저해지환급,-,-,-,-,비갱신형,비유니버셜,대면채널  TM,2026-05-01,"1. 상품형태 : 표준형, 해약환급금 일부지급형, 해약환급금 미지급형 2. 보험기간 : 85세, 90세, 95세, 100세만기 3. 납입기간 : 10, 15, 20, 25, 30년납 4. 가입연령 : 20세 ~ 최고 75세(납입기간별 상이) 5. 보험가격지수 예시기준 : 1종 해약환급금 미지급형, 40세, 20년납, 90세만기, 100만원 6. 보험료 예시기준 - 주계약 : 1종 해약환급금 미지급형, 40세, 20년납, 90세만기, 300만원 - 선택특약 : 해약환급금 미지급형, 40세, 20년납, 90세만기 ※기타 자세한 사항은 상품요약서 참조",1588-3131
DB생명,(무)백년친구 당신곁에 치매간병보험(2601)(1종)(해약환급금 미지급형),특약,(무)중증치매보장특약Ⅰ(해약환급금 미지급형),"“치매보장개시일” 이후에 “중증이상 치매상태”로 진단 확정되었을 경우(다만, 최초 1회에 한함)","1,000만원","1,000만원",3230  원,"4,010  원",,,,,,,보장성_상품비교_20260608162037508.xls,DB생명,(무)백년친구 당신곁에 치매간병보험(2601)(1종)(해약환급금 미지급형),특약,(무)중증치매보장특약Ⅰ(해약환급금 미지급형),"“치매보장개시일” 이후에 “중증이상 치매상태”로 진단 확정되었을 경우(다만, 최초 1회에 한함)","1,000만원","1,000만원",3230  원,"4,010  원",2.75 %,-,-,119.8 %,101.4 %,-,-,-,-,기본형,무해지/저해지환급,-,-,-,-,비갱신형,비유니버셜,대면채널  TM,2026-05-01,"1. 상품형태 : 표준형, 해약환급금 일부지급형, 해약환급금 미지급형 2. 보험기간 : 85세, 90세, 95세, 100세만기 3. 납입기간 : 10, 15, 20, 25, 30년납 4. 가입연령 : 20세 ~ 최고 75세(납입기간별 상이) 5. 보험가격지수 예시기준 : 1종 해약환급금 미지급형, 40세, 20년납, 90세만기, 100만원 6. 보험료 예시기준 - 주계약 : 1종 해약환급금 미지급형, 40세, 20년납, 90세만기, 300만원 - 선택특약 : 해약환급금 미지급형, 40세, 20년납, 90세만기 ※기타 자세한 사항은 상품요약서 참조",1588-3131
DB생명,(무)백년친구 당신곁에 치매간병보험(2601)(1종)(해약환급금 미지급형),특약,(무)장기요양(1~5등급) 재가급여특약Ⅰ(해약환급금 미지급형),"장기요양상태보장개시일 이후 피보험자가 “장기요양상태(1~5등급)”인 장기요양수급자로 재가급여 이용시(다만, 월1회 한도)",10만원(이용 1회당),10만원,2917  원,"4,673  원",,,,,,,보장성_상품비교_20260608162037508.xls,DB생명,(무)백년친구 당신곁에 치매간병보험(2601)(1종)(해약환급금 미지급형),특약,(무)장기요양(1~5등급) 재가급여특약Ⅰ(해약환급금 미지급형),"장기요양상태보장개시일 이후 피보험자가 “장기요양상태(1~5등급)”인 장기요양수급자로 재가급여 이용시(다만, 월1회 한도)",10만원(이용 1회당),10만원,2917  원,"4,673  원",2.75 %,-,-,119.8 %,101.4 %,-,-,-,-,기본형,무해지/저해지환급,-,-,-,-,비갱신형,비유니버셜,대면채널  TM,2026-05-01,"1. 상품형태 : 표준형, 해약환급금 일부지급형, 해약환급금 미지급형 2. 보험기간 : 85세, 90세, 95세, 100세만기 3. 납입기간 : 10, 15, 20, 25, 30년납 4. 가입연령 : 20세 ~ 최고 75세(납입기간별 상이) 5. 보험가격지수 예시기준 : 1종 해약환급금 미지급형, 40세, 20년납, 90세만기, 100만원 6. 보험료 예시기준 - 주계약 : 1종 해약환급금 미지급형, 40세, 20년납, 90세만기, 300만원 - 선택특약 : 해약환급금 미지급형, 40세, 20년납, 90세만기 ※기타 자세한 사항은 상품요약서 참조",1588-3131
DB생명,(무)백년친구 당신곁에 치매간병보험(2601)(1종)(해약환급금 미지급형),특약,(무)장기요양(1~2등급) 시설입소특약Ⅰ(해약환급금 미지급형),"장기요양상태보장개시일 이후 피보험자가 “장기요양상태(1~2등급)”인 장기요양수급자로 시설입소급여 이용시(다만, 월1회 한도)",10만원(이용 1회당),10만원,241  원,478  원,,,,,,,보장성_상품비교_20260608162037508.xls,DB생명,(무)백년친구 당신곁에 치매간병보험(2601)(1종)(해약환급금 미지급형),특약,(무)장기요양(1~2등급) 시설입소특약Ⅰ(해약환급금 미지급형),"장기요양상태보장개시일 이후 피보험자가 “장기요양상태(1~2등급)”인 장기요양수급자로 시설입소급여 이용시(다만, 월1회 한도)",10만원(이용 1회당),10만원,241  원,478  원,2.75 %,-,-,119.8 %,101.4 %,-,-,-,-,기본형,무해지/저해지환급,-,-,-,-,비갱신형,비유니버셜,대면채널  TM,2026-05-01,"1. 상품형태 : 표준형, 해약환급금 일부지급형, 해약환급금 미지급형 2. 보험기간 : 85세, 90세, 95세, 100세만기 3. 납입기간 : 10, 15, 20, 25, 30년납 4. 가입연령 : 20세 ~ 최고 75세(납입기간별 상이) 5. 보험가격지수 예시기준 : 1종 해약환급금 미지급형, 40세, 20년납, 90세만기, 100만원 6. 보험료 예시기준 - 주계약 : 1종 해약환급금 미지급형, 40세, 20년납, 90세만기, 300만원 - 선택특약 : 해약환급금 미지급형, 40세, 20년납, 90세만기 ※기타 자세한 사항은 상품요약서 참조",1588-3131
DB생명,(무)백년친구 당신곁에 치매간병보험(2601)(1종)(해약환급금 일부지급형),주계약,사망보험금,피보험자가 보험기간 중 사망하였을 때,300만원,300만원,4470  원,"2,970  원",,,,,,,보장성_상품비교_20260608162037508.xls,DB생명,(무)백년친구 당신곁에 치매간병보험(2601)(1종)(해약환급금 일부지급형),주계약,사망보험금,피보험자가 보험기간 중 사망하였을 때,300만원,300만원,4470  원,"2,970  원",2.75 %,-,-,102.0 %,104.1 %,-,-,-,-,기본형,무해지/저해지환급,-,-,-,-,비갱신형,비유니버셜,대면채널  TM,2026-05-01,"1. 상품형태 : 표준형, 해약환급금 일부지급형, 해약환급금 미지급형 2. 보험기간 : 85세, 90세, 95세, 100세만기 3. 납입기간 : 10, 15, 20, 25, 30년납 4. 가입연령 : 20세 ~ 최고 75세(납입기간별 상이) 5. 보험가격지수 예시기준 : 1종 해약환급금 일부지급형, 40세, 20년납, 90세만기, 100만원 6. 보험료 예시기준 - 주계약 : 1종 해약환급금 일부지급형, 40세, 20년납, 90세만기, 300만원 - 선택특약 : 해약환급금 일부지급형, 40세, 20년납, 90세만기 ※기타 자세한 사항은 상품요약서 참조",1588-3131
DB생명,(무)백년친구 당신곁에 치매간병보험(2601)(1종)(해약환급금 일부지급형),특약,(무)경도치매보장특약Ⅰ(해약환급금 일부지급형),"“치매보장개시일” 이후에 “경도이상 치매상태”로 진단 확정되었을 경우(다만, 최초 1회에 한함)","1,000만원","1,000만원",13120  원,"12,810  원",,,,,,,보장성_상품비교_20260608162037508.xls,DB생명,(무)백년친구 당신곁에 치매간병보험(2601)(1종)(해약환급금 일부지급형),특약,(무)경도치매보장특약Ⅰ(해약환급금 일부지급형),"“치매보장개시일” 이후에 “경도이상 치매상태”로 진단 확정되었을 경우(다만, 최초 1회에 한함)","1,000만원","1,000만원",13120  원,"12,810  원",2.75 %,-,-,102.0 %,104.1 %,-,-,-,-,기본형,무해지/저해지환급,-,-,-,-,비갱신형,비유니버셜,대면채널  TM,2026-05-01,"1. 상품형태 : 표준형, 해약환급금 일부지급형, 해약환급금 미지급형 2. 보험기간 : 85세, 90세, 95세, 100세만기 3. 납입기간 : 10, 15, 20, 25, 30년납 4. 가입연령 : 20세 ~ 최고 75세(납입기간별 상이) 5. 보험가격지수 예시기준 : 1종 해약환급금 일부지급형, 40세, 20년납, 90세만기, 100만원 6. 보험료 예시기준 - 주계약 : 1종 해약환급금 일부지급형, 40세, 20년납, 90세만기, 300만원 - 선택특약 : 해약환급금 일부지급형, 40세, 20년납, 90세만기 ※기타 자세한 사항은 상품요약서 참조",1588-3131
DB생명,(무)백년친구 당신곁에 치매간병보험(2601)(1종)(해약환급금 일부지급형),특약,(무)중증치매보장특약Ⅰ(해약환급금 일부지급형),"“치매보장개시일” 이후에 “중증이상 치매상태”로 진단 확정되었을 경우(다만, 최초 1회에 한함)","1,000만원","1,000만원",3880  원,"4,790  원",,,,,,,보장성_상품비교_20260608162037508.xls,DB생명,(무)백년친구 당신곁에 치매간병보험(2601)(1종)(해약환급금 일부지급형),특약,(무)중증치매보장특약Ⅰ(해약환급금 일부지급형),"“치매보장개시일” 이후에 “중증이상 치매상태”로 진단 확정되었을 경우(다만, 최초 1회에 한함)","1,000만원","1,000만원",3880  원,"4,790  원",2.75 %,-,-,102.0 %,104.1 %,-,-,-,-,기본형,무해지/저해지환급,-,-,-,-,비갱신형,비유니버셜,대면채널  TM,2026-05-01,"1. 상품형태 : 표준형, 해약환급금 일부지급형, 해약환급금 미지급형 2. 보험기간 : 85세, 90세, 95세, 100세만기 3. 납입기간 : 10, 15, 20, 25, 30년납 4. 가입연령 : 20세 ~ 최고 75세(납입기간별 상이) 5. 보험가격지수 예시기준 : 1종 해약환급금 일부지급형, 40세, 20년납, 90세만기, 100만원 6. 보험료 예시기준 - 주계약 : 1종 해약환급금 일부지급형, 40세, 20년납, 90세만기, 300만원 - 선택특약 : 해약환급금 일부지급형, 40세, 20년납, 90세만기 ※기타 자세한 사항은 상품요약서 참조",1588-3131
DB생명,(무)백년친구 당신곁에 치매간병보험(2601)(1종)(해약환급금 일부지급형),특약,(무)장기요양(1~5등급) 재가급여특약Ⅰ(해약환급금 일부지급형),"장기요양상태보장개시일 이후 피보험자가 “장기요양상태(1~5등급)”인 장기요양수급자로 재가급여 이용시(다만, 월1회 한도)",10만원(이용 1회당),10만원,3455  원,"5,556  원",,,,,,,보장성_상품비교_20260608162037508.xls,DB생명,(무)백년친구 당신곁에 치매간병보험(2601)(1종)(해약환급금 일부지급형),특약,(무)장기요양(1~5등급) 재가급여특약Ⅰ(해약환급금 일부지급형),"장기요양상태보장개시일 이후 피보험자가 “장기요양상태(1~5등급)”인 장기요양수급자로 재가급여 이용시(다만, 월1회 한도)",10만원(이용 1회당),10만원,3455  원,"5,556  원",2.75 %,-,-,102.0 %,104.1 %,-,-,-,-,기본형,무해지/저해지환급,-,-,-,-,비갱신형,비유니버셜,대면채널  TM,2026-05-01,"1. 상품형태 : 표준형, 해약환급금 일부지급형, 해약환급금 미지급형 2. 보험기간 : 85세, 90세, 95세, 100세만기 3. 납입기간 : 10, 15, 20, 25, 30년납 4. 가입연령 : 20세 ~ 최고 75세(납입기간별 상이) 5. 보험가격지수 예시기준 : 1종 해약환급금 일부지급형, 40세, 20년납, 90세만기, 100만원 6. 보험료 예시기준 - 주계약 : 1종 해약환급금 일부지급형, 40세, 20년납, 90세만기, 300만원 - 선택특약 : 해약환급금 일부지급형, 40세, 20년납, 90세만기 ※기타 자세한 사항은 상품요약서 참조",1588-3131
DB생명,(무)백년친구 당신곁에 치매간병보험(2601)(1종)(해약환급금 일부지급형),특약,(무)장기요양(1~2등급) 시설입소특약Ⅰ(해약환급금 일부지급형),"장기요양상태보장개시일 이후 피보험자가 “장기요양상태(1~2등급)”인 장기요양수급자로 시설입소급여 이용시(다만, 월1회 한도)",10만원(이용 1회당),10만원,286  원,571  원,,,,,,,보장성_상품비교_20260608162037508.xls,DB생명,(무)백년친구 당신곁에 치매간병보험(2601)(1종)(해약환급금 일부지급형),특약,(무)장기요양(1~2등급) 시설입소특약Ⅰ(해약환급금 일부지급형),"장기요양상태보장개시일 이후 피보험자가 “장기요양상태(1~2등급)”인 장기요양수급자로 시설입소급여 이용시(다만, 월1회 한도)",10만원(이용 1회당),10만원,286  원,571  원,2.75 %,-,-,102.0 %,104.1 %,-,-,-,-,기본형,무해지/저해지환급,-,-,-,-,비갱신형,비유니버셜,대면채널  TM,2026-05-01,"1. 상품형태 : 표준형, 해약환급금 일부지급형, 해약환급금 미지급형 2. 보험기간 : 85세, 90세, 95세, 100세만기 3. 납입기간 : 10, 15, 20, 25, 30년납 4. 가입연령 : 20세 ~ 최고 75세(납입기간별 상이) 5. 보험가격지수 예시기준 : 1종 해약환급금 일부지급형, 40세, 20년납, 90세만기, 100만원 6. 보험료 예시기준 - 주계약 : 1종 해약환급금 일부지급형, 40세, 20년납, 90세만기, 300만원 - 선택특약 : 해약환급금 일부지급형, 40세, 20년납, 90세만기 ※기타 자세한 사항은 상품요약서 참조",1588-3131
DB생명,(무)백년친구 당신곁에 치매간병보험(2601)(1종)(표준형),주계약,사망보험금,피보험자가 보험기간 중 사망하였을 때,300만원,300만원,4890  원,"3,240  원",,,,,,,보장성_상품비교_20260608162037508.xls,DB생명,(무)백년친구 당신곁에 치매간병보험(2601)(1종)(표준형),주계약,사망보험금,피보험자가 보험기간 중 사망하였을 때,300만원,300만원,4890  원,"3,240  원",2.75 %,-,-,96.1 %,96.5 %,-,-,-,-,기본형,무해지/저해지환급,-,-,-,-,비갱신형,비유니버셜,대면채널  TM,2026-05-01,"1. 상품형태 : 표준형, 해약환급금 일부지급형, 해약환급금 미지급형 2. 보험기간 : 85세, 90세, 95세, 100세만기 3. 납입기간 : 10, 15, 20, 25, 30년납 4. 가입연령 : 20세 ~ 최고 75세(납입기간별 상이) 5. 보험가격지수 예시기준 : 1종 표준형, 40세, 20년납, 90세만기, 100만원 6. 보험료 예시기준 - 주계약 : 1종 표준형, 40세, 20년납, 90세만기, 300만원 - 선택특약 : 표준형, 40세, 20년납, 90세만기 ※기타 자세한 사항은 상품요약서 참조",1588-3131
DB생명,(무)백년친구 당신곁에 치매간병보험(2601)(1종)(표준형),특약,(무)경도치매보장특약Ⅰ(표준형),"“치매보장개시일” 이후에 “경도이상 치매상태”로 진단 확정되었을 경우(다만, 최초 1회에 한함)","1,000만원","1,000만원",14560  원,"14,190  원",,,,,,,보장성_상품비교_20260608162037508.xls,DB생명,(무)백년친구 당신곁에 치매간병보험(2601)(1종)(표준형),특약,(무)경도치매보장특약Ⅰ(표준형),"“치매보장개시일” 이후에 “경도이상 치매상태”로 진단 확정되었을 경우(다만, 최초 1회에 한함)","1,000만원","1,000만원",14560  원,"14,190  원",2.75 %,-,-,96.1 %,96.5 %,-,-,-,-,기본형,무해지/저해지환급,-,-,-,-,비갱신형,비유니버셜,대면채널  TM,2026-05-01,"1. 상품형태 : 표준형, 해약환급금 일부지급형, 해약환급금 미지급형 2. 보험기간 : 85세, 90세, 95세, 100세만기 3. 납입기간 : 10, 15, 20, 25, 30년납 4. 가입연령 : 20세 ~ 최고 75세(납입기간별 상이) 5. 보험가격지수 예시기준 : 1종 표준형, 40세, 20년납, 90세만기, 100만원 6. 보험료 예시기준 - 주계약 : 1종 표준형, 40세, 20년납, 90세만기, 300만원 - 선택특약 : 표준형, 40세, 20년납, 90세만기 ※기타 자세한 사항은 상품요약서 참조",1588-3131
DB생명,(무)백년친구 당신곁에 치매간병보험(2601)(1종)(표준형),특약,(무)중증치매보장특약Ⅰ(표준형),"“치매보장개시일” 이후에 “중증이상 치매상태”로 진단 확정되었을 경우(다만, 최초 1회에 한함)","1,000만원","1,000만원",4310  원,"5,310  원",,,,,,,보장성_상품비교_20260608162037508.xls,DB생명,(무)백년친구 당신곁에 치매간병보험(2601)(1종)(표준형),특약,(무)중증치매보장특약Ⅰ(표준형),"“치매보장개시일” 이후에 “중증이상 치매상태”로 진단 확정되었을 경우(다만, 최초 1회에 한함)","1,000만원","1,000만원",4310  원,"5,310  원",2.75 %,-,-,96.1 %,96.5 %,-,-,-,-,기본형,무해지/저해지환급,-,-,-,-,비갱신형,비유니버셜,대면채널  TM,2026-05-01,"1. 상품형태 : 표준형, 해약환급금 일부지급형, 해약환급금 미지급형 2. 보험기간 : 85세, 90세, 95세, 100세만기 3. 납입기간 : 10, 15, 20, 25, 30년납 4. 가입연령 : 20세 ~ 최고 75세(납입기간별 상이) 5. 보험가격지수 예시기준 : 1종 표준형, 40세, 20년납, 90세만기, 100만원 6. 보험료 예시기준 - 주계약 : 1종 표준형, 40세, 20년납, 90세만기, 300만원 - 선택특약 : 표준형, 40세, 20년납, 90세만기 ※기타 자세한 사항은 상품요약서 참조",1588-3131
DB생명,(무)백년친구 당신곁에 치매간병보험(2601)(1종)(표준형),특약,(무)장기요양(1~5등급) 재가급여특약Ⅰ(표준형),"장기요양상태보장개시일 이후 피보험자가 “장기요양상태(1~5등급)”인 장기요양수급자로 재가급여 이용시(다만, 월1회 한도)",10만원(이용 1회당),10만원,3835  원,"6,165  원",,,,,,,보장성_상품비교_20260608162037508.xls,DB생명,(무)백년친구 당신곁에 치매간병보험(2601)(1종)(표준형),특약,(무)장기요양(1~5등급) 재가급여특약Ⅰ(표준형),"장기요양상태보장개시일 이후 피보험자가 “장기요양상태(1~5등급)”인 장기요양수급자로 재가급여 이용시(다만, 월1회 한도)",10만원(이용 1회당),10만원,3835  원,"6,165  원",2.75 %,-,-,96.1 %,96.5 %,-,-,-,-,기본형,무해지/저해지환급,-,-,-,-,비갱신형,비유니버셜,대면채널  TM,2026-05-01,"1. 상품형태 : 표준형, 해약환급금 일부지급형, 해약환급금 미지급형 2. 보험기간 : 85세, 90세, 95세, 100세만기 3. 납입기간 : 10, 15, 20, 25, 30년납 4. 가입연령 : 20세 ~ 최고 75세(납입기간별 상이) 5. 보험가격지수 예시기준 : 1종 표준형, 40세, 20년납, 90세만기, 100만원 6. 보험료 예시기준 - 주계약 : 1종 표준형, 40세, 20년납, 90세만기, 300만원 - 선택특약 : 표준형, 40세, 20년납, 90세만기 ※기타 자세한 사항은 상품요약서 참조",1588-3131
DB생명,(무)백년친구 당신곁에 치매간병보험(2601)(1종)(표준형),특약,(무)장기요양(1~2등급) 시설입소특약Ⅰ(표준형),"장기요양상태보장개시일 이후 피보험자가 “장기요양상태(1~2등급)”인 장기요양수급자로 시설입소급여 이용시(다만, 월1회 한도)",10만원(이용 1회당),10만원,317  원,633  원,,,,,,,보장성_상품비교_20260608162037508.xls,DB생명,(무)백년친구 당신곁에 치매간병보험(2601)(1종)(표준형),특약,(무)장기요양(1~2등급) 시설입소특약Ⅰ(표준형),"장기요양상태보장개시일 이후 피보험자가 “장기요양상태(1~2등급)”인 장기요양수급자로 시설입소급여 이용시(다만, 월1회 한도)",10만원(이용 1회당),10만원,317  원,633  원,2.75 %,-,-,96.1 %,96.5 %,-,-,-,-,기본형,무해지/저해지환급,-,-,-,-,비갱신형,비유니버셜,대면채널  TM,2026-05-01,"1. 상품형태 : 표준형, 해약환급금 일부지급형, 해약환급금 미지급형 2. 보험기간 : 85세, 90세, 95세, 100세만기 3. 납입기간 : 10, 15, 20, 25, 30년납 4. 가입연령 : 20세 ~ 최고 75세(납입기간별 상이) 5. 보험가격지수 예시기준 : 1종 표준형, 40세, 20년납, 90세만기, 100만원 6. 보험료 예시기준 - 주계약 : 1종 표준형, 40세, 20년납, 90세만기, 300만원 - 선택특약 : 표준형, 40세, 20년납, 90세만기 ※기타 자세한 사항은 상품요약서 참조",1588-3131
DB생명,(무)e로운 간병입원수술보험(해약환급금 미지급형)(2601),주계약,사망보험금,피보험자가 보험기간 중 사망하였을 때,1000만원,1000만원  원,19200  원,"16,700  원",,,,,,,보장성_상품비교_20260608162037508.xls,DB생명,(무)e로운 간병입원수술보험(해약환급금 미지급형)(2601),주계약,사망보험금,피보험자가 보험기간 중 사망하였을 때,1000만원,1000만원  원,19200  원,"16,700  원",2.75 %,-,-,105.8 %,106.7 %,-,-,-,-,기본형,무해지/저해지환급,-,-,-,-,비갱신형,비유니버셜,CM,2026-04-01,"1. 보험기간 : 80,90,100세만기 2. 납입기간: 10, 15, 20, 25, 30년납 3. 가입연령 : 만19세~최고 64세 *보험기간, 납입기간별로 가입나이는 차이가 있을 수 있습니다. 4. 보험료 예시 기준: 40세, 20년납, 100세만기, 가입금액 1,000만원, 해약환급금 미지급형 5. 보험가격지수 예시 기준: 40세, 20년납, 100세만기, 가입금액 100만원, 해약환급금 미지급형",1588-3131
DB생명,(무)e로운 간병입원수술보험(해약환급금 미지급형)(2601),특약,(무)간병인현금지원입원특약Ⅰ(O)(해약환급금 미지급형),"간병인현금지원입원급여금(요양병원제외) : 피보험자가 보험기간 중 질병 및 재해로 인하여 그 치료를 직접적인 목적으로 요양병원을 제외한 병원급 또는 의원급 의료기관에 1일이상 계속 입원하여 치료받으며, 간병인을 사용하여 실질적으로 간병서비스를 이용한 경우 (단, 간병인 사용금액이 1일당 7만원 미만인 경우 50% 지급) 간병인현금지원입원급여금(요양병원) : 피보험자가 보험기간 중 질병 및 재해로 인하여 그 치료를 직접적인 목적으로 요양병원에 1일이상 계속 입원하여 치료받으며, 간병인을 사용하여 실질적으로 간병서비스를 이용한 경우","간병인현금지원입원급여금(요양병원제외) : 1일당 15만원(간병인 사용 1일당, 180일한도) 간병인현금지원입원급여금(요양병원) : 1일당 3만원(간병인 사용 1일당,180일 한도)",1000만원  원,15790  원,"18,490  원",,,,,,,보장성_상품비교_20260608162037508.xls,DB생명,(무)e로운 간병입원수술보험(해약환급금 미지급형)(2601),특약,(무)간병인현금지원입원특약Ⅰ(O)(해약환급금 미지급형),"간병인현금지원입원급여금(요양병원제외) : 피보험자가 보험기간 중 질병 및 재해로 인하여 그 치료를 직접적인 목적으로 요양병원을 제외한 병원급 또는 의원급 의료기관에 1일이상 계속 입원하여 치료받으며, 간병인을 사용하여 실질적으로 간병서비스를 이용한 경우 (단, 간병인 사용금액이 1일당 7만원 미만인 경우 50% 지급) 간병인현금지원입원급여금(요양병원) : 피보험자가 보험기간 중 질병 및 재해로 인하여 그 치료를 직접적인 목적으로 요양병원에 1일이상 계속 입원하여 치료받으며, 간병인을 사용하여 실질적으로 간병서비스를 이용한 경우","간병인현금지원입원급여금(요양병원제외) : 1일당 15만원(간병인 사용 1일당, 180일한도) 간병인현금지원입원급여금(요양병원) : 1일당 3만원(간병인 사용 1일당,180일 한도)",1000만원  원,15790  원,"18,490  원",2.75 %,-,-,105.8 %,106.7 %,-,-,-,-,기본형,무해지/저해지환급,-,-,-,-,비갱신형,비유니버셜,CM,2026-04-01,"1. 보험기간 : 80,90,100세만기 2. 납입기간: 10, 15, 20, 25, 30년납 3. 가입연령 : 만19세~최고 64세 *보험기간, 납입기간별로 가입나이는 차이가 있을 수 있습니다. 4. 보험료 예시 기준: 40세, 20년납, 100세만기, 가입금액 1,000만원, 해약환급금 미지급형 5. 보험가격지수 예시 기준: 40세, 20년납, 100세만기, 가입금액 100만원, 해약환급금 미지급형",1588-3131
DB생명,(무)e로운 간병입원수술보험(해약환급금 미지급형)(2601),특약,(무)간호간병통합서비스입원특약Ⅰ(O)(해약환급금 미지급형),"피보험자가 보험기간 중 질병 및 재해로 인하여 그 치료를 직접적인 목적으로 1일이상 계속하여 요양병원을 제외한 병원급 의료기관에 입원하여, 간호·간병 통합서비스를 사용하였을 때","1일당 10만원 (사용 1일당,180일 한도)",1000만원  원,14540  원,"16,030  원",,,,,,,보장성_상품비교_20260608162037508.xls,DB생명,(무)e로운 간병입원수술보험(해약환급금 미지급형)(2601),특약,(무)간호간병통합서비스입원특약Ⅰ(O)(해약환급금 미지급형),"피보험자가 보험기간 중 질병 및 재해로 인하여 그 치료를 직접적인 목적으로 1일이상 계속하여 요양병원을 제외한 병원급 의료기관에 입원하여, 간호·간병 통합서비스를 사용하였을 때","1일당 10만원 (사용 1일당,180일 한도)",1000만원  원,14540  원,"16,030  원",2.75 %,-,-,105.8 %,106.7 %,-,-,-,-,기본형,무해지/저해지환급,-,-,-,-,비갱신형,비유니버셜,CM,2026-04-01,"1. 보험기간 : 80,90,100세만기 2. 납입기간: 10, 15, 20, 25, 30년납 3. 가입연령 : 만19세~최고 64세 *보험기간, 납입기간별로 가입나이는 차이가 있을 수 있습니다. 4. 보험료 예시 기준: 40세, 20년납, 100세만기, 가입금액 1,000만원, 해약환급금 미지급형 5. 보험가격지수 예시 기준: 40세, 20년납, 100세만기, 가입금액 100만원, 해약환급금 미지급형",1588-3131
DB생명,(무)e로운 간병입원수술보험(해약환급금 미지급형)(2601),특약,(무)상급종합병원 상급병실(1인실)입원특약Ⅰ(O)(해약환급금 미지급형),"피보험자가 보험기간 중 질병 및 재해로 인하여 그 치료를 직접적인 목적으로 1일이상 계속하여 요양병원을 제외한 병원급 의료기관에 입원하여, 간호·간병 통합서비스를 사용하였을 때",1일당 10만원 (1회 입원당 30일한도),10만원  원,359  원,312  원,,,,,,,보장성_상품비교_20260608162037508.xls,DB생명,(무)e로운 간병입원수술보험(해약환급금 미지급형)(2601),특약,(무)상급종합병원 상급병실(1인실)입원특약Ⅰ(O)(해약환급금 미지급형),"피보험자가 보험기간 중 질병 및 재해로 인하여 그 치료를 직접적인 목적으로 1일이상 계속하여 요양병원을 제외한 병원급 의료기관에 입원하여, 간호·간병 통합서비스를 사용하였을 때",1일당 10만원 (1회 입원당 30일한도),10만원  원,359  원,312  원,2.75 %,-,-,105.8 %,106.7 %,-,-,-,-,기본형,무해지/저해지환급,-,-,-,-,비갱신형,비유니버셜,CM,2026-04-01,"1. 보험기간 : 80,90,100세만기 2. 납입기간: 10, 15, 20, 25, 30년납 3. 가입연령 : 만19세~최고 64세 *보험기간, 납입기간별로 가입나이는 차이가 있을 수 있습니다. 4. 보험료 예시 기준: 40세, 20년납, 100세만기, 가입금액 1,000만원, 해약환급금 미지급형 5. 보험가격지수 예시 기준: 40세, 20년납, 100세만기, 가입금액 100만원, 해약환급금 미지급형",1588-3131
DB생명,(무)e로운 간병입원수술보험(해약환급금 미지급형)(2601),특약,(무)종합병원 상급병실(1인실)입원특약Ⅰ(O)(해약환급금 미지급형),"피보험자가 보험기간 중 질병 및 재해로 인하여 그 치료를 직접적인 목적으로 1일이상 계속하여 요양병원을 제외한 병원급 의료기관에 입원하여, 간호·간병 통합서비스를 사용하였을 때",1일당 10만원 (1회 입원당 30일한도),10만원  원,1214  원,"1,403  원",,,,,,,보장성_상품비교_20260608162037508.xls,DB생명,(무)e로운 간병입원수술보험(해약환급금 미지급형)(2601),특약,(무)종합병원 상급병실(1인실)입원특약Ⅰ(O)(해약환급금 미지급형),"피보험자가 보험기간 중 질병 및 재해로 인하여 그 치료를 직접적인 목적으로 1일이상 계속하여 요양병원을 제외한 병원급 의료기관에 입원하여, 간호·간병 통합서비스를 사용하였을 때",1일당 10만원 (1회 입원당 30일한도),10만원  원,1214  원,"1,403  원",2.75 %,-,-,105.8 %,106.7 %,-,-,-,-,기본형,무해지/저해지환급,-,-,-,-,비갱신형,비유니버셜,CM,2026-04-01,"1. 보험기간 : 80,90,100세만기 2. 납입기간: 10, 15, 20, 25, 30년납 3. 가입연령 : 만19세~최고 64세 *보험기간, 납입기간별로 가입나이는 차이가 있을 수 있습니다. 4. 보험료 예시 기준: 40세, 20년납, 100세만기, 가입금액 1,000만원, 해약환급금 미지급형 5. 보험가격지수 예시 기준: 40세, 20년납, 100세만기, 가입금액 100만원, 해약환급금 미지급형",1588-3131
KB라이프생명,KB 골든라이프 딱좋은 간병보험 무배당(일반심사형)(해약환급금 미지급형),주계약,사망보험금,"보험기간 중 사망 시(단, 이미 납입한 주계약 보험료가 사망보험금을 초과하는 경우, 이미 납입한 주계약 보험료를 사망보험금으로 지급함)",보험가입금액,100만원  원,1560  원,"1,240  원",,,,,,,보장성_상품비교_20260608162037508.xls,KB라이프생명,KB 골든라이프 딱좋은 간병보험 무배당(일반심사형)(해약환급금 미지급형),주계약,사망보험금,"보험기간 중 사망 시(단, 이미 납입한 주계약 보험료가 사망보험금을 초과하는 경우, 이미 납입한 주계약 보험료를 사망보험금으로 지급함)",보험가입금액,100만원  원,1560  원,"1,240  원",2.75 %,-,-,120.2 %,144.4 %,-,-,-,-,기본형,무해지/저해지환급,-,-,-,-,비갱신형,비유니버셜,대면채널,2026-04-01,"1. 가입나이: 30세 ~ 최대80세(납입기간별 차등) 2. 보험기간: 90세, 100세만기 3. 납입기간 : 10년, 15년, 20년, 30년납 4. 가입금액: 100만원 5. 보험료(주계약) 기준 : 40세, 90세만기, 20년납, 월납 기준 6. 보험료(특약) 기준 : 40세, 90세만기, 20년납, 월납 기준 7. 보험가격지수 기준: 40세, 90세만기, 20년납, 월납 기준",1588-3374
KB라이프생명,KB 골든라이프 딱좋은 간병보험 무배당(일반심사형)(해약환급금 미지급형),특약,암진단Ⅱ(해약환급금 미지급형)(납입면제형) 특약,"암보장개시일 이후 일반암(자궁암, 유방암,전립선암,기타피부암,중증갑상선암 이외의 갑상선암 및 대장점막내암 제외) 진단 확정 시 (최초 1 회한)",보험가입금액(1년미만 가입금액의 50%),100만원  원,1029  원,585  원,,,,,,,보장성_상품비교_20260608162037508.xls,KB라이프생명,KB 골든라이프 딱좋은 간병보험 무배당(일반심사형)(해약환급금 미지급형),특약,암진단Ⅱ(해약환급금 미지급형)(납입면제형) 특약,"암보장개시일 이후 일반암(자궁암, 유방암,전립선암,기타피부암,중증갑상선암 이외의 갑상선암 및 대장점막내암 제외) 진단 확정 시 (최초 1 회한)",보험가입금액(1년미만 가입금액의 50%),100만원  원,1029  원,585  원,2.75 %,-,-,120.2 %,144.4 %,-,-,-,-,기본형,무해지/저해지환급,-,-,-,-,비갱신형,비유니버셜,대면채널,2026-04-01,"1. 가입나이: 30세 ~ 최대80세(납입기간별 차등) 2. 보험기간: 90세, 100세만기 3. 납입기간 : 10년, 15년, 20년, 30년납 4. 가입금액: 100만원 5. 보험료(주계약) 기준 : 40세, 90세만기, 20년납, 월납 기준 6. 보험료(특약) 기준 : 40세, 90세만기, 20년납, 월납 기준 7. 보험가격지수 기준: 40세, 90세만기, 20년납, 월납 기준",1588-3374
KB라이프생명,KB 골든라이프 딱좋은 간병보험 무배당(일반심사형)(해약환급금 미지급형),특약,허혈성심장질환진단Ⅱ(해약환급금 미지급형)(납입면제형) 특약,보험기간 중 허혈성심장질환으로 진단 확정 시,"보험가입금액(90 일 미만 가입금액의 10%, 90 일 ~ 1 년미만 가입금액의 50%)",100만원  원,595  원,261  원,,,,,,,보장성_상품비교_20260608162037508.xls,KB라이프생명,KB 골든라이프 딱좋은 간병보험 무배당(일반심사형)(해약환급금 미지급형),특약,허혈성심장질환진단Ⅱ(해약환급금 미지급형)(납입면제형) 특약,보험기간 중 허혈성심장질환으로 진단 확정 시,"보험가입금액(90 일 미만 가입금액의 10%, 90 일 ~ 1 년미만 가입금액의 50%)",100만원  원,595  원,261  원,2.75 %,-,-,120.2 %,144.4 %,-,-,-,-,기본형,무해지/저해지환급,-,-,-,-,비갱신형,비유니버셜,대면채널,2026-04-01,"1. 가입나이: 30세 ~ 최대80세(납입기간별 차등) 2. 보험기간: 90세, 100세만기 3. 납입기간 : 10년, 15년, 20년, 30년납 4. 가입금액: 100만원 5. 보험료(주계약) 기준 : 40세, 90세만기, 20년납, 월납 기준 6. 보험료(특약) 기준 : 40세, 90세만기, 20년납, 월납 기준 7. 보험가격지수 기준: 40세, 90세만기, 20년납, 월납 기준",1588-3374
KB라이프생명,KB 골든라이프 딱좋은 간병보험 무배당(일반심사형)(해약환급금 미지급형),특약,중증치매진단(해약환급금 미지급형)(납입면제형) 특약,치매보장개시일(1년)이후 중증치매상태로 진단 확정 시(최초 1회한),보험가입금액,100만원  원,365  원,439  원,,,,,,,보장성_상품비교_20260608162037508.xls,KB라이프생명,KB 골든라이프 딱좋은 간병보험 무배당(일반심사형)(해약환급금 미지급형),특약,중증치매진단(해약환급금 미지급형)(납입면제형) 특약,치매보장개시일(1년)이후 중증치매상태로 진단 확정 시(최초 1회한),보험가입금액,100만원  원,365  원,439  원,2.75 %,-,-,120.2 %,144.4 %,-,-,-,-,기본형,무해지/저해지환급,-,-,-,-,비갱신형,비유니버셜,대면채널,2026-04-01,"1. 가입나이: 30세 ~ 최대80세(납입기간별 차등) 2. 보험기간: 90세, 100세만기 3. 납입기간 : 10년, 15년, 20년, 30년납 4. 가입금액: 100만원 5. 보험료(주계약) 기준 : 40세, 90세만기, 20년납, 월납 기준 6. 보험료(특약) 기준 : 40세, 90세만기, 20년납, 월납 기준 7. 보험가격지수 기준: 40세, 90세만기, 20년납, 월납 기준",1588-3374
KB라이프생명,KB 골든라이프 딱좋은 간병보험 무배당(일반심사형)(해약환급금 미지급형),특약,장기요양(1~2등급)진단(해약환급금 미지급형)(납입면제형) 특약,장기요양보장개시일(90일) 이후에 1~2등급 장기요양상태로 판정 시,보험가입금액,100만원  원,166  원,310  원,,,,,,,보장성_상품비교_20260608162037508.xls,KB라이프생명,KB 골든라이프 딱좋은 간병보험 무배당(일반심사형)(해약환급금 미지급형),특약,장기요양(1~2등급)진단(해약환급금 미지급형)(납입면제형) 특약,장기요양보장개시일(90일) 이후에 1~2등급 장기요양상태로 판정 시,보험가입금액,100만원  원,166  원,310  원,2.75 %,-,-,120.2 %,144.4 %,-,-,-,-,기본형,무해지/저해지환급,-,-,-,-,비갱신형,비유니버셜,대면채널,2026-04-01,"1. 가입나이: 30세 ~ 최대80세(납입기간별 차등) 2. 보험기간: 90세, 100세만기 3. 납입기간 : 10년, 15년, 20년, 30년납 4. 가입금액: 100만원 5. 보험료(주계약) 기준 : 40세, 90세만기, 20년납, 월납 기준 6. 보험료(특약) 기준 : 40세, 90세만기, 20년납, 월납 기준 7. 보험가격지수 기준: 40세, 90세만기, 20년납, 월납 기준",1588-3374
라이나생명,(무)라이나다이렉트입원간병보험(해약환급금미지급형Ⅱ),주계약,사망보험금,피보험자가 보험기간 중 사망한 경우,100만원,100만원  원,1720  원,"1,470  원",,,,,,,보장성_상품비교_20260608162037508.xls,라이나생명,(무)라이나다이렉트입원간병보험(해약환급금미지급형Ⅱ),주계약,사망보험금,피보험자가 보험기간 중 사망한 경우,100만원,100만원  원,1720  원,"1,470  원",2.25 %,-,-,95.6 %,94.9 %,-,-,-,-,기본형,무해지/저해지환급,-,-,-,-,비갱신형,비유니버셜,CM,2026-04-01,"1. 가입나이 : 20세~70세 2. 보험기간 : 60세만기/80세만기/100세만기 3. 납입기간 : 20년납/30년납/전기납 4. 보험료 작성 기준 : 주계약 보험가입금액 100만원, 상급종합병원입원특약, 종합병원입원특약, 종합병원2-3인실입원특약, 종합병원1인실입원특약 보험가입금액 500만원, 40세, 100세만기, 20년납, 월납 5. 보험가격지수 작성 기준 : 보험가입금액 100만원, 40세, 100세만기, 20년납, 월납 6. 이 상품은 모듈형 상품으로 암, 뇌심, 만성생활질환, 입원간병, 수술, 장해, 재해 등의 모듈로 구성되어 있으며, 회사가 특정 모듈을 단독으로 부가하여 판매하는 경우 상품명칭 중 ""건강""부분의 명칭을 변경하여 사용할 수 있습니다.",1588-0058
라이나생명,(무)라이나다이렉트입원간병보험(해약환급금미지급형Ⅱ),특약,(무)라이나다이렉트상급종합병원입원특약(해약환급금미지급형Ⅱ),"피보험자가 이 특약의 보험기간 중 질병 또는 재해로 인하여 그 치료를 직접적인 목적으로 하여 1일 이상 계속하여 상급종합병원에 입원하였을 때(단, 1회 입원당 10일 한도)",입원일수 1일당 5만원,500만원  원,7850  원,"6,900  원",,,,,,,보장성_상품비교_20260608162037508.xls,라이나생명,(무)라이나다이렉트입원간병보험(해약환급금미지급형Ⅱ),특약,(무)라이나다이렉트상급종합병원입원특약(해약환급금미지급형Ⅱ),"피보험자가 이 특약의 보험기간 중 질병 또는 재해로 인하여 그 치료를 직접적인 목적으로 하여 1일 이상 계속하여 상급종합병원에 입원하였을 때(단, 1회 입원당 10일 한도)",입원일수 1일당 5만원,500만원  원,7850  원,"6,900  원",2.25 %,-,-,95.6 %,94.9 %,-,-,-,-,기본형,무해지/저해지환급,-,-,-,-,비갱신형,비유니버셜,CM,2026-04-01,"1. 가입나이 : 20세~70세 2. 보험기간 : 60세만기/80세만기/100세만기 3. 납입기간 : 20년납/30년납/전기납 4. 보험료 작성 기준 : 주계약 보험가입금액 100만원, 상급종합병원입원특약, 종합병원입원특약, 종합병원2-3인실입원특약, 종합병원1인실입원특약 보험가입금액 500만원, 40세, 100세만기, 20년납, 월납 5. 보험가격지수 작성 기준 : 보험가입금액 100만원, 40세, 100세만기, 20년납, 월납 6. 이 상품은 모듈형 상품으로 암, 뇌심, 만성생활질환, 입원간병, 수술, 장해, 재해 등의 모듈로 구성되어 있으며, 회사가 특정 모듈을 단독으로 부가하여 판매하는 경우 상품명칭 중 ""건강""부분의 명칭을 변경하여 사용할 수 있습니다.",1588-0058
라이나생명,(무)라이나다이렉트입원간병보험(해약환급금미지급형Ⅱ),특약,(무)라이나다이렉트종합병원입원특약(해약환급금미지급형Ⅱ),"피보험자가 이 특약의 보험기간 중 질병 또는 재해로 인하여 그 치료를 직접적인 목적으로 하여 1일 이상 계속하여 종합병원에 입원하였을 때(단, 1회 입원당 30일 한도)",입원일수 1일당 5만원,500만원  원,25550  원,"25,100  원",,,,,,,보장성_상품비교_20260608162037508.xls,라이나생명,(무)라이나다이렉트입원간병보험(해약환급금미지급형Ⅱ),특약,(무)라이나다이렉트종합병원입원특약(해약환급금미지급형Ⅱ),"피보험자가 이 특약의 보험기간 중 질병 또는 재해로 인하여 그 치료를 직접적인 목적으로 하여 1일 이상 계속하여 종합병원에 입원하였을 때(단, 1회 입원당 30일 한도)",입원일수 1일당 5만원,500만원  원,25550  원,"25,100  원",2.25 %,-,-,95.6 %,94.9 %,-,-,-,-,기본형,무해지/저해지환급,-,-,-,-,비갱신형,비유니버셜,CM,2026-04-01,"1. 가입나이 : 20세~70세 2. 보험기간 : 60세만기/80세만기/100세만기 3. 납입기간 : 20년납/30년납/전기납 4. 보험료 작성 기준 : 주계약 보험가입금액 100만원, 상급종합병원입원특약, 종합병원입원특약, 종합병원2-3인실입원특약, 종합병원1인실입원특약 보험가입금액 500만원, 40세, 100세만기, 20년납, 월납 5. 보험가격지수 작성 기준 : 보험가입금액 100만원, 40세, 100세만기, 20년납, 월납 6. 이 상품은 모듈형 상품으로 암, 뇌심, 만성생활질환, 입원간병, 수술, 장해, 재해 등의 모듈로 구성되어 있으며, 회사가 특정 모듈을 단독으로 부가하여 판매하는 경우 상품명칭 중 ""건강""부분의 명칭을 변경하여 사용할 수 있습니다.",1588-0058
라이나생명,(무)라이나다이렉트입원간병보험(해약환급금미지급형Ⅱ),특약,(무)라이나다이렉트종합병원2-3인실입원특약(해약환급금미지급형Ⅱ),"피보험자가 이 특약의 보험기간 중 질병 또는 재해로 인하여 그 치료를 직접적인 목적으로 하여 1일 이상 계속하여 종합병원의 2인실 또는 3인실에 입원하였을 때(단, 1회 입원당 30일 한도)",입원일수 1일당 5만원,500만원  원,2350  원,"2,450  원",,,,,,,보장성_상품비교_20260608162037508.xls,라이나생명,(무)라이나다이렉트입원간병보험(해약환급금미지급형Ⅱ),특약,(무)라이나다이렉트종합병원2-3인실입원특약(해약환급금미지급형Ⅱ),"피보험자가 이 특약의 보험기간 중 질병 또는 재해로 인하여 그 치료를 직접적인 목적으로 하여 1일 이상 계속하여 종합병원의 2인실 또는 3인실에 입원하였을 때(단, 1회 입원당 30일 한도)",입원일수 1일당 5만원,500만원  원,2350  원,"2,450  원",2.25 %,-,-,95.6 %,94.9 %,-,-,-,-,기본형,무해지/저해지환급,-,-,-,-,비갱신형,비유니버셜,CM,2026-04-01,"1. 가입나이 : 20세~70세 2. 보험기간 : 60세만기/80세만기/100세만기 3. 납입기간 : 20년납/30년납/전기납 4. 보험료 작성 기준 : 주계약 보험가입금액 100만원, 상급종합병원입원특약, 종합병원입원특약, 종합병원2-3인실입원특약, 종합병원1인실입원특약 보험가입금액 500만원, 40세, 100세만기, 20년납, 월납 5. 보험가격지수 작성 기준 : 보험가입금액 100만원, 40세, 100세만기, 20년납, 월납 6. 이 상품은 모듈형 상품으로 암, 뇌심, 만성생활질환, 입원간병, 수술, 장해, 재해 등의 모듈로 구성되어 있으며, 회사가 특정 모듈을 단독으로 부가하여 판매하는 경우 상품명칭 중 ""건강""부분의 명칭을 변경하여 사용할 수 있습니다.",1588-0058
라이나생명,(무)라이나다이렉트입원간병보험(해약환급금미지급형Ⅱ),특약,(무)라이나다이렉트종합병원1인실입원특약(해약환급금미지급형Ⅱ),"피보험자가 이 특약의 보험기간 중 질병 또는 재해로 인하여 그 치료를 직접적인 목적으로 하여 1일 이상 계속하여 종합병원의 1인실에 입원하였을 때(단, 1회 입원당 30일 한도)",입원일수 1일당 5만원,500만원  원,1800  원,"1,500  원",,,,,,,보장성_상품비교_20260608162037508.xls,라이나생명,(무)라이나다이렉트입원간병보험(해약환급금미지급형Ⅱ),특약,(무)라이나다이렉트종합병원1인실입원특약(해약환급금미지급형Ⅱ),"피보험자가 이 특약의 보험기간 중 질병 또는 재해로 인하여 그 치료를 직접적인 목적으로 하여 1일 이상 계속하여 종합병원의 1인실에 입원하였을 때(단, 1회 입원당 30일 한도)",입원일수 1일당 5만원,500만원  원,1800  원,"1,500  원",2.25 %,-,-,95.6 %,94.9 %,-,-,-,-,기본형,무해지/저해지환급,-,-,-,-,비갱신형,비유니버셜,CM,2026-04-01,"1. 가입나이 : 20세~70세 2. 보험기간 : 60세만기/80세만기/100세만기 3. 납입기간 : 20년납/30년납/전기납 4. 보험료 작성 기준 : 주계약 보험가입금액 100만원, 상급종합병원입원특약, 종합병원입원특약, 종합병원2-3인실입원특약, 종합병원1인실입원특약 보험가입금액 500만원, 40세, 100세만기, 20년납, 월납 5. 보험가격지수 작성 기준 : 보험가입금액 100만원, 40세, 100세만기, 20년납, 월납 6. 이 상품은 모듈형 상품으로 암, 뇌심, 만성생활질환, 입원간병, 수술, 장해, 재해 등의 모듈로 구성되어 있으며, 회사가 특정 모듈을 단독으로 부가하여 판매하는 경우 상품명칭 중 ""건강""부분의 명칭을 변경하여 사용할 수 있습니다.",1588-0058
한화생명,한화생명 H간병보험 무배당 [일반가입],주계약,사망보험금,보험기간 중 피보험자가 사망하였을 경우,500만원,500만원,6900  원,"4,750  원",,,,,,,보장성_상품비교_20260608162045373.xls,한화생명,한화생명 H간병보험 무배당 [일반가입],주계약,사망보험금,보험기간 중 피보험자가 사망하였을 경우,500만원,500만원,6900  원,"4,750  원",2.50 %,-,-,119.7 %,130.4 %,-,-,-,-,기타,무해지/저해지환급,비갱신형,비유니버셜,대면채널,2026-05-04,"1. 가입나이 : 만15세 ~ 80세  ※ 다만, 보험종류, 성별, 납입기간별로 상이 2. 가입한도 : 보험가입금액 300만원 ~ 500만원  ※ 특약의 가입한도는 회사가 별도로 정한 기준에 따라 적용 3. 보험기간 : 90, 100세만기 4. 납입기간 : 주계약 5년, 10년, 15년, 20년, 30년납 5. 보험종류 -1종 [일반가입](해약환급금 미지급형(납입기간중 0%, 납입기간후 50%))  -2종 [간편가입](해약환급금 미지급형(납입기간중 0%, 납입기간후 50%)) 6. 보험가격지수 기준 : 1종 [일반가입](해약환급금 미지급형(납입기간중 0%, 납입기간후 50%)), 주계약 가입금액 500만원, 40세, 90세만기, 20년납, 월납 7. 보험료(주계약) 기준 : 1종 [일반가입](해약환급금 미지급형(납입기간중 0%, 납입기간후 50%)), 주계약 가입금액 500만원, 40세, 90세만기, 20년납, 월납 8. 특약 기준 : 일반가입형, 90세만기(갱신형 특약의 경우 20년만기), 20년납, 월납, 특약 가입금액은 1만원 기준",1588-6363,,,,
한화생명,한화생명 H간병보험 무배당 [일반가입],특약,간병인지원금특약(1-180일)(요양병원제외) 무배당[기본형],"보험기간 중 피보험자가 질병으로 진단받거나 재해가 발생하여 그 치료를 직접적인 목적으로 요양병원을 제외한 병원급 또는 의원급 의료기관에 1일 이상 입원하며 '간병인'을 사용하여 실질적으로 유상의 간병서비스를 이용한 경우(간병인 사용 1일당, 1회 입원당 간병인 사용일수 180일 한도, 1년 미만 50%(단, 재해로 인한 입원시 제외) 지급)","1년미만 5천원, 1년이상 1만원",1만원,848  원,"1,084  원",,,,,,,보장성_상품비교_20260608162045373.xls,한화생명,한화생명 H간병보험 무배당 [일반가입],특약,간병인지원금특약(1-180일)(요양병원제외) 무배당[기본형],"보험기간 중 피보험자가 질병으로 진단받거나 재해가 발생하여 그 치료를 직접적인 목적으로 요양병원을 제외한 병원급 또는 의원급 의료기관에 1일 이상 입원하며 '간병인'을 사용하여 실질적으로 유상의 간병서비스를 이용한 경우(간병인 사용 1일당, 1회 입원당 간병인 사용일수 180일 한도, 1년 미만 50%(단, 재해로 인한 입원시 제외) 지급)","1년미만 5천원, 1년이상 1만원",1만원,848  원,"1,084  원",2.50 %,-,-,119.7 %,130.4 %,-,-,-,-,기타,무해지/저해지환급,비갱신형,비유니버셜,대면채널,2026-05-04,"1. 가입나이 : 만15세 ~ 80세  ※ 다만, 보험종류, 성별, 납입기간별로 상이 2. 가입한도 : 보험가입금액 300만원 ~ 500만원  ※ 특약의 가입한도는 회사가 별도로 정한 기준에 따라 적용 3. 보험기간 : 90, 100세만기 4. 납입기간 : 주계약 5년, 10년, 15년, 20년, 30년납 5. 보험종류 -1종 [일반가입](해약환급금 미지급형(납입기간중 0%, 납입기간후 50%))  -2종 [간편가입](해약환급금 미지급형(납입기간중 0%, 납입기간후 50%)) 6. 보험가격지수 기준 : 1종 [일반가입](해약환급금 미지급형(납입기간중 0%, 납입기간후 50%)), 주계약 가입금액 500만원, 40세, 90세만기, 20년납, 월납 7. 보험료(주계약) 기준 : 1종 [일반가입](해약환급금 미지급형(납입기간중 0%, 납입기간후 50%)), 주계약 가입금액 500만원, 40세, 90세만기, 20년납, 월납 8. 특약 기준 : 일반가입형, 90세만기(갱신형 특약의 경우 20년만기), 20년납, 월납, 특약 가입금액은 1만원 기준",1588-6363,,,,
한화생명,한화생명 H간병보험 무배당 [일반가입],특약,간병인지원금특약(1-180일)(요양병원제외)(갱신형) 무배당,"보험기간 중 피보험자가 질병으로 진단받거나 재해가 발생하여 그 치료를 직접적인 목적으로 요양병원을 제외한 병원급 또는 의원급 의료기관에 1일 이상 입원하며 '간병인'을 사용하여 실질적으로 유상의 간병서비스를 이용한 경우 (간병인 사용 1일당, 1회 입원당 간병인 사용일수 180일 한도, 1년 미만 50%(단, 재해로 인한 입원시 제외) 지급)","1년미만 5천원, 1년이상 1만원",1만원,352  원,457  원,,,,,,,보장성_상품비교_20260608162045373.xls,한화생명,한화생명 H간병보험 무배당 [일반가입],특약,간병인지원금특약(1-180일)(요양병원제외)(갱신형) 무배당,"보험기간 중 피보험자가 질병으로 진단받거나 재해가 발생하여 그 치료를 직접적인 목적으로 요양병원을 제외한 병원급 또는 의원급 의료기관에 1일 이상 입원하며 '간병인'을 사용하여 실질적으로 유상의 간병서비스를 이용한 경우 (간병인 사용 1일당, 1회 입원당 간병인 사용일수 180일 한도, 1년 미만 50%(단, 재해로 인한 입원시 제외) 지급)","1년미만 5천원, 1년이상 1만원",1만원,352  원,457  원,2.50 %,-,-,119.7 %,130.4 %,-,-,-,-,기타,무해지/저해지환급,비갱신형,비유니버셜,대면채널,2026-05-04,"1. 가입나이 : 만15세 ~ 80세  ※ 다만, 보험종류, 성별, 납입기간별로 상이 2. 가입한도 : 보험가입금액 300만원 ~ 500만원  ※ 특약의 가입한도는 회사가 별도로 정한 기준에 따라 적용 3. 보험기간 : 90, 100세만기 4. 납입기간 : 주계약 5년, 10년, 15년, 20년, 30년납 5. 보험종류 -1종 [일반가입](해약환급금 미지급형(납입기간중 0%, 납입기간후 50%))  -2종 [간편가입](해약환급금 미지급형(납입기간중 0%, 납입기간후 50%)) 6. 보험가격지수 기준 : 1종 [일반가입](해약환급금 미지급형(납입기간중 0%, 납입기간후 50%)), 주계약 가입금액 500만원, 40세, 90세만기, 20년납, 월납 7. 보험료(주계약) 기준 : 1종 [일반가입](해약환급금 미지급형(납입기간중 0%, 납입기간후 50%)), 주계약 가입금액 500만원, 40세, 90세만기, 20년납, 월납 8. 특약 기준 : 일반가입형, 90세만기(갱신형 특약의 경우 20년만기), 20년납, 월납, 특약 가입금액은 1만원 기준",1588-6363,,,,
한화생명,한화생명 H간병보험 무배당 [일반가입],특약,간병인지원금특약(특정 경증상병 제외)(1-180일)(요양병원제외) 무배당,"보험기간 중 피보험자가 질병(특정 경증상병 제외)으로 진단받거나 재해(특정 경증상병 제외)가 발생하여 그 치료를 직접적인 목적으로 요양병원을 제외한 병원급 또는 의원급 의료기관에 1일 이상 입원하며 '간병인'을 사용하여 실질적으로 유상의 간병서비스를 이용한 경우(간병인 사용 1일당, 1년 미만 50%(단, 재해(특정 경증상병 제외)로 인한 입원시 제외) 지급)","1년미만 5천원, 1년이상 1만원",1만원,622  원,729  원,,,,,,,보장성_상품비교_20260608162045373.xls,한화생명,한화생명 H간병보험 무배당 [일반가입],특약,간병인지원금특약(특정 경증상병 제외)(1-180일)(요양병원제외) 무배당,"보험기간 중 피보험자가 질병(특정 경증상병 제외)으로 진단받거나 재해(특정 경증상병 제외)가 발생하여 그 치료를 직접적인 목적으로 요양병원을 제외한 병원급 또는 의원급 의료기관에 1일 이상 입원하며 '간병인'을 사용하여 실질적으로 유상의 간병서비스를 이용한 경우(간병인 사용 1일당, 1년 미만 50%(단, 재해(특정 경증상병 제외)로 인한 입원시 제외) 지급)","1년미만 5천원, 1년이상 1만원",1만원,622  원,729  원,2.50 %,-,-,119.7 %,130.4 %,-,-,-,-,기타,무해지/저해지환급,비갱신형,비유니버셜,대면채널,2026-05-04,"1. 가입나이 : 만15세 ~ 80세  ※ 다만, 보험종류, 성별, 납입기간별로 상이 2. 가입한도 : 보험가입금액 300만원 ~ 500만원  ※ 특약의 가입한도는 회사가 별도로 정한 기준에 따라 적용 3. 보험기간 : 90, 100세만기 4. 납입기간 : 주계약 5년, 10년, 15년, 20년, 30년납 5. 보험종류 -1종 [일반가입](해약환급금 미지급형(납입기간중 0%, 납입기간후 50%))  -2종 [간편가입](해약환급금 미지급형(납입기간중 0%, 납입기간후 50%)) 6. 보험가격지수 기준 : 1종 [일반가입](해약환급금 미지급형(납입기간중 0%, 납입기간후 50%)), 주계약 가입금액 500만원, 40세, 90세만기, 20년납, 월납 7. 보험료(주계약) 기준 : 1종 [일반가입](해약환급금 미지급형(납입기간중 0%, 납입기간후 50%)), 주계약 가입금액 500만원, 40세, 90세만기, 20년납, 월납 8. 특약 기준 : 일반가입형, 90세만기(갱신형 특약의 경우 20년만기), 20년납, 월납, 특약 가입금액은 1만원 기준",1588-6363,,,,
한화생명,한화생명 H간병보험 무배당 [일반가입],특약,간병인지원금특약(특정 경증상병 제외)(1-180일)(요양병원) 무배당,"보험기간 중 피보험자가 질병(특정 경증상병 제외)으로 진단받거나 재해(특정 경증상병 제외)가 발생하여 그 치료를 직접적인 목적으로 요양병원에 1일 이상 입원하며 '간병인'을 사용하여 실질적으로 유상의 간병서비스를 이용한 경우(간병인 사용 1일당, 1년 미만 50%(단, 재해(특정 경증상병 제외)로 인한 입원시 제외) 지급)","1년미만 5천원, 1년이상 1만원",1만원,905  원,"1,319  원",,,,,,,보장성_상품비교_20260608162045373.xls,한화생명,한화생명 H간병보험 무배당 [일반가입],특약,간병인지원금특약(특정 경증상병 제외)(1-180일)(요양병원) 무배당,"보험기간 중 피보험자가 질병(특정 경증상병 제외)으로 진단받거나 재해(특정 경증상병 제외)가 발생하여 그 치료를 직접적인 목적으로 요양병원에 1일 이상 입원하며 '간병인'을 사용하여 실질적으로 유상의 간병서비스를 이용한 경우(간병인 사용 1일당, 1년 미만 50%(단, 재해(특정 경증상병 제외)로 인한 입원시 제외) 지급)","1년미만 5천원, 1년이상 1만원",1만원,905  원,"1,319  원",2.50 %,-,-,119.7 %,130.4 %,-,-,-,-,기타,무해지/저해지환급,비갱신형,비유니버셜,대면채널,2026-05-04,"1. 가입나이 : 만15세 ~ 80세  ※ 다만, 보험종류, 성별, 납입기간별로 상이 2. 가입한도 : 보험가입금액 300만원 ~ 500만원  ※ 특약의 가입한도는 회사가 별도로 정한 기준에 따라 적용 3. 보험기간 : 90, 100세만기 4. 납입기간 : 주계약 5년, 10년, 15년, 20년, 30년납 5. 보험종류 -1종 [일반가입](해약환급금 미지급형(납입기간중 0%, 납입기간후 50%))  -2종 [간편가입](해약환급금 미지급형(납입기간중 0%, 납입기간후 50%)) 6. 보험가격지수 기준 : 1종 [일반가입](해약환급금 미지급형(납입기간중 0%, 납입기간후 50%)), 주계약 가입금액 500만원, 40세, 90세만기, 20년납, 월납 7. 보험료(주계약) 기준 : 1종 [일반가입](해약환급금 미지급형(납입기간중 0%, 납입기간후 50%)), 주계약 가입금액 500만원, 40세, 90세만기, 20년납, 월납 8. 특약 기준 : 일반가입형, 90세만기(갱신형 특약의 경우 20년만기), 20년납, 월납, 특약 가입금액은 1만원 기준",1588-6363,,,,
NH농협생명,NH올원더풀간병안심요양보험(무배당) 해약환급금 미지급형,주계약,사망보험금,피보험자가 보험기간 중 사망한 경우,"1,000만원","1,000만원  원",16800  원,"14,500  원",,,,,,,보장성_상품비교_20260608162045373.xls,NH농협생명,NH올원더풀간병안심요양보험(무배당) 해약환급금 미지급형,주계약,사망보험금,피보험자가 보험기간 중 사망한 경우,"1,000만원","1,000만원  원",16800  원,"14,500  원",2.50 %,-,-,92.8 %,95.9 %,-,-,-,-,기타,무해지/저해지환급,비갱신형,비유니버셜,대면채널  방카슈랑스  TM,2026-05-08,"1. 가입나이 : 20세 ~ 최대 80세(납입기간, 형별로 상이) 2. 가입한도 : 1,000만원 3. 보험기간 : 90세 만기, 100세 만기 4. 판매채널 : 대면채널, 방카슈랑스(농축협), TM 5. 위 보험료 및 보험가격지수 예시는 40세, 100세만기, 20년납, 해약환급금 미지급형, 1형(일반가입형), 주계약 가입금액 1,000만원, 월납 기준입니다. 6. 위 특약보험료 예시는 40세, 100세만기, 20년납, 비갱신형, DW(사망시 계약자적립액 미지급형), 해약환급금 미지급형, 1형(일반가입형), 가입금액 1,000만원, 월납 기준입니다.",1544-4000,,,,
NH농협생명,NH올원더풀간병안심요양보험(무배당) 해약환급금 미지급형,특약,"간병인사용입원(요양병원제외)특약(갱,비갱,무)_W",피보험자가 이 특약의 보험기간 중 보장개시일 이후에 ‘질병 및 재해’로 인하여 그 치료를 직접적인 목적으로 요양병원을 제외한 병원급 또는 의원급 의료기관에서 1일 이상 계속하여 입원하여 간병인을 사용하였을 때 (1회 입원당 간병인 사용일수 180일 한도),"간병인 사용금액이 1일당 7만원 미만인 경우 사용일수 1일당 10만원, 간병인 사용금액이 1일당 7만원 이상인 경우 사용일수 1일당 20만원",1000만원  원,11800  원,"15,000  원",,,,,,,보장성_상품비교_20260608162045373.xls,NH농협생명,NH올원더풀간병안심요양보험(무배당) 해약환급금 미지급형,특약,"간병인사용입원(요양병원제외)특약(갱,비갱,무)_W",피보험자가 이 특약의 보험기간 중 보장개시일 이후에 ‘질병 및 재해’로 인하여 그 치료를 직접적인 목적으로 요양병원을 제외한 병원급 또는 의원급 의료기관에서 1일 이상 계속하여 입원하여 간병인을 사용하였을 때 (1회 입원당 간병인 사용일수 180일 한도),"간병인 사용금액이 1일당 7만원 미만인 경우 사용일수 1일당 10만원, 간병인 사용금액이 1일당 7만원 이상인 경우 사용일수 1일당 20만원",1000만원  원,11800  원,"15,000  원",2.50 %,-,-,92.8 %,95.9 %,-,-,-,-,기타,무해지/저해지환급,비갱신형,비유니버셜,대면채널  방카슈랑스  TM,2026-05-08,"1. 가입나이 : 20세 ~ 최대 80세(납입기간, 형별로 상이) 2. 가입한도 : 1,000만원 3. 보험기간 : 90세 만기, 100세 만기 4. 판매채널 : 대면채널, 방카슈랑스(농축협), TM 5. 위 보험료 및 보험가격지수 예시는 40세, 100세만기, 20년납, 해약환급금 미지급형, 1형(일반가입형), 주계약 가입금액 1,000만원, 월납 기준입니다. 6. 위 특약보험료 예시는 40세, 100세만기, 20년납, 비갱신형, DW(사망시 계약자적립액 미지급형), 해약환급금 미지급형, 1형(일반가입형), 가입금액 1,000만원, 월납 기준입니다.",1544-4000,,,,
NH농협생명,NH올원더풀간병안심요양보험(무배당) 해약환급금 미지급형,특약,"간병인사용입원지원금특약(갱,비갱,무)_W","피보험자가 이 특약의 보험기간 중 ‘질병 및 재해’로 인하여 그 치료를 직접적인 목적으로 요양병원을 제외한 병원급 또는 의원급 의료기관에 1일이상 계속하여 입원하여, 간병인을 사용하였을 때의 ‘연간 간병인 사용금액 총액’이 3백만원 이상 5백만원 미만인 경우(연간 1회한, 1일당 간병인 사용금액 25만원 한도) ※이외 보장담보는 상품요약서 참조","연간 간병인 사용금액 총액의 50% (연간 3백만원/5백만원/7백만원/1천만원/2천만원이상, 연간 1회한)",1000만원  원,2600  원,"3,190  원",,,,,,,보장성_상품비교_20260608162045373.xls,NH농협생명,NH올원더풀간병안심요양보험(무배당) 해약환급금 미지급형,특약,"간병인사용입원지원금특약(갱,비갱,무)_W","피보험자가 이 특약의 보험기간 중 ‘질병 및 재해’로 인하여 그 치료를 직접적인 목적으로 요양병원을 제외한 병원급 또는 의원급 의료기관에 1일이상 계속하여 입원하여, 간병인을 사용하였을 때의 ‘연간 간병인 사용금액 총액’이 3백만원 이상 5백만원 미만인 경우(연간 1회한, 1일당 간병인 사용금액 25만원 한도) ※이외 보장담보는 상품요약서 참조","연간 간병인 사용금액 총액의 50% (연간 3백만원/5백만원/7백만원/1천만원/2천만원이상, 연간 1회한)",1000만원  원,2600  원,"3,190  원",2.50 %,-,-,92.8 %,95.9 %,-,-,-,-,기타,무해지/저해지환급,비갱신형,비유니버셜,대면채널  방카슈랑스  TM,2026-05-08,"1. 가입나이 : 20세 ~ 최대 80세(납입기간, 형별로 상이) 2. 가입한도 : 1,000만원 3. 보험기간 : 90세 만기, 100세 만기 4. 판매채널 : 대면채널, 방카슈랑스(농축협), TM 5. 위 보험료 및 보험가격지수 예시는 40세, 100세만기, 20년납, 해약환급금 미지급형, 1형(일반가입형), 주계약 가입금액 1,000만원, 월납 기준입니다. 6. 위 특약보험료 예시는 40세, 100세만기, 20년납, 비갱신형, DW(사망시 계약자적립액 미지급형), 해약환급금 미지급형, 1형(일반가입형), 가입금액 1,000만원, 월납 기준입니다.",1544-4000,,,,
NH농협생명,NH올원더풀간병안심요양보험(무배당) 해약환급금 미지급형,특약,장기요양(1~5등급)입원특약(무배당)_W,"피보험자가 이 특약의 보험기간 중 '장기요양상태 보장개시일' 이후에 '장기요양(1~5등급)상태'가 되고, 보험기간 중 질병 및 재해로 인하여 그 치료를 직접 목적으로 1일 이상 계속하여 입원하였을 때(1회 입원당 180일 한도)",입원일수 1일당 1만원,1000만원  원,592  원,712  원,,,,,,,보장성_상품비교_20260608162045373.xls,NH농협생명,NH올원더풀간병안심요양보험(무배당) 해약환급금 미지급형,특약,장기요양(1~5등급)입원특약(무배당)_W,"피보험자가 이 특약의 보험기간 중 '장기요양상태 보장개시일' 이후에 '장기요양(1~5등급)상태'가 되고, 보험기간 중 질병 및 재해로 인하여 그 치료를 직접 목적으로 1일 이상 계속하여 입원하였을 때(1회 입원당 180일 한도)",입원일수 1일당 1만원,1000만원  원,592  원,712  원,2.50 %,-,-,92.8 %,95.9 %,-,-,-,-,기타,무해지/저해지환급,비갱신형,비유니버셜,대면채널  방카슈랑스  TM,2026-05-08,"1. 가입나이 : 20세 ~ 최대 80세(납입기간, 형별로 상이) 2. 가입한도 : 1,000만원 3. 보험기간 : 90세 만기, 100세 만기 4. 판매채널 : 대면채널, 방카슈랑스(농축협), TM 5. 위 보험료 및 보험가격지수 예시는 40세, 100세만기, 20년납, 해약환급금 미지급형, 1형(일반가입형), 주계약 가입금액 1,000만원, 월납 기준입니다. 6. 위 특약보험료 예시는 40세, 100세만기, 20년납, 비갱신형, DW(사망시 계약자적립액 미지급형), 해약환급금 미지급형, 1형(일반가입형), 가입금액 1,000만원, 월납 기준입니다.",1544-4000,,,,
NH농협생명,NH올원더풀간병안심요양보험(무배당) 해약환급금 미지급형,특약,장기요양(1~5등급)진단특약(무배당)_W,피보험자가 이 특약의 보험기간 중 ‘장기요양상태 보장개시일’ 이후에 ‘장기요양(1~5등급)상태’가 되었을 때 (최초 1회한),100만원,1000만원  원,1230  원,"1,650  원",,,,,,,보장성_상품비교_20260608162045373.xls,NH농협생명,NH올원더풀간병안심요양보험(무배당) 해약환급금 미지급형,특약,장기요양(1~5등급)진단특약(무배당)_W,피보험자가 이 특약의 보험기간 중 ‘장기요양상태 보장개시일’ 이후에 ‘장기요양(1~5등급)상태’가 되었을 때 (최초 1회한),100만원,1000만원  원,1230  원,"1,650  원",2.50 %,-,-,92.8 %,95.9 %,-,-,-,-,기타,무해지/저해지환급,비갱신형,비유니버셜,대면채널  방카슈랑스  TM,2026-05-08,"1. 가입나이 : 20세 ~ 최대 80세(납입기간, 형별로 상이) 2. 가입한도 : 1,000만원 3. 보험기간 : 90세 만기, 100세 만기 4. 판매채널 : 대면채널, 방카슈랑스(농축협), TM 5. 위 보험료 및 보험가격지수 예시는 40세, 100세만기, 20년납, 해약환급금 미지급형, 1형(일반가입형), 주계약 가입금액 1,000만원, 월납 기준입니다. 6. 위 특약보험료 예시는 40세, 100세만기, 20년납, 비갱신형, DW(사망시 계약자적립액 미지급형), 해약환급금 미지급형, 1형(일반가입형), 가입금액 1,000만원, 월납 기준입니다.",1544-4000,,,,
NH농협생명,NH올원더풀간병안심요양보험(무배당) 표준형,주계약,사망보험금,피보험자가 보험기간 중 사망한 경우,"1,000만원","1,000만원  원",19800  원,"17,300  원",,,,,,,보장성_상품비교_20260608162045373.xls,NH농협생명,NH올원더풀간병안심요양보험(무배당) 표준형,주계약,사망보험금,피보험자가 보험기간 중 사망한 경우,"1,000만원","1,000만원  원",19800  원,"17,300  원",2.50 %,-,-,91.2 %,93.6 %,-,-,-,-,기타,순수보장,비갱신형,비유니버셜,대면채널  방카슈랑스  TM,2026-05-08,"1. 가입나이 : 20세 ~ 최대 80세(납입기간, 형별로 상이) 2. 가입한도 : 1,000만원 3. 보험기간 : 90세 만기, 100세 만기 4. 판매채널 : 대면채널, 방카슈랑스(농축협), TM 5. 위 보험료 및 보험가격지수 예시는 40세, 100세만기, 20년납, 표준형, 1형(일반가입형), 주계약 가입금액 1,000만원, 월납 기준입니다. 6. 위 특약보험료 예시는 40세, 100세만기, 20년납, 비갱신형, DW(사망시 계약자적립액 미지급형), 표준형, 1형(일반가입형), 가입금액 1,000만원, 월납 기준입니다.",1544-4000,,,,
NH농협생명,NH올원더풀간병안심요양보험(무배당) 표준형,특약,"간병인사용입원(요양병원제외)특약(갱,비갱,무)_W",피보험자가 이 특약의 보험기간 중 보장개시일 이후에 ‘질병 및 재해’로 인하여 그 치료를 직접적인 목적으로 요양병원을 제외한 병원급 또는 의원급 의료기관에서 1일 이상 계속하여 입원하여 간병인을 사용하였을 때 (1회 입원당 간병인 사용일수 180일 한도),"간병인 사용금액이 1일당 7만원 미만인 경우 사용일수 1일당 10만원, 간병인 사용금액이 1일당 7만원 이상인 경우 사용일수 1일당 20만원","1,000만원  원",13300  원,"17,100  원",,,,,,,보장성_상품비교_20260608162045373.xls,NH농협생명,NH올원더풀간병안심요양보험(무배당) 표준형,특약,"간병인사용입원(요양병원제외)특약(갱,비갱,무)_W",피보험자가 이 특약의 보험기간 중 보장개시일 이후에 ‘질병 및 재해’로 인하여 그 치료를 직접적인 목적으로 요양병원을 제외한 병원급 또는 의원급 의료기관에서 1일 이상 계속하여 입원하여 간병인을 사용하였을 때 (1회 입원당 간병인 사용일수 180일 한도),"간병인 사용금액이 1일당 7만원 미만인 경우 사용일수 1일당 10만원, 간병인 사용금액이 1일당 7만원 이상인 경우 사용일수 1일당 20만원","1,000만원  원",13300  원,"17,100  원",2.50 %,-,-,91.2 %,93.6 %,-,-,-,-,기타,순수보장,비갱신형,비유니버셜,대면채널  방카슈랑스  TM,2026-05-08,"1. 가입나이 : 20세 ~ 최대 80세(납입기간, 형별로 상이) 2. 가입한도 : 1,000만원 3. 보험기간 : 90세 만기, 100세 만기 4. 판매채널 : 대면채널, 방카슈랑스(농축협), TM 5. 위 보험료 및 보험가격지수 예시는 40세, 100세만기, 20년납, 표준형, 1형(일반가입형), 주계약 가입금액 1,000만원, 월납 기준입니다. 6. 위 특약보험료 예시는 40세, 100세만기, 20년납, 비갱신형, DW(사망시 계약자적립액 미지급형), 표준형, 1형(일반가입형), 가입금액 1,000만원, 월납 기준입니다.",1544-4000,,,,
NH농협생명,NH올원더풀간병안심요양보험(무배당) 표준형,특약,"간병인사용입원지원금특약(갱,비갱,무)_W","피보험자가 이 특약의 보험기간 중 ‘질병 및 재해’로 인하여 그 치료를 직접적인 목적으로 요양병원을 제외한 병원급 또는 의원급 의료기관에 1일이상 계속하여 입원하여, 간병인을 사용하였을 때의 ‘연간 간병인 사용금액 총액’이 3백만원 이상 5백만원 미만인 경우(연간 1회한, 1일당 간병인 사용금액 25만원 한도) ※이외 보장담보는 상품요약서 참조","연간 간병인 사용금액 총액의 50% (연간 3백만원/5백만원/7백만원/1천만원/2천만원이상, 연간 1회한)","1,000만원  원",3230  원,"3,910  원",,,,,,,보장성_상품비교_20260608162045373.xls,NH농협생명,NH올원더풀간병안심요양보험(무배당) 표준형,특약,"간병인사용입원지원금특약(갱,비갱,무)_W","피보험자가 이 특약의 보험기간 중 ‘질병 및 재해’로 인하여 그 치료를 직접적인 목적으로 요양병원을 제외한 병원급 또는 의원급 의료기관에 1일이상 계속하여 입원하여, 간병인을 사용하였을 때의 ‘연간 간병인 사용금액 총액’이 3백만원 이상 5백만원 미만인 경우(연간 1회한, 1일당 간병인 사용금액 25만원 한도) ※이외 보장담보는 상품요약서 참조","연간 간병인 사용금액 총액의 50% (연간 3백만원/5백만원/7백만원/1천만원/2천만원이상, 연간 1회한)","1,000만원  원",3230  원,"3,910  원",2.50 %,-,-,91.2 %,93.6 %,-,-,-,-,기타,순수보장,비갱신형,비유니버셜,대면채널  방카슈랑스  TM,2026-05-08,"1. 가입나이 : 20세 ~ 최대 80세(납입기간, 형별로 상이) 2. 가입한도 : 1,000만원 3. 보험기간 : 90세 만기, 100세 만기 4. 판매채널 : 대면채널, 방카슈랑스(농축협), TM 5. 위 보험료 및 보험가격지수 예시는 40세, 100세만기, 20년납, 표준형, 1형(일반가입형), 주계약 가입금액 1,000만원, 월납 기준입니다. 6. 위 특약보험료 예시는 40세, 100세만기, 20년납, 비갱신형, DW(사망시 계약자적립액 미지급형), 표준형, 1형(일반가입형), 가입금액 1,000만원, 월납 기준입니다.",1544-4000,,,,
NH농협생명,NH올원더풀간병안심요양보험(무배당) 표준형,특약,장기요양(1~5등급)입원특약(무배당)_W,"피보험자가 이 특약의 보험기간 중 '장기요양상태 보장개시일' 이후에 '장기요양(1~5등급)상태'가 되고, 보험기간 중 질병 및 재해로 인하여 그 치료를 직접 목적으로 1일 이상 계속하여 입원하였을 때(1회 입원당 180일 한도)",입원일수 1일당 1만원,"1,000만원  원",686  원,826  원,,,,,,,보장성_상품비교_20260608162045373.xls,NH농협생명,NH올원더풀간병안심요양보험(무배당) 표준형,특약,장기요양(1~5등급)입원특약(무배당)_W,"피보험자가 이 특약의 보험기간 중 '장기요양상태 보장개시일' 이후에 '장기요양(1~5등급)상태'가 되고, 보험기간 중 질병 및 재해로 인하여 그 치료를 직접 목적으로 1일 이상 계속하여 입원하였을 때(1회 입원당 180일 한도)",입원일수 1일당 1만원,"1,000만원  원",686  원,826  원,2.50 %,-,-,91.2 %,93.6 %,-,-,-,-,기타,순수보장,비갱신형,비유니버셜,대면채널  방카슈랑스  TM,2026-05-08,"1. 가입나이 : 20세 ~ 최대 80세(납입기간, 형별로 상이) 2. 가입한도 : 1,000만원 3. 보험기간 : 90세 만기, 100세 만기 4. 판매채널 : 대면채널, 방카슈랑스(농축협), TM 5. 위 보험료 및 보험가격지수 예시는 40세, 100세만기, 20년납, 표준형, 1형(일반가입형), 주계약 가입금액 1,000만원, 월납 기준입니다. 6. 위 특약보험료 예시는 40세, 100세만기, 20년납, 비갱신형, DW(사망시 계약자적립액 미지급형), 표준형, 1형(일반가입형), 가입금액 1,000만원, 월납 기준입니다.",1544-4000,,,,
NH농협생명,NH올원더풀간병안심요양보험(무배당) 표준형,특약,장기요양(1~5등급)진단특약(무배당)_W,피보험자가 이 특약의 보험기간 중 ‘장기요양상태 보장개시일’ 이후에 ‘장기요양(1~5등급)상태’가 되었을 때 (최초 1회한),100만원,"1,000만원  원",1440  원,"1,940  원",,,,,,,보장성_상품비교_20260608162045373.xls,NH농협생명,NH올원더풀간병안심요양보험(무배당) 표준형,특약,장기요양(1~5등급)진단특약(무배당)_W,피보험자가 이 특약의 보험기간 중 ‘장기요양상태 보장개시일’ 이후에 ‘장기요양(1~5등급)상태’가 되었을 때 (최초 1회한),100만원,"1,000만원  원",1440  원,"1,940  원",2.50 %,-,-,91.2 %,93.6 %,-,-,-,-,기타,순수보장,비갱신형,비유니버셜,대면채널  방카슈랑스  TM,2026-05-08,"1. 가입나이 : 20세 ~ 최대 80세(납입기간, 형별로 상이) 2. 가입한도 : 1,000만원 3. 보험기간 : 90세 만기, 100세 만기 4. 판매채널 : 대면채널, 방카슈랑스(농축협), TM 5. 위 보험료 및 보험가격지수 예시는 40세, 100세만기, 20년납, 표준형, 1형(일반가입형), 주계약 가입금액 1,000만원, 월납 기준입니다. 6. 위 특약보험료 예시는 40세, 100세만기, 20년납, 비갱신형, DW(사망시 계약자적립액 미지급형), 표준형, 1형(일반가입형), 가입금액 1,000만원, 월납 기준입니다.",1544-4000,,,,
한화생명,한화생명 치매담은간병플러스보험 무배당 [일반가입형],주계약,사망보험금,보험기간 중 피보험자가 사망한 경우,"납입기간 중 10,000만원, 납입기간 후 10,000만원 + 증액계약의 사망보험금액","10,000만원",367000  원,"353,000  원",,,,,,,보장성_상품비교_20260608162110819.xls,한화생명,한화생명 치매담은간병플러스보험 무배당 [일반가입형],주계약,사망보험금,보험기간 중 피보험자가 사망한 경우,"납입기간 중 10,000만원, 납입기간 후 10,000만원 + 증액계약의 사망보험금액","10,000만원",367000  원,"353,000  원",3.00 %,-,-,159.5 %,165.6 %,-,-,-,-,무해지/저해지환급,Y,"최대 1,000만원",비갱신형,비유니버셜,대면채널,2026-05-04,"1. 가입나이 : 만 15세 ~ 75세 (다만, 보험종목별, 성별, 보험기간 및 납입기간별로 상이) 2. 보험종류 : 해약환급금 일부지급형(납입기간중 50%, 납입기간후 100%) 3. 가입한도 : 300만원 ~ 10억원  ※ 특약의 가입한도는 회사가 별도로 정한 기준에 따라 적용합니다. 4. 보험기간 : 90세만기, 100세만기, 110세만기 5. 보험료 납입기간 : 10년납, 15년납, 20년납 6. 보험가격지수 기준 : 일반가입형, 주계약 가입금액 10,000만원, 40세, 110세만기, 20년납, 월납 7. 보험료 기준 : 일반가입형, 주계약 가입금액 10,000만원, 40세, 110세만기, 20년납, 월납 8. 특약보험료 기준 : 해약환급금 일부지급형(납입기간중 50%, 납입기간후 100%), 일반가입형, 40세, 110세만기, 20년납, 월납 9. 적용이율 : 주계약 10년 이내 3.00%, 10년 이후 1.75%",1588-6363,,,
한화생명,한화생명 치매담은간병플러스보험 무배당 [일반가입형],특약,치매(CDR1점이상)보장특약 무배당,보험기간 중 피보험자가 치매보장개시일 이후에 ‘경도이상 치매상태’로 진단 확정되었을 경우(최초 1회한),"납입기간 중 1,000만원, 납입기간 후 1,000만원 + 증액계약의 보장보험금액","1,000만원",29500  원,"28,900  원",,,,,,,보장성_상품비교_20260608162110819.xls,한화생명,한화생명 치매담은간병플러스보험 무배당 [일반가입형],특약,치매(CDR1점이상)보장특약 무배당,보험기간 중 피보험자가 치매보장개시일 이후에 ‘경도이상 치매상태’로 진단 확정되었을 경우(최초 1회한),"납입기간 중 1,000만원, 납입기간 후 1,000만원 + 증액계약의 보장보험금액","1,000만원",29500  원,"28,900  원",3.00 %,-,-,159.5 %,165.6 %,-,-,-,-,무해지/저해지환급,Y,"최대 1,000만원",비갱신형,비유니버셜,대면채널,2026-05-04,"1. 가입나이 : 만 15세 ~ 75세 (다만, 보험종목별, 성별, 보험기간 및 납입기간별로 상이) 2. 보험종류 : 해약환급금 일부지급형(납입기간중 50%, 납입기간후 100%) 3. 가입한도 : 300만원 ~ 10억원  ※ 특약의 가입한도는 회사가 별도로 정한 기준에 따라 적용합니다. 4. 보험기간 : 90세만기, 100세만기, 110세만기 5. 보험료 납입기간 : 10년납, 15년납, 20년납 6. 보험가격지수 기준 : 일반가입형, 주계약 가입금액 10,000만원, 40세, 110세만기, 20년납, 월납 7. 보험료 기준 : 일반가입형, 주계약 가입금액 10,000만원, 40세, 110세만기, 20년납, 월납 8. 특약보험료 기준 : 해약환급금 일부지급형(납입기간중 50%, 납입기간후 100%), 일반가입형, 40세, 110세만기, 20년납, 월납 9. 적용이율 : 주계약 10년 이내 3.00%, 10년 이후 1.75%",1588-6363,,,
한화생명,한화생명 치매담은간병플러스보험 무배당 [일반가입형],특약,치매(CDR2점이상)보장특약 무배당,보험기간 중 피보험자가 치매보장개시일 이후에 ‘중등도이상 치매상태’로 진단 확정되었을 경우(최초 1회한),"납입기간 중 1,000만원, 납입기간 후 1,000만원 + 증액계약의 보장보험금액","1,000만원",27900  원,"27,400  원",,,,,,,보장성_상품비교_20260608162110819.xls,한화생명,한화생명 치매담은간병플러스보험 무배당 [일반가입형],특약,치매(CDR2점이상)보장특약 무배당,보험기간 중 피보험자가 치매보장개시일 이후에 ‘중등도이상 치매상태’로 진단 확정되었을 경우(최초 1회한),"납입기간 중 1,000만원, 납입기간 후 1,000만원 + 증액계약의 보장보험금액","1,000만원",27900  원,"27,400  원",3.00 %,-,-,159.5 %,165.6 %,-,-,-,-,무해지/저해지환급,Y,"최대 1,000만원",비갱신형,비유니버셜,대면채널,2026-05-04,"1. 가입나이 : 만 15세 ~ 75세 (다만, 보험종목별, 성별, 보험기간 및 납입기간별로 상이) 2. 보험종류 : 해약환급금 일부지급형(납입기간중 50%, 납입기간후 100%) 3. 가입한도 : 300만원 ~ 10억원  ※ 특약의 가입한도는 회사가 별도로 정한 기준에 따라 적용합니다. 4. 보험기간 : 90세만기, 100세만기, 110세만기 5. 보험료 납입기간 : 10년납, 15년납, 20년납 6. 보험가격지수 기준 : 일반가입형, 주계약 가입금액 10,000만원, 40세, 110세만기, 20년납, 월납 7. 보험료 기준 : 일반가입형, 주계약 가입금액 10,000만원, 40세, 110세만기, 20년납, 월납 8. 특약보험료 기준 : 해약환급금 일부지급형(납입기간중 50%, 납입기간후 100%), 일반가입형, 40세, 110세만기, 20년납, 월납 9. 적용이율 : 주계약 10년 이내 3.00%, 10년 이후 1.75%",1588-6363,,,
한화생명,한화생명 치매담은간병플러스보험 무배당 [일반가입형],특약,장기요양(1-5등급)재가급여특약(월1회) 무배당,"피보험자가 보험기간 중 장기요양보장개시일 이후에 ‘1~5등급 장기요양상태’로 판정받고 보험기간 중 ‘시설급여’를 이용하였을 경우(이용 1회당, 월간 1회한)","납입기간 중 70만원, 납입기간 후 70만원 + 증액계약의 보장보험금액",70만원,145390  원,"213,360  원",,,,,,,보장성_상품비교_20260608162110819.xls,한화생명,한화생명 치매담은간병플러스보험 무배당 [일반가입형],특약,장기요양(1-5등급)재가급여특약(월1회) 무배당,"피보험자가 보험기간 중 장기요양보장개시일 이후에 ‘1~5등급 장기요양상태’로 판정받고 보험기간 중 ‘시설급여’를 이용하였을 경우(이용 1회당, 월간 1회한)","납입기간 중 70만원, 납입기간 후 70만원 + 증액계약의 보장보험금액",70만원,145390  원,"213,360  원",3.00 %,-,-,159.5 %,165.6 %,-,-,-,-,무해지/저해지환급,Y,"최대 1,000만원",비갱신형,비유니버셜,대면채널,2026-05-04,"1. 가입나이 : 만 15세 ~ 75세 (다만, 보험종목별, 성별, 보험기간 및 납입기간별로 상이) 2. 보험종류 : 해약환급금 일부지급형(납입기간중 50%, 납입기간후 100%) 3. 가입한도 : 300만원 ~ 10억원  ※ 특약의 가입한도는 회사가 별도로 정한 기준에 따라 적용합니다. 4. 보험기간 : 90세만기, 100세만기, 110세만기 5. 보험료 납입기간 : 10년납, 15년납, 20년납 6. 보험가격지수 기준 : 일반가입형, 주계약 가입금액 10,000만원, 40세, 110세만기, 20년납, 월납 7. 보험료 기준 : 일반가입형, 주계약 가입금액 10,000만원, 40세, 110세만기, 20년납, 월납 8. 특약보험료 기준 : 해약환급금 일부지급형(납입기간중 50%, 납입기간후 100%), 일반가입형, 40세, 110세만기, 20년납, 월납 9. 적용이율 : 주계약 10년 이내 3.00%, 10년 이후 1.75%",1588-6363,,,
한화생명,한화생명 치매담은간병플러스보험 무배당 [일반가입형],특약,장기요양(1-5등급)시설급여특약(월1회) 무배당,"피보험자가 보험기간 중 장기요양보장개시일 이후에 ‘1~5등급 장기요양상태’로 판정받고 보험기간 중 ‘재가급여’를 이용하였을 경우(이용 1회당, 월간 1회한)","납입기간 중 100만원, 납입기간 후 100만원 + 증액계약의 보장보험금액",100만원,56200  원,"137,300  원",,,,,,,보장성_상품비교_20260608162110819.xls,한화생명,한화생명 치매담은간병플러스보험 무배당 [일반가입형],특약,장기요양(1-5등급)시설급여특약(월1회) 무배당,"피보험자가 보험기간 중 장기요양보장개시일 이후에 ‘1~5등급 장기요양상태’로 판정받고 보험기간 중 ‘재가급여’를 이용하였을 경우(이용 1회당, 월간 1회한)","납입기간 중 100만원, 납입기간 후 100만원 + 증액계약의 보장보험금액",100만원,56200  원,"137,300  원",3.00 %,-,-,159.5 %,165.6 %,-,-,-,-,무해지/저해지환급,Y,"최대 1,000만원",비갱신형,비유니버셜,대면채널,2026-05-04,"1. 가입나이 : 만 15세 ~ 75세 (다만, 보험종목별, 성별, 보험기간 및 납입기간별로 상이) 2. 보험종류 : 해약환급금 일부지급형(납입기간중 50%, 납입기간후 100%) 3. 가입한도 : 300만원 ~ 10억원  ※ 특약의 가입한도는 회사가 별도로 정한 기준에 따라 적용합니다. 4. 보험기간 : 90세만기, 100세만기, 110세만기 5. 보험료 납입기간 : 10년납, 15년납, 20년납 6. 보험가격지수 기준 : 일반가입형, 주계약 가입금액 10,000만원, 40세, 110세만기, 20년납, 월납 7. 보험료 기준 : 일반가입형, 주계약 가입금액 10,000만원, 40세, 110세만기, 20년납, 월납 8. 특약보험료 기준 : 해약환급금 일부지급형(납입기간중 50%, 납입기간후 100%), 일반가입형, 40세, 110세만기, 20년납, 월납 9. 적용이율 : 주계약 10년 이내 3.00%, 10년 이후 1.75%",1588-6363,,,
ABL생명,(무)우리WON케어간병보험(해약환급금 미지급형),주계약,장기요양(1~2등급)급여금,"피보험자가 보험기간 중 「장기요양상태 보장개시일」 이후에 “1~2등급 장기요양상태”로 판정받았을 때 (다만, 최초 1회에 한함)",1000만원,1000만원  원,3300  원,"5,000  원",,,,,,,보장성_상품비교_20260608162110819.xls,ABL생명,(무)우리WON케어간병보험(해약환급금 미지급형),주계약,장기요양(1~2등급)급여금,"피보험자가 보험기간 중 「장기요양상태 보장개시일」 이후에 “1~2등급 장기요양상태”로 판정받았을 때 (다만, 최초 1회에 한함)",1000만원,1000만원  원,3300  원,"5,000  원",2.50 %,-,-,144.8 %,132.3 %,-,-,-,-,무해지/저해지환급,N,-,비갱신형,비유니버셜,대면채널,2026-04-01,"1. 가입나이 : 25세 ~ 최대 75세(보험형태별, 성별, 보험기간별, 납입기간별 상이) 2. 가입한도 : 100만원 ~ 3,000만원 3. 보험종류 : 해약환급금 미지급형 4. 보험기간 : 90세만기/95세만기/100세만기 5. 납입기간 : 10/15/20/30년납 6. 보험료 예시기준 : 해약환급금 미지급형, 가입금액 1,000만원, 40세, 90세만기, 20년납, 월납 7. 보험가격지수 예시기준 : 해약환급금 미지급형, 가입금액 1,000만원, 40세, 90세만기, 20년납, 월납 8. 특약보험료 예시 기준: 90세 만기, 20년납, 월납",0215886500,,,
ABL생명,(무)우리WON케어간병보험(해약환급금 미지급형),특약,(무)경도이상치매진단특약(해약환급금 미지급형),"피보험자가 이 특약의 보험기간 중 「경도 및 중등도 치매 보장개시일」 이후 “경도치매상태” 또는 “중등도치매상태”로 최종진단확정 되거나, 보험기간 중 “중증치매상태”로 최종진단확정 되었을 때(다만, “경도치매상태”, “중등도치매상태” 또는 “중증치매상태” 중 최초 1회의 최종진단확정에 한하여 지급)",1000만원,1000만원  원,17400  원,"13,920  원",,,,,,,보장성_상품비교_20260608162110819.xls,ABL생명,(무)우리WON케어간병보험(해약환급금 미지급형),특약,(무)경도이상치매진단특약(해약환급금 미지급형),"피보험자가 이 특약의 보험기간 중 「경도 및 중등도 치매 보장개시일」 이후 “경도치매상태” 또는 “중등도치매상태”로 최종진단확정 되거나, 보험기간 중 “중증치매상태”로 최종진단확정 되었을 때(다만, “경도치매상태”, “중등도치매상태” 또는 “중증치매상태” 중 최초 1회의 최종진단확정에 한하여 지급)",1000만원,1000만원  원,17400  원,"13,920  원",2.50 %,-,-,144.8 %,132.3 %,-,-,-,-,무해지/저해지환급,N,-,비갱신형,비유니버셜,대면채널,2026-04-01,"1. 가입나이 : 25세 ~ 최대 75세(보험형태별, 성별, 보험기간별, 납입기간별 상이) 2. 가입한도 : 100만원 ~ 3,000만원 3. 보험종류 : 해약환급금 미지급형 4. 보험기간 : 90세만기/95세만기/100세만기 5. 납입기간 : 10/15/20/30년납 6. 보험료 예시기준 : 해약환급금 미지급형, 가입금액 1,000만원, 40세, 90세만기, 20년납, 월납 7. 보험가격지수 예시기준 : 해약환급금 미지급형, 가입금액 1,000만원, 40세, 90세만기, 20년납, 월납 8. 특약보험료 예시 기준: 90세 만기, 20년납, 월납",0215886500,,,
ABL생명,(무)우리WON케어간병보험(해약환급금 미지급형),특약,(무)장기요양(1-인지지원등급)보장특약(해약환급금 미지급형),"피보험자가 이 특약의 보험기간 중 「장기요양상태 보장개시일」 이후에 “1~인지지원등급 장기요양상태”로 판정받았을 때 (다만, 최초 1회에 한함)",1000만원,1000만원  원,15240  원,"18,060  원",,,,,,,보장성_상품비교_20260608162110819.xls,ABL생명,(무)우리WON케어간병보험(해약환급금 미지급형),특약,(무)장기요양(1-인지지원등급)보장특약(해약환급금 미지급형),"피보험자가 이 특약의 보험기간 중 「장기요양상태 보장개시일」 이후에 “1~인지지원등급 장기요양상태”로 판정받았을 때 (다만, 최초 1회에 한함)",1000만원,1000만원  원,15240  원,"18,060  원",2.50 %,-,-,144.8 %,132.3 %,-,-,-,-,무해지/저해지환급,N,-,비갱신형,비유니버셜,대면채널,2026-04-01,"1. 가입나이 : 25세 ~ 최대 75세(보험형태별, 성별, 보험기간별, 납입기간별 상이) 2. 가입한도 : 100만원 ~ 3,000만원 3. 보험종류 : 해약환급금 미지급형 4. 보험기간 : 90세만기/95세만기/100세만기 5. 납입기간 : 10/15/20/30년납 6. 보험료 예시기준 : 해약환급금 미지급형, 가입금액 1,000만원, 40세, 90세만기, 20년납, 월납 7. 보험가격지수 예시기준 : 해약환급금 미지급형, 가입금액 1,000만원, 40세, 90세만기, 20년납, 월납 8. 특약보험료 예시 기준: 90세 만기, 20년납, 월납",0215886500,,,
ABL생명,(무)우리WON케어간병보험(해약환급금 미지급형),특약,(무)장기요양(1-인지지원등급)주야간보호지원특약(해약환급금 미지급형),"피보험자가 이 특약의 보험기간 중 「장기요양상태 보장개시일」 이후에 최초로 “1~인지지원등급 장기요양상태”로 판정받고, 장기요양등급 판정일부터 보험기간동안 “주·야간보호”를 이용하였을 때","1회당 10만원 (다만, “판정후 보험월” 기준 월 1회 한도)",1000만원  원,950  원,"1,450  원",,,,,,,보장성_상품비교_20260608162110819.xls,ABL생명,(무)우리WON케어간병보험(해약환급금 미지급형),특약,(무)장기요양(1-인지지원등급)주야간보호지원특약(해약환급금 미지급형),"피보험자가 이 특약의 보험기간 중 「장기요양상태 보장개시일」 이후에 최초로 “1~인지지원등급 장기요양상태”로 판정받고, 장기요양등급 판정일부터 보험기간동안 “주·야간보호”를 이용하였을 때","1회당 10만원 (다만, “판정후 보험월” 기준 월 1회 한도)",1000만원  원,950  원,"1,450  원",2.50 %,-,-,144.8 %,132.3 %,-,-,-,-,무해지/저해지환급,N,-,비갱신형,비유니버셜,대면채널,2026-04-01,"1. 가입나이 : 25세 ~ 최대 75세(보험형태별, 성별, 보험기간별, 납입기간별 상이) 2. 가입한도 : 100만원 ~ 3,000만원 3. 보험종류 : 해약환급금 미지급형 4. 보험기간 : 90세만기/95세만기/100세만기 5. 납입기간 : 10/15/20/30년납 6. 보험료 예시기준 : 해약환급금 미지급형, 가입금액 1,000만원, 40세, 90세만기, 20년납, 월납 7. 보험가격지수 예시기준 : 해약환급금 미지급형, 가입금액 1,000만원, 40세, 90세만기, 20년납, 월납 8. 특약보험료 예시 기준: 90세 만기, 20년납, 월납",0215886500,,,
ABL생명,(무)우리WON케어간병보험(해약환급금 미지급형),특약,(무)간병인사용지원입원보장특약(해약환급금 미지급형),"피보험자가 이 특약의 보험기간 중 질병 또는 재해의 직접적인 치료를 목적으로 요양병원을 제외한 병원급 또는 의원급 의료기관에서 1일 이상 계속 입원하여 치료를 받으며 간병인을 사용하여 실질적으로 간병서비스를 이용한 경우 (다만, 1회 입원당 사용일수 180일 한도) ※ 이외 보장담보는 상품요약서 참조","사용일수 1일당 10만원 (다만, 계약일로부터 1년 미만에 재해 이외의 원인으로 보험금 지급사유 발생시 상기 금액의 50% 지급)",1000만원  원,14670  원,"17,700  원",,,,,,,보장성_상품비교_20260608162110819.xls,ABL생명,(무)우리WON케어간병보험(해약환급금 미지급형),특약,(무)간병인사용지원입원보장특약(해약환급금 미지급형),"피보험자가 이 특약의 보험기간 중 질병 또는 재해의 직접적인 치료를 목적으로 요양병원을 제외한 병원급 또는 의원급 의료기관에서 1일 이상 계속 입원하여 치료를 받으며 간병인을 사용하여 실질적으로 간병서비스를 이용한 경우 (다만, 1회 입원당 사용일수 180일 한도) ※ 이외 보장담보는 상품요약서 참조","사용일수 1일당 10만원 (다만, 계약일로부터 1년 미만에 재해 이외의 원인으로 보험금 지급사유 발생시 상기 금액의 50% 지급)",1000만원  원,14670  원,"17,700  원",2.50 %,-,-,144.8 %,132.3 %,-,-,-,-,무해지/저해지환급,N,-,비갱신형,비유니버셜,대면채널,2026-04-01,"1. 가입나이 : 25세 ~ 최대 75세(보험형태별, 성별, 보험기간별, 납입기간별 상이) 2. 가입한도 : 100만원 ~ 3,000만원 3. 보험종류 : 해약환급금 미지급형 4. 보험기간 : 90세만기/95세만기/100세만기 5. 납입기간 : 10/15/20/30년납 6. 보험료 예시기준 : 해약환급금 미지급형, 가입금액 1,000만원, 40세, 90세만기, 20년납, 월납 7. 보험가격지수 예시기준 : 해약환급금 미지급형, 가입금액 1,000만원, 40세, 90세만기, 20년납, 월납 8. 특약보험료 예시 기준: 90세 만기, 20년납, 월납",0215886500,,,
메트라이프생명,무배당 360 치매간병보험,주계약,사망보험금,보험기간 중 피보험자가 사망하였을 때,100만원,100만원,2498  원,"2,154  원",,,,,,,보장성_상품비교_20260608162110819.xls,메트라이프생명,무배당 360 치매간병보험,주계약,사망보험금,보험기간 중 피보험자가 사망하였을 때,100만원,100만원,2498  원,"2,154  원",2.75 %,-,-,107.7 %,109.1 %,-,-,-,-,무해지/저해지환급,N,-,비갱신형,비유니버셜,대면채널,2026-01-01,"1. 가입연령 : 30세 ~ 75세 2. 보험기간 및 납입기간 : - 유해약환급금형 : 85세/90세/100세 만기 및 5년납, 7년납, 10년납, 15년납, 20년납, 25년납, 30년납, 55세납, 60세납, 65세납, 70세납, 80세납  - 무해약환급금형 : 85세/90세/100세 만기 및 7년납, 10년납, 15년납, 20년납, 25년납, 30년납, 55세납, 60세납, 65세납, 70세납, 80세납 3. 보험가입금액 : 100만원 4. 보험가격지수 예시기준 : 100세만기, 20년납, 가입금액 100만원, 월납, 40세, 무해약환급금형 기준 5. 보험료 예시 기준 : 가입금액 100만원, 50세 남/여, 100세 만기, 20년납, 월납, 무해약환급금형 기준, 의무가입특약 (무)중증치매진단특약(무해약환급금형)(가입금액 500만원) 보험료 포함",1588-9600,,,
메트라이프생명,무배당 360 치매간병보험,특약,무배당 중증치매진단특약(무해약환급금형),"피보험자가 보험기간 중 “중증치매상태”로 진 단 확정되었을 때 (다만, 최초 1 회에 한하여 지급)",500만원,500만원,3960  원,"4,450  원",,,,,,,보장성_상품비교_20260608162110819.xls,메트라이프생명,무배당 360 치매간병보험,특약,무배당 중증치매진단특약(무해약환급금형),"피보험자가 보험기간 중 “중증치매상태”로 진 단 확정되었을 때 (다만, 최초 1 회에 한하여 지급)",500만원,500만원,3960  원,"4,450  원",2.75 %,-,-,107.7 %,109.1 %,-,-,-,-,무해지/저해지환급,N,-,비갱신형,비유니버셜,대면채널,2026-01-01,"1. 가입연령 : 30세 ~ 75세 2. 보험기간 및 납입기간 : - 유해약환급금형 : 85세/90세/100세 만기 및 5년납, 7년납, 10년납, 15년납, 20년납, 25년납, 30년납, 55세납, 60세납, 65세납, 70세납, 80세납  - 무해약환급금형 : 85세/90세/100세 만기 및 7년납, 10년납, 15년납, 20년납, 25년납, 30년납, 55세납, 60세납, 65세납, 70세납, 80세납 3. 보험가입금액 : 100만원 4. 보험가격지수 예시기준 : 100세만기, 20년납, 가입금액 100만원, 월납, 40세, 무해약환급금형 기준 5. 보험료 예시 기준 : 가입금액 100만원, 50세 남/여, 100세 만기, 20년납, 월납, 무해약환급금형 기준, 의무가입특약 (무)중증치매진단특약(무해약환급금형)(가입금액 500만원) 보험료 포함",1588-9600,,,
메트라이프생명,무배당 360 치매간병보험,특약,무배당 경증이상치매진단특약(무해약환급금형),"피보험자가 보험기간 중 “치매보장개시일” 이후에 “경증이상 치매상태”로 진단 확정되었을 때 (다만, 최초 1 회에 한하여 지급)","1,000만원","1,000만원",17520  원,"17,780  원",,,,,,,보장성_상품비교_20260608162110819.xls,메트라이프생명,무배당 360 치매간병보험,특약,무배당 경증이상치매진단특약(무해약환급금형),"피보험자가 보험기간 중 “치매보장개시일” 이후에 “경증이상 치매상태”로 진단 확정되었을 때 (다만, 최초 1 회에 한하여 지급)","1,000만원","1,000만원",17520  원,"17,780  원",2.75 %,-,-,107.7 %,109.1 %,-,-,-,-,무해지/저해지환급,N,-,비갱신형,비유니버셜,대면채널,2026-01-01,"1. 가입연령 : 30세 ~ 75세 2. 보험기간 및 납입기간 : - 유해약환급금형 : 85세/90세/100세 만기 및 5년납, 7년납, 10년납, 15년납, 20년납, 25년납, 30년납, 55세납, 60세납, 65세납, 70세납, 80세납  - 무해약환급금형 : 85세/90세/100세 만기 및 7년납, 10년납, 15년납, 20년납, 25년납, 30년납, 55세납, 60세납, 65세납, 70세납, 80세납 3. 보험가입금액 : 100만원 4. 보험가격지수 예시기준 : 100세만기, 20년납, 가입금액 100만원, 월납, 40세, 무해약환급금형 기준 5. 보험료 예시 기준 : 가입금액 100만원, 50세 남/여, 100세 만기, 20년납, 월납, 무해약환급금형 기준, 의무가입특약 (무)중증치매진단특약(무해약환급금형)(가입금액 500만원) 보험료 포함",1588-9600,,,
메트라이프생명,무배당 360 치매간병보험,특약,무배당 중증치매간병생활자금특약(무해약환급금형),"피보험자가 보험기간 중 “중증치매상태”로 진단 확정되고, 진단확정일부터 매년 진단확정일에 살아있을 경우 (최초 36회(3년) 보증지급, 최대 20년(240회) 지급)",매월 25만원,25만원,10000  원,"13,250  원",,,,,,,보장성_상품비교_20260608162110819.xls,메트라이프생명,무배당 360 치매간병보험,특약,무배당 중증치매간병생활자금특약(무해약환급금형),"피보험자가 보험기간 중 “중증치매상태”로 진단 확정되고, 진단확정일부터 매년 진단확정일에 살아있을 경우 (최초 36회(3년) 보증지급, 최대 20년(240회) 지급)",매월 25만원,25만원,10000  원,"13,250  원",2.75 %,-,-,107.7 %,109.1 %,-,-,-,-,무해지/저해지환급,N,-,비갱신형,비유니버셜,대면채널,2026-01-01,"1. 가입연령 : 30세 ~ 75세 2. 보험기간 및 납입기간 : - 유해약환급금형 : 85세/90세/100세 만기 및 5년납, 7년납, 10년납, 15년납, 20년납, 25년납, 30년납, 55세납, 60세납, 65세납, 70세납, 80세납  - 무해약환급금형 : 85세/90세/100세 만기 및 7년납, 10년납, 15년납, 20년납, 25년납, 30년납, 55세납, 60세납, 65세납, 70세납, 80세납 3. 보험가입금액 : 100만원 4. 보험가격지수 예시기준 : 100세만기, 20년납, 가입금액 100만원, 월납, 40세, 무해약환급금형 기준 5. 보험료 예시 기준 : 가입금액 100만원, 50세 남/여, 100세 만기, 20년납, 월납, 무해약환급금형 기준, 의무가입특약 (무)중증치매진단특약(무해약환급금형)(가입금액 500만원) 보험료 포함",1588-9600,,,
메트라이프생명,무배당 360 치매간병보험,특약,무배당 중등도이상치매간병생활자금특약(무해약환급금형),"피보험자가 보험기간 중 “치매보장개시일” 이후에 “중등도이상 치매상태”로 진단 확정되고, 진단확정일부터 매년 진단확정일에 살아있을 경우 (최초 36회(3년) 보증지급, 최대 15년(180회) 지급)",매월 25만원,25만원,21500  원,"25,000  원",,,,,,,보장성_상품비교_20260608162110819.xls,메트라이프생명,무배당 360 치매간병보험,특약,무배당 중등도이상치매간병생활자금특약(무해약환급금형),"피보험자가 보험기간 중 “치매보장개시일” 이후에 “중등도이상 치매상태”로 진단 확정되고, 진단확정일부터 매년 진단확정일에 살아있을 경우 (최초 36회(3년) 보증지급, 최대 15년(180회) 지급)",매월 25만원,25만원,21500  원,"25,000  원",2.75 %,-,-,107.7 %,109.1 %,-,-,-,-,무해지/저해지환급,N,-,비갱신형,비유니버셜,대면채널,2026-01-01,"1. 가입연령 : 30세 ~ 75세 2. 보험기간 및 납입기간 : - 유해약환급금형 : 85세/90세/100세 만기 및 5년납, 7년납, 10년납, 15년납, 20년납, 25년납, 30년납, 55세납, 60세납, 65세납, 70세납, 80세납  - 무해약환급금형 : 85세/90세/100세 만기 및 7년납, 10년납, 15년납, 20년납, 25년납, 30년납, 55세납, 60세납, 65세납, 70세납, 80세납 3. 보험가입금액 : 100만원 4. 보험가격지수 예시기준 : 100세만기, 20년납, 가입금액 100만원, 월납, 40세, 무해약환급금형 기준 5. 보험료 예시 기준 : 가입금액 100만원, 50세 남/여, 100세 만기, 20년납, 월납, 무해약환급금형 기준, 의무가입특약 (무)중증치매진단특약(무해약환급금형)(가입금액 500만원) 보험료 포함",1588-9600,,,
신한라이프생명,"신한치매간병보험 ONE더케어Core(무배당, 해약환급금 미지급형)",주계약,사망보험금,보험기간 중 피보험자가 사망하였을 때,보험가입금액의 100%,400만원,7740  원,"5,832  원",,,,,,,보장성_상품비교_20260608162110819.xls,신한라이프생명,"신한치매간병보험 ONE더케어Core(무배당, 해약환급금 미지급형)",주계약,사망보험금,보험기간 중 피보험자가 사망하였을 때,보험가입금액의 100%,400만원,7740  원,"5,832  원",2.10 %,-,-,151.3 %,174.4 %,-,-,-,-,순수보장,N,-,비갱신형,비유니버셜,TM,2026-05-07,"1. 가입연령 : 30~최대75세 2. 보험기간 : 90/95/100세 3. 납입기간 : 10/15/20/25/30년 4. 보험료예시기준 : 해약환급금 미지급형, 90세만기 20년납 , 주계약 400만원, 특약 - 가입금액 1,000만원(공통 : 40세, 월납) 5. 보험가격지수산출기준 : 해약환급금 미지급형 , 90세만기 20년납, 가입금액 400만원 6. 적용이율 : 2.10% 7. 치매선별검사 리워드 서비스  - 중증치매진단을 보장하는 종속특약을 가입후 유지 중인 경우에 치매안심센터에서 시행하는 치매선별검사에서 ""정상"" 판정을 받고 해당 검사결과지를 제출하는 경우, 중증치매진단급여금의 5%를 ""치매선별검사 리워드""로 제공  - 보험금 지급사유 장생한 경우 중증치매진단급여금에 더하여 지급  - 만 60세가 되는 날 이후이고 계약일부터 1년이 경과한 계약해당일 이후인 경우 각 회당 2년 이상의 주기로 최대 10회 한도로 보험기간이 종료될 때까지 적용가능  - 피보험자가 사망하거나 이 특약을 해지하는 경우 ""치매선별검사 리워드""는 소멸되고 별도의 지급금(해약환급금 등)은 없음",1588-5580,,,
신한라이프생명,"신한치매간병보험 ONE더케어Core(무배당, 해약환급금 미지급형)",특약,"신한치매간병보험 ONE더케어 중증치매리워드플러스진단특약(무배당, 해약환급금 미지급형)","특약보험기간 중 피보험자가 “치매보장개시일” 이후에 “중증치 매상태”로 최종 진단확정되었을 때 (다만, 최초 1회의 진단확 정에 한함)",특약보험가입금액의 100%,1000만원,5500  원,"6,210  원",,,,,,,보장성_상품비교_20260608162110819.xls,신한라이프생명,"신한치매간병보험 ONE더케어Core(무배당, 해약환급금 미지급형)",특약,"신한치매간병보험 ONE더케어 중증치매리워드플러스진단특약(무배당, 해약환급금 미지급형)","특약보험기간 중 피보험자가 “치매보장개시일” 이후에 “중증치 매상태”로 최종 진단확정되었을 때 (다만, 최초 1회의 진단확 정에 한함)",특약보험가입금액의 100%,1000만원,5500  원,"6,210  원",2.10 %,-,-,151.3 %,174.4 %,-,-,-,-,순수보장,N,-,비갱신형,비유니버셜,TM,2026-05-07,"1. 가입연령 : 30~최대75세 2. 보험기간 : 90/95/100세 3. 납입기간 : 10/15/20/25/30년 4. 보험료예시기준 : 해약환급금 미지급형, 90세만기 20년납 , 주계약 400만원, 특약 - 가입금액 1,000만원(공통 : 40세, 월납) 5. 보험가격지수산출기준 : 해약환급금 미지급형 , 90세만기 20년납, 가입금액 400만원 6. 적용이율 : 2.10% 7. 치매선별검사 리워드 서비스  - 중증치매진단을 보장하는 종속특약을 가입후 유지 중인 경우에 치매안심센터에서 시행하는 치매선별검사에서 ""정상"" 판정을 받고 해당 검사결과지를 제출하는 경우, 중증치매진단급여금의 5%를 ""치매선별검사 리워드""로 제공  - 보험금 지급사유 장생한 경우 중증치매진단급여금에 더하여 지급  - 만 60세가 되는 날 이후이고 계약일부터 1년이 경과한 계약해당일 이후인 경우 각 회당 2년 이상의 주기로 최대 10회 한도로 보험기간이 종료될 때까지 적용가능  - 피보험자가 사망하거나 이 특약을 해지하는 경우 ""치매선별검사 리워드""는 소멸되고 별도의 지급금(해약환급금 등)은 없음",1588-5580,,,
신한라이프생명,"신한치매간병보험 ONE더케어Core(무배당, 해약환급금 미지급형)",특약,"장기요양(1-5등급)방문요양보장특약(무배당, 해약환급금 미지급형)","특약보험기간 중 피보험자가 “장기요양상태 보장개시일” 이후에 “장기요양(1~5등급) 상태”로 판정되고, 이후 피보험자가 특약보험 기간 중에 “방문요양”을 이용하였을 때 (다만, “판정후 보험월” 기준 월1회에 한함)",【 이용 1회당 】 특약보험가입금액의 1%,1000만원,4180  원,"6,620  원",,,,,,,보장성_상품비교_20260608162110819.xls,신한라이프생명,"신한치매간병보험 ONE더케어Core(무배당, 해약환급금 미지급형)",특약,"장기요양(1-5등급)방문요양보장특약(무배당, 해약환급금 미지급형)","특약보험기간 중 피보험자가 “장기요양상태 보장개시일” 이후에 “장기요양(1~5등급) 상태”로 판정되고, 이후 피보험자가 특약보험 기간 중에 “방문요양”을 이용하였을 때 (다만, “판정후 보험월” 기준 월1회에 한함)",【 이용 1회당 】 특약보험가입금액의 1%,1000만원,4180  원,"6,620  원",2.10 %,-,-,151.3 %,174.4 %,-,-,-,-,순수보장,N,-,비갱신형,비유니버셜,TM,2026-05-07,"1. 가입연령 : 30~최대75세 2. 보험기간 : 90/95/100세 3. 납입기간 : 10/15/20/25/30년 4. 보험료예시기준 : 해약환급금 미지급형, 90세만기 20년납 , 주계약 400만원, 특약 - 가입금액 1,000만원(공통 : 40세, 월납) 5. 보험가격지수산출기준 : 해약환급금 미지급형 , 90세만기 20년납, 가입금액 400만원 6. 적용이율 : 2.10% 7. 치매선별검사 리워드 서비스  - 중증치매진단을 보장하는 종속특약을 가입후 유지 중인 경우에 치매안심센터에서 시행하는 치매선별검사에서 ""정상"" 판정을 받고 해당 검사결과지를 제출하는 경우, 중증치매진단급여금의 5%를 ""치매선별검사 리워드""로 제공  - 보험금 지급사유 장생한 경우 중증치매진단급여금에 더하여 지급  - 만 60세가 되는 날 이후이고 계약일부터 1년이 경과한 계약해당일 이후인 경우 각 회당 2년 이상의 주기로 최대 10회 한도로 보험기간이 종료될 때까지 적용가능  - 피보험자가 사망하거나 이 특약을 해지하는 경우 ""치매선별검사 리워드""는 소멸되고 별도의 지급금(해약환급금 등)은 없음",1588-5580,,,
신한라이프생명,"신한치매간병보험 ONE더케어Core(무배당, 해약환급금 미지급형)",특약,"장기요양(1-5등급)복합재가급여보장특약(무배당, 해약환급금 미지급형)","특약보험기간 중 피보험자가 “장기요양상태 보장개시일” 이후에 “장기요양(1~5등급) 상태” 로 판정되고, 이후 피보험자가 특약보 험기간 중에 “복합재가급여”를 이용하였을 때 (다만, “판정후 보험월” 기준 월1회에 한함)",【 이용 1회당 】 특약보험가입금액의 1%,1000만원,1460  원,"2,130  원",,,,,,,보장성_상품비교_20260608162110819.xls,신한라이프생명,"신한치매간병보험 ONE더케어Core(무배당, 해약환급금 미지급형)",특약,"장기요양(1-5등급)복합재가급여보장특약(무배당, 해약환급금 미지급형)","특약보험기간 중 피보험자가 “장기요양상태 보장개시일” 이후에 “장기요양(1~5등급) 상태” 로 판정되고, 이후 피보험자가 특약보 험기간 중에 “복합재가급여”를 이용하였을 때 (다만, “판정후 보험월” 기준 월1회에 한함)",【 이용 1회당 】 특약보험가입금액의 1%,1000만원,1460  원,"2,130  원",2.10 %,-,-,151.3 %,174.4 %,-,-,-,-,순수보장,N,-,비갱신형,비유니버셜,TM,2026-05-07,"1. 가입연령 : 30~최대75세 2. 보험기간 : 90/95/100세 3. 납입기간 : 10/15/20/25/30년 4. 보험료예시기준 : 해약환급금 미지급형, 90세만기 20년납 , 주계약 400만원, 특약 - 가입금액 1,000만원(공통 : 40세, 월납) 5. 보험가격지수산출기준 : 해약환급금 미지급형 , 90세만기 20년납, 가입금액 400만원 6. 적용이율 : 2.10% 7. 치매선별검사 리워드 서비스  - 중증치매진단을 보장하는 종속특약을 가입후 유지 중인 경우에 치매안심센터에서 시행하는 치매선별검사에서 ""정상"" 판정을 받고 해당 검사결과지를 제출하는 경우, 중증치매진단급여금의 5%를 ""치매선별검사 리워드""로 제공  - 보험금 지급사유 장생한 경우 중증치매진단급여금에 더하여 지급  - 만 60세가 되는 날 이후이고 계약일부터 1년이 경과한 계약해당일 이후인 경우 각 회당 2년 이상의 주기로 최대 10회 한도로 보험기간이 종료될 때까지 적용가능  - 피보험자가 사망하거나 이 특약을 해지하는 경우 ""치매선별검사 리워드""는 소멸되고 별도의 지급금(해약환급금 등)은 없음",1588-5580,,,
신한라이프생명,"신한치매간병보험 ONE더케어Core(무배당, 해약환급금 미지급형)",특약,"장기요양(1-인지지원등급)복지용구보장특약 (무배당, 해약환급금 미지급형)","특약보험기간 중 피보험자가 “장기요양상태 보장개시일” 이후에 “장기요양(1~인지지원등급) 상태”로 판정되고, 이후 피보험자가 특약보험기간 중에 “복지용구”를 이용하였을 때 (다만, “판정후 보험월” 기준 월1회에 한함)",【 이용 1회당 】 특약보험가입금액의 1%,1000만원,2150  원,"3,380  원",,,,,,,보장성_상품비교_20260608162110819.xls,신한라이프생명,"신한치매간병보험 ONE더케어Core(무배당, 해약환급금 미지급형)",특약,"장기요양(1-인지지원등급)복지용구보장특약 (무배당, 해약환급금 미지급형)","특약보험기간 중 피보험자가 “장기요양상태 보장개시일” 이후에 “장기요양(1~인지지원등급) 상태”로 판정되고, 이후 피보험자가 특약보험기간 중에 “복지용구”를 이용하였을 때 (다만, “판정후 보험월” 기준 월1회에 한함)",【 이용 1회당 】 특약보험가입금액의 1%,1000만원,2150  원,"3,380  원",2.10 %,-,-,151.3 %,174.4 %,-,-,-,-,순수보장,N,-,비갱신형,비유니버셜,TM,2026-05-07,"1. 가입연령 : 30~최대75세 2. 보험기간 : 90/95/100세 3. 납입기간 : 10/15/20/25/30년 4. 보험료예시기준 : 해약환급금 미지급형, 90세만기 20년납 , 주계약 400만원, 특약 - 가입금액 1,000만원(공통 : 40세, 월납) 5. 보험가격지수산출기준 : 해약환급금 미지급형 , 90세만기 20년납, 가입금액 400만원 6. 적용이율 : 2.10% 7. 치매선별검사 리워드 서비스  - 중증치매진단을 보장하는 종속특약을 가입후 유지 중인 경우에 치매안심센터에서 시행하는 치매선별검사에서 ""정상"" 판정을 받고 해당 검사결과지를 제출하는 경우, 중증치매진단급여금의 5%를 ""치매선별검사 리워드""로 제공  - 보험금 지급사유 장생한 경우 중증치매진단급여금에 더하여 지급  - 만 60세가 되는 날 이후이고 계약일부터 1년이 경과한 계약해당일 이후인 경우 각 회당 2년 이상의 주기로 최대 10회 한도로 보험기간이 종료될 때까지 적용가능  - 피보험자가 사망하거나 이 특약을 해지하는 경우 ""치매선별검사 리워드""는 소멸되고 별도의 지급금(해약환급금 등)은 없음",1588-5580,,,
신한라이프생명,"신한치매간병보험 ONE더케어(무배당, 해약환급금 미지급형)",주계약,사망보험금,보험기간 중 피보험자가 사망하였을 때,보험가입금액의 100%,400만원,7740  원,"5,832  원",,,,,,,보장성_상품비교_20260608162110819.xls,신한라이프생명,"신한치매간병보험 ONE더케어(무배당, 해약환급금 미지급형)",주계약,사망보험금,보험기간 중 피보험자가 사망하였을 때,보험가입금액의 100%,400만원,7740  원,"5,832  원",2.10 %,-,-,151.3 %,174.4 %,-,-,-,-,순수보장,N,-,비갱신형,비유니버셜,대면채널  TM,2026-05-07,"1. 가입연령 : 30~최대75세 2. 보험기간 : 90/95/100세 3. 납입기간 : 10/15/20/25/30년 4. 보험료예시기준 : 해약환급금 미지급형, 90세만기 20년납 , 주계약 400만원, 특약 - 가입금액 1,000만원(공통 : 40세, 월납) 5. 보험가격지수산출기준 : 해약환급금 미지급형 , 90세만기 20년납, 가입금액 400만원 6. 적용이율 : 2.10% 7. 치매선별검사 리워드 서비스  - 중증치매진단을 보장하는 종속특약을 가입후 유지 중인 경우에 치매안심센터에서 시행하는 치매선별검사에서 ""정상"" 판정을 받고 해당 검사결과지를 제출하는 경우, 중증치매진단급여금의 5%를 ""치매선별검사 리워드""로 제공  - 보험금 지급사유 장생한 경우 중증치매진단급여금에 더하여 지급  - 만 60세가 되는 날 이후이고 계약일부터 1년이 경과한 계약해당일 이후인 경우 각 회당 2년 이상의 주기로 최대 10회 한도로 보험기간이 종료될 때까지 적용가능  - 피보험자가 사망하거나 이 특약을 해지하는 경우 ""치매선별검사 리워드""는 소멸되고 별도의 지급금(해약환급금 등)은 없음",1588-5580,,,
신한라이프생명,"신한치매간병보험 ONE더케어(무배당, 해약환급금 미지급형)",특약,"신한치매간병보험 ONE더케어 중증치매리워드플러스진단특약(무배당, 해약환급금 미지급형)","특약보험기간 중 피보험자가 “치매보장개시일” 이후에 “중증치 매상태”로 최종 진단확정되었을 때 (다만, 최초 1회의 진단확 정에 한함)",특약보험가입금액의 100%,1000만원,5500  원,"6,210  원",,,,,,,보장성_상품비교_20260608162110819.xls,신한라이프생명,"신한치매간병보험 ONE더케어(무배당, 해약환급금 미지급형)",특약,"신한치매간병보험 ONE더케어 중증치매리워드플러스진단특약(무배당, 해약환급금 미지급형)","특약보험기간 중 피보험자가 “치매보장개시일” 이후에 “중증치 매상태”로 최종 진단확정되었을 때 (다만, 최초 1회의 진단확 정에 한함)",특약보험가입금액의 100%,1000만원,5500  원,"6,210  원",2.10 %,-,-,151.3 %,174.4 %,-,-,-,-,순수보장,N,-,비갱신형,비유니버셜,대면채널  TM,2026-05-07,"1. 가입연령 : 30~최대75세 2. 보험기간 : 90/95/100세 3. 납입기간 : 10/15/20/25/30년 4. 보험료예시기준 : 해약환급금 미지급형, 90세만기 20년납 , 주계약 400만원, 특약 - 가입금액 1,000만원(공통 : 40세, 월납) 5. 보험가격지수산출기준 : 해약환급금 미지급형 , 90세만기 20년납, 가입금액 400만원 6. 적용이율 : 2.10% 7. 치매선별검사 리워드 서비스  - 중증치매진단을 보장하는 종속특약을 가입후 유지 중인 경우에 치매안심센터에서 시행하는 치매선별검사에서 ""정상"" 판정을 받고 해당 검사결과지를 제출하는 경우, 중증치매진단급여금의 5%를 ""치매선별검사 리워드""로 제공  - 보험금 지급사유 장생한 경우 중증치매진단급여금에 더하여 지급  - 만 60세가 되는 날 이후이고 계약일부터 1년이 경과한 계약해당일 이후인 경우 각 회당 2년 이상의 주기로 최대 10회 한도로 보험기간이 종료될 때까지 적용가능  - 피보험자가 사망하거나 이 특약을 해지하는 경우 ""치매선별검사 리워드""는 소멸되고 별도의 지급금(해약환급금 등)은 없음",1588-5580,,,
신한라이프생명,"신한치매간병보험 ONE더케어(무배당, 해약환급금 미지급형)",특약,"장기요양(1-5등급)방문요양보장특약(무배당, 해약환급금 미지급형)","특약보험기간 중 피보험자가 “장기요양상태 보장개시일” 이후에 “장기요양(1~5등급) 상태”로 판정되고, 이후 피보험자가 특약보험 기간 중에 “방문요양”을 이용하였을 때 (다만, “판정후 보험월” 기준 월1회에 한함)",【 이용 1회당 】 특약보험가입금액의 1%,1000만원,4180  원,"6,620  원",,,,,,,보장성_상품비교_20260608162110819.xls,신한라이프생명,"신한치매간병보험 ONE더케어(무배당, 해약환급금 미지급형)",특약,"장기요양(1-5등급)방문요양보장특약(무배당, 해약환급금 미지급형)","특약보험기간 중 피보험자가 “장기요양상태 보장개시일” 이후에 “장기요양(1~5등급) 상태”로 판정되고, 이후 피보험자가 특약보험 기간 중에 “방문요양”을 이용하였을 때 (다만, “판정후 보험월” 기준 월1회에 한함)",【 이용 1회당 】 특약보험가입금액의 1%,1000만원,4180  원,"6,620  원",2.10 %,-,-,151.3 %,174.4 %,-,-,-,-,순수보장,N,-,비갱신형,비유니버셜,대면채널  TM,2026-05-07,"1. 가입연령 : 30~최대75세 2. 보험기간 : 90/95/100세 3. 납입기간 : 10/15/20/25/30년 4. 보험료예시기준 : 해약환급금 미지급형, 90세만기 20년납 , 주계약 400만원, 특약 - 가입금액 1,000만원(공통 : 40세, 월납) 5. 보험가격지수산출기준 : 해약환급금 미지급형 , 90세만기 20년납, 가입금액 400만원 6. 적용이율 : 2.10% 7. 치매선별검사 리워드 서비스  - 중증치매진단을 보장하는 종속특약을 가입후 유지 중인 경우에 치매안심센터에서 시행하는 치매선별검사에서 ""정상"" 판정을 받고 해당 검사결과지를 제출하는 경우, 중증치매진단급여금의 5%를 ""치매선별검사 리워드""로 제공  - 보험금 지급사유 장생한 경우 중증치매진단급여금에 더하여 지급  - 만 60세가 되는 날 이후이고 계약일부터 1년이 경과한 계약해당일 이후인 경우 각 회당 2년 이상의 주기로 최대 10회 한도로 보험기간이 종료될 때까지 적용가능  - 피보험자가 사망하거나 이 특약을 해지하는 경우 ""치매선별검사 리워드""는 소멸되고 별도의 지급금(해약환급금 등)은 없음",1588-5580,,,
신한라이프생명,"신한치매간병보험 ONE더케어(무배당, 해약환급금 미지급형)",특약,"장기요양(1-5등급)복합재가급여보장특약(무배당, 해약환급금 미지급형)","특약보험기간 중 피보험자가 “장기요양상태 보장개시일” 이후에 “장기요양(1~5등급) 상태” 로 판정되고, 이후 피보험자가 특약보 험기간 중에 “복합재가급여”를 이용하였을 때 (다만, “판정후 보험월” 기준 월1회에 한함)",【 이용 1회당 】 특약보험가입금액의 1%,1000만원,1460  원,"2,130  원",,,,,,,보장성_상품비교_20260608162110819.xls,신한라이프생명,"신한치매간병보험 ONE더케어(무배당, 해약환급금 미지급형)",특약,"장기요양(1-5등급)복합재가급여보장특약(무배당, 해약환급금 미지급형)","특약보험기간 중 피보험자가 “장기요양상태 보장개시일” 이후에 “장기요양(1~5등급) 상태” 로 판정되고, 이후 피보험자가 특약보 험기간 중에 “복합재가급여”를 이용하였을 때 (다만, “판정후 보험월” 기준 월1회에 한함)",【 이용 1회당 】 특약보험가입금액의 1%,1000만원,1460  원,"2,130  원",2.10 %,-,-,151.3 %,174.4 %,-,-,-,-,순수보장,N,-,비갱신형,비유니버셜,대면채널  TM,2026-05-07,"1. 가입연령 : 30~최대75세 2. 보험기간 : 90/95/100세 3. 납입기간 : 10/15/20/25/30년 4. 보험료예시기준 : 해약환급금 미지급형, 90세만기 20년납 , 주계약 400만원, 특약 - 가입금액 1,000만원(공통 : 40세, 월납) 5. 보험가격지수산출기준 : 해약환급금 미지급형 , 90세만기 20년납, 가입금액 400만원 6. 적용이율 : 2.10% 7. 치매선별검사 리워드 서비스  - 중증치매진단을 보장하는 종속특약을 가입후 유지 중인 경우에 치매안심센터에서 시행하는 치매선별검사에서 ""정상"" 판정을 받고 해당 검사결과지를 제출하는 경우, 중증치매진단급여금의 5%를 ""치매선별검사 리워드""로 제공  - 보험금 지급사유 장생한 경우 중증치매진단급여금에 더하여 지급  - 만 60세가 되는 날 이후이고 계약일부터 1년이 경과한 계약해당일 이후인 경우 각 회당 2년 이상의 주기로 최대 10회 한도로 보험기간이 종료될 때까지 적용가능  - 피보험자가 사망하거나 이 특약을 해지하는 경우 ""치매선별검사 리워드""는 소멸되고 별도의 지급금(해약환급금 등)은 없음",1588-5580,,,
신한라이프생명,"신한치매간병보험 ONE더케어(무배당, 해약환급금 미지급형)",특약,"장기요양(1-인지지원등급)복지용구보장특약 (무배당, 해약환급금 미지급형)","특약보험기간 중 피보험자가 “장기요양상태 보장개시일” 이후에 “장기요양(1~인지지원등급) 상태”로 판정되고, 이후 피보험자가 특약보험기간 중에 “복지용구”를 이용하였을 때 (다만, “판정후 보험월” 기준 월1회에 한함)",【 이용 1회당 】 특약보험가입금액의 1%,1000만원,2150  원,"3,380  원",,,,,,,보장성_상품비교_20260608162110819.xls,신한라이프생명,"신한치매간병보험 ONE더케어(무배당, 해약환급금 미지급형)",특약,"장기요양(1-인지지원등급)복지용구보장특약 (무배당, 해약환급금 미지급형)","특약보험기간 중 피보험자가 “장기요양상태 보장개시일” 이후에 “장기요양(1~인지지원등급) 상태”로 판정되고, 이후 피보험자가 특약보험기간 중에 “복지용구”를 이용하였을 때 (다만, “판정후 보험월” 기준 월1회에 한함)",【 이용 1회당 】 특약보험가입금액의 1%,1000만원,2150  원,"3,380  원",2.10 %,-,-,151.3 %,174.4 %,-,-,-,-,순수보장,N,-,비갱신형,비유니버셜,대면채널  TM,2026-05-07,"1. 가입연령 : 30~최대75세 2. 보험기간 : 90/95/100세 3. 납입기간 : 10/15/20/25/30년 4. 보험료예시기준 : 해약환급금 미지급형, 90세만기 20년납 , 주계약 400만원, 특약 - 가입금액 1,000만원(공통 : 40세, 월납) 5. 보험가격지수산출기준 : 해약환급금 미지급형 , 90세만기 20년납, 가입금액 400만원 6. 적용이율 : 2.10% 7. 치매선별검사 리워드 서비스  - 중증치매진단을 보장하는 종속특약을 가입후 유지 중인 경우에 치매안심센터에서 시행하는 치매선별검사에서 ""정상"" 판정을 받고 해당 검사결과지를 제출하는 경우, 중증치매진단급여금의 5%를 ""치매선별검사 리워드""로 제공  - 보험금 지급사유 장생한 경우 중증치매진단급여금에 더하여 지급  - 만 60세가 되는 날 이후이고 계약일부터 1년이 경과한 계약해당일 이후인 경우 각 회당 2년 이상의 주기로 최대 10회 한도로 보험기간이 종료될 때까지 적용가능  - 피보험자가 사망하거나 이 특약을 해지하는 경우 ""치매선별검사 리워드""는 소멸되고 별도의 지급금(해약환급금 등)은 없음",1588-5580,,,
라이나생명,무배당전에없던치매간병보험(기본형),주계약,치매 재가급여 지원금,"피보험자가 보험기간 중 치매간병 보장개시일 이후에 ""치매""로 진단 확정되고 ""치매로 인한 재가급여""를 이용하였을 때",10만원,"1,000만원",5500  원,"7,500  원",,,,,,,보장성_상품비교_20260608162110819.xls,라이나생명,무배당전에없던치매간병보험(기본형),주계약,치매 재가급여 지원금,"피보험자가 보험기간 중 치매간병 보장개시일 이후에 ""치매""로 진단 확정되고 ""치매로 인한 재가급여""를 이용하였을 때",10만원,"1,000만원",5500  원,"7,500  원",2.25 %,-,-,141.5 %,135.5 %,-,-,-,-,순수보장,N,-,비갱신형,비유니버셜,TM,2026-04-01,"1. 가입나이 : 30세 ~ 최대 75세(다만, 보험기간 및 납입기간별로 상이) 2. 납입주기 : 월납 3. 가입한도 : 1,00만원 ~ 5,000만원 (다만, 연령별로 상이) 4. 보험기간 : 85,90세 만기 5. 보험료 납입기간 : 20,30년납,전기납 6. 보험가격지수 및 보험료 기준 : 가입금액 1,000만원, 40세, 90세 만기, 20년납, 월납",15880058,,,
라이나생명,무배당전에없던치매간병보험(기본형),특약,무배당경도이상치매플러스진단특약(기본형),"피보험자가 보험기간 중 치매보장개시일 이후에 경도이상치매로 진단확정되었을 때 (다만, 최초 1회에 한하여 지급함) ※ 이외 보장 담보는 상품요약서 참조","1,000만원","1,000만원",31900  원,"26,700  원",,,,,,,보장성_상품비교_20260608162110819.xls,라이나생명,무배당전에없던치매간병보험(기본형),특약,무배당경도이상치매플러스진단특약(기본형),"피보험자가 보험기간 중 치매보장개시일 이후에 경도이상치매로 진단확정되었을 때 (다만, 최초 1회에 한하여 지급함) ※ 이외 보장 담보는 상품요약서 참조","1,000만원","1,000만원",31900  원,"26,700  원",2.25 %,-,-,141.5 %,135.5 %,-,-,-,-,순수보장,N,-,비갱신형,비유니버셜,TM,2026-04-01,"1. 가입나이 : 30세 ~ 최대 75세(다만, 보험기간 및 납입기간별로 상이) 2. 납입주기 : 월납 3. 가입한도 : 1,00만원 ~ 5,000만원 (다만, 연령별로 상이) 4. 보험기간 : 85,90세 만기 5. 보험료 납입기간 : 20,30년납,전기납 6. 보험가격지수 및 보험료 기준 : 가입금액 1,000만원, 40세, 90세 만기, 20년납, 월납",15880058,,,
라이나생명,무배당전에없던치매간병보험(기본형),특약,무배당시설급여보장특약(기본형),"피보험자가 보험기간 중 시설급여를 이용하였을 때 (시설급여 이용 1회당 지급하며, 월 1회 한도로 지급함)",10만원,"1,000만원",2500  원,"4,760  원",,,,,,,보장성_상품비교_20260608162110819.xls,라이나생명,무배당전에없던치매간병보험(기본형),특약,무배당시설급여보장특약(기본형),"피보험자가 보험기간 중 시설급여를 이용하였을 때 (시설급여 이용 1회당 지급하며, 월 1회 한도로 지급함)",10만원,"1,000만원",2500  원,"4,760  원",2.25 %,-,-,141.5 %,135.5 %,-,-,-,-,순수보장,N,-,비갱신형,비유니버셜,TM,2026-04-01,"1. 가입나이 : 30세 ~ 최대 75세(다만, 보험기간 및 납입기간별로 상이) 2. 납입주기 : 월납 3. 가입한도 : 1,00만원 ~ 5,000만원 (다만, 연령별로 상이) 4. 보험기간 : 85,90세 만기 5. 보험료 납입기간 : 20,30년납,전기납 6. 보험가격지수 및 보험료 기준 : 가입금액 1,000만원, 40세, 90세 만기, 20년납, 월납",15880058,,,
라이나생명,무배당전에없던치매간병보험(기본형),특약,무배당중증치매간병비보장특약(기본형),"피보험자가 보험기간 중 치매보장개시일 이후에 중증치매로 진단 확정되고 진단확정일을 최초로 하여 매년 중증치매 진단확정일에 살아있을 경우 (최초 24회 보증지급, 최대 종신 지급)",100만원,"1,000만원",47400  원,"38,200  원",,,,,,,보장성_상품비교_20260608162110819.xls,라이나생명,무배당전에없던치매간병보험(기본형),특약,무배당중증치매간병비보장특약(기본형),"피보험자가 보험기간 중 치매보장개시일 이후에 중증치매로 진단 확정되고 진단확정일을 최초로 하여 매년 중증치매 진단확정일에 살아있을 경우 (최초 24회 보증지급, 최대 종신 지급)",100만원,"1,000만원",47400  원,"38,200  원",2.25 %,-,-,141.5 %,135.5 %,-,-,-,-,순수보장,N,-,비갱신형,비유니버셜,TM,2026-04-01,"1. 가입나이 : 30세 ~ 최대 75세(다만, 보험기간 및 납입기간별로 상이) 2. 납입주기 : 월납 3. 가입한도 : 1,00만원 ~ 5,000만원 (다만, 연령별로 상이) 4. 보험기간 : 85,90세 만기 5. 보험료 납입기간 : 20,30년납,전기납 6. 보험가격지수 및 보험료 기준 : 가입금액 1,000만원, 40세, 90세 만기, 20년납, 월납",15880058,,,
라이나생명,무배당전에없던치매간병보험(기본형),특약,무배당집에서집중간병특약(기본형),"피보험자가 보험기간 중 재가급여 보장개시일 이후에 재가급여를 이용하였을 때 (재가급여 이용 1회당 지급하며, 월 1회 한도로 지급함)",10만원,"1,000만원",9900  원,"13,700  원",,,,,,,보장성_상품비교_20260608162110819.xls,라이나생명,무배당전에없던치매간병보험(기본형),특약,무배당집에서집중간병특약(기본형),"피보험자가 보험기간 중 재가급여 보장개시일 이후에 재가급여를 이용하였을 때 (재가급여 이용 1회당 지급하며, 월 1회 한도로 지급함)",10만원,"1,000만원",9900  원,"13,700  원",2.25 %,-,-,141.5 %,135.5 %,-,-,-,-,순수보장,N,-,비갱신형,비유니버셜,TM,2026-04-01,"1. 가입나이 : 30세 ~ 최대 75세(다만, 보험기간 및 납입기간별로 상이) 2. 납입주기 : 월납 3. 가입한도 : 1,00만원 ~ 5,000만원 (다만, 연령별로 상이) 4. 보험기간 : 85,90세 만기 5. 보험료 납입기간 : 20,30년납,전기납 6. 보험가격지수 및 보험료 기준 : 가입금액 1,000만원, 40세, 90세 만기, 20년납, 월납",15880058,,,
라이나생명,무배당전에없던치매간병보험(해약환급금미지급형),주계약,치매 재가급여 지원금,"피보험자가 보험기간 중 치매간병 보장개시일 이후에 ""치매""로 진단 확정되고 ""치매로 인한 재가급여""를 이용하였을 때",10만원,"1,000만원",4200  원,"5,600  원",,,,,,,보장성_상품비교_20260608162110819.xls,라이나생명,무배당전에없던치매간병보험(해약환급금미지급형),주계약,치매 재가급여 지원금,"피보험자가 보험기간 중 치매간병 보장개시일 이후에 ""치매""로 진단 확정되고 ""치매로 인한 재가급여""를 이용하였을 때",10만원,"1,000만원",4200  원,"5,600  원",2.25 %,-,-,156.7 %,148.2 %,-,-,-,-,무해지/저해지환급,N,-,비갱신형,비유니버셜,TM,2026-04-01,"1. 가입나이 : 30세 ~ 최대 75세(다만, 보험기간 및 납입기간별로 상이) 2. 납입주기 : 월납 3. 가입한도 : 1,00만원 ~ 5,000만원 (다만, 연령별로 상이) 4. 보험기간 : 85,90세 만기 5. 보험료 납입기간 : 20,30년납,전기납 6. 보험가격지수 및 보험료 기준 : 가입금액 1,000만원, 40세, 90세 만기, 20년납, 월납",15880058,,,
라이나생명,무배당전에없던치매간병보험(해약환급금미지급형),특약,무배당시설급여보장특약(해약환급금미지급형),"피보험자가 보험기간 중 시설급여를 이용하였을 때 (시설급여 이용 1회당 지급하며, 월 1회 한도로 지급함)",10만원,"1,000만원",1850  원,"3,460  원",,,,,,,보장성_상품비교_20260608162110819.xls,라이나생명,무배당전에없던치매간병보험(해약환급금미지급형),특약,무배당시설급여보장특약(해약환급금미지급형),"피보험자가 보험기간 중 시설급여를 이용하였을 때 (시설급여 이용 1회당 지급하며, 월 1회 한도로 지급함)",10만원,"1,000만원",1850  원,"3,460  원",2.25 %,-,-,156.7 %,148.2 %,-,-,-,-,무해지/저해지환급,N,-,비갱신형,비유니버셜,TM,2026-04-01,"1. 가입나이 : 30세 ~ 최대 75세(다만, 보험기간 및 납입기간별로 상이) 2. 납입주기 : 월납 3. 가입한도 : 1,00만원 ~ 5,000만원 (다만, 연령별로 상이) 4. 보험기간 : 85,90세 만기 5. 보험료 납입기간 : 20,30년납,전기납 6. 보험가격지수 및 보험료 기준 : 가입금액 1,000만원, 40세, 90세 만기, 20년납, 월납",15880058,,,
라이나생명,무배당전에없던치매간병보험(해약환급금미지급형),특약,무배당중증치매시설급여보장특약(해약환급금미지급형),"피보험자가 보험기간 중 치매간병 보장개시일 이후에 ""중증치매""로 진단 확정되고 중증치매로 인한 시설급여를 이용하였을 때 (중증치매로 인한 시설급여 이용 1회당 지급하며, 월 1회 한도로 지급함)",10만원,"1,000만원",550  원,950  원,,,,,,,보장성_상품비교_20260608162110819.xls,라이나생명,무배당전에없던치매간병보험(해약환급금미지급형),특약,무배당중증치매시설급여보장특약(해약환급금미지급형),"피보험자가 보험기간 중 치매간병 보장개시일 이후에 ""중증치매""로 진단 확정되고 중증치매로 인한 시설급여를 이용하였을 때 (중증치매로 인한 시설급여 이용 1회당 지급하며, 월 1회 한도로 지급함)",10만원,"1,000만원",550  원,950  원,2.25 %,-,-,156.7 %,148.2 %,-,-,-,-,무해지/저해지환급,N,-,비갱신형,비유니버셜,TM,2026-04-01,"1. 가입나이 : 30세 ~ 최대 75세(다만, 보험기간 및 납입기간별로 상이) 2. 납입주기 : 월납 3. 가입한도 : 1,00만원 ~ 5,000만원 (다만, 연령별로 상이) 4. 보험기간 : 85,90세 만기 5. 보험료 납입기간 : 20,30년납,전기납 6. 보험가격지수 및 보험료 기준 : 가입금액 1,000만원, 40세, 90세 만기, 20년납, 월납",15880058,,,
라이나생명,무배당전에없던치매간병보험(해약환급금미지급형),특약,무배당중증치매재가급여보장특약(해약환급금미지급형),"피보험자가 보험기간 중 치매간병 보장개시일 이후에 ""중증치매""로 진단 확정되고 중증치매로 인한 재가급여를 이용하였을 때 (중증치매로 인한 재가급여 이용 1회당 지급하며, 월 1회 한도로 지급함)",10만원,"1,000만원",48  원,64  원,,,,,,,보장성_상품비교_20260608162110819.xls,라이나생명,무배당전에없던치매간병보험(해약환급금미지급형),특약,무배당중증치매재가급여보장특약(해약환급금미지급형),"피보험자가 보험기간 중 치매간병 보장개시일 이후에 ""중증치매""로 진단 확정되고 중증치매로 인한 재가급여를 이용하였을 때 (중증치매로 인한 재가급여 이용 1회당 지급하며, 월 1회 한도로 지급함)",10만원,"1,000만원",48  원,64  원,2.25 %,-,-,156.7 %,148.2 %,-,-,-,-,무해지/저해지환급,N,-,비갱신형,비유니버셜,TM,2026-04-01,"1. 가입나이 : 30세 ~ 최대 75세(다만, 보험기간 및 납입기간별로 상이) 2. 납입주기 : 월납 3. 가입한도 : 1,00만원 ~ 5,000만원 (다만, 연령별로 상이) 4. 보험기간 : 85,90세 만기 5. 보험료 납입기간 : 20,30년납,전기납 6. 보험가격지수 및 보험료 기준 : 가입금액 1,000만원, 40세, 90세 만기, 20년납, 월납",15880058,,,
라이나생명,무배당전에없던치매간병보험(해약환급금미지급형),특약,무배당집에서집중간병특약(해약환급금미지급형),"피보험자가 보험기간 중 재가급여 보장개시일 이후에 재가급여를 이용하였을 때 (재가급여 이용 1회당 지급하며, 월 1회 한도로 지급함)",10만원,"1,000만원",7400  원,"10,100  원",,,,,,,보장성_상품비교_20260608162110819.xls,라이나생명,무배당전에없던치매간병보험(해약환급금미지급형),특약,무배당집에서집중간병특약(해약환급금미지급형),"피보험자가 보험기간 중 재가급여 보장개시일 이후에 재가급여를 이용하였을 때 (재가급여 이용 1회당 지급하며, 월 1회 한도로 지급함)",10만원,"1,000만원",7400  원,"10,100  원",2.25 %,-,-,156.7 %,148.2 %,-,-,-,-,무해지/저해지환급,N,-,비갱신형,비유니버셜,TM,2026-04-01,"1. 가입나이 : 30세 ~ 최대 75세(다만, 보험기간 및 납입기간별로 상이) 2. 납입주기 : 월납 3. 가입한도 : 1,00만원 ~ 5,000만원 (다만, 연령별로 상이) 4. 보험기간 : 85,90세 만기 5. 보험료 납입기간 : 20,30년납,전기납 6. 보험가격지수 및 보험료 기준 : 가입금액 1,000만원, 40세, 90세 만기, 20년납, 월납",15880058,,,
,,,간병인사용상해입원일당(5년후1.2배체증)(요양병원제외)(1일당8시간이상)(1일이상180일한도),"피보험자가 보험기간 중 상해로 요양병원을 제외한 병원 또는 의원에 입원하여 치료를 받으며,1일당 8시간 이상 간병인(약관상 정의한 간병인에 한합니다)을 사용하여 실질적으로 간병서비스를 이용한 경우",,,,,,,,,,,장기보장성 비교 공시 (11).xls,,,,간병인사용상해입원일당(5년후1.2배체증)(요양병원제외)(1일당8시간이상)(1일이상180일한도),"피보험자가 보험기간 중 상해로 요양병원을 제외한 병원 또는 의원에 입원하여 치료를 받으며,1일당 8시간 이상 간병인(약관상 정의한 간병인에 한합니다)을 사용하여 실질적으로 간병서비스를 이용한 경우",,,,,,,,,,,,,,,,,,,,,,,,,
,,,"간병인사용상해입원일당(요양,정신및한방병원제외)(1일당8시간이상)(181일이상)","피보험자가 보험기간 중 질병으로 요양병원, 정신병원 및 한방병원을 제외한 병원 또는 의원(한의원을 포함합니다)에 181일이상 계속 입원하여 치료를 받으며, 1일당 8시간 이상 간병인(약관상 정의한 간병인에 한합니다)을 사용하여 실질적으로 간병서비스를 이용한 경우",,,,,,,,,,,장기보장성 비교 공시 (11).xls,,,,"간병인사용상해입원일당(요양,정신및한방병원제외)(1일당8시간이상)(181일이상)","피보험자가 보험기간 중 질병으로 요양병원, 정신병원 및 한방병원을 제외한 병원 또는 의원(한의원을 포함합니다)에 181일이상 계속 입원하여 치료를 받으며, 1일당 8시간 이상 간병인(약관상 정의한 간병인에 한합니다)을 사용하여 실질적으로 간병서비스를 이용한 경우",,,,,,,,,,,,,,,,,,,,,,,,,
,,,간병인사용질병입원일당(5년후1.2배체증)(요양병원제외)(1일당8시간이상)(1일이상180일한도),"피보험자가 보험기간 중 질병의 치료를 목적으로 인하여 요양병원을 제외한 병원 또는 의원에 입원하여 치료를 받으며, 1일당 8시간 이상 간병인(약관상 정의한 간병인에 한합니다)을 사용하여 실질적으로 간병서비스를 이용한 경우",,,,,,,,,,,장기보장성 비교 공시 (11).xls,,,,간병인사용질병입원일당(5년후1.2배체증)(요양병원제외)(1일당8시간이상)(1일이상180일한도),"피보험자가 보험기간 중 질병의 치료를 목적으로 인하여 요양병원을 제외한 병원 또는 의원에 입원하여 치료를 받으며, 1일당 8시간 이상 간병인(약관상 정의한 간병인에 한합니다)을 사용하여 실질적으로 간병서비스를 이용한 경우",,,,,,,,,,,,,,,,,,,,,,,,,
,,,"간병인사용질병입원일당(요양,정신및한방병원제외)(1일당8시간이상)(181일이상)","피보험자가 보험기간 중 질병으로 요양병원, 정신병원 및 한방병원을 제외한 병원 또는 의원(한의원을 포함합니다)에 181일이상 계속 입원하여 치료를 받으며, 간병인(약관상 정의한 간병인에 한합니다)을 사용하여 실질적으로 간병서비스를 이용한 경우",,,,,,,,,,,장기보장성 비교 공시 (11).xls,,,,"간병인사용질병입원일당(요양,정신및한방병원제외)(1일당8시간이상)(181일이상)","피보험자가 보험기간 중 질병으로 요양병원, 정신병원 및 한방병원을 제외한 병원 또는 의원(한의원을 포함합니다)에 181일이상 계속 입원하여 치료를 받으며, 간병인(약관상 정의한 간병인에 한합니다)을 사용하여 실질적으로 간병서비스를 이용한 경우",,,,,,,,,,,,,,,,,,,,,,,,,
,,,간병인사용질병입원일당Ⅱ(5년후1.2배체증)(1일이상180일한도)(요양병원),"피보험자가 보험기간 중 질병의 치료를 목적으로 인하여 요양병원에 입원하여 치료를 받으며, 간병인(약관상 정의한 간병인에 한합니다)을 사용하여 실질적으로 간병서비스를 이용한 경우",,,,,,,,,,,장기보장성 비교 공시 (11).xls,,,,간병인사용질병입원일당Ⅱ(5년후1.2배체증)(1일이상180일한도)(요양병원),"피보험자가 보험기간 중 질병의 치료를 목적으로 인하여 요양병원에 입원하여 치료를 받으며, 간병인(약관상 정의한 간병인에 한합니다)을 사용하여 실질적으로 간병서비스를 이용한 경우",,,,,,,,,,,,,,,,,,,,,,,,,
,,,간호·간병통합서비스사용 상해입원일당(요양/정신/한방병원제외)(181일이상),"피보험자가 보험기간 중 상해로 요양병원, 정신병원 및 한방병원을 제외한 병원(한의원을 포함)에 181일이상 계속 입원하여 치료를 받으며, 간호·간병통합서비스를 사용한 경우에는 사용한 날에 대하여 181일째 입원일로부터 1일당 가입금액 지급",,,,,,,,,,,장기보장성 비교 공시 (11).xls,,,,간호·간병통합서비스사용 상해입원일당(요양/정신/한방병원제외)(181일이상),"피보험자가 보험기간 중 상해로 요양병원, 정신병원 및 한방병원을 제외한 병원(한의원을 포함)에 181일이상 계속 입원하여 치료를 받으며, 간호·간병통합서비스를 사용한 경우에는 사용한 날에 대하여 181일째 입원일로부터 1일당 가입금액 지급",,,,,,,,,,,,,,,,,,,,,,,,,
,,,간호·간병통합서비스사용 질병입원일당(요양/정신/한방병원제외)(181일이상),"피보험자가 보험기간 중 질병으로 요양병원, 정신병원 및 한방병원을 제외한 병원(한의원을 포함)에 181일이상 계속 입원하여 치료를 받으며, 간호·간병통합서비스를 사용한 경우에는 사용한 날에 대하여 181일째 입원일로부터 1일당 가입금액 지급",,,,,,,,,,,장기보장성 비교 공시 (11).xls,,,,간호·간병통합서비스사용 질병입원일당(요양/정신/한방병원제외)(181일이상),"피보험자가 보험기간 중 질병으로 요양병원, 정신병원 및 한방병원을 제외한 병원(한의원을 포함)에 181일이상 계속 입원하여 치료를 받으며, 간호·간병통합서비스를 사용한 경우에는 사용한 날에 대하여 181일째 입원일로부터 1일당 가입금액 지급",,,,,,,,,,,,,,,,,,,,,,,,,
,,,간호·간병통합서비스사용상해입원일당(1일이상180일한도),"피보험자가 보험기간 중 상해로 요양병원을 제외한 병원에 입원하여 치료를 받으며, 간호·간병통합서비를 사용한 경우에는 사용한 날에 대하여 1일당 가입금액 지급",,,,,,,,,,,장기보장성 비교 공시 (11).xls,,,,간호·간병통합서비스사용상해입원일당(1일이상180일한도),"피보험자가 보험기간 중 상해로 요양병원을 제외한 병원에 입원하여 치료를 받으며, 간호·간병통합서비를 사용한 경우에는 사용한 날에 대하여 1일당 가입금액 지급",,,,,,,,,,,,,,,,,,,,,,,,,
,,,간호·간병통합서비스사용질병입원일당Ⅱ(1일이상180일한도),"피보험자가 보험기간 중 질병의 치료를 목적으로 인하여 요양병원을 제외한 병원에 입원하여 치료를 받으며, 간호·간병통합서비스를 사용한 경우에는 사용한 날에 대하여 1일당 가입금액 지급",,,,,,,,,,,장기보장성 비교 공시 (11).xls,,,,간호·간병통합서비스사용질병입원일당Ⅱ(1일이상180일한도),"피보험자가 보험기간 중 질병의 치료를 목적으로 인하여 요양병원을 제외한 병원에 입원하여 치료를 받으며, 간호·간병통합서비스를 사용한 경우에는 사용한 날에 대하여 1일당 가입금액 지급",,,,,,,,,,,,,,,,,,,,,,,,,
,,,장기간병요양진단비(1~3등급),"피보험자가 해당 특별약관 보험기간 중에 노인장기요양보험 수급대상으로 인정되어 국민건강보험 등급판정위원회에 의해 1등급, 2등급 또는 3등급의 장기요양등급 판정을 받은 경우","보험가입금액(2,000만원)",,,,,,,,,,장기보장성 비교 공시 (11).xls,,,,장기간병요양진단비(1~3등급),"피보험자가 해당 특별약관 보험기간 중에 노인장기요양보험 수급대상으로 인정되어 국민건강보험 등급판정위원회에 의해 1등급, 2등급 또는 3등급의 장기요양등급 판정을 받은 경우","보험가입금액(2,000만원)",,,,,,,,,,,,,,,,,,,,,,,,
,,,장기간병요양진단비(1~4등급),"피보험자가 해당 특별약관 보험기간 중에 노인장기요양보험 수급대상으로 인정되어 국민건강보험 등급판정위원회에 의해 1등급, 2등급, 3등급 또는 4등급의 장기요양등급 판정을 받은 경우",,,,,,,,,,,장기보장성 비교 공시 (11).xls,,,,장기간병요양진단비(1~4등급),"피보험자가 해당 특별약관 보험기간 중에 노인장기요양보험 수급대상으로 인정되어 국민건강보험 등급판정위원회에 의해 1등급, 2등급, 3등급 또는 4등급의 장기요양등급 판정을 받은 경우",,,,,,,,,,,,,,,,,,,,,,,,,
,,,장기간병요양진단비(1~5등급),"피보험자가 해당 특별약관 보험기간 중에 노인장기요양보험 수급대상으로 인정되어 국민건강보험 등급판정위원회에 의해 1등급, 2등급, 3등급, 4등급 또는 5등급의 장기요양등급 판정을 받은 경우","보험가입금액(1,000만원)",,,,,,,,,,장기보장성 비교 공시 (11).xls,,,,장기간병요양진단비(1~5등급),"피보험자가 해당 특별약관 보험기간 중에 노인장기요양보험 수급대상으로 인정되어 국민건강보험 등급판정위원회에 의해 1등급, 2등급, 3등급, 4등급 또는 5등급의 장기요양등급 판정을 받은 경우","보험가입금액(1,000만원)",,,,,,,,,,,,,,,,,,,,,,,,
,,,장기간병요양진단비(1등급),피보험자가 해당 특별약관 보험기간 중에 노인장기요양보험 수급대상으로 인정되어 국민건강보험 등급판정위원회에 의해 1등급의 장기요양등급 판정을 받은 경우,"보험가입금액(5,000만원)",,,,,,,,,,장기보장성 비교 공시 (11).xls,,,,장기간병요양진단비(1등급),피보험자가 해당 특별약관 보험기간 중에 노인장기요양보험 수급대상으로 인정되어 국민건강보험 등급판정위원회에 의해 1등급의 장기요양등급 판정을 받은 경우,"보험가입금액(5,000만원)",,,,,,,,,,,,,,,,,,,,,,,,
,,,장기간병요양진단비(인지지원등급),피보험자가 해당 특별약관 보험기간 중에 노인장기요양보험 수급대상으로 인정되어 국민건강보험 등급판정위원회에 의해 인지지원등급의 장기요양등급 판정을 받은 경우,보험가입금액(500만원),,,,,,,,,,장기보장성 비교 공시 (11).xls,,,,장기간병요양진단비(인지지원등급),피보험자가 해당 특별약관 보험기간 중에 노인장기요양보험 수급대상으로 인정되어 국민건강보험 등급판정위원회에 의해 인지지원등급의 장기요양등급 판정을 받은 경우,보험가입금액(500만원),,,,,,,,,,,,,,,,,,,,,,,,
,,,중등도이상 치매간병비,보험기간 중 진단확정된 질병 또는 상해로 중등도이상 치매 보장개시일 이후에 「중등도이상 치매상태」로 진단확정되었을 때,"2,000만원",,,,,,,,,,장기보장성 비교 공시 (5).xls,,,,중등도이상 치매간병비,보험기간 중 진단확정된 질병 또는 상해로 중등도이상 치매 보장개시일 이후에 「중등도이상 치매상태」로 진단확정되었을 때,"2,000만원",,,,,,,,,,,,,,,,,,,,,,,,
,,,중증치매간병비,보험기간 중 진단확정된 질병 또는 상해로 「중증치매상태」로 진단확정되었을 때,"11,000만원",,,,,,,,,,장기보장성 비교 공시 (5).xls,,,,중증치매간병비,보험기간 중 진단확정된 질병 또는 상해로 「중증치매상태」로 진단확정되었을 때,"11,000만원",,,,,,,,,,,,,,,,,,,,,,,,
,,,중등도이상 치매간병비,보험기간 중 진단확정된 질병 또는 상해로 중등도이상 치매 보장개시일 이후에 「중등도이상 치매상태」로 진단확정되었을 때,"2,000만원",,,,,,,,,,장기보장성 비교 공시 (5).xls,,,,중등도이상 치매간병비,보험기간 중 진단확정된 질병 또는 상해로 중등도이상 치매 보장개시일 이후에 「중등도이상 치매상태」로 진단확정되었을 때,"2,000만원",,,,,,,,,,,,,,,,,,,,,,,,
,,,중증치매간병비,보험기간 중 진단확정된 질병 또는 상해로 「중증치매상태」로 진단확정되었을 때,"11,000만원",,,,,,,,,,장기보장성 비교 공시 (5).xls,,,,중증치매간병비,보험기간 중 진단확정된 질병 또는 상해로 「중증치매상태」로 진단확정되었을 때,"11,000만원",,,,,,,,,,,,,,,,,,,,,,,,
,,,중등도이상 치매간병비,보험기간 중 진단확정된 질병 또는 상해로 중등도이상 치매 보장개시일 이후에 「중등도이상 치매상태」로 진단확정되었을 때,"2,000만원",,,,,,,,,,장기보장성 비교 공시 (5).xls,,,,중등도이상 치매간병비,보험기간 중 진단확정된 질병 또는 상해로 중등도이상 치매 보장개시일 이후에 「중등도이상 치매상태」로 진단확정되었을 때,"2,000만원",,,,,,,,,,,,,,,,,,,,,,,,
,,,중증치매간병비,보험기간 중 진단확정된 질병 또는 상해로 「중증치매상태」로 진단확정되었을 때,"11,000만원",,,,,,,,,,장기보장성 비교 공시 (5).xls,,,,중증치매간병비,보험기간 중 진단확정된 질병 또는 상해로 「중증치매상태」로 진단확정되었을 때,"11,000만원",,,,,,,,,,,,,,,,,,,,,,,,
,,,중등도이상 치매간병비,보험기간 중 진단확정된 질병 또는 상해로 중등도이상 치매 보장개시일 이후에 「중등도이상 치매상태」로 진단확정되었을 때,"2,000만원",,,,,,,,,,장기보장성 비교 공시 (5).xls,,,,중등도이상 치매간병비,보험기간 중 진단확정된 질병 또는 상해로 중등도이상 치매 보장개시일 이후에 「중등도이상 치매상태」로 진단확정되었을 때,"2,000만원",,,,,,,,,,,,,,,,,,,,,,,,
,,,중증치매간병비,보험기간 중 진단확정된 질병 또는 상해로 「중증치매상태」로 진단확정되었을 때,"11,000만원",,,,,,,,,,장기보장성 비교 공시 (5).xls,,,,중증치매간병비,보험기간 중 진단확정된 질병 또는 상해로 「중증치매상태」로 진단확정되었을 때,"11,000만원",,,,,,,,,,,,,,,,,,,,,,,,
메리츠화재,(무) 메리츠 차곡차곡 마음편한 장기간병보험2601(일반심사형)(1종),(무) 메리츠 차곡차곡 마음편한 장기간병보험2601(일반심사형)(1종),경증이상치매간병비,질병 또는 상해로 경증이상 치매 보장개시일 이후에 「경증이상 치매상태」로 진단확정되었을 때,500만원,"384,200","349,860",102.1,,,,,,,장기보장성 비교 공시 (5).xls,,메리츠화재,(무) 메리츠 차곡차곡 마음편한 장기간병보험2601(일반심사형)(1종),경증이상치매간병비,질병 또는 상해로 경증이상 치매 보장개시일 이후에 「경증이상 치매상태」로 진단확정되었을 때,500만원,"384,200","349,860",102.1,103.3,,,,,,,,,,,,,,,,,,,,
,,,중등도이상치매간병비,진단확정된 질병 또는 상해로 중등도이상 치매 보장개시일 이후에 「중등도이상 치매상태」로 진단확정되었을 때,"2,000만원",,,,,,,,,,장기보장성 비교 공시 (5).xls,,,,중등도이상치매간병비,진단확정된 질병 또는 상해로 중등도이상 치매 보장개시일 이후에 「중등도이상 치매상태」로 진단확정되었을 때,"2,000만원",,,,,,,,,,,,,,,,,,,,,,,,
,,,중증치매간병비,진단확정된 질병 또는 상해로 「중증치매상태」로 진단확정되었을 때,"11,000만원",,,,,,,,,,장기보장성 비교 공시 (5).xls,,,,중증치매간병비,진단확정된 질병 또는 상해로 「중증치매상태」로 진단확정되었을 때,"11,000만원",,,,,,,,,,,,,,,,,,,,,,,,
메리츠화재,(무) 메리츠 차곡차곡 마음편한 장기간병보험2601(일반심사형)(2종),(무) 메리츠 차곡차곡 마음편한 장기간병보험2601(일반심사형)(2종),경증이상치매간병비,질병 또는 상해로 경증이상 치매 보장개시일 이후에 「경증이상 치매상태」로 진단확정되었을 때,500만원,"385,040","350,425",102.2,,,,,,,장기보장성 비교 공시 (5).xls,,메리츠화재,(무) 메리츠 차곡차곡 마음편한 장기간병보험2601(일반심사형)(2종),경증이상치매간병비,질병 또는 상해로 경증이상 치매 보장개시일 이후에 「경증이상 치매상태」로 진단확정되었을 때,500만원,"385,040","350,425",102.2,103.4,,,,,,,,,,,,,,,,,,,,
,,,중등도이상치매간병비,진단확정된 질병 또는 상해로 중등도이상 치매 보장개시일 이후에 「중등도이상 치매상태」로 진단확정되었을 때,"2,000만원",,,,,,,,,,장기보장성 비교 공시 (5).xls,,,,중등도이상치매간병비,진단확정된 질병 또는 상해로 중등도이상 치매 보장개시일 이후에 「중등도이상 치매상태」로 진단확정되었을 때,"2,000만원",,,,,,,,,,,,,,,,,,,,,,,,
,,,중증치매간병비,진단확정된 질병 또는 상해로 「중증치매상태」로 진단확정되었을 때,"11,000만원",,,,,,,,,,장기보장성 비교 공시 (5).xls,,,,중증치매간병비,진단확정된 질병 또는 상해로 「중증치매상태」로 진단확정되었을 때,"11,000만원",,,,,,,,,,,,,,,,,,,,,,,,
한화손보,"한화 NEW RICH 간병보험 (무)2604 1종(5년납, 납입중50‰해약환급금지급형Ⅱ, 일반고지형)","한화 NEW RICH 간병보험 (무)2604 1종(5년납, 납입중50‰해약환급금지급형Ⅱ, 일반고지형)","경증이상치매진단비(CDR1점이상,90일이상)",보장개시일 이후 약관에서 정한 '경증이상치매상태'로 진단확정시(최초1회한),1000만,"2,118,370","2,002,780",159.1,,,,,,,장기보장성 비교 공시 (5).xls,,한화손보,"한화 NEW RICH 간병보험 (무)2604 1종(5년납, 납입중50‰해약환급금지급형Ⅱ, 일반고지형)","경증이상치매진단비(CDR1점이상,90일이상)",보장개시일 이후 약관에서 정한 '경증이상치매상태'로 진단확정시(최초1회한),1000만,"2,118,370","2,002,780",159.1,161.1,,,,,,,,,,,,,,,,,,,,
한화손보,"한화 NEW RICH 간병보험 (무)2604 2종(7,10년납, 납입중50‰해약환급금지급형, 일반고지형)","한화 NEW RICH 간병보험 (무)2604 2종(7,10년납, 납입중50‰해약환급금지급형, 일반고지형)","경증이상치매진단비(CDR1점이상,90일이상)",보장개시일 이후 약관에서 정한 '경증이상치매상태'로 진단확정시(최초1회한),1000만,"1,129,050","1,070,860",168.8,,,,,,,장기보장성 비교 공시 (5).xls,,한화손보,"한화 NEW RICH 간병보험 (무)2604 2종(7,10년납, 납입중50‰해약환급금지급형, 일반고지형)","경증이상치매진단비(CDR1점이상,90일이상)",보장개시일 이후 약관에서 정한 '경증이상치매상태'로 진단확정시(최초1회한),1000만,"1,129,050","1,070,860",168.8,171.4,,,,,,,,,,,,,,,,,,,,
한화손보,"한화 NEW RICH 간병보험 (무)2604 3종(15년납, 10년50‰해약환급금지급형, 일반고지형)","한화 NEW RICH 간병보험 (무)2604 3종(15년납, 10년50‰해약환급금지급형, 일반고지형)","경증이상치매진단비(CDR1점이상,90일이상)",보장개시일 이후 약관에서 정한 '경증이상치매상태'로 진단확정시(최초1회한),1000만,"846,370","804,570",176.6,,,,,,,장기보장성 비교 공시 (5).xls,,한화손보,"한화 NEW RICH 간병보험 (무)2604 3종(15년납, 10년50‰해약환급금지급형, 일반고지형)","경증이상치매진단비(CDR1점이상,90일이상)",보장개시일 이후 약관에서 정한 '경증이상치매상태'로 진단확정시(최초1회한),1000만,"846,370","804,570",176.6,179.7,,,,,,,,,,,,,,,,,,,,
한화손보,"한화 NEW RICH 간병보험 (무)2604 4종(5년납, 표준형, 일반고지형)","한화 NEW RICH 간병보험 (무)2604 4종(5년납, 표준형, 일반고지형)","경증이상치매진단비(CDR1점이상,90일이상)",보장개시일 이후 약관에서 정한 '경증이상치매상태'로 진단확정시(최초1회한),1000만,"2,220,980","2,099,440",154.6,,,,,,,장기보장성 비교 공시 (5).xls,,한화손보,"한화 NEW RICH 간병보험 (무)2604 4종(5년납, 표준형, 일반고지형)","경증이상치매진단비(CDR1점이상,90일이상)",보장개시일 이후 약관에서 정한 '경증이상치매상태'로 진단확정시(최초1회한),1000만,"2,220,980","2,099,440",154.6,156.4,,,,,,,,,,,,,,,,,,,,
한화손보,"한화 NEW RICH 간병보험 (무)2604 5종(7,10년납, 표준형, 일반고지형)","한화 NEW RICH 간병보험 (무)2604 5종(7,10년납, 표준형, 일반고지형)","경증이상치매진단비(CDR1점이상,90일이상)(간편)",보장개시일 이후 약관에서 정한 '경증이상치매상태'로 진단확정시(최초1회한),1000만,"1,234,230","1,169,900",161.8,,,,,,,장기보장성 비교 공시 (5).xls,,한화손보,"한화 NEW RICH 간병보험 (무)2604 5종(7,10년납, 표준형, 일반고지형)","경증이상치매진단비(CDR1점이상,90일이상)(간편)",보장개시일 이후 약관에서 정한 '경증이상치매상태'로 진단확정시(최초1회한),1000만,"1,234,230","1,169,900",161.8,164.1,,,,,,,,,,,,,,,,,,,,
한화손보,"한화 NEW RICH 간병보험 (무)2604 6종(15년납, 표준형, 일반고지형)","한화 NEW RICH 간병보험 (무)2604 6종(15년납, 표준형, 일반고지형)","경증이상치매진단비(CDR1점이상,90일이상)(간편)",보장개시일 이후 약관에서 정한 '경증이상치매상태'로 진단확정시(최초1회한),1000만,"896,160","851,230",166.1,,,,,,,장기보장성 비교 공시 (5).xls,,한화손보,"한화 NEW RICH 간병보험 (무)2604 6종(15년납, 표준형, 일반고지형)","경증이상치매진단비(CDR1점이상,90일이상)(간편)",보장개시일 이후 약관에서 정한 '경증이상치매상태'로 진단확정시(최초1회한),1000만,"896,160","851,230",166.1,168.9,,,,,,,,,,,,,,,,,,,,
한화손보,"한화 프리미엄 RICH 간병보험 (무)2604 1종(차움건강검진할인형, 10년50‰해약환급금지급형, 일반고지형)","한화 프리미엄 RICH 간병보험 (무)2604 1종(차움건강검진할인형, 10년50‰해약환급금지급형, 일반고지형)","경증이상치매진단비(CDR1점이상,90일이상)(간편)",보장개시일 이후 약관에서 정한 '경증이상치매상태'로 진단확정시(최초1회한),1000만,"846,370","804,570",176.6,,,,,,,장기보장성 비교 공시 (5).xls,,한화손보,"한화 프리미엄 RICH 간병보험 (무)2604 1종(차움건강검진할인형, 10년50‰해약환급금지급형, 일반고지형)","경증이상치매진단비(CDR1점이상,90일이상)(간편)",보장개시일 이후 약관에서 정한 '경증이상치매상태'로 진단확정시(최초1회한),1000만,"846,370","804,570",176.6,179.7,,,,,,,,,,,,,,,,,,,,
한화손보,"한화 프리미엄 RICH 간병보험 (무)2604 2종(차움건강검진할인형, 표준형, 일반고지형)","한화 프리미엄 RICH 간병보험 (무)2604 2종(차움건강검진할인형, 표준형, 일반고지형)","경증이상치매진단비(CDR1점이상,90일이상)(간편)",보장개시일 이후 약관에서 정한 '경증이상치매상태'로 진단확정시(최초1회한),1000만,"896,160","851,230",166.1,,,,,,,장기보장성 비교 공시 (5).xls,,한화손보,"한화 프리미엄 RICH 간병보험 (무)2604 2종(차움건강검진할인형, 표준형, 일반고지형)","경증이상치매진단비(CDR1점이상,90일이상)(간편)",보장개시일 이후 약관에서 정한 '경증이상치매상태'로 진단확정시(최초1회한),1000만,"896,160","851,230",166.1,168.9,,,,,,,,,,,,,,,,,,,,
한화손보,"한화 치매간병보험 (무)2604 1종(납입후50‰해약환급금지급형, 일반고지형)","한화 치매간병보험 (무)2604 1종(납입후50‰해약환급금지급형, 일반고지형)","경증이상치매진단비(CDR1점이상,90일이상)",보장개시일 이후 약관에서 정한 '경증이상치매상태'로 진단확정시(최초1회한),보험가입금액(질병이 원인인 경우 가입 후 1년간 보장 제외),"293,290","273,050",102.8,,,,,,,장기보장성 비교 공시 (5).xls,,한화손보,"한화 치매간병보험 (무)2604 1종(납입후50‰해약환급금지급형, 일반고지형)","경증이상치매진단비(CDR1점이상,90일이상)",보장개시일 이후 약관에서 정한 '경증이상치매상태'로 진단확정시(최초1회한),보험가입금액(질병이 원인인 경우 가입 후 1년간 보장 제외),"293,290","273,050",102.8,102.8,,,,,,,,,,,,,,,,,,,,
한화손보,"한화 치매간병보험 (무)2604 2종(납입중50‰해약환급금지급형, 일반고지형)","한화 치매간병보험 (무)2604 2종(납입중50‰해약환급금지급형, 일반고지형)","경증이상치매진단비(CDR1점이상,90일이상)",보장개시일 이후 약관에서 정한 '경증이상치매상태'로 진단확정시(최초1회한),보험가입금액(질병이 원인인 경우 가입 후 1년간 보장 제외),"349,640","325,300",98.5,,,,,,,장기보장성 비교 공시 (5).xls,,한화손보,"한화 치매간병보험 (무)2604 2종(납입중50‰해약환급금지급형, 일반고지형)","경증이상치매진단비(CDR1점이상,90일이상)",보장개시일 이후 약관에서 정한 '경증이상치매상태'로 진단확정시(최초1회한),보험가입금액(질병이 원인인 경우 가입 후 1년간 보장 제외),"349,640","325,300",98.5,98.4,,,,,,,,,,,,,,,,,,,,
한화손보,"한화 치매간병보험 (무)2604 3종(기본형, 일반고지형)","한화 치매간병보험 (무)2604 3종(기본형, 일반고지형)","경증이상치매진단비(CDR1점이상,90일이상)",보장개시일 이후 약관에서 정한 '경증이상치매상태'로 진단확정시(최초1회한),보험가입금액(질병이 원인인 경우 가입 후 1년간 보장 제외),"395,840","369,640",92.2,,,,,,,장기보장성 비교 공시 (5).xls,,한화손보,"한화 치매간병보험 (무)2604 3종(기본형, 일반고지형)","경증이상치매진단비(CDR1점이상,90일이상)",보장개시일 이후 약관에서 정한 '경증이상치매상태'로 진단확정시(최초1회한),보험가입금액(질병이 원인인 경우 가입 후 1년간 보장 제외),"395,840","369,640",92.2,92.2,,,,,,,,,,,,,,,,,,,,
롯데손보,(무) 간병보험(2604)_1종,(무) 간병보험(2604)_1종,[보통약관] 장기요양자금(1등급)(간편맞춤형Ⅱ)(갱신형),국민건강보험공단 등급판정위원회에 의해 1등급의 장기요양등급을 판정받아 노인장기요양보험 수급대상(1등급)으로 인정된 경우,보험가입금액,"2,798","3,080",101.5,,,,,,,장기보장성 비교 공시 (5).xls,,롯데손보,(무) 간병보험(2604)_1종,[보통약관] 장기요양자금(1등급)(간편맞춤형Ⅱ)(갱신형),국민건강보험공단 등급판정위원회에 의해 1등급의 장기요양등급을 판정받아 노인장기요양보험 수급대상(1등급)으로 인정된 경우,보험가입금액,"2,798","3,080",101.5,103,,,,,,,,,,,,,,,,,,,,
롯데손보,(무) 간병보험(2604)_2종,(무) 간병보험(2604)_2종,[보통약관] 장기요양자금(1등급)(간편맞춤형Ⅱ)(갱신형),국민건강보험공단 등급판정위원회에 의해 1등급의 장기요양등급을 판정받아 노인장기요양보험 수급대상(1등급)으로 인정된 경우,보험가입금액,"2,496","2,726",98.1,,,,,,,장기보장성 비교 공시 (5).xls,,롯데손보,(무) 간병보험(2604)_2종,[보통약관] 장기요양자금(1등급)(간편맞춤형Ⅱ)(갱신형),국민건강보험공단 등급판정위원회에 의해 1등급의 장기요양등급을 판정받아 노인장기요양보험 수급대상(1등급)으로 인정된 경우,보험가입금액,"2,496","2,726",98.1,99.3,,,,,,,,,,,,,,,,,,,,
롯데손보,(무) 간병보험(2604)_3종,(무) 간병보험(2604)_3종,[보통약관] 장기요양자금(1등급)(간편맞춤형Ⅱ)(갱신형),국민건강보험공단 등급판정위원회에 의해 1등급의 장기요양등급을 판정받아 노인장기요양보험 수급대상(1등급)으로 인정된 경우,보험가입금액,"3,260","3,802",104,,,,,,,장기보장성 비교 공시 (5).xls,,롯데손보,(무) 간병보험(2604)_3종,[보통약관] 장기요양자금(1등급)(간편맞춤형Ⅱ)(갱신형),국민건강보험공단 등급판정위원회에 의해 1등급의 장기요양등급을 판정받아 노인장기요양보험 수급대상(1등급)으로 인정된 경우,보험가입금액,"3,260","3,802",104,103.8,,,,,,,,,,,,,,,,,,,,
롯데손보,(무) 간병보험(2604)_4종,(무) 간병보험(2604)_4종,[보통약관] 장기요양자금(1등급)(간편맞춤형Ⅱ)(갱신형),국민건강보험공단 등급판정위원회에 의해 1등급의 장기요양등급을 판정받아 노인장기요양보험 수급대상(1등급)으로 인정된 경우,보험가입금액,"2,914","3,366",100.9,,,,,,,장기보장성 비교 공시 (5).xls,,롯데손보,(무) 간병보험(2604)_4종,[보통약관] 장기요양자금(1등급)(간편맞춤형Ⅱ)(갱신형),국민건강보험공단 등급판정위원회에 의해 1등급의 장기요양등급을 판정받아 노인장기요양보험 수급대상(1등급)으로 인정된 경우,보험가입금액,"2,914","3,366",100.9,100.5,,,,,,,,,,,,,,,,,,,,
롯데손보,"(무) let:care 치매간병보험(2605)_1종(일반심사, 연만기, 보험기간연장형)","(무) let:care 치매간병보험(2605)_1종(일반심사, 연만기, 보험기간연장형)",경증이상치매진단비[일반심사형/간편심사형Ⅶ],경증이상치매상태로 진단확정된 경우,보험가입금액,"118,240","81,790",106.6,,,,,,,장기보장성 비교 공시 (5).xls,,롯데손보,"(무) let:care 치매간병보험(2605)_1종(일반심사, 연만기, 보험기간연장형)",경증이상치매진단비[일반심사형/간편심사형Ⅶ],경증이상치매상태로 진단확정된 경우,보험가입금액,"118,240","81,790",106.6,109.5,,,,,,,,,,,,,,,,,,,,
현대해상,(무)현대해상퍼펙트케어간병보험(Hi2601) 4종,(무)현대해상퍼펙트케어간병보험(Hi2601) 4종,경도치매진단(CDR1점이상)(간편가입Ⅲ),경도이상치매상태로 진단확정된 경우(최초 1회한),1천만원,"403,110","367,840",112.9,,,,,,,장기보장성 비교 공시 (5).xls,,현대해상,(무)현대해상퍼펙트케어간병보험(Hi2601) 4종,경도치매진단(CDR1점이상)(간편가입Ⅲ),경도이상치매상태로 진단확정된 경우(최초 1회한),1천만원,"403,110","367,840",112.9,113.2,,,,,,,,,,,,,,,,,,,,
현대해상,(무)현대해상퍼펙트케어간병보험(Hi2601) 3종,(무)현대해상퍼펙트케어간병보험(Hi2601) 3종,경도치매진단(CDR1점이상)(간편가입Ⅲ),경도이상치매상태로 진단확정된 경우(최초 1회한),1천만원,"462,640","422,430",106.8,,,,,,,장기보장성 비교 공시 (5).xls,,현대해상,(무)현대해상퍼펙트케어간병보험(Hi2601) 3종,경도치매진단(CDR1점이상)(간편가입Ⅲ),경도이상치매상태로 진단확정된 경우(최초 1회한),1천만원,"462,640","422,430",106.8,107.2,,,,,,,,,,,,,,,,,,,,
현대해상,(무)현대해상퍼펙트케어간병보험(Hi2601) 2종,(무)현대해상퍼펙트케어간병보험(Hi2601) 2종,경도치매진단(CDR1점이상),경도이상치매상태로 진단확정된 경우(최초 1회한),1천만원,"365,120","332,180",102.3,,,,,,,장기보장성 비교 공시 (5).xls,,현대해상,(무)현대해상퍼펙트케어간병보험(Hi2601) 2종,경도치매진단(CDR1점이상),경도이상치매상태로 진단확정된 경우(최초 1회한),1천만원,"365,120","332,180",102.3,102.2,,,,,,,,,,,,,,,,,,,,
현대해상,(무)현대해상퍼펙트케어간병보험(Hi2601) 1종,(무)현대해상퍼펙트케어간병보험(Hi2601) 1종,경도치매진단(CDR1점이상),경도이상치매상태로 진단확정된 경우(최초 1회한),1천만원,"419,080","381,320",96.8,,,,,,,장기보장성 비교 공시 (5).xls,,현대해상,(무)현대해상퍼펙트케어간병보험(Hi2601) 1종,경도치매진단(CDR1점이상),경도이상치매상태로 진단확정된 경우(최초 1회한),1천만원,"419,080","381,320",96.8,96.8,,,,,,,,,,,,,,,,,,,,
KB손보,KB 골든라이프케어 간병보험(무배당)(26.01)_2종 일반형_2형 표준형해약환급금의 50‰지급형(납입기간이후),KB 골든라이프케어 간병보험(무배당)(26.01)_2종 일반형_2형 표준형해약환급금의 50‰지급형(납입기간이후),경증이상치매진단비,경증이상치매상태의 보장개시일이후에 상해 또는 질병으로 경증이상치매상태로 진단확정된 경우,보험가입금액(최초1회한),"117,785","104,315",110,,,,,,,장기보장성 비교 공시 (5).xls,,KB손보,KB 골든라이프케어 간병보험(무배당)(26.01)_2종 일반형_2형 표준형해약환급금의 50‰지급형(납입기간이후),경증이상치매진단비,경증이상치매상태의 보장개시일이후에 상해 또는 질병으로 경증이상치매상태로 진단확정된 경우,보험가입금액(최초1회한),"117,785","104,315",110,110,,,,,,,,,,,,,,,,,,,,
KB손보,KB 골든라이프케어 간병보험(무배당)(26.01)_2종 일반형_1형 해약환급금지급형,KB 골든라이프케어 간병보험(무배당)(26.01)_2종 일반형_1형 해약환급금지급형,경증이상치매진단비,경증이상치매상태의 보장개시일이후에 상해 또는 질병으로 경증이상치매상태로 진단확정된 경우,보험가입금액(최초1회한),"158,840","141,055",97.5,,,,,,,장기보장성 비교 공시 (5).xls,,KB손보,KB 골든라이프케어 간병보험(무배당)(26.01)_2종 일반형_1형 해약환급금지급형,경증이상치매진단비,경증이상치매상태의 보장개시일이후에 상해 또는 질병으로 경증이상치매상태로 진단확정된 경우,보험가입금액(최초1회한),"158,840","141,055",97.5,97.4,,,,,,,,,,,,,,,,,,,,
KB손보,KB 골든라이프케어 간병보험(무배당)(26.01)_1종 만기연장형_1형 해약환급금지급형,KB 골든라이프케어 간병보험(무배당)(26.01)_1종 만기연장형_1형 해약환급금지급형,경증이상치매진단비,경증이상치매상태의 보장개시일이후에 상해 또는 질병으로 경증이상치매상태로 진단확정된 경우,보험가입금액(최초1회한),"107,930","100,830",97.4,,,,,,,장기보장성 비교 공시 (5).xls,,KB손보,KB 골든라이프케어 간병보험(무배당)(26.01)_1종 만기연장형_1형 해약환급금지급형,경증이상치매진단비,경증이상치매상태의 보장개시일이후에 상해 또는 질병으로 경증이상치매상태로 진단확정된 경우,보험가입금액(최초1회한),"107,930","100,830",97.4,97.3,,,,,,,,,,,,,,,,,,,,
DB손보,(무)참좋은더보장간병보험2601(1종),(무)참좋은더보장간병보험2601(1종),경증이상 치매진단비,피보험자가 해당 특별약관 경증이상치매보장개시일(질병으로 인한 치매의 경우 계약일로부터 1년이 지난날의 다음날) 이후에 진단확정된 질병 또는 상해로 인해 경증이상 인지기능의 장애(CDR척도 1점이상에 해당하는 상태가 90일이상 계속되어 더 이상의 호전을 기대할 수 없는 상태)가 발생한 상태로 진단확정된 경우,"보험가입금액(1,000만원)","422,335","438,045",87.6,,,,,,,장기보장성 비교 공시 (5).xls,,DB손보,(무)참좋은더보장간병보험2601(1종),경증이상 치매진단비,피보험자가 해당 특별약관 경증이상치매보장개시일(질병으로 인한 치매의 경우 계약일로부터 1년이 지난날의 다음날) 이후에 진단확정된 질병 또는 상해로 인해 경증이상 인지기능의 장애(CDR척도 1점이상에 해당하는 상태가 90일이상 계속되어 더 이상의 호전을 기대할 수 없는 상태)가 발생한 상태로 진단확정된 경우,"보험가입금액(1,000만원)","422,335","438,045",87.6,95.2,,,,,,,,,,,,,,,,,,,,
,,,장기간병요양진단비(1~2등급),피보험자가 해당 특별약관 보험기간 중에 노인장기요양보험 수급대상으로 인정되어 국민건강보험 등급판정위원회에 의해 1등급 또는 2등급의 장기요양등급 판정을 받은 경우,"보험가입금액(8,000만원)",,,,,,,,,,장기보장성 비교 공시 (5).xls,,,,장기간병요양진단비(1~2등급),피보험자가 해당 특별약관 보험기간 중에 노인장기요양보험 수급대상으로 인정되어 국민건강보험 등급판정위원회에 의해 1등급 또는 2등급의 장기요양등급 판정을 받은 경우,"보험가입금액(8,000만원)",,,,,,,,,,,,,,,,,,,,,,,,
,,,장기간병요양진단비(1~4등급),"피보험자가 해당 특별약관 보험기간 중에 노인장기요양보험 수급대상으로 인정되어 국민건강보험 등급판정위원회에 의해 1등급, 2등급, 3등급 또는 4등급의 장기요양등급 판정을 받은 경우","보험가입금액(3,000만원)",,,,,,,,,,장기보장성 비교 공시 (5).xls,,,,장기간병요양진단비(1~4등급),"피보험자가 해당 특별약관 보험기간 중에 노인장기요양보험 수급대상으로 인정되어 국민건강보험 등급판정위원회에 의해 1등급, 2등급, 3등급 또는 4등급의 장기요양등급 판정을 받은 경우","보험가입금액(3,000만원)",,,,,,,,,,,,,,,,,,,,,,,,
DB손보,(무)참좋은더보장간병보험2601(2종),(무)참좋은더보장간병보험2601(2종),경증이상 치매진단비(5년질문추가)(간편고지),피보험자가 해당 특별약관 경증이상치매보장개시일(질병으로 인한 치매의 경우 계약일로부터 1년이 지난날의 다음날) 이후에 진단확정된 질병 또는 상해로 인해 경증이상 인지기능의 장애(CDR척도 1점이상에 해당하는 상태가 90일이상 계속되어 더 이상의 호전을 기대할 수 없는 상태)가 발생한 상태로 진단확정된 경우,"보험가입금액(1,000만원)","458,940","475,135",97.6,,,,,,,장기보장성 비교 공시 (5).xls,,DB손보,(무)참좋은더보장간병보험2601(2종),경증이상 치매진단비(5년질문추가)(간편고지),피보험자가 해당 특별약관 경증이상치매보장개시일(질병으로 인한 치매의 경우 계약일로부터 1년이 지난날의 다음날) 이후에 진단확정된 질병 또는 상해로 인해 경증이상 인지기능의 장애(CDR척도 1점이상에 해당하는 상태가 90일이상 계속되어 더 이상의 호전을 기대할 수 없는 상태)가 발생한 상태로 진단확정된 경우,"보험가입금액(1,000만원)","458,940","475,135",97.6,67.1,,,,,,,,,,,,,,,,,,,,
DB손보,(무)참좋은더보장간병보험2601(3종),(무)참좋은더보장간병보험2601(3종),경증이상 치매진단비(5년질문추가)(간편고지),피보험자가 해당 특별약관 경증이상치매보장개시일(질병으로 인한 치매의 경우 계약일로부터 1년이 지난날의 다음날) 이후에 진단확정된 질병 또는 상해로 인해 경증이상 인지기능의 장애(CDR척도 1점이상에 해당하는 상태가 90일이상 계속되어 더 이상의 호전을 기대할 수 없는 상태)가 발생한 상태로 진단확정된 경우,"보험가입금액(1,000만원)","470,400","483,670",73.2,,,,,,,장기보장성 비교 공시 (5).xls,,DB손보,(무)참좋은더보장간병보험2601(3종),경증이상 치매진단비(5년질문추가)(간편고지),피보험자가 해당 특별약관 경증이상치매보장개시일(질병으로 인한 치매의 경우 계약일로부터 1년이 지난날의 다음날) 이후에 진단확정된 질병 또는 상해로 인해 경증이상 인지기능의 장애(CDR척도 1점이상에 해당하는 상태가 90일이상 계속되어 더 이상의 호전을 기대할 수 없는 상태)가 발생한 상태로 진단확정된 경우,"보험가입금액(1,000만원)","470,400","483,670",73.2,75.2,,,,,,,,,,,,,,,,,,,,
DB손보,(무)참좋은더보장간병보험2601(4종),(무)참좋은더보장간병보험2601(4종),경증이상 치매진단비,피보험자가 해당 특별약관 경증이상치매보장개시일(질병으로 인한 치매의 경우 계약일로부터 1년이 지난날의 다음날) 이후에 진단확정된 질병 또는 상해로 인해 경증이상 인지기능의 장애(CDR척도 1점이상에 해당하는 상태가 90일이상 계속되어 더 이상의 호전을 기대할 수 없는 상태)가 발생한 상태로 진단확정된 경우,"보험가입금액(1,000만원)","323,500","335,120",91.2,,,,,,,장기보장성 비교 공시 (5).xls,,DB손보,(무)참좋은더보장간병보험2601(4종),경증이상 치매진단비,피보험자가 해당 특별약관 경증이상치매보장개시일(질병으로 인한 치매의 경우 계약일로부터 1년이 지난날의 다음날) 이후에 진단확정된 질병 또는 상해로 인해 경증이상 인지기능의 장애(CDR척도 1점이상에 해당하는 상태가 90일이상 계속되어 더 이상의 호전을 기대할 수 없는 상태)가 발생한 상태로 진단확정된 경우,"보험가입금액(1,000만원)","323,500","335,120",91.2,99.1,,,,,,,,,,,,,,,,,,,,
,,,장기간병요양진단비(1~2등급),피보험자가 해당 특별약관 보험기간 중에 노인장기요양보험 수급대상으로 인정되어 국민건강보험 등급판정위원회에 의해 1등급 또는 2등급의 장기요양등급 판정을 받은 경우,"보험가입금액(8,000만원)",,,,,,,,,,장기보장성 비교 공시 (5).xls,,,,장기간병요양진단비(1~2등급),피보험자가 해당 특별약관 보험기간 중에 노인장기요양보험 수급대상으로 인정되어 국민건강보험 등급판정위원회에 의해 1등급 또는 2등급의 장기요양등급 판정을 받은 경우,"보험가입금액(8,000만원)",,,,,,,,,,,,,,,,,,,,,,,,
,,,장기간병요양진단비(1~4등급),"피보험자가 해당 특별약관 보험기간 중에 노인장기요양보험 수급대상으로 인정되어 국민건강보험 등급판정위원회에 의해 1등급, 2등급, 3등급 또는 4등급의 장기요양등급 판정을 받은 경우","보험가입금액(3,000만원)",,,,,,,,,,장기보장성 비교 공시 (5).xls,,,,장기간병요양진단비(1~4등급),"피보험자가 해당 특별약관 보험기간 중에 노인장기요양보험 수급대상으로 인정되어 국민건강보험 등급판정위원회에 의해 1등급, 2등급, 3등급 또는 4등급의 장기요양등급 판정을 받은 경우","보험가입금액(3,000만원)",,,,,,,,,,,,,,,,,,,,,,,,
DB손보,(무)참좋은더보장간병보험2601(5종),(무)참좋은더보장간병보험2601(5종),경증이상 치매진단비(5년질문추가)(간편고지),피보험자가 해당 특별약관 경증이상치매보장개시일(질병으로 인한 치매의 경우 계약일로부터 1년이 지난날의 다음날) 이후에 진단확정된 질병 또는 상해로 인해 경증이상 인지기능의 장애(CDR척도 1점이상에 해당하는 상태가 90일이상 계속되어 더 이상의 호전을 기대할 수 없는 상태)가 발생한 상태로 진단확정된 경우,"보험가입금액(1,000만원)","353,060","365,005",101.6,,,,,,,장기보장성 비교 공시 (5).xls,,DB손보,(무)참좋은더보장간병보험2601(5종),경증이상 치매진단비(5년질문추가)(간편고지),피보험자가 해당 특별약관 경증이상치매보장개시일(질병으로 인한 치매의 경우 계약일로부터 1년이 지난날의 다음날) 이후에 진단확정된 질병 또는 상해로 인해 경증이상 인지기능의 장애(CDR척도 1점이상에 해당하는 상태가 90일이상 계속되어 더 이상의 호전을 기대할 수 없는 상태)가 발생한 상태로 진단확정된 경우,"보험가입금액(1,000만원)","353,060","365,005",101.6,100,,,,,,,,,,,,,,,,,,,,
DB손보,(무)참좋은더보장간병보험2601(6종),(무)참좋은더보장간병보험2601(6종),경증이상 치매진단비(5년질문추가)(간편고지),피보험자가 해당 특별약관 경증이상치매보장개시일(질병으로 인한 치매의 경우 계약일로부터 1년이 지난날의 다음날) 이후에 진단확정된 질병 또는 상해로 인해 경증이상 인지기능의 장애(CDR척도 1점이상에 해당하는 상태가 90일이상 계속되어 더 이상의 호전을 기대할 수 없는 상태)가 발생한 상태로 진단확정된 경우,"보험가입금액(1,000만원)","362,370","372,205",108.5,,,,,,,장기보장성 비교 공시 (5).xls,,DB손보,(무)참좋은더보장간병보험2601(6종),경증이상 치매진단비(5년질문추가)(간편고지),피보험자가 해당 특별약관 경증이상치매보장개시일(질병으로 인한 치매의 경우 계약일로부터 1년이 지난날의 다음날) 이후에 진단확정된 질병 또는 상해로 인해 경증이상 인지기능의 장애(CDR척도 1점이상에 해당하는 상태가 90일이상 계속되어 더 이상의 호전을 기대할 수 없는 상태)가 발생한 상태로 진단확정된 경우,"보험가입금액(1,000만원)","362,370","372,205",108.5,110.4,,,,,,,,,,,,,,,,,,,,
DB손보,(무)참좋은더보장간병보험2601(7종),(무)참좋은더보장간병보험2601(7종),경증이상 치매진단비,피보험자가 해당 특별약관 경증이상치매보장개시일(질병으로 인한 치매의 경우 계약일로부터 1년이 지난날의 다음날) 이후에 진단확정된 질병 또는 상해로 인해 경증이상 인지기능의 장애(CDR척도 1점이상에 해당하는 상태가 90일이상 계속되어 더 이상의 호전을 기대할 수 없는 상태)가 발생한 상태로 진단확정된 경우,"보험가입금액(1,000만원)","439,965","456,190",76.5,,,,,,,장기보장성 비교 공시 (5).xls,,DB손보,(무)참좋은더보장간병보험2601(7종),경증이상 치매진단비,피보험자가 해당 특별약관 경증이상치매보장개시일(질병으로 인한 치매의 경우 계약일로부터 1년이 지난날의 다음날) 이후에 진단확정된 질병 또는 상해로 인해 경증이상 인지기능의 장애(CDR척도 1점이상에 해당하는 상태가 90일이상 계속되어 더 이상의 호전을 기대할 수 없는 상태)가 발생한 상태로 진단확정된 경우,"보험가입금액(1,000만원)","439,965","456,190",76.5,83.3,,,,,,,,,,,,,,,,,,,,
,,,장기간병요양진단비(1~2등급),피보험자가 해당 특별약관 보험기간 중에 노인장기요양보험 수급대상으로 인정되어 국민건강보험 등급판정위원회에 의해 1등급 또는 2등급의 장기요양등급 판정을 받은 경우,"보험가입금액(8,000만원)",,,,,,,,,,장기보장성 비교 공시 (5).xls,,,,장기간병요양진단비(1~2등급),피보험자가 해당 특별약관 보험기간 중에 노인장기요양보험 수급대상으로 인정되어 국민건강보험 등급판정위원회에 의해 1등급 또는 2등급의 장기요양등급 판정을 받은 경우,"보험가입금액(8,000만원)",,,,,,,,,,,,,,,,,,,,,,,,
,,,장기간병요양진단비(1~4등급),"피보험자가 해당 특별약관 보험기간 중에 노인장기요양보험 수급대상으로 인정되어 국민건강보험 등급판정위원회에 의해 1등급, 2등급, 3등급 또는 4등급의 장기요양등급 판정을 받은 경우","보험가입금액(3,000만원)",,,,,,,,,,장기보장성 비교 공시 (5).xls,,,,장기간병요양진단비(1~4등급),"피보험자가 해당 특별약관 보험기간 중에 노인장기요양보험 수급대상으로 인정되어 국민건강보험 등급판정위원회에 의해 1등급, 2등급, 3등급 또는 4등급의 장기요양등급 판정을 받은 경우","보험가입금액(3,000만원)",,,,,,,,,,,,,,,,,,,,,,,,
DB손보,(무)참좋은더보장간병보험2601(8종),(무)참좋은더보장간병보험2601(8종),경증이상 치매진단비(5년질문추가)(간편고지),피보험자가 해당 특별약관 경증이상치매보장개시일(질병으로 인한 치매의 경우 계약일로부터 1년이 지난날의 다음날) 이후에 진단확정된 질병 또는 상해로 인해 경증이상 인지기능의 장애(CDR척도 1점이상에 해당하는 상태가 90일이상 계속되어 더 이상의 호전을 기대할 수 없는 상태)가 발생한 상태로 진단확정된 경우,"보험가입금액(1,000만원)","478,080","494,800",85,,,,,,,장기보장성 비교 공시 (5).xls,,DB손보,(무)참좋은더보장간병보험2601(8종),경증이상 치매진단비(5년질문추가)(간편고지),피보험자가 해당 특별약관 경증이상치매보장개시일(질병으로 인한 치매의 경우 계약일로부터 1년이 지난날의 다음날) 이후에 진단확정된 질병 또는 상해로 인해 경증이상 인지기능의 장애(CDR척도 1점이상에 해당하는 상태가 90일이상 계속되어 더 이상의 호전을 기대할 수 없는 상태)가 발생한 상태로 진단확정된 경우,"보험가입금액(1,000만원)","478,080","494,800",85,104.1,,,,,,,,,,,,,,,,,,,,
DB손보,(무)참좋은더보장간병보험2601(9종),(무)참좋은더보장간병보험2601(9종),경증이상 치매진단비(5년질문추가)(간편고지),피보험자가 해당 특별약관 경증이상치매보장개시일(질병으로 인한 치매의 경우 계약일로부터 1년이 지난날의 다음날) 이후에 진단확정된 질병 또는 상해로 인해 경증이상 인지기능의 장애(CDR척도 1점이상에 해당하는 상태가 90일이상 계속되어 더 이상의 호전을 기대할 수 없는 상태)가 발생한 상태로 진단확정된 경우,"보험가입금액(1,000만원)","490,085","503,715",112.9,,,,,,,장기보장성 비교 공시 (5).xls,,DB손보,(무)참좋은더보장간병보험2601(9종),경증이상 치매진단비(5년질문추가)(간편고지),피보험자가 해당 특별약관 경증이상치매보장개시일(질병으로 인한 치매의 경우 계약일로부터 1년이 지난날의 다음날) 이후에 진단확정된 질병 또는 상해로 인해 경증이상 인지기능의 장애(CDR척도 1점이상에 해당하는 상태가 90일이상 계속되어 더 이상의 호전을 기대할 수 없는 상태)가 발생한 상태로 진단확정된 경우,"보험가입금액(1,000만원)","490,085","503,715",112.9,115,,,,,,,,,,,,,,,,,,,,
,,,장기간병요양진단비(1~3등급),"피보험자가 해당 특별약관 보험기간 중에 노인장기요양보험 수급대상으로 인정되어 국민건강보험 등급판정위원회에 의해 1등급, 2등급 또는 3등급의 장기요양등급 판정을 받은 경우","보험가입금액(2,000만원)",,,,,,,,,,장기보장성 비교 공시 (5).xls,,,,장기간병요양진단비(1~3등급),"피보험자가 해당 특별약관 보험기간 중에 노인장기요양보험 수급대상으로 인정되어 국민건강보험 등급판정위원회에 의해 1등급, 2등급 또는 3등급의 장기요양등급 판정을 받은 경우","보험가입금액(2,000만원)",,,,,,,,,,,,,,,,,,,,,,,,
,,,장기간병요양진단비(1~4등급),"피보험자가 해당 특별약관 보험기간 중에 노인장기요양보험 수급대상으로 인정되어 국민건강보험 등급판정위원회에 의해 1등급, 2등급, 3등급 또는 4등급의 장기요양등급 판정을 받은 경우",,,,,,,,,,,장기보장성 비교 공시 (5).xls,,,,장기간병요양진단비(1~4등급),"피보험자가 해당 특별약관 보험기간 중에 노인장기요양보험 수급대상으로 인정되어 국민건강보험 등급판정위원회에 의해 1등급, 2등급, 3등급 또는 4등급의 장기요양등급 판정을 받은 경우",,,,,,,,,,,,,,,,,,,,,,,,,
,,,장기간병요양진단비(1~5등급),"피보험자가 해당 특별약관 보험기간 중에 노인장기요양보험 수급대상으로 인정되어 국민건강보험 등급판정위원회에 의해 1등급, 2등급, 3등급, 4등급 또는 5등급의 장기요양등급 판정을 받은 경우","보험가입금액(1,000만원)",,,,,,,,,,장기보장성 비교 공시 (5).xls,,,,장기간병요양진단비(1~5등급),"피보험자가 해당 특별약관 보험기간 중에 노인장기요양보험 수급대상으로 인정되어 국민건강보험 등급판정위원회에 의해 1등급, 2등급, 3등급, 4등급 또는 5등급의 장기요양등급 판정을 받은 경우","보험가입금액(1,000만원)",,,,,,,,,,,,,,,,,,,,,,,,
,,,장기간병요양진단비(1등급),피보험자가 해당 특별약관 보험기간 중에 노인장기요양보험 수급대상으로 인정되어 국민건강보험 등급판정위원회에 의해 1등급의 장기요양등급 판정을 받은 경우,"보험가입금액(5,000만원)",,,,,,,,,,장기보장성 비교 공시 (5).xls,,,,장기간병요양진단비(1등급),피보험자가 해당 특별약관 보험기간 중에 노인장기요양보험 수급대상으로 인정되어 국민건강보험 등급판정위원회에 의해 1등급의 장기요양등급 판정을 받은 경우,"보험가입금액(5,000만원)",,,,,,,,,,,,,,,,,,,,,,,,
,,,장기간병요양진단비(인지지원등급),피보험자가 해당 특별약관 보험기간 중에 노인장기요양보험 수급대상으로 인정되어 국민건강보험 등급판정위원회에 의해 인지지원등급의 장기요양등급 판정을 받은 경우,보험가입금액(500만원),,,,,,,,,,장기보장성 비교 공시 (5).xls,,,,장기간병요양진단비(인지지원등급),피보험자가 해당 특별약관 보험기간 중에 노인장기요양보험 수급대상으로 인정되어 국민건강보험 등급판정위원회에 의해 인지지원등급의 장기요양등급 판정을 받은 경우,보험가입금액(500만원),,,,,,,,,,,,,,,,,,,,,,,,
,,,장기간병요양진단비(1~2등급),피보험자가 해당 특별약관 보험기간 중에 노인장기요양보험 수급대상으로 인정되어 국민건강보험 등급판정위원회에 의해 1등급 또는 2등급의 장기요양등급 판정을 받은 경우,"보험가입금액(1,000만원)",,,,,,,,,,장기보장성 비교 공시 (5).xls,,,,장기간병요양진단비(1~2등급),피보험자가 해당 특별약관 보험기간 중에 노인장기요양보험 수급대상으로 인정되어 국민건강보험 등급판정위원회에 의해 1등급 또는 2등급의 장기요양등급 판정을 받은 경우,"보험가입금액(1,000만원)",,,,,,,,,,,,,,,,,,,,,,,,
,,,장기간병요양진단비(1~3등급),"피보험자가 해당 특별약관 보험기간 중에 노인장기요양보험 수급대상으로 인정되어 국민건강보험 등급판정위원회에 의해 1등급, 2등급 또는 3등급의 장기요양등급 판정을 받은 경우",,,,,,,,,,,장기보장성 비교 공시 (5).xls,,,,장기간병요양진단비(1~3등급),"피보험자가 해당 특별약관 보험기간 중에 노인장기요양보험 수급대상으로 인정되어 국민건강보험 등급판정위원회에 의해 1등급, 2등급 또는 3등급의 장기요양등급 판정을 받은 경우",,,,,,,,,,,,,,,,,,,,,,,,,
,,,장기간병요양진단비(1~4등급),"피보험자가 해당 특별약관 보험기간 중에 노인장기요양보험 수급대상으로 인정되어 국민건강보험 등급판정위원회에 의해 1등급, 2등급, 3등급 또는 4등급의 장기요양등급 판정을 받은 경우",,,,,,,,,,,장기보장성 비교 공시 (5).xls,,,,장기간병요양진단비(1~4등급),"피보험자가 해당 특별약관 보험기간 중에 노인장기요양보험 수급대상으로 인정되어 국민건강보험 등급판정위원회에 의해 1등급, 2등급, 3등급 또는 4등급의 장기요양등급 판정을 받은 경우",,,,,,,,,,,,,,,,,,,,,,,,,
,,,장기간병요양진단비(1~5등급),"피보험자가 해당 특별약관 보험기간 중에 노인장기요양보험 수급대상으로 인정되어 국민건강보험 등급판정위원회에 의해 1등급, 2등급, 3등급, 4등급 또는 5등급의 장기요양등급 판정을 받은 경우",,,,,,,,,,,장기보장성 비교 공시 (5).xls,,,,장기간병요양진단비(1~5등급),"피보험자가 해당 특별약관 보험기간 중에 노인장기요양보험 수급대상으로 인정되어 국민건강보험 등급판정위원회에 의해 1등급, 2등급, 3등급, 4등급 또는 5등급의 장기요양등급 판정을 받은 경우",,,,,,,,,,,,,,,,,,,,,,,,,
,,,장기간병요양진단비(1~2등급)(납입완료체증형),피보험자가 해당 특별약관 보험기간 중에 노인장기요양보험 수급대상으로 인정되어 국민건강보험 등급판정위원회에 의해 1등급 또는 2등급의 장기요양등급 판정을 받은 경우,"보험가입금액(1,000만원)단, 납입기간 경과 후 보험금 지급사유 발생시 가입급액의 200% 지급",,,,,,,,,,장기보장성 비교 공시 (5).xls,,,,장기간병요양진단비(1~2등급)(납입완료체증형),피보험자가 해당 특별약관 보험기간 중에 노인장기요양보험 수급대상으로 인정되어 국민건강보험 등급판정위원회에 의해 1등급 또는 2등급의 장기요양등급 판정을 받은 경우,"보험가입금액(1,000만원)단, 납입기간 경과 후 보험금 지급사유 발생시 가입급액의 200% 지급",,,,,,,,,,,,,,,,,,,,,,,,
,,,장기간병요양진단비(1~3등급)(납입완료체증형),"피보험자가 해당 특별약관 보험기간 중에 노인장기요양보험 수급대상으로 인정되어 국민건강보험 등급판정위원회에 의해 1등급, 2등급 또는 3등급의 장기요양등급 판정을 받은 경우",,,,,,,,,,,장기보장성 비교 공시 (5).xls,,,,장기간병요양진단비(1~3등급)(납입완료체증형),"피보험자가 해당 특별약관 보험기간 중에 노인장기요양보험 수급대상으로 인정되어 국민건강보험 등급판정위원회에 의해 1등급, 2등급 또는 3등급의 장기요양등급 판정을 받은 경우",,,,,,,,,,,,,,,,,,,,,,,,,
,,,장기간병요양진단비(1~4등급)(납입완료체증형),"피보험자가 해당 특별약관 보험기간 중에 노인장기요양보험 수급대상으로 인정되어 국민건강보험 등급판정위원회에 의해 1등급, 2등급, 3등급 또는 4등급의 장기요양등급 판정을 받은 경우",,,,,,,,,,,장기보장성 비교 공시 (5).xls,,,,장기간병요양진단비(1~4등급)(납입완료체증형),"피보험자가 해당 특별약관 보험기간 중에 노인장기요양보험 수급대상으로 인정되어 국민건강보험 등급판정위원회에 의해 1등급, 2등급, 3등급 또는 4등급의 장기요양등급 판정을 받은 경우",,,,,,,,,,,,,,,,,,,,,,,,,
,,,장기간병요양진단비(1~5등급)(납입완료체증형),"피보험자가 해당 특별약관 보험기간 중에 노인장기요양보험 수급대상으로 인정되어 국민건강보험 등급판정위원회에 의해 1등급, 2등급, 3등급, 4등급 또는 5등급의 장기요양등급 판정을 받은 경우",,,,,,,,,,,장기보장성 비교 공시 (5).xls,,,,장기간병요양진단비(1~5등급)(납입완료체증형),"피보험자가 해당 특별약관 보험기간 중에 노인장기요양보험 수급대상으로 인정되어 국민건강보험 등급판정위원회에 의해 1등급, 2등급, 3등급, 4등급 또는 5등급의 장기요양등급 판정을 받은 경우",,,,,,,,,,,,,,,,,,,,,,,,,
,,,장기간병요양진단비(1~2등급)(무사고체증형),피보험자가 해당 특별약관 보험기간 중에 노인장기요양보험 수급대상으로 인정되어 국민건강보험 등급판정위원회에 의해 1등급 또는 2등급의 장기요양등급 판정을 받은 경우,"보험가입금액(1,000만원)단, 85세 계약해당일 전일 이전에 체증불가사유가 발생하지 않은 경우, 85세 이후 보험금 지급사유 발생시 가입금액의 200% 지급",,,,,,,,,,장기보장성 비교 공시 (5).xls,,,,장기간병요양진단비(1~2등급)(무사고체증형),피보험자가 해당 특별약관 보험기간 중에 노인장기요양보험 수급대상으로 인정되어 국민건강보험 등급판정위원회에 의해 1등급 또는 2등급의 장기요양등급 판정을 받은 경우,"보험가입금액(1,000만원)단, 85세 계약해당일 전일 이전에 체증불가사유가 발생하지 않은 경우, 85세 이후 보험금 지급사유 발생시 가입금액의 200% 지급",,,,,,,,,,,,,,,,,,,,,,,,
,,,장기간병요양진단비(1~4등급)(무사고체증형),"피보험자가 해당 특별약관 보험기간 중에 노인장기요양보험 수급대상으로 인정되어 국민건강보험 등급판정위원회에 의해 1등급, 2등급, 3등급 또는 4등급의 장기요양등급 판정을 받은 경우",,,,,,,,,,,장기보장성 비교 공시 (5).xls,,,,장기간병요양진단비(1~4등급)(무사고체증형),"피보험자가 해당 특별약관 보험기간 중에 노인장기요양보험 수급대상으로 인정되어 국민건강보험 등급판정위원회에 의해 1등급, 2등급, 3등급 또는 4등급의 장기요양등급 판정을 받은 경우",,,,,,,,,,,,,,,,,,,,,,,,,
,,,장기간병요양진단비(1~5등급)(무사고체증형),"피보험자가 해당 특별약관 보험기간 중에 노인장기요양보험 수급대상으로 인정되어 국민건강보험 등급판정위원회에 의해 1등급, 2등급, 3등급, 4등급 또는 5등급의 장기요양등급 판정을 받은 경우",,,,,,,,,,,장기보장성 비교 공시 (5).xls,,,,장기간병요양진단비(1~5등급)(무사고체증형),"피보험자가 해당 특별약관 보험기간 중에 노인장기요양보험 수급대상으로 인정되어 국민건강보험 등급판정위원회에 의해 1등급, 2등급, 3등급, 4등급 또는 5등급의 장기요양등급 판정을 받은 경우",,,,,,,,,,,,,,,,,,,,,,,,,
,,,장기간병요양진단비(1~2등급)(무사고연장형),피보험자가 해당 특별약관 보험기간 중에 노인장기요양보험 수급대상으로 인정되어 국민건강보험 등급판정위원회에 의해 1등급 또는 2등급의 장기요양등급 판정을 받은 경우,"보험가입금액(1,000만원)",,,,,,,,,,장기보장성 비교 공시 (5).xls,,,,장기간병요양진단비(1~2등급)(무사고연장형),피보험자가 해당 특별약관 보험기간 중에 노인장기요양보험 수급대상으로 인정되어 국민건강보험 등급판정위원회에 의해 1등급 또는 2등급의 장기요양등급 판정을 받은 경우,"보험가입금액(1,000만원)",,,,,,,,,,,,,,,,,,,,,,,,
,,,장기간병요양진단비(1~4등급)(무사고연장형),"피보험자가 해당 특별약관 보험기간 중에 노인장기요양보험 수급대상으로 인정되어 국민건강보험 등급판정위원회에 의해 1등급, 2등급, 3등급 또는 4등급의 장기요양등급 판정을 받은 경우",,,,,,,,,,,장기보장성 비교 공시 (5).xls,,,,장기간병요양진단비(1~4등급)(무사고연장형),"피보험자가 해당 특별약관 보험기간 중에 노인장기요양보험 수급대상으로 인정되어 국민건강보험 등급판정위원회에 의해 1등급, 2등급, 3등급 또는 4등급의 장기요양등급 판정을 받은 경우",,,,,,,,,,,,,,,,,,,,,,,,,
,,,장기간병요양진단비(1~5등급)(무사고연장형),"피보험자가 해당 특별약관 보험기간 중에 노인장기요양보험 수급대상으로 인정되어 국민건강보험 등급판정위원회에 의해 1등급, 2등급, 3등급, 4등급 또는 5등급의 장기요양등급 판정을 받은 경우",,,,,,,,,,,장기보장성 비교 공시 (5).xls,,,,장기간병요양진단비(1~5등급)(무사고연장형),"피보험자가 해당 특별약관 보험기간 중에 노인장기요양보험 수급대상으로 인정되어 국민건강보험 등급판정위원회에 의해 1등급, 2등급, 3등급, 4등급 또는 5등급의 장기요양등급 판정을 받은 경우",,,,,,,,,,,,,,,,,,,,,,,,,
하나손보,"무배당 하나더넥스트 치매간병보험(2601) 1종(세만기형, 일반형)","무배당 하나더넥스트 치매간병보험(2601) 1종(세만기형, 일반형)",경도이상치매진단비Ⅱ,치매보장개시일 이후에 질병 또는 상해로 인하여 경도이상치매상태로 진단 확정된 경우,보험가입금액(최초 1회한),"242,750","264,350",87.7,,,,,,,장기보장성 비교 공시 (5).xls,,하나손보,"무배당 하나더넥스트 치매간병보험(2601) 1종(세만기형, 일반형)",경도이상치매진단비Ⅱ,치매보장개시일 이후에 질병 또는 상해로 인하여 경도이상치매상태로 진단 확정된 경우,보험가입금액(최초 1회한),"242,750","264,350",87.7,87.5,,,,,,,,,,,,,,,,,,,,
하나손보,"무배당 하나더넥스트 치매간병보험(2601) 2종(세만기형, 해약환급금일부지급형)","무배당 하나더넥스트 치매간병보험(2601) 2종(세만기형, 해약환급금일부지급형)",경도이상치매진단비Ⅱ,치매보장개시일 이후에 질병 또는 상해로 인하여 경도이상치매상태로 진단 확정된 경우,보험가입금액(최초 1회한),"218,350","237,820",96.1,,,,,,,장기보장성 비교 공시 (5).xls,,하나손보,"무배당 하나더넥스트 치매간병보험(2601) 2종(세만기형, 해약환급금일부지급형)",경도이상치매진단비Ⅱ,치매보장개시일 이후에 질병 또는 상해로 인하여 경도이상치매상태로 진단 확정된 경우,보험가입금액(최초 1회한),"218,350","237,820",96.1,95.8,,,,,,,,,,,,,,,,,,,,
하나손보,"무배당 하나더넥스트 치매간병보험(2601) 3종(세만기형, 해약환급금미지급형Ⅱ)","무배당 하나더넥스트 치매간병보험(2601) 3종(세만기형, 해약환급금미지급형Ⅱ)",경도이상치매진단비Ⅱ,치매보장개시일 이후에 질병 또는 상해로 인하여 경도이상치매상태로 진단 확정된 경우,보험가입금액(최초 1회한),"181,940","197,580",98,,,,,,,장기보장성 비교 공시 (5).xls,,하나손보,"무배당 하나더넥스트 치매간병보험(2601) 3종(세만기형, 해약환급금미지급형Ⅱ)",경도이상치매진단비Ⅱ,치매보장개시일 이후에 질병 또는 상해로 인하여 경도이상치매상태로 진단 확정된 경우,보험가입금액(최초 1회한),"181,940","197,580",98,97.8,,,,,,,,,,,,,,,,,,,,
하나손보,무배당 하나더넥스트 간병보험(방카)(2604)(해약환급금일부지급형),무배당 하나더넥스트 간병보험(방카)(2604)(해약환급금일부지급형),"간병인사용 상해입원일당(요양,정신,한방병원제외)(181일이상)","보험기간 중에 상해의 직접결과로써 생활기능 또는 업무능력에 지장을 가져와 요양병원, 정신병원 및 한방병원을 제외한 병원 또는 의원에 입원하여 치료를 받으며  정의한 간병인을 사용하여 실질적으로 간병서비스를 이용한 경우 181일째 입원일로부터 사용한 날에 대하여 1일당 아래의 금액을 지급(1회 입원당 185일 한도)",입원1일당 보험가입금액(180일한도)(1일당 7만원 미만인경우 50%),"53,550","58,940",94.2,,,,,,,장기보장성 비교 공시 (5).xls,,하나손보,무배당 하나더넥스트 간병보험(방카)(2604)(해약환급금일부지급형),"간병인사용 상해입원일당(요양,정신,한방병원제외)(181일이상)","보험기간 중에 상해의 직접결과로써 생활기능 또는 업무능력에 지장을 가져와 요양병원, 정신병원 및 한방병원을 제외한 병원 또는 의원에 입원하여 치료를 받으며  정의한 간병인을 사용하여 실질적으로 간병서비스를 이용한 경우 181일째 입원일로부터 사용한 날에 대하여 1일당 아래의 금액을 지급(1회 입원당 185일 한도)",입원1일당 보험가입금액(180일한도)(1일당 7만원 미만인경우 50%),"53,550","58,940",94.2,94.9,,,,,,,,,,,,,,,,,,,,
,,,간병인사용 상해입원일당(요양병원)(1일이상180일한도),보험기간 중에 상해의 직접결과로써 생활기능 또는 업무능력에 지장을 가져와 요양병원에 입원하여 치료를 받으며 정의한 간병인을 사용하여 실질적으로 간병서비스를 이용한 경우 (1회 입원당 180일 한도),입원1일당 보험가입금액(180일한도),,,,,,,,,,장기보장성 비교 공시 (5).xls,,,,간병인사용 상해입원일당(요양병원)(1일이상180일한도),보험기간 중에 상해의 직접결과로써 생활기능 또는 업무능력에 지장을 가져와 요양병원에 입원하여 치료를 받으며 정의한 간병인을 사용하여 실질적으로 간병서비스를 이용한 경우 (1회 입원당 180일 한도),입원1일당 보험가입금액(180일한도),,,,,,,,,,,,,,,,,,,,,,,,
,,,간병인사용 상해입원일당(요양병원제외)(1일이상180일한도),보험기간 중에 상해의 직접결과로써 생활기능 또는 업무능력에 지장을 가져와 요양병원을 제외한 병원 또는 의원(한방병원 또는 한의원 포함)에 입원하여 치료를 받으며  정의한 간병인을 사용하여 실질적으로 간병서비스를 이용한 경우(1회 입원당 180일 한도),입원1일당 보험가입금액(180일한도)(1일당 7만원 미만인경우 50%),,,,,,,,,,장기보장성 비교 공시 (5).xls,,,,간병인사용 상해입원일당(요양병원제외)(1일이상180일한도),보험기간 중에 상해의 직접결과로써 생활기능 또는 업무능력에 지장을 가져와 요양병원을 제외한 병원 또는 의원(한방병원 또는 한의원 포함)에 입원하여 치료를 받으며  정의한 간병인을 사용하여 실질적으로 간병서비스를 이용한 경우(1회 입원당 180일 한도),입원1일당 보험가입금액(180일한도)(1일당 7만원 미만인경우 50%),,,,,,,,,,,,,,,,,,,,,,,,
,,,"간병인사용 질병입원일당(요양,정신,한방병원제외)(181일이상)","보험기간 중에 진단확정된 질병의 직접적인 치료를 목적으로 요양병원, 정신병원 및 한방병원을 제외한 병원 또는 의원에 입원하여 치료를 받으며  정의한 간병인을 사용하여 실질적으로 간병서비스를 이용한 경우 181일째 입원일로부터 사용한 날에 대하여 1일당 아래의 금액을 지급(1회 입원당 185일 한도)",,,,,,,,,,,장기보장성 비교 공시 (5).xls,,,,"간병인사용 질병입원일당(요양,정신,한방병원제외)(181일이상)","보험기간 중에 진단확정된 질병의 직접적인 치료를 목적으로 요양병원, 정신병원 및 한방병원을 제외한 병원 또는 의원에 입원하여 치료를 받으며  정의한 간병인을 사용하여 실질적으로 간병서비스를 이용한 경우 181일째 입원일로부터 사용한 날에 대하여 1일당 아래의 금액을 지급(1회 입원당 185일 한도)",,,,,,,,,,,,,,,,,,,,,,,,,
,,,간병인사용 질병입원일당(요양병원)(1일이상180일한도),보험기간 중에 진단확정된 질병의 치료를 목적으로 요양병원에 입원하여 치료를 받으며  정의한 간병인을 사용하여 실질적으로 간병서비스를 이용한 경우(1회 입원당 180일 한도),입원1일당 보험가입금액(180일한도),,,,,,,,,,장기보장성 비교 공시 (5).xls,,,,간병인사용 질병입원일당(요양병원)(1일이상180일한도),보험기간 중에 진단확정된 질병의 치료를 목적으로 요양병원에 입원하여 치료를 받으며  정의한 간병인을 사용하여 실질적으로 간병서비스를 이용한 경우(1회 입원당 180일 한도),입원1일당 보험가입금액(180일한도),,,,,,,,,,,,,,,,,,,,,,,,
,,,간병인사용 질병입원일당(요양병원제외)(1일이상180일한도),보험기간 중에 진단확정된 질병의 직접적인 치료를 목적으로 요양병원을 제외한 병원 또는 의원(한방병원 또는 한의원 포함)에 입원하여 치료를 받으며  정의한 간병인을 사용하여 실질적으로 간병서비스를 이용한 경우 (1회 입원당 180일 한도),입원1일당 보험가입금액(180일한도)(1일당 7만원 미만인경우 50%),,,,,,,,,,장기보장성 비교 공시 (5).xls,,,,간병인사용 질병입원일당(요양병원제외)(1일이상180일한도),보험기간 중에 진단확정된 질병의 직접적인 치료를 목적으로 요양병원을 제외한 병원 또는 의원(한방병원 또는 한의원 포함)에 입원하여 치료를 받으며  정의한 간병인을 사용하여 실질적으로 간병서비스를 이용한 경우 (1회 입원당 180일 한도),입원1일당 보험가입금액(180일한도)(1일당 7만원 미만인경우 50%),,,,,,,,,,,,,,,,,,,,,,,,
,,,간호·간병통합서비스사용 질병입원일당(요양병원제외)(1일이상180일한도),보험기간 중에 진단확정된 질병의 직접적인 치료를 목적으로 요양병원을 제외한 병원(한방병원 포함)에 입원하여 치료를 받으며 간호·간병통합서비스를 사용한 경우 (1회 입원당 180일 한도),입원1일당 보험가입금액(180일한도),,,,,,,,,,장기보장성 비교 공시 (5).xls,,,,간호·간병통합서비스사용 질병입원일당(요양병원제외)(1일이상180일한도),보험기간 중에 진단확정된 질병의 직접적인 치료를 목적으로 요양병원을 제외한 병원(한방병원 포함)에 입원하여 치료를 받으며 간호·간병통합서비스를 사용한 경우 (1회 입원당 180일 한도),입원1일당 보험가입금액(180일한도),,,,,,,,,,,,,,,,,,,,,,,,
,,,간호·간병통합서비스사용상해입원일당(요양병원제외)(1일이상180일한도),보험기간 중에 상해의 직접결과로써 생활기능 또는 업무능력에 지장을 가져와 요양병원을 제외한 병원(한방병원 포함)에 입원하여 치료를 받으며 간호·간병통합서비스를 사용한 경우 (1회 입원당 180일 한도),,,,,,,,,,,장기보장성 비교 공시 (5).xls,,,,간호·간병통합서비스사용상해입원일당(요양병원제외)(1일이상180일한도),보험기간 중에 상해의 직접결과로써 생활기능 또는 업무능력에 지장을 가져와 요양병원을 제외한 병원(한방병원 포함)에 입원하여 치료를 받으며 간호·간병통합서비스를 사용한 경우 (1회 입원당 180일 한도),,,,,,,,,,,,,,,,,,,,,,,,,
AIG손보,무배당 AIG 더 든든한 간병보험2604(2종(일반심사형)),무배당 AIG 더 든든한 간병보험2604(2종(일반심사형)),[갱신형]간병인사용 상해입원일당(요양병원)(1일이상180일한도),"보험기간 중에 상해의 직접결과로써 생활기능 또는 업무능력에 지장을 가져와 약관에서 정한 요양병원에 1일이상 계속 입원하여 치료를 받으며 약관에서 정한 간병인을 사용하여 실질적으로 간병서비스를 이용한 경우에는 사용한 날에 대하여 180일을 한도로 1일당 보험가입금액 지급. 다만, 약관에서 정한 간호·간병통합서비스를 제공받는 경우에는 간병인사용 상해입원일당(요양병원)(1일이상180일한도)을 지급하지 않음",보험가입금액,"13,086","11,447",129.8,,,,,,,장기보장성 비교 공시 (5).xls,,AIG손보,무배당 AIG 더 든든한 간병보험2604(2종(일반심사형)),[갱신형]간병인사용 상해입원일당(요양병원)(1일이상180일한도),"보험기간 중에 상해의 직접결과로써 생활기능 또는 업무능력에 지장을 가져와 약관에서 정한 요양병원에 1일이상 계속 입원하여 치료를 받으며 약관에서 정한 간병인을 사용하여 실질적으로 간병서비스를 이용한 경우에는 사용한 날에 대하여 180일을 한도로 1일당 보험가입금액 지급. 다만, 약관에서 정한 간호·간병통합서비스를 제공받는 경우에는 간병인사용 상해입원일당(요양병원)(1일이상180일한도)을 지급하지 않음",보험가입금액,"13,086","11,447",129.8,131.3,,,,,,,,,,,,,,,,,,,,
,,,[갱신형]간병인사용 상해입원일당(요양병원제외)(1일이상180일한도),"보험기간 중에 상해의 직접결과로써 생활기능 또는 업무능력에 지장을 가져와 요양병원을 제외한 병·의원에 1일이상 계속 입원하여 치료를 받으며 약관에서 정한 간병인을 사용하여 실질적으로 간병서비스를 이용한 경우에는 사용한 날에 대하여 180일을 한도로 1일당 보험가입금액 지급. 다만, 약관에서 정한 간호·간병통합서비스를 제공받는 경우에는 간병인사용 상해입원일당(요양병원제외)(1일이상180일한도)을 지급하지 않음",,,,,,,,,,,장기보장성 비교 공시 (5).xls,,,,[갱신형]간병인사용 상해입원일당(요양병원제외)(1일이상180일한도),"보험기간 중에 상해의 직접결과로써 생활기능 또는 업무능력에 지장을 가져와 요양병원을 제외한 병·의원에 1일이상 계속 입원하여 치료를 받으며 약관에서 정한 간병인을 사용하여 실질적으로 간병서비스를 이용한 경우에는 사용한 날에 대하여 180일을 한도로 1일당 보험가입금액 지급. 다만, 약관에서 정한 간호·간병통합서비스를 제공받는 경우에는 간병인사용 상해입원일당(요양병원제외)(1일이상180일한도)을 지급하지 않음",,,,,,,,,,,,,,,,,,,,,,,,,
,,,[갱신형]간병인사용 질병입원일당(요양병원)(1일이상180일한도),"보험기간 중에 질병으로 진단 확정되고, 그 치료를 목적으로 약관에서 정한 요양병원에 1일이상 계속 입원하여 치료를 받으며 약관에서 정한 간병인을 사용하여 실질적으로 간병서비스를 이용한 경우에는 사용한 날에 대하여 180일을 한도로 1일당 보험가입금액 지급. 다만, 약관에서 정한 간호·간병통합서비스를 제공받는 경우에는 간병인사용 질병입원일당(요양병원)(1일이상180일한도)을 지급하지 않음. (단, 최초계약은 보험계약일 후 1년 미만 시 보험가입금액의 50% 지급)",,,,,,,,,,,장기보장성 비교 공시 (5).xls,,,,[갱신형]간병인사용 질병입원일당(요양병원)(1일이상180일한도),"보험기간 중에 질병으로 진단 확정되고, 그 치료를 목적으로 약관에서 정한 요양병원에 1일이상 계속 입원하여 치료를 받으며 약관에서 정한 간병인을 사용하여 실질적으로 간병서비스를 이용한 경우에는 사용한 날에 대하여 180일을 한도로 1일당 보험가입금액 지급. 다만, 약관에서 정한 간호·간병통합서비스를 제공받는 경우에는 간병인사용 질병입원일당(요양병원)(1일이상180일한도)을 지급하지 않음. (단, 최초계약은 보험계약일 후 1년 미만 시 보험가입금액의 50% 지급)",,,,,,,,,,,,,,,,,,,,,,,,,
,,,[갱신형]간병인사용 질병입원일당(요양병원제외)(1일이상180일한도),"보험기간 중에 질병으로 진단 확정되고, 그 치료를 목적으로  요양병원을 제외한 병·의원에 1일이상 계속 입원하여 치료를 받으며 약관에서 정한 간병인을 사용하여 실질적으로 간병서비스를 이용한 경우에는 사용한 날에 대하여 180일을 한도로 1일당 보험가입금액 지급. 다만, 약관에서 정한 간호·간병통합서비스를 제공받는 경우에는 간병인사용 질병입원일당(요양병원제외)(1일이상180일한도)을 지급하지 않음. (단, 최초계약은 보험계약일 후 1년 미만 시 보험가입금액의 50% 지급)",,,,,,,,,,,장기보장성 비교 공시 (5).xls,,,,[갱신형]간병인사용 질병입원일당(요양병원제외)(1일이상180일한도),"보험기간 중에 질병으로 진단 확정되고, 그 치료를 목적으로  요양병원을 제외한 병·의원에 1일이상 계속 입원하여 치료를 받으며 약관에서 정한 간병인을 사용하여 실질적으로 간병서비스를 이용한 경우에는 사용한 날에 대하여 180일을 한도로 1일당 보험가입금액 지급. 다만, 약관에서 정한 간호·간병통합서비스를 제공받는 경우에는 간병인사용 질병입원일당(요양병원제외)(1일이상180일한도)을 지급하지 않음. (단, 최초계약은 보험계약일 후 1년 미만 시 보험가입금액의 50% 지급)",,,,,,,,,,,,,,,,,,,,,,,,,
,,,[갱신형]간호·간병통합서비스사용 상해입원일당(1일이상180일한도),보험기간 중에 상해의 직접결과로써 생활기능 또는 업무능력에 지장을 가져와 요양병원을 제외한 병원에 1일이상 계속 입원하여 치료를 받으며 약관에서 정한 간호·간병통합서비스를 사용한 경우 사용한 날에 대하여 180일을 한도로 1일당 보험가입금액 지급.,,,,,,,,,,,장기보장성 비교 공시 (5).xls,,,,[갱신형]간호·간병통합서비스사용 상해입원일당(1일이상180일한도),보험기간 중에 상해의 직접결과로써 생활기능 또는 업무능력에 지장을 가져와 요양병원을 제외한 병원에 1일이상 계속 입원하여 치료를 받으며 약관에서 정한 간호·간병통합서비스를 사용한 경우 사용한 날에 대하여 180일을 한도로 1일당 보험가입금액 지급.,,,,,,,,,,,,,,,,,,,,,,,,,
,,,[갱신형]간호·간병통합서비스사용 질병입원일당(1일이상180일한도),"보험기간 중에 질병으로 진단 확정되고, 그 치료를 목적으로 요양병원을 제외한 병원에 1일이상 계속 입원하여 치료를 받으며 약관에서 정한 간호·간병통합서비스를 사용한 경우 사용한 날에 대하여 180일을 한도로 1일당 보험가입금액 지급. (단, 최초계약은 보험계약일 후 1년 미만 시 보험가입금액의 50% 지급)",,,,,,,,,,,장기보장성 비교 공시 (5).xls,,,,[갱신형]간호·간병통합서비스사용 질병입원일당(1일이상180일한도),"보험기간 중에 질병으로 진단 확정되고, 그 치료를 목적으로 요양병원을 제외한 병원에 1일이상 계속 입원하여 치료를 받으며 약관에서 정한 간호·간병통합서비스를 사용한 경우 사용한 날에 대하여 180일을 한도로 1일당 보험가입금액 지급. (단, 최초계약은 보험계약일 후 1년 미만 시 보험가입금액의 50% 지급)",,,,,,,,,,,,,,,,,,,,,,,,,
,,,[갱신형]장기간병요양자금(1~2등급),보험기간 중에 노인장기요양보험법에 따라 노인장기요양보험 1등급 또는 2등급 수급대상으로 인정되었을 경우 보험가입금액을 최초 1회에 한하여 지급,,,,,,,,,,,장기보장성 비교 공시 (5).xls,,,,[갱신형]장기간병요양자금(1~2등급),보험기간 중에 노인장기요양보험법에 따라 노인장기요양보험 1등급 또는 2등급 수급대상으로 인정되었을 경우 보험가입금액을 최초 1회에 한하여 지급,,,,,,,,,,,,,,,,,,,,,,,,,
,,,[갱신형]장기간병요양자금(1~4등급),"보험기간 중에 노인장기요양보험법에 따라 노인장기요양보험 1등급, 2등급, 3등급 또는 4등급 수급대상으로 인정되었을 경우 보험가입금액을 최초 1회에 한하여 지급",,,,,,,,,,,장기보장성 비교 공시 (5).xls,,,,[갱신형]장기간병요양자금(1~4등급),"보험기간 중에 노인장기요양보험법에 따라 노인장기요양보험 1등급, 2등급, 3등급 또는 4등급 수급대상으로 인정되었을 경우 보험가입금액을 최초 1회에 한하여 지급",,,,,,,,,,,,,,,,,,,,,,,,,
농협손보,(무) NH올원더풀백년동행간병보험[4종:표준형(일반심사)]2601,(무) NH올원더풀백년동행간병보험[4종:표준형(일반심사)]2601,경증이상치매진단비,보험기간 중 보장개시일 이후 진단확정된 질병 또는 상해로 인하여 경증이상치매상태로 진단확정된 경우,가입금액(최초1회한),"196,035","227,123",70.3,,,,,,,장기보장성 비교 공시 (5).xls,,농협손보,(무) NH올원더풀백년동행간병보험[4종:표준형(일반심사)]2601,경증이상치매진단비,보험기간 중 보장개시일 이후 진단확정된 질병 또는 상해로 인하여 경증이상치매상태로 진단확정된 경우,가입금액(최초1회한),"196,035","227,123",70.3,80.8,,,,,,,,,,,,,,,,,,,,
농협손보,"(무) NH올원더풀백년동행간병보험[5종:저해지형(일반심사)](납입중50‰,납입후100‰)2601","(무) NH올원더풀백년동행간병보험[5종:저해지형(일반심사)](납입중50‰,납입후100‰)2601",경증이상치매진단비,보험기간 중 보장개시일 이후 진단확정된 질병 또는 상해로 인하여 경증이상치매상태로 진단확정된 경우,가입금액 (최초1회한),"184,016","212,899",85.0,,,,,,,장기보장성 비교 공시 (5).xls,,농협손보,"(무) NH올원더풀백년동행간병보험[5종:저해지형(일반심사)](납입중50‰,납입후100‰)2601",경증이상치매진단비,보험기간 중 보장개시일 이후 진단확정된 질병 또는 상해로 인하여 경증이상치매상태로 진단확정된 경우,가입금액 (최초1회한),"184,016","212,899",85.0,97.4,,,,,,,,,,,,,,,,,,,,
농협손보,"(무) NH올원더풀백년동행간병보험[6종:무해지형(일반심사)](납입중0‰,납입후50‰)2601","(무) NH올원더풀백년동행간병보험[6종:무해지형(일반심사)](납입중0‰,납입후50‰)2601",경증이상치매진단비,보험기간 중 보장개시일 이후 진단확정된 질병 또는 상해로 인하여 경증이상치매상태로 진단확정된 경우,가입금액 (최초1회한),"161,625","186,810",87.0,,,,,,,장기보장성 비교 공시 (5).xls,,농협손보,"(무) NH올원더풀백년동행간병보험[6종:무해지형(일반심사)](납입중0‰,납입후50‰)2601",경증이상치매진단비,보험기간 중 보장개시일 이후 진단확정된 질병 또는 상해로 인하여 경증이상치매상태로 진단확정된 경우,가입금액 (최초1회한),"161,625","186,810",87.0,100.4,,,,,,,,,,,,,,,,,,,,
농협손보,(무) NH리치간병보험[1종:표준형(일반심사)]2601,(무) NH리치간병보험[1종:표준형(일반심사)]2601,"장기요양간병비(1급)(5년, 월지급)",보험기간 중 노인장기요양보험 수급대상으로 인정되어 국민건강보험공단 등급판정위원회에 의해 1등급의 장기요양등급을 판정받은 경우 최초 1회에 한하여 가입금액을 5년간 매월 지급사유 발생해당일에 지급,"5년간 매월 가입금액(최초1회한)(5년×12개월, 총 60회)","669,853","754,103",59.4,,,,,,,장기보장성 비교 공시 (5).xls,,농협손보,(무) NH리치간병보험[1종:표준형(일반심사)]2601,"장기요양간병비(1급)(5년, 월지급)",보험기간 중 노인장기요양보험 수급대상으로 인정되어 국민건강보험공단 등급판정위원회에 의해 1등급의 장기요양등급을 판정받은 경우 최초 1회에 한하여 가입금액을 5년간 매월 지급사유 발생해당일에 지급,"5년간 매월 가입금액(최초1회한)(5년×12개월, 총 60회)","669,853","754,103",59.4,72.0,,,,,,,,,,,,,,,,,,,,
농협손보,(무) NH베스트간병보험[3종:보장강화형/해약환급금저지급형(일반심사)]2601,(무) NH베스트간병보험[3종:보장강화형/해약환급금저지급형(일반심사)]2601,"장기요양간병비(1급)(5년월지급, 체증형)",보험기간 중 노인장기요양보험 수급대상으로 인정되어 국민건강보험공단 등급판정위원회에 의해 1등급의 장기요양등급을 판정받은 경우 최초 1회에 한하여 보험가입금액의 100%를 매년 10%씩 정액할증한 금액을 5년간 매월 지급사유 발생해당일에 지급,보험가입금액의 100%를 매년 10%씩 정액 할증한 금액×5년×12개월(총60회)(최초1회한),"380,778","429,831",97.0,,,,,,,장기보장성 비교 공시 (5).xls,,농협손보,(무) NH베스트간병보험[3종:보장강화형/해약환급금저지급형(일반심사)]2601,"장기요양간병비(1급)(5년월지급, 체증형)",보험기간 중 노인장기요양보험 수급대상으로 인정되어 국민건강보험공단 등급판정위원회에 의해 1등급의 장기요양등급을 판정받은 경우 최초 1회에 한하여 보험가입금액의 100%를 매년 10%씩 정액할증한 금액을 5년간 매월 지급사유 발생해당일에 지급,보험가입금액의 100%를 매년 10%씩 정액 할증한 금액×5년×12개월(총60회)(최초1회한),"380,778","429,831",97.0,106.2,,,,,,,,,,,,,,,,,,,,
농협손보,(무) NH올원더풀365간병인보험[1종:일반심사],(무) NH올원더풀365간병인보험[1종:일반심사],간병인사용일반상해입원일당(1일이상180일한도)(요양병원)보장,"상해의 직접결과로써 생활기능 또는 업무능력에 지장을 가져와 「요양병원」에 입원하여 치료를 받으며 간병인을 사용하여 실질적으로 간병서비스를 이용한 경우, 사용한 날에 대하여 1일당 가입금액 지급(1회 입원당 180일 한도)",가입금액(사용 1일당),"18,320","13,868",96.7,,,,,,,장기보장성 비교 공시 (5).xls,,농협손보,(무) NH올원더풀365간병인보험[1종:일반심사],간병인사용일반상해입원일당(1일이상180일한도)(요양병원)보장,"상해의 직접결과로써 생활기능 또는 업무능력에 지장을 가져와 「요양병원」에 입원하여 치료를 받으며 간병인을 사용하여 실질적으로 간병서비스를 이용한 경우, 사용한 날에 대하여 1일당 가입금액 지급(1회 입원당 180일 한도)",가입금액(사용 1일당),"18,320","13,868",96.7,88.8,,,,,,,,,,,,,,,,,,,,
,,,간병인사용일반상해입원일당Ⅱ(1일이상180일한도)(요양병원제외)보장,"상해의 직접결과로써 생활기능 또는 업무능력에 지장을 가져와 「요양병원을 제외한 병원 및 의원」에 입원하여 치료를 받으며 간병인을 사용하여 실질적으로 간병서비스를 이용한 경우, 사용한 날에 대하여 1일당 가입금액 지급(간병인 사용금액이 1일당 10만원 미만인 경우 가입금액의 50% 지급) (1회 입원당 180일 한도)",가입금액(사용 1일당)(간병인사용금액 10만원 미만인 경우 가입금액의 50%),,,,,,,,,,장기보장성 비교 공시 (5).xls,,,,간병인사용일반상해입원일당Ⅱ(1일이상180일한도)(요양병원제외)보장,"상해의 직접결과로써 생활기능 또는 업무능력에 지장을 가져와 「요양병원을 제외한 병원 및 의원」에 입원하여 치료를 받으며 간병인을 사용하여 실질적으로 간병서비스를 이용한 경우, 사용한 날에 대하여 1일당 가입금액 지급(간병인 사용금액이 1일당 10만원 미만인 경우 가입금액의 50% 지급) (1회 입원당 180일 한도)",가입금액(사용 1일당)(간병인사용금액 10만원 미만인 경우 가입금액의 50%),,,,,,,,,,,,,,,,,,,,,,,,
,,,간병인사용질병입원일당(1일이상180일한도)(요양병원)보장,"보험기간 중 질병으로 진단 확정되고, 그 질병의 치료를 직접적인 목적으로 「요양병원 및 의원」에 입원하여, 간병인을 사용하여 실질적으로 간병서비스를 이용한 경우, 사용한 날에 대하여 1일당 가입금액 지급(1회 입원당 180일 한도)",가입금액(사용 1일당),,,,,,,,,,장기보장성 비교 공시 (5).xls,,,,간병인사용질병입원일당(1일이상180일한도)(요양병원)보장,"보험기간 중 질병으로 진단 확정되고, 그 질병의 치료를 직접적인 목적으로 「요양병원 및 의원」에 입원하여, 간병인을 사용하여 실질적으로 간병서비스를 이용한 경우, 사용한 날에 대하여 1일당 가입금액 지급(1회 입원당 180일 한도)",가입금액(사용 1일당),,,,,,,,,,,,,,,,,,,,,,,,
,,,간병인사용질병입원일당Ⅱ(1일이상180일한도)(요양병원제외)보장,"보험기간 중 질병으로 진단 확정되고, 그 질병의 치료를 직접적인 목적으로 「요양병원을 제외한 병원 및 의원」에 입원하여, 간병인을 사용하여 실질적으로 간병서비스를 이용한 경우, 사용한 날에 대하여 1일당 가입금액 지급(간병인 사용금액이 1일당 10만원 미만인 경우 가입금액의 50% 지급) (1회 입원당 180일 한도)",가입금액(사용 1일당)(간병인사용금액 10만원 미만인 경우 가입금액의 50%),,,,,,,,,,장기보장성 비교 공시 (5).xls,,,,간병인사용질병입원일당Ⅱ(1일이상180일한도)(요양병원제외)보장,"보험기간 중 질병으로 진단 확정되고, 그 질병의 치료를 직접적인 목적으로 「요양병원을 제외한 병원 및 의원」에 입원하여, 간병인을 사용하여 실질적으로 간병서비스를 이용한 경우, 사용한 날에 대하여 1일당 가입금액 지급(간병인 사용금액이 1일당 10만원 미만인 경우 가입금액의 50% 지급) (1회 입원당 180일 한도)",가입금액(사용 1일당)(간병인사용금액 10만원 미만인 경우 가입금액의 50%),,,,,,,,,,,,,,,,,,,,,,,,
현대해상,(무)현대해상마음을더하는케어간병인보험(연만기갱신형)(Hi2510) 1종,(무)현대해상마음을더하는케어간병인보험(연만기갱신형)(Hi2510) 1종,간병인지원상해입원일당Ⅱ(1-180일)(간편맞춤고지)(갱신형),상해로 입원하여 치료를 받으며 실질적으로 간병서비스가 필요한 경우 간병인지원 및 간병인지원 1일당 이 특약의 보험가입금액(180일한도) 지급,3만원,"27,765","38,215",121,,,,,,,장기보장성 비교 공시 (7).xls,,현대해상,(무)현대해상마음을더하는케어간병인보험(연만기갱신형)(Hi2510) 1종,간병인지원상해입원일당Ⅱ(1-180일)(간편맞춤고지)(갱신형),상해로 입원하여 치료를 받으며 실질적으로 간병서비스가 필요한 경우 간병인지원 및 간병인지원 1일당 이 특약의 보험가입금액(180일한도) 지급,3만원,"27,765","38,215",121,119.5,,,,,,,,,,,,,,,,,,,,
현대해상,(무)현대해상마음을더하는케어간병인보험(연만기갱신형)(Hi2510) 2종,(무)현대해상마음을더하는케어간병인보험(연만기갱신형)(Hi2510) 2종,간병인지원상해입원일당Ⅱ(1-180일)(갱신형),상해로 입원하여 치료를 받으며 실질적으로 간병서비스가 필요한 경우 간병인지원 및 간병인지원 1일당 이 특약의 보험가입금액(180일한도) 지급,3만원,"21,613","29,750",94.2,,,,,,,장기보장성 비교 공시 (7).xls,,현대해상,(무)현대해상마음을더하는케어간병인보험(연만기갱신형)(Hi2510) 2종,간병인지원상해입원일당Ⅱ(1-180일)(갱신형),상해로 입원하여 치료를 받으며 실질적으로 간병서비스가 필요한 경우 간병인지원 및 간병인지원 1일당 이 특약의 보험가입금액(180일한도) 지급,3만원,"21,613","29,750",94.2,93,,,,,,,,,,,,,,,,,,,,
,,,간병인지원질병입원일당Ⅱ(1-180일)(갱신형),질병으로 입원하여 치료를 받으며 실질적으로 간병서비스가 필요한 경우 간병인지원 및 간병인지원 1일당 이 특약의 보험가입금액(180일한도) 지급,,,,,,,,,,,장기보장성 비교 공시 (7).xls,,,,간병인지원질병입원일당Ⅱ(1-180일)(갱신형),질병으로 입원하여 치료를 받으며 실질적으로 간병서비스가 필요한 경우 간병인지원 및 간병인지원 1일당 이 특약의 보험가입금액(180일한도) 지급,,,,,,,,,,,,,,,,,,,,,,,,,
,,,"기본계약(상해재택간병인지원보장(입원간병인사용1일당,최대180회)(갱신형))","상해로 입원하여 치료를 받으며 입원간병인을 1일당 8시간 이상 사용하여 실질적으로 입원간병서비스를 이용한 후, 퇴원일로부터 1년간 자택 등 의료기관 이외의 장소에서 그 상해로 인하여 실질적으로 재택간병서비스가 필요한경우 입원간병인사용 1일당 재택간병인 1회 지원 및 재택간병인 지원 1회당 이 특약의 보험가입금액(180회 한도) 지급",,,,,,,,,,,장기보장성 비교 공시 (7).xls,,,,"기본계약(상해재택간병인지원보장(입원간병인사용1일당,최대180회)(갱신형))","상해로 입원하여 치료를 받으며 입원간병인을 1일당 8시간 이상 사용하여 실질적으로 입원간병서비스를 이용한 후, 퇴원일로부터 1년간 자택 등 의료기관 이외의 장소에서 그 상해로 인하여 실질적으로 재택간병서비스가 필요한경우 입원간병인사용 1일당 재택간병인 1회 지원 및 재택간병인 지원 1회당 이 특약의 보험가입금액(180회 한도) 지급",,,,,,,,,,,,,,,,,,,,,,,,,
,,,"기본계약(질병재택간병인지원보장(입원간병인사용1일당,최대180회)(갱신형))","질병으로 입원하여 치료를 받으며 입원간병인을 1일당 8시간 이상 사용하여 실질적으로 입원간병서비스를 이용한 후, 퇴원일로부터 1년간 자택 등 의료기관 이외의 장소에서 그 상해로 인하여 실질적으로 재택간병서비스가 필요한경우 입원간병인사용 1일당 재택간병인 1회 지원 및 재택간병인 지원 1회당 이 특약의 보험가입금액(180회 한도) 지급",,,,,,,,,,,장기보장성 비교 공시 (7).xls,,,,"기본계약(질병재택간병인지원보장(입원간병인사용1일당,최대180회)(갱신형))","질병으로 입원하여 치료를 받으며 입원간병인을 1일당 8시간 이상 사용하여 실질적으로 입원간병서비스를 이용한 후, 퇴원일로부터 1년간 자택 등 의료기관 이외의 장소에서 그 상해로 인하여 실질적으로 재택간병서비스가 필요한경우 입원간병인사용 1일당 재택간병인 1회 지원 및 재택간병인 지원 1회당 이 특약의 보험가입금액(180회 한도) 지급",,,,,,,,,,,,,,,,,,,,,,,,,
