보험회사,상품명,구분,담보명(급부명),지급사유,지급금액,가입금액,기준보험료,가입보험료,적용이율,갱신구분,판매채널,기준일자,상세안내,연락처,source_file,원본_열_0,원본_열_1,원본_열_2,원본_열_3,원본_열_4,원본_열_5,원본_열_6,원본_열_7,원본_열_8,원본_열_9,원본_열_10,원본_열_11,원본_열_12,원본_열_13,원본_열_14,원본_열_15,원본_열_16,원본_열_17,원본_열_18,원본_열_19,원본_열_20,원본_열_21
,,,붕괴침강및사태손해(실손전부보상),"붕괴,침강 및 사태로 인해 보험목적에 손해가 발생한 경우",보험가입금액 한도 실손 전부보상,,,,,,,,,,file_38.xls,,,,붕괴침강및사태손해(실손전부보상),"붕괴,침강 및 사태로 인해 보험목적에 손해가 발생한 경우",보험가입금액 한도 실손 전부보상,,,,,,,,,,,,,,,,
,,,화재손해(실손전부보상),"화재(주택의 경우 폭발, 파열 포함)로 인해 건물 및 가재의 손해 및 소방, 피난 손해가 발생시※ 잔존물 제거비용: 잔존물의 해체비용, 청소비용, 상차비용(차에 싣는 비용)",보험가입금액 한도 실손 전부보상※ 잔존물 제거비용 발생 시 손해액의 10% 한도 보상,,,,,,,,,,file_38.xls,,,,화재손해(실손전부보상),"화재(주택의 경우 폭발, 파열 포함)로 인해 건물 및 가재의 손해 및 소방, 피난 손해가 발생시※ 잔존물 제거비용: 잔존물의 해체비용, 청소비용, 상차비용(차에 싣는 비용)",보험가입금액 한도 실손 전부보상※ 잔존물 제거비용 발생 시 손해액의 10% 한도 보상,,,,,,,,,,,,,,,,
,,,붕괴침강및사태손해(실손전부보상),"붕괴,침강 및 사태로 인해 보험목적에 손해가 발생한 경우",보험가입금액 한도 실손 전부보상,,,,,,,,,,file_38.xls,,,,붕괴침강및사태손해(실손전부보상),"붕괴,침강 및 사태로 인해 보험목적에 손해가 발생한 경우",보험가입금액 한도 실손 전부보상,,,,,,,,,,,,,,,,
,,,"임시거주비(화재,실손,4일이상,주택)","보험목적에 화재(벼락포함)로 화재손해, 소방손해, 피난손해가 발생하여 보험목적 내에 거주할 수 없게 된 경우 피보험자 본인 및 본인과 생계를 같이하고 보험목적의 주민등록상 동거중인 가족을 위해 보험목적의 약관에서 정한 복구기간 내 임시거주기간 동안 숙박시설 또는 음식점에서 지출한 비용을 보상","손해발생후 4일째부터 1일당 보험가입금액 한도로 실손 보상(사고발생일부터 90일 한도, 총 87일 한도 보상 가능)",,,,,,,,,,file_38.xls,,,,"임시거주비(화재,실손,4일이상,주택)","보험목적에 화재(벼락포함)로 화재손해, 소방손해, 피난손해가 발생하여 보험목적 내에 거주할 수 없게 된 경우 피보험자 본인 및 본인과 생계를 같이하고 보험목적의 주민등록상 동거중인 가족을 위해 보험목적의 약관에서 정한 복구기간 내 임시거주기간 동안 숙박시설 또는 음식점에서 지출한 비용을 보상","손해발생후 4일째부터 1일당 보험가입금액 한도로 실손 보상(사고발생일부터 90일 한도, 총 87일 한도 보상 가능)",,,,,,,,,,,,,,,,
,,,화재손해(실손전부보상),"화재(주택의 경우 폭발, 파열 포함)로 인해 건물 및 가재의 손해 및 소방, 피난 손해가 발생시※ 잔존물 제거비용: 잔존물의 해체비용, 청소비용, 상차비용(차에 싣는 비용)",보험가입금액 한도 실손 전부보상※ 잔존물 제거비용 발생 시 손해액의 10% 한도 보상,,,,,,,,,,file_38.xls,,,,화재손해(실손전부보상),"화재(주택의 경우 폭발, 파열 포함)로 인해 건물 및 가재의 손해 및 소방, 피난 손해가 발생시※ 잔존물 제거비용: 잔존물의 해체비용, 청소비용, 상차비용(차에 싣는 비용)",보험가입금액 한도 실손 전부보상※ 잔존물 제거비용 발생 시 손해액의 10% 한도 보상,,,,,,,,,,,,,,,,
,,,도난손해(주택)(실손전부형),"보험목적이 강도 또는 절도(미수 포함)로 인해 도난, 망가짐, 손상 및 파손된 손해를 입은 경우",보험가입금액 한도,,,,,,,,,,file_38.xls,,,,도난손해(주택)(실손전부형),"보험목적이 강도 또는 절도(미수 포함)로 인해 도난, 망가짐, 손상 및 파손된 손해를 입은 경우",보험가입금액 한도,,,,,,,,,,,,,,,,
,,,"붕괴,침강및사태로인한재산손해(주택)(실손전부형)","붕괴, 침강 및 사태로 인해 보험목적에 손해가 발생한 경우",,,,,,,,,,,file_38.xls,,,,"붕괴,침강및사태로인한재산손해(주택)(실손전부형)","붕괴, 침강 및 사태로 인해 보험목적에 손해가 발생한 경우",,,,,,,,,,,,,,,,,
,,,화재손해(실손),"화재(폭발, 파열 제외. 단,전용주택의 경우는 폭발, 파열포함)로 인해 직접손해 및 소방 ·피난손해가 발생한 경우",보험가입금액 한도,,,,,,,,,,file_38.xls,,,,화재손해(실손),"화재(폭발, 파열 제외. 단,전용주택의 경우는 폭발, 파열포함)로 인해 직접손해 및 소방 ·피난손해가 발생한 경우",보험가입금액 한도,,,,,,,,,,,,,,,,
,,,"붕괴,침강및사태손해(실손보상형)","보험기간 중 붕괴, 침강 또는 사태로 인하여 보험목적에 발생하는 손해",보험가입금액한도,,,,,,,,,,file_38.xls,,,,"붕괴,침강및사태손해(실손보상형)","보험기간 중 붕괴, 침강 또는 사태로 인하여 보험목적에 발생하는 손해",보험가입금액한도,,,,,,,,,,,,,,,,
,,,화재손해(실손보상형),"화재, 폭발, 파열로 인해 보험목적에 손해 및 소방손해, 피난손해가 발생한 경우",보험가입금액한도,,,,,,,,,,file_38.xls,,,,화재손해(실손보상형),"화재, 폭발, 파열로 인해 보험목적에 손해 및 소방손해, 피난손해가 발생한 경우",보험가입금액한도,,,,,,,,,,,,,,,,
,,,"재산손해종합보장(실손보상형, 영위업종적용)",건물을 제외한 보험의 목적의 제3자의 고의에 의한 파손 손해 발생시,가입금액 한도(자기부담금 20만원),,,,,,,,,,file_38.xls,,,,"재산손해종합보장(실손보상형, 영위업종적용)",건물을 제외한 보험의 목적의 제3자의 고의에 의한 파손 손해 발생시,가입금액 한도(자기부담금 20만원),,,,,,,,,,,,,,,,
,,,화재손해(건물)(실손)(영위업종적용),화재로 인한 직접손해 및 소방·피난손해가 발생한 경우 ※ 1사고마다 보험증권에 기재된 보험가입금액을 한도로 실제 손해액 보상,가입금액 한도,,,,,,,,,,file_38.xls,,,,화재손해(건물)(실손)(영위업종적용),화재로 인한 직접손해 및 소방·피난손해가 발생한 경우 ※ 1사고마다 보험증권에 기재된 보험가입금액을 한도로 실제 손해액 보상,가입금액 한도,,,,,,,,,,,,,,,,
,,,붕괴·침강및사태로인한재산손해(실손보상),"보험기간 중에 붕괴,침강 및 사태로 인하여 보험의 목적에 발생한 손해를 실손보상",,,,,,,,,,,file_38.xls,,,,붕괴·침강및사태로인한재산손해(실손보상),"보험기간 중에 붕괴,침강 및 사태로 인하여 보험의 목적에 발생한 손해를 실손보상",,,,,,,,,,,,,,,,,
,,,화재손해(실손보상),"보험기간 중 화재(벼락포함),소방,피난 손해발생시 실손보상(단, 주택의 경우 폭발, 파열로 인한 손해도 보상)",,,,,,,,,,,file_38.xls,,,,화재손해(실손보상),"보험기간 중 화재(벼락포함),소방,피난 손해발생시 실손보상(단, 주택의 경우 폭발, 파열로 인한 손해도 보상)",,,,,,,,,,,,,,,,,
,,,화재손해(실손보상),"보험기간 중 화재(벼락포함),소방,피난 손해발생시 실손보상(단, 주택의 경우 폭발, 파열로 인한 손해도 보상)",,,,,,,,,,,file_38.xls,,,,화재손해(실손보상),"보험기간 중 화재(벼락포함),소방,피난 손해발생시 실손보상(단, 주택의 경우 폭발, 파열로 인한 손해도 보상)",,,,,,,,,,,,,,,,,
,,,화재손해(실손보상),"보험기간 중 화재(벼락포함),소방,피난 손해발생시 실손보상(단, 주택의 경우 폭발, 파열로 인한 손해도 보상)",,,,,,,,,,,file_38.xls,,,,화재손해(실손보상),"보험기간 중 화재(벼락포함),소방,피난 손해발생시 실손보상(단, 주택의 경우 폭발, 파열로 인한 손해도 보상)",,,,,,,,,,,,,,,,,
,,,"붕괴, 침강 및 사태손해(실손보상, 동산제외)","붕괴, 침강 및 사태로 보험목적에 생긴 손해",보험가입금액(1억)한도 내 실손보상,,,,,,,,,,file_38.xls,,,,"붕괴, 침강 및 사태손해(실손보상, 동산제외)","붕괴, 침강 및 사태로 보험목적에 생긴 손해",보험가입금액(1억)한도 내 실손보상,,,,,,,,,,,,,,,,
,,,주택(화재)건물재조달차액지원(실손),보험목적(보험에 가입한 물건 중 주택건물을 말합니다)이 화재로 입은 손해,손해가 생긴 때와 곳에서의 「재조달가액」과 「보험가액」의 차액을 보험가입금액(1억)한도 내 실손보상,,,,,,,,,,file_38.xls,,,,주택(화재)건물재조달차액지원(실손),보험목적(보험에 가입한 물건 중 주택건물을 말합니다)이 화재로 입은 손해,손해가 생긴 때와 곳에서의 「재조달가액」과 「보험가액」의 차액을 보험가입금액(1억)한도 내 실손보상,,,,,,,,,,,,,,,,
,,,"주택임시거주비(화재,붕괴,침강,사태)(1일이상)(실손)","보험목적인 주택에서 발생한 화재(폭발포함),붕괴,침강,사태로 인하여 보험목적 내에서 거주할 수 없게 된 경우, 보험목적의 수리기간동안 지출한 숙박비 및 식비를 지급",1일당 보험가입금액(10만)한도 내 실손보상(사고일로부터 90일한도),,,,,,,,,,file_38.xls,,,,"주택임시거주비(화재,붕괴,침강,사태)(1일이상)(실손)","보험목적인 주택에서 발생한 화재(폭발포함),붕괴,침강,사태로 인하여 보험목적 내에서 거주할 수 없게 된 경우, 보험목적의 수리기간동안 지출한 숙박비 및 식비를 지급",1일당 보험가입금액(10만)한도 내 실손보상(사고일로부터 90일한도),,,,,,,,,,,,,,,,
,,,화재(폭발포함)배상책임Ⅱ(실손),"보험증권에 목적물(보험증권상의 소재지의 보장지역(면적) 내에서 피보험자가 소유, 사용 또는 관리하는 물건)에서 발생한 화재(폭발포함)로 인해 타인의 신체 및 재물에 손해에 대한 법률상의 손해배상책임을 부담함으로써 입은 손해","보험가입금액(대인 1억, 대물 1억) 한도내 실손보상",,,,,,,,,,file_38.xls,,,,화재(폭발포함)배상책임Ⅱ(실손),"보험증권에 목적물(보험증권상의 소재지의 보장지역(면적) 내에서 피보험자가 소유, 사용 또는 관리하는 물건)에서 발생한 화재(폭발포함)로 인해 타인의 신체 및 재물에 손해에 대한 법률상의 손해배상책임을 부담함으로써 입은 손해","보험가입금액(대인 1억, 대물 1억) 한도내 실손보상",,,,,,,,,,,,,,,,
,,,화재손해(실손보상),"① 화재에 따른 직접손해② 화재에 따른 소방손해(화재진압과정에서 발생하는 손해)③ 화재에 따른 피난손해(피난지에서 5일동안 생긴 위 ①, ②의 손해)④ 잔존물 제거비용(화재발생 후 사고현장에서 잔존물의 해체비용, 청소비용, 차에 싣는 비용을 화재손해액의 10%이내에서 실비지급. 단, 화재손해 및 잔존물제거비용의 합계액은 이 담보의 보험가입금액을 한도로 지급)",보험가입금액(1억)한도 내 실손보상,,,,,,,,,,file_38.xls,,,,화재손해(실손보상),"① 화재에 따른 직접손해② 화재에 따른 소방손해(화재진압과정에서 발생하는 손해)③ 화재에 따른 피난손해(피난지에서 5일동안 생긴 위 ①, ②의 손해)④ 잔존물 제거비용(화재발생 후 사고현장에서 잔존물의 해체비용, 청소비용, 차에 싣는 비용을 화재손해액의 10%이내에서 실비지급. 단, 화재손해 및 잔존물제거비용의 합계액은 이 담보의 보험가입금액을 한도로 지급)",보험가입금액(1억)한도 내 실손보상,,,,,,,,,,,,,,,,
,,,가족화재벌금(실손),"피보험자 본인 및 가족이 보험기간 중에 형법 제170조 또는 제171조에서 정한 실화, 업무상실화, 중실화에 따른 벌금형이 확정된 경우",보험가입금액(2천만)한도 내 실손보상,,,,,,,,,,file_38.xls,,,,가족화재벌금(실손),"피보험자 본인 및 가족이 보험기간 중에 형법 제170조 또는 제171조에서 정한 실화, 업무상실화, 중실화에 따른 벌금형이 확정된 경우",보험가입금액(2천만)한도 내 실손보상,,,,,,,,,,,,,,,,
,,,배상책임종합보장(실손),"피보험자가 소유, 사용, 관리하는 보험증권에 기재된 시설 및 그 시설의 용도에 따른 업무수행으로 생긴 우연한 사고로 타인의 신체에 장해를 입히거나 재물에 손해를 입혀 법률상 손해배상책임을 부담함으로써 입은 실손해액 지급",보험가입금액(1억)한도 내 실손보상,,,,,,,,,,file_38.xls,,,,배상책임종합보장(실손),"피보험자가 소유, 사용, 관리하는 보험증권에 기재된 시설 및 그 시설의 용도에 따른 업무수행으로 생긴 우연한 사고로 타인의 신체에 장해를 입히거나 재물에 손해를 입혀 법률상 손해배상책임을 부담함으로써 입은 실손해액 지급",보험가입금액(1억)한도 내 실손보상,,,,,,,,,,,,,,,,
,,,일반·공장(재산손해)건물재조달차액지원(실손),재산손해종합보장에서 정한 위험으로 보험의 목적(건물)에 손해가 발생하는 경우,손해가 생긴 때와 곳에서의 「재조달가액」과 「보험가액」의 차액을 보험가입금액(1억)한도 내 실손보상,,,,,,,,,,file_38.xls,,,,일반·공장(재산손해)건물재조달차액지원(실손),재산손해종합보장에서 정한 위험으로 보험의 목적(건물)에 손해가 발생하는 경우,손해가 생긴 때와 곳에서의 「재조달가액」과 「보험가액」의 차액을 보험가입금액(1억)한도 내 실손보상,,,,,,,,,,,,,,,,
,,,재산손해종합보장(실손보상),보험의 목적에 급격하고 우연하게 발생한 직접적인 재산손해,보험가입금액(1억)한도 내 실손보상,,,,,,,,,,file_38.xls,,,,재산손해종합보장(실손보상),보험의 목적에 급격하고 우연하게 발생한 직접적인 재산손해,보험가입금액(1억)한도 내 실손보상,,,,,,,,,,,,,,,,
,,,화재(폭발포함)배상책임Ⅱ(실손),"보험증권에 목적물(보험증권상의 소재지의 보장지역(면적) 내에서 피보험자가 소유, 사용 또는 관리하는 물건)에서 발생한 화재(폭발포함)로 인해 타인의 신체 및 재물에 손해에 대한 법률상의 손해배상책임을 부담함으로써 입은 손해","보험가입금액(대인 1억, 대물 1억) 한도내 실손보상",,,,,,,,,,file_38.xls,,,,화재(폭발포함)배상책임Ⅱ(실손),"보험증권에 목적물(보험증권상의 소재지의 보장지역(면적) 내에서 피보험자가 소유, 사용 또는 관리하는 물건)에서 발생한 화재(폭발포함)로 인해 타인의 신체 및 재물에 손해에 대한 법률상의 손해배상책임을 부담함으로써 입은 손해","보험가입금액(대인 1억, 대물 1억) 한도내 실손보상",,,,,,,,,,,,,,,,
,,,"붕괴, 침강 및 사태손해(실손보상, 동산제외)","붕괴, 침강 및 사태로 보험목적에 생긴 손해",보험가입금액(1억)한도 내 실손보상,,,,,,,,,,file_38.xls,,,,"붕괴, 침강 및 사태손해(실손보상, 동산제외)","붕괴, 침강 및 사태로 보험목적에 생긴 손해",보험가입금액(1억)한도 내 실손보상,,,,,,,,,,,,,,,,
,,,주택(화재)건물재조달차액지원(실손),보험목적(보험에 가입한 물건 중 주택건물을 말합니다)이 화재로 입은 손해,손해가 생긴 때와 곳에서의 「재조달가액」과 「보험가액」의 차액을 보험가입금액(1억)한도 내 실손보상,,,,,,,,,,file_38.xls,,,,주택(화재)건물재조달차액지원(실손),보험목적(보험에 가입한 물건 중 주택건물을 말합니다)이 화재로 입은 손해,손해가 생긴 때와 곳에서의 「재조달가액」과 「보험가액」의 차액을 보험가입금액(1억)한도 내 실손보상,,,,,,,,,,,,,,,,
,,,"주택임시거주비(화재,붕괴,침강,사태)(1일이상)(실손)","보험목적인 주택에서 발생한 화재(폭발포함),붕괴,침강,사태로 인하여 보험목적 내에서 거주할 수 없게 된 경우, 보험목적의 수리기간동안 지출한 숙박비 및 식비를 지급",1일당 보험가입금액(10만)한도 내 실손보상(사고일로부터 90일한도),,,,,,,,,,file_38.xls,,,,"주택임시거주비(화재,붕괴,침강,사태)(1일이상)(실손)","보험목적인 주택에서 발생한 화재(폭발포함),붕괴,침강,사태로 인하여 보험목적 내에서 거주할 수 없게 된 경우, 보험목적의 수리기간동안 지출한 숙박비 및 식비를 지급",1일당 보험가입금액(10만)한도 내 실손보상(사고일로부터 90일한도),,,,,,,,,,,,,,,,
,,,화재(폭발포함)배상책임Ⅱ(실손),"보험증권에 목적물(보험증권상의 소재지의 보장지역(면적) 내에서 피보험자가 소유, 사용 또는 관리하는 물건)에서 발생한 화재(폭발포함)로 인해 타인의 신체 및 재물에 손해에 대한 법률상의 손해배상책임을 부담함으로써 입은 손해","보험가입금액(대인 1억, 대물 1억) 한도내 실손보상",,,,,,,,,,file_38.xls,,,,화재(폭발포함)배상책임Ⅱ(실손),"보험증권에 목적물(보험증권상의 소재지의 보장지역(면적) 내에서 피보험자가 소유, 사용 또는 관리하는 물건)에서 발생한 화재(폭발포함)로 인해 타인의 신체 및 재물에 손해에 대한 법률상의 손해배상책임을 부담함으로써 입은 손해","보험가입금액(대인 1억, 대물 1억) 한도내 실손보상",,,,,,,,,,,,,,,,
,,,화재손해(실손보상),"① 화재에 따른 직접손해② 화재에 따른 소방손해(화재진압과정에서 발생하는 손해)③ 화재에 따른 피난손해(피난지에서 5일동안 생긴 위 ①, ②의 손해)④ 잔존물 제거비용(화재발생 후 사고현장에서 잔존물의 해체비용, 청소비용, 차에 싣는 비용을 화재손해액의 10%이내에서 실비지급. 단, 화재손해 및 잔존물제거비용의 합계액은 이 담보의 보험가입금액을 한도로 지급)",보험가입금액(1억)한도 내 실손보상,,,,,,,,,,file_38.xls,,,,화재손해(실손보상),"① 화재에 따른 직접손해② 화재에 따른 소방손해(화재진압과정에서 발생하는 손해)③ 화재에 따른 피난손해(피난지에서 5일동안 생긴 위 ①, ②의 손해)④ 잔존물 제거비용(화재발생 후 사고현장에서 잔존물의 해체비용, 청소비용, 차에 싣는 비용을 화재손해액의 10%이내에서 실비지급. 단, 화재손해 및 잔존물제거비용의 합계액은 이 담보의 보험가입금액을 한도로 지급)",보험가입금액(1억)한도 내 실손보상,,,,,,,,,,,,,,,,
,,,"붕괴침강및사태손해(실손보상,건물)","보험기간 중 붕괴, 침강 및 사태로 인해 보험증권에 기재된 보험목적에 손해가 발생한 경우","손해액(단, 보험가입금액 및 보험가액 한도)",,,,,,,,,,file_38.xls,,,,"붕괴침강및사태손해(실손보상,건물)","보험기간 중 붕괴, 침강 및 사태로 인해 보험증권에 기재된 보험목적에 손해가 발생한 경우","손해액(단, 보험가입금액 및 보험가액 한도)",,,,,,,,,,,,,,,,
,,,"화재손해(실손보상,가재)","보험기간 중 화재(폭발, 파열 포함)로 인해 보험증권에 기재된 보험목적에 아래의 손해가 발생한 경우 1. 화재에 따른 직접손해 2. 화재에 따른 소방손해(화재진압과정에서 발생하는 손해) 3. 화재에 따른 피난손해(피난지에서 5일 동안에 보험목적에 생긴 위 제1호 및 제2호의 손해를 포함합니다) ※ 한 번의 사고에 대하여 지급액이 보험가입금액 이상인 때에는 이 특별약관은 소멸","손해액(단, 보험가입금액 및 보험가액 한도)",,,,,,,,,,file_38.xls,,,,"화재손해(실손보상,가재)","보험기간 중 화재(폭발, 파열 포함)로 인해 보험증권에 기재된 보험목적에 아래의 손해가 발생한 경우 1. 화재에 따른 직접손해 2. 화재에 따른 소방손해(화재진압과정에서 발생하는 손해) 3. 화재에 따른 피난손해(피난지에서 5일 동안에 보험목적에 생긴 위 제1호 및 제2호의 손해를 포함합니다) ※ 한 번의 사고에 대하여 지급액이 보험가입금액 이상인 때에는 이 특별약관은 소멸","손해액(단, 보험가입금액 및 보험가액 한도)",,,,,,,,,,,,,,,,
,,,"화재손해(실손보상,건물)",,,,,,,,,,,,file_38.xls,,,,"화재손해(실손보상,건물)",,,,,,,,,,,,,,,,,,
,,,구내폭발·파열손해(실손)보장,"보험목적이 있는 구내에서 생긴 폭발, 파열로 보험목적에 손해가 발생한 경우",,,,,,,,,,,file_38.xls,,,,구내폭발·파열손해(실손)보장,"보험목적이 있는 구내에서 생긴 폭발, 파열로 보험목적에 손해가 발생한 경우",,,,,,,,,,,,,,,,,
,,,"붕괴, 침강 및 사태로 인한 재산손해(실손)보장","붕괴, 침강 및 사태로 인하여 보험목적에 손해가 발생한 경우",,,,,,,,,,,file_38.xls,,,,"붕괴, 침강 및 사태로 인한 재산손해(실손)보장","붕괴, 침강 및 사태로 인하여 보험목적에 손해가 발생한 경우",,,,,,,,,,,,,,,,,
,,,화재손해(보험가입금액 한도내 실손)보장,"보험에 가입한 물건이 화재(벼락포함)로 입은 손해, 소방손해, 피난손해를 보상",가입금액한도(실손보상),,,,,,,,,,file_38.xls,,,,화재손해(보험가입금액 한도내 실손)보장,"보험에 가입한 물건이 화재(벼락포함)로 입은 손해, 소방손해, 피난손해를 보상",가입금액한도(실손보상),,,,,,,,,,,,,,,,
,,,골프활동중배상책임(실손),"보험기간중 피보험자가 골프시설구내에서 골프의 연습,경기 또는 지도중에 타인의 신체 및 재물에 대한 법률상 배상책임을 부담함으로써 입은 손해를 가입금액한도로 보상(본인부담금 2만원)",2000만원,,,,,,,,,,file_47.xls,,,,골프활동중배상책임(실손),"보험기간중 피보험자가 골프시설구내에서 골프의 연습,경기 또는 지도중에 타인의 신체 및 재물에 대한 법률상 배상책임을 부담함으로써 입은 손해를 가입금액한도로 보상(본인부담금 2만원)",2000만원,,,,,,,,,,,,,,,,
,,,"알바트로스비용(깔때기홀제외)(정규홀,실손)","피보험자가 보험기간 중에 골프장에서 골프경기 중 알바트로스을 행한 경우 1회에 한하여 알바트로스를 행한 날로부터 1개월(단, 축하라운드의 경우 3개월) 이내 소요된 금액(약관에서 정한 항목 내)을 보험 가입금액을 한도로 지급(18홀 이상을 보유한 국내 소재의 회원제골프장 및 정규대중골프장에 한함)",100만원,,,,,,,,,,file_47.xls,,,,"알바트로스비용(깔때기홀제외)(정규홀,실손)","피보험자가 보험기간 중에 골프장에서 골프경기 중 알바트로스을 행한 경우 1회에 한하여 알바트로스를 행한 날로부터 1개월(단, 축하라운드의 경우 3개월) 이내 소요된 금액(약관에서 정한 항목 내)을 보험 가입금액을 한도로 지급(18홀 이상을 보유한 국내 소재의 회원제골프장 및 정규대중골프장에 한함)",100만원,,,,,,,,,,,,,,,,
,,,"홀인원비용(깔때기홀제외)(정규홀,실손)(연간1회한)","피보험자가 보험기간 중에 골프장에서 골프경기 중 홀인원을 행한 경우 연간 1회에 한하여 홀인원을 행한 날부터 1개월(단, 축하라운드의 경우 3개월) 이내에 소요된 금액(약관에서 정한 항목 내)을 보험가입금액을 한도로 지급(18홀 이상을 보유한 국내 소재의 회원제골프장 및 정규대중골프장에 한함)",,,,,,,,,,,file_47.xls,,,,"홀인원비용(깔때기홀제외)(정규홀,실손)(연간1회한)","피보험자가 보험기간 중에 골프장에서 골프경기 중 홀인원을 행한 경우 연간 1회에 한하여 홀인원을 행한 날부터 1개월(단, 축하라운드의 경우 3개월) 이내에 소요된 금액(약관에서 정한 항목 내)을 보험가입금액을 한도로 지급(18홀 이상을 보유한 국내 소재의 회원제골프장 및 정규대중골프장에 한함)",,,,,,,,,,,,,,,,,
,,,주택(화재)건물재조달차액지원(실손),특약보험기간 중 보험목적인 건물이 화재(폭발포함)로 입은 손해 중 재조달차액(보험가액과 재조달가액에 따라 계산한 손해액의 차액)을 보상,보험가입금액(1억)한도 내 실손보상,,,,,,,,,,file_47.xls,,,,주택(화재)건물재조달차액지원(실손),특약보험기간 중 보험목적인 건물이 화재(폭발포함)로 입은 손해 중 재조달차액(보험가액과 재조달가액에 따라 계산한 손해액의 차액)을 보상,보험가입금액(1억)한도 내 실손보상,,,,,,,,,,,,,,,,
,,,"주택임시거주비Ⅱ(화재,붕괴,침강,사태)(1일이상)(실손)","특약보험기간 중 보험목적에 화재,붕괴,침강 및 사태가 발생하여 보험목적 내에 거주할 수 없게 된 경우 원상복구를 위한 기간 중 발생한 임시거주비를 보상",1일당 보험가입금액(10만)한도 내 실손보상(사고일로부터 90일한도),,,,,,,,,,file_47.xls,,,,"주택임시거주비Ⅱ(화재,붕괴,침강,사태)(1일이상)(실손)","특약보험기간 중 보험목적에 화재,붕괴,침강 및 사태가 발생하여 보험목적 내에 거주할 수 없게 된 경우 원상복구를 위한 기간 중 발생한 임시거주비를 보상",1일당 보험가입금액(10만)한도 내 실손보상(사고일로부터 90일한도),,,,,,,,,,,,,,,,
,,,화재(폭발포함)배상책임(실손),특약보험기간 중 목적물에서 발생한 화재 또는 폭발사고로 인하여 상해를 입히거나  타인의 재물을 망그러뜨려 법률상 배상책임을 부담함으로써 입은 손해,"보험가입금액(대인 1억, 대물 1억) 한도내 실손보상",,,,,,,,,,file_47.xls,,,,화재(폭발포함)배상책임(실손),특약보험기간 중 목적물에서 발생한 화재 또는 폭발사고로 인하여 상해를 입히거나  타인의 재물을 망그러뜨려 법률상 배상책임을 부담함으로써 입은 손해,"보험가입금액(대인 1억, 대물 1억) 한도내 실손보상",,,,,,,,,,,,,,,,
,,,화재손해(실손),"① 화재, 폭발 및 파열에 따른 손해② 화재, 폭발 및 파열에 따른 소방손해③ 화재, 폭발 및 파열에 따른 피난손해(피난지에서 5일동안 생긴 위 ①, ②의 손해)④ 잔존물 제거비용",보험가입금액(1억)한도 내 실손보상,,,,,,,,,,file_47.xls,,,,화재손해(실손),"① 화재, 폭발 및 파열에 따른 손해② 화재, 폭발 및 파열에 따른 소방손해③ 화재, 폭발 및 파열에 따른 피난손해(피난지에서 5일동안 생긴 위 ①, ②의 손해)④ 잔존물 제거비용",보험가입금액(1억)한도 내 실손보상,,,,,,,,,,,,,,,,
,,,"임시거주비(화재/붕괴/침강/사태,실손,1일이상,주택)","보험목적에 화재(벼락을 포함)로 인한 직접손해, 소방손해, 피난손해와 붕괴, 침강 및 사태로 인한 손해가 발생함으로써 보험목적 내에 거주할 수 없게 된 경우에 보험목적 원상복구를 위한 복구기간 내 임시거주기간 동안 임시거주비 보상※ '복구기간 내 임시거주기간'은 추정복구기간(보험목적을 손해발생 직전 상태로 복구하기 위해 통상적으로 필요하다고 인정되는 기간)과 약정복구기간(보험목적이 손해를 입었던 때로부터 90일) 내 임시거주기간 중 짧은 기간으로 합니다.※ 임시거주비는 피보험자가 본인 및 본인과 생계를 같이하고 보험목적의 주민등록상 동거중인 가족을 위해 복구기간 내 임시거주기간동안 숙박시설 또는 음식점에서 실제로 지출한 숙박비 및 식대를 말합니다.",1사고마다 손해발생 후 1일째부터 1일당 10만원을 한도 실손보상(사고발생일부터 90일 한도),,,,,,,,,,file_50.xls,,,,"임시거주비(화재/붕괴/침강/사태,실손,1일이상,주택)","보험목적에 화재(벼락을 포함)로 인한 직접손해, 소방손해, 피난손해와 붕괴, 침강 및 사태로 인한 손해가 발생함으로써 보험목적 내에 거주할 수 없게 된 경우에 보험목적 원상복구를 위한 복구기간 내 임시거주기간 동안 임시거주비 보상※ '복구기간 내 임시거주기간'은 추정복구기간(보험목적을 손해발생 직전 상태로 복구하기 위해 통상적으로 필요하다고 인정되는 기간)과 약정복구기간(보험목적이 손해를 입었던 때로부터 90일) 내 임시거주기간 중 짧은 기간으로 합니다.※ 임시거주비는 피보험자가 본인 및 본인과 생계를 같이하고 보험목적의 주민등록상 동거중인 가족을 위해 복구기간 내 임시거주기간동안 숙박시설 또는 음식점에서 실제로 지출한 숙박비 및 식대를 말합니다.",1사고마다 손해발생 후 1일째부터 1일당 10만원을 한도 실손보상(사고발생일부터 90일 한도),,,,,,,,,,,,,,,,
,,,화재손해(실손전부보상),"화재(주택의 경우 폭발, 파열 포함)로 인해 건물 및 가재의 직접손해 및 소방손해, 피난 손해가 발생시※ 잔존물 제거비용: 잔존물의 해체비용, 청소비용, 상차비용(차에 싣는 비용)",보험가입금액 한도 실손 전부보상※ 잔존물 제거비용 발생 시 손해액의 10% 한도 보상,,,,,,,,,,file_50.xls,,,,화재손해(실손전부보상),"화재(주택의 경우 폭발, 파열 포함)로 인해 건물 및 가재의 직접손해 및 소방손해, 피난 손해가 발생시※ 잔존물 제거비용: 잔존물의 해체비용, 청소비용, 상차비용(차에 싣는 비용)",보험가입금액 한도 실손 전부보상※ 잔존물 제거비용 발생 시 손해액의 10% 한도 보상,,,,,,,,,,,,,,,,
,,,화재손해(실손보상),"보험기간 중 화재(벼락포함),소방,피난 손해발생시 실손보상(단, 주택의 경우 폭발, 파열로 인한 손해도 보상)",,,,,,,,,,,file_50.xls,,,,화재손해(실손보상),"보험기간 중 화재(벼락포함),소방,피난 손해발생시 실손보상(단, 주택의 경우 폭발, 파열로 인한 손해도 보상)",,,,,,,,,,,,,,,,,
,,,화재손해(실손),화재 및 구내에서 생긴 폭발·파열로 직접손해 및 소방·피난손해가 발생한 경우,가입금액한도(실손보상),,,,,,,,,,file_50.xls,,,,화재손해(실손),화재 및 구내에서 생긴 폭발·파열로 직접손해 및 소방·피난손해가 발생한 경우,가입금액한도(실손보상),,,,,,,,,,,,,,,,
메리츠화재,(무) 메리츠 노후실손의료비보험2605,(무) 메리츠 노후실손의료비보험2605,노후실손의료비_상해형,상해로 인하여 병원에 입원 또는 통원하여 치료 및 처방조제시,1억원 한도,"60,078","65,195",102.1,,,,,,,실손의료보험 비교공시 (1).xls,,메리츠화재,(무) 메리츠 노후실손의료비보험2605,노후실손의료비_상해형,상해로 인하여 병원에 입원 또는 통원하여 치료 및 처방조제시,1억원 한도,"60,078","65,195",102.1,102.2,,,,,,,,,,,,
,,,노후실손의료비_질병형,질병으로 인하여 병원에 입원 또는 통원하여 치료 및 처방조제시,,,,,,,,,,,실손의료보험 비교공시 (1).xls,,,,노후실손의료비_질병형,질병으로 인하여 병원에 입원 또는 통원하여 치료 및 처방조제시,,,,,,,,,,,,,,,,,
,,,요양병원의료비,질병 또는 상해로 인하여 요양병원에서 입원 또는 통원하여 치료를 받거나 처방조제를 받은 경우(상급병실료차액 제외) 계약일 또는 매년 계약해당일부터 1년 단위로 연간 5천만원 한도(통원의 경우 회(건)당 최고 100만원 한도) 내에서 보상,5000만원 한도,,,,,,,,,,실손의료보험 비교공시 (1).xls,,,,요양병원의료비,질병 또는 상해로 인하여 요양병원에서 입원 또는 통원하여 치료를 받거나 처방조제를 받은 경우(상급병실료차액 제외) 계약일 또는 매년 계약해당일부터 1년 단위로 연간 5천만원 한도(통원의 경우 회(건)당 최고 100만원 한도) 내에서 보상,5000만원 한도,,,,,,,,,,,,,,,,
롯데손보,(무) let:care 노후실손의료보험Ⅱ(2604),(무) let:care 노후실손의료보험Ⅱ(2604),노후실손의료비(상해형)(갱신형),피보험자가 상해로 인하여 병원에 입원 또는 통원하여 치료를 받거나 처방조제를 받은 경우,보험가입금액(1억원) 한도,"56,773","43,637",99.7,,,,,,,실손의료보험 비교공시 (1).xls,,롯데손보,(무) let:care 노후실손의료보험Ⅱ(2604),노후실손의료비(상해형)(갱신형),피보험자가 상해로 인하여 병원에 입원 또는 통원하여 치료를 받거나 처방조제를 받은 경우,보험가입금액(1억원) 한도,"56,773","43,637",99.7,99.8,,,,,,,,,,,,
,,,노후실손의료비(질병형)(갱신형),피보험자가 질병으로 인하여 병원에 입원 또는 통원하여 치료를 받거나 처방조제를 받은 경우,,,,,,,,,,,실손의료보험 비교공시 (1).xls,,,,노후실손의료비(질병형)(갱신형),피보험자가 질병으로 인하여 병원에 입원 또는 통원하여 치료를 받거나 처방조제를 받은 경우,,,,,,,,,,,,,,,,,
,,,요양병원의료비(갱신형),피보험자가 상해 또는 질병으로 인하여 요양병원에서 입원 또는 통원하여 치료를 받거나 처방조제를 받은 경우,보험가입금액(5천만원) 한도,,,,,,,,,,실손의료보험 비교공시 (1).xls,,,,요양병원의료비(갱신형),피보험자가 상해 또는 질병으로 인하여 요양병원에서 입원 또는 통원하여 치료를 받거나 처방조제를 받은 경우,보험가입금액(5천만원) 한도,,,,,,,,,,,,,,,,
삼성화재,무배당 삼성화재 노후실손의료비보험(2601.20),무배당 삼성화재 노후실손의료비보험(2601.20),노후실손의료비B(상해형),상해로 인하여 병원(요양병원 제외)에 입원 또는 통원하여 치료를 받거나 처방조제를 받은 경우※ 국민건강보험법 또는 의료급여법을 적용받지 못한 경우 의료비 중 본인이 실제로 부담한 금액에서 공제금액을 차감한 후의 금액에 대해 40%해당액을 연간 보험가입금액 한도로 보상,"연간 1억원 한도. 다만, 통원은 회(건)당 1백만원을 최고한도로 함","54,476","65,652",94.7,,,,,,,실손의료보험 비교공시 (1).xls,,삼성화재,무배당 삼성화재 노후실손의료비보험(2601.20),노후실손의료비B(상해형),상해로 인하여 병원(요양병원 제외)에 입원 또는 통원하여 치료를 받거나 처방조제를 받은 경우※ 국민건강보험법 또는 의료급여법을 적용받지 못한 경우 의료비 중 본인이 실제로 부담한 금액에서 공제금액을 차감한 후의 금액에 대해 40%해당액을 연간 보험가입금액 한도로 보상,"연간 1억원 한도. 다만, 통원은 회(건)당 1백만원을 최고한도로 함","54,476","65,652",94.7,94.8,,,,,,,,,,,,
,,,노후실손의료비B(질병형),질병으로 인하여 병원(요양병원 제외)에 입원 또는 통원하여 치료를 받거나 처방조제를 받은 경우※ 국민건강보험법 또는 의료급여법을 적용받지 못한 경우 의료비 중 본인이 실제로 부담한 금액에서 공제금액을 차감한 후의 금액에 대해 40%해당액을 연간 보험가입금액 한도로 보상,,,,,,,,,,,실손의료보험 비교공시 (1).xls,,,,노후실손의료비B(질병형),질병으로 인하여 병원(요양병원 제외)에 입원 또는 통원하여 치료를 받거나 처방조제를 받은 경우※ 국민건강보험법 또는 의료급여법을 적용받지 못한 경우 의료비 중 본인이 실제로 부담한 금액에서 공제금액을 차감한 후의 금액에 대해 40%해당액을 연간 보험가입금액 한도로 보상,,,,,,,,,,,,,,,,,
,,,요양병원 실손의료비B,상해 또는 질병으로 인하여 요양병원에 입원 또는 통원하여 치료를 받거나 처방조제를 받은 경우 ※ 국민건강보험법 또는 의료급여법을 적용받지 못한 경우 의료비 중 본인이 실제로 부담한 금액에서 공제금액을 차감한 후의 금액에 대해 40%해당액을 연간 보험가입금액 한도로 보상,"연간 5천만원 한도. 다만, 통원은 회(건)당 1백만원을 최고한도로 함",,,,,,,,,,실손의료보험 비교공시 (1).xls,,,,요양병원 실손의료비B,상해 또는 질병으로 인하여 요양병원에 입원 또는 통원하여 치료를 받거나 처방조제를 받은 경우 ※ 국민건강보험법 또는 의료급여법을 적용받지 못한 경우 의료비 중 본인이 실제로 부담한 금액에서 공제금액을 차감한 후의 금액에 대해 40%해당액을 연간 보험가입금액 한도로 보상,"연간 5천만원 한도. 다만, 통원은 회(건)당 1백만원을 최고한도로 함",,,,,,,,,,,,,,,,
현대해상,(무)현대해상노후실손의료비보장보험(갱신형)(Hi2605),(무)현대해상노후실손의료비보장보험(갱신형)(Hi2605),노후실손의료비 상해(갱신형),"상해로 인하여 병원(요양병원 제외)에 입원 또는 통원하여 치료를 받거나, 처방조제를 받은 경우",1억원한도(통원 1건당100만원한도),"61,656","70,738",106.7,,,,,,,실손의료보험 비교공시 (1).xls,,현대해상,(무)현대해상노후실손의료비보장보험(갱신형)(Hi2605),노후실손의료비 상해(갱신형),"상해로 인하여 병원(요양병원 제외)에 입원 또는 통원하여 치료를 받거나, 처방조제를 받은 경우",1억원한도(통원 1건당100만원한도),"61,656","70,738",106.7,106.9,,,,,,,,,,,,
,,,노후실손의료비 질병(갱신형),"질병으로 인하여 병원(요양병원 제외)에 입원 또는 통원하여 치료를 받거나, 처방조제를 받은 경우",,,,,,,,,,,실손의료보험 비교공시 (1).xls,,,,노후실손의료비 질병(갱신형),"질병으로 인하여 병원(요양병원 제외)에 입원 또는 통원하여 치료를 받거나, 처방조제를 받은 경우",,,,,,,,,,,,,,,,,
,,,요양병원 실손의료비(갱신형),"상해 또는 질병으로 인하여 요양병원에 입원 또는 통원하여 치료를 받거나, 처방조제를 받은 경우",5천만원한도(통원 1건당 100만원한도),,,,,,,,,,실손의료보험 비교공시 (1).xls,,,,요양병원 실손의료비(갱신형),"상해 또는 질병으로 인하여 요양병원에 입원 또는 통원하여 치료를 받거나, 처방조제를 받은 경우",5천만원한도(통원 1건당 100만원한도),,,,,,,,,,,,,,,,
KB손보,KB손보 노후실손의료비보장보험(무배당)(26.01),KB손보 노후실손의료비보장보험(무배당)(26.01),노후실손의료비(상해형)【갱신계약】,보험기간 중 상해로 인하여 의료기관에서 입원 또는 통원하여 치료를 받거나 처방조제를 받은 경우,"계약일 또는 매년 계약해당일로부터 1년단위로 보험가입금액을 연간한도로 보장(1억원한도, 통원 건(회)당 1백만원 한도)","54,490","46,556",99.7,,,,,,,실손의료보험 비교공시 (1).xls,,KB손보,KB손보 노후실손의료비보장보험(무배당)(26.01),노후실손의료비(상해형)【갱신계약】,보험기간 중 상해로 인하여 의료기관에서 입원 또는 통원하여 치료를 받거나 처방조제를 받은 경우,"계약일 또는 매년 계약해당일로부터 1년단위로 보험가입금액을 연간한도로 보장(1억원한도, 통원 건(회)당 1백만원 한도)","54,490","46,556",99.7,99.9,,,,,,,,,,,,
,,,노후실손의료비(질병형)【갱신계약】,보험기간 중 질병으로 인하여 의료기관에서 입원 또는 통원하여 치료를 받거나 처방조제를 받은 경우,,,,,,,,,,,실손의료보험 비교공시 (1).xls,,,,노후실손의료비(질병형)【갱신계약】,보험기간 중 질병으로 인하여 의료기관에서 입원 또는 통원하여 치료를 받거나 처방조제를 받은 경우,,,,,,,,,,,,,,,,,
,,,요양병원실손의료비【갱신계약】,보험기간 중 상해 또는 질병으로 인하여 요양병원에서 입원 또는 통원하여 치료를 받거나 처방조제를 받은 경우,"계약일 또는 매년 계약해당일로부터 1년단위로 보험가입금액을 연간한도로 보장(5천만원한도, 통원 건(회)당 1백만원 한도)",,,,,,,,,,실손의료보험 비교공시 (1).xls,,,,요양병원실손의료비【갱신계약】,보험기간 중 상해 또는 질병으로 인하여 요양병원에서 입원 또는 통원하여 치료를 받거나 처방조제를 받은 경우,"계약일 또는 매년 계약해당일로부터 1년단위로 보험가입금액을 연간한도로 보장(5천만원한도, 통원 건(회)당 1백만원 한도)",,,,,,,,,,,,,,,,
DB손보,(무)프로미라이프 노후실손의료비보험2604(1종),(무)프로미라이프 노후실손의료비보험2604(1종),상해외래의료비(간편고지),피보험자가 보험기간 중에 상해로 병원에 통원하여 외래치료를 받은 경우에 보상한도 내에서 보상(180회 한도),방문 1회당 본인부담의료비에서 공제금액(2만원과 보상대상의료비의 30% 중 큰 금액)을 차감한 금액,"38,174","54,301",112.5,,,,,,,실손의료보험 비교공시 (1).xls,,DB손보,(무)프로미라이프 노후실손의료비보험2604(1종),상해외래의료비(간편고지),피보험자가 보험기간 중에 상해로 병원에 통원하여 외래치료를 받은 경우에 보상한도 내에서 보상(180회 한도),방문 1회당 본인부담의료비에서 공제금액(2만원과 보상대상의료비의 30% 중 큰 금액)을 차감한 금액,"38,174","54,301",112.5,112.5,,,,,,,,,,,,
,,,상해입원의료비(간편고지),피보험자가 보험기간 중에 상해로 병원에 입원하여 치료를 받은 경우에는 입원의료비를 하나의 상해당 가입금액 한도로 보상,본인부담 입원의료비에서 공제금액 (10만원과 보상대상의료비의 30% 중 큰 금액)을 뺀 금액. 10만원과 보상대상의료비의 30% 중 큰 금액이계약일 또는 매년 계약해당일로부터 연간 200만원을 초과하는 금액은 보상.,,,,,,,,,,실손의료보험 비교공시 (1).xls,,,,상해입원의료비(간편고지),피보험자가 보험기간 중에 상해로 병원에 입원하여 치료를 받은 경우에는 입원의료비를 하나의 상해당 가입금액 한도로 보상,본인부담 입원의료비에서 공제금액 (10만원과 보상대상의료비의 30% 중 큰 금액)을 뺀 금액. 10만원과 보상대상의료비의 30% 중 큰 금액이계약일 또는 매년 계약해당일로부터 연간 200만원을 초과하는 금액은 보상.,,,,,,,,,,,,,,,,
,,,질병외래의료비(간편고지),피보험자가 보험기간 중에 질병으로 병원에 통원하여 외래치료를 받은 경우에 보상한도 내에서 보상(180회 한도),,,,,,,,,,,실손의료보험 비교공시 (1).xls,,,,질병외래의료비(간편고지),피보험자가 보험기간 중에 질병으로 병원에 통원하여 외래치료를 받은 경우에 보상한도 내에서 보상(180회 한도),,,,,,,,,,,,,,,,,
,,,질병입원의료비(간편고지),피보험자가 보험기간 중에 질병으로 병원에 입원하여 치료를 받은 경우에는 입원의료비를 하나의 질병당 가입금액 한도로 보상,본인부담 입원의료비의 80% 해당액(20% 해당액이 계약일 또는 매년 계약해당일로부터 연간 200만원을 초과하는 금액은 보상),,,,,,,,,,실손의료보험 비교공시 (1).xls,,,,질병입원의료비(간편고지),피보험자가 보험기간 중에 질병으로 병원에 입원하여 치료를 받은 경우에는 입원의료비를 하나의 질병당 가입금액 한도로 보상,본인부담 입원의료비의 80% 해당액(20% 해당액이 계약일 또는 매년 계약해당일로부터 연간 200만원을 초과하는 금액은 보상),,,,,,,,,,,,,,,,
DB손보,(무)프로미라이프 노후실손의료비보험2604(2종),(무)프로미라이프 노후실손의료비보험2604(2종),상해외래의료비(간편고지),피보험자가 보험기간 중에 상해로 병원에 통원하여 외래치료를 받은 경우에 보상한도 내에서 보상(180회 한도),방문 1회당 본인부담의료비에서 공제금액(2만원과 보상대상의료비의 30% 중 큰 금액)을 차감한 금액,"36,362","51,724",107.2,,,,,,,실손의료보험 비교공시 (1).xls,,DB손보,(무)프로미라이프 노후실손의료비보험2604(2종),상해외래의료비(간편고지),피보험자가 보험기간 중에 상해로 병원에 통원하여 외래치료를 받은 경우에 보상한도 내에서 보상(180회 한도),방문 1회당 본인부담의료비에서 공제금액(2만원과 보상대상의료비의 30% 중 큰 금액)을 차감한 금액,"36,362","51,724",107.2,107.2,,,,,,,,,,,,
,,,상해입원의료비(간편고지),피보험자가 보험기간 중에 상해로 병원에 입원하여 치료를 받은 경우에는 입원의료비를 하나의 상해당 가입금액 한도로 보상,본인부담 입원의료비에서 공제금액 (10만원과 보상대상의료비의 30% 중 큰 금액)을 뺀 금액. 10만원과 보상대상의료비의 30% 중 큰 금액이계약일 또는 매년 계약해당일로부터 연간 200만원을 초과하는 금액은 보상.,,,,,,,,,,실손의료보험 비교공시 (1).xls,,,,상해입원의료비(간편고지),피보험자가 보험기간 중에 상해로 병원에 입원하여 치료를 받은 경우에는 입원의료비를 하나의 상해당 가입금액 한도로 보상,본인부담 입원의료비에서 공제금액 (10만원과 보상대상의료비의 30% 중 큰 금액)을 뺀 금액. 10만원과 보상대상의료비의 30% 중 큰 금액이계약일 또는 매년 계약해당일로부터 연간 200만원을 초과하는 금액은 보상.,,,,,,,,,,,,,,,,
,,,질병외래의료비(간편고지),피보험자가 보험기간 중에 질병으로 병원에 통원하여 외래치료를 받은 경우에 보상한도 내에서 보상(180회 한도),,,,,,,,,,,실손의료보험 비교공시 (1).xls,,,,질병외래의료비(간편고지),피보험자가 보험기간 중에 질병으로 병원에 통원하여 외래치료를 받은 경우에 보상한도 내에서 보상(180회 한도),,,,,,,,,,,,,,,,,
,,,질병입원의료비(간편고지),피보험자가 보험기간 중에 질병으로 병원에 입원하여 치료를 받은 경우에는 입원의료비를 하나의 질병당 가입금액 한도로 보상,본인부담 입원의료비의 80% 해당액(20% 해당액이 계약일 또는 매년 계약해당일로부터 연간 200만원을 초과하는 금액은 보상),,,,,,,,,,실손의료보험 비교공시 (1).xls,,,,질병입원의료비(간편고지),피보험자가 보험기간 중에 질병으로 병원에 입원하여 치료를 받은 경우에는 입원의료비를 하나의 질병당 가입금액 한도로 보상,본인부담 입원의료비의 80% 해당액(20% 해당액이 계약일 또는 매년 계약해당일로부터 연간 200만원을 초과하는 금액은 보상),,,,,,,,,,,,,,,,
농협손보,(무) 헤아림노후실손의료보험2601,(무) 헤아림노후실손의료보험2601,상급병실료차액보장,상해 또는 질병으로 인하여 상급병실에 입원하여 치료를 받은 경우 상급병실료차액의 50%를 보상,가입금액 한도 (상급병실료차액의 50%를 공제 / 1일당 평균 10만원 한도),"42,232","47,032",89.5,,,,,,,실손의료보험 비교공시 (1).xls,,농협손보,(무) 헤아림노후실손의료보험2601,상급병실료차액보장,상해 또는 질병으로 인하여 상급병실에 입원하여 치료를 받은 경우 상급병실료차액의 50%를 보상,가입금액 한도 (상급병실료차액의 50%를 공제 / 1일당 평균 10만원 한도),"42,232","47,032",89.5,89.5,,,,,,,,,,,,
,,,요양병원실손의료비보장,상해 또는 질병으로 인하여 요양병원에서 입원 또는 통원하여 치료를 받거나 처방조제를 받은 경우에 보상,"가입금액 한도 [단, 통원의 경우 회(건)당 최고 100만원 한도 / 자기부담금 : (입원건당 30만원, 통원건당 3만원) + 건당 공제 후 금액의 (급여 20%, 비급여 50%)]",,,,,,,,,,실손의료보험 비교공시 (1).xls,,,,요양병원실손의료비보장,상해 또는 질병으로 인하여 요양병원에서 입원 또는 통원하여 치료를 받거나 처방조제를 받은 경우에 보상,"가입금액 한도 [단, 통원의 경우 회(건)당 최고 100만원 한도 / 자기부담금 : (입원건당 30만원, 통원건당 3만원) + 건당 공제 후 금액의 (급여 20%, 비급여 50%)]",,,,,,,,,,,,,,,,
한화손보,한화간편실손의료보험(갱신형) 무배당2504(간편고지 실손 신규계약용),한화간편실손의료보험(갱신형) 무배당2504(간편고지 실손 신규계약용),실손의료비(상해외래형)(갱신형),상해로 인하여 병원에 통원하여 치료를 받은 경우(매년 계약해당일부터 1년 단위로 보상)※ 국민건강보험법 또는 의료급여법을 적용받지 못한 경우에는 통원의료비(‘국민건강보험 요양급여의 기준에 관한 규칙’에 따라 보건복지부장관이 정한 급여 및 비급여의료비 항목에 한합니다) 중 본인이 실제로 부담한 금액의 40%해당액에서 항목별 공제금액을 뺀 금액을 보험가입금액 한도로 보상,보험가입금액 한도(20만원 한도)보상대상의료비에서 2만원과 보상대상의료비의 30% 중 큰 금액을 뺀 금액,"25,395","33,167",101.6,,,,,,,실손의료보험 비교공시 (2).xls,,한화손보,한화간편실손의료보험(갱신형) 무배당2504(간편고지 실손 신규계약용),실손의료비(상해외래형)(갱신형),상해로 인하여 병원에 통원하여 치료를 받은 경우(매년 계약해당일부터 1년 단위로 보상)※ 국민건강보험법 또는 의료급여법을 적용받지 못한 경우에는 통원의료비(‘국민건강보험 요양급여의 기준에 관한 규칙’에 따라 보건복지부장관이 정한 급여 및 비급여의료비 항목에 한합니다) 중 본인이 실제로 부담한 금액의 40%해당액에서 항목별 공제금액을 뺀 금액을 보험가입금액 한도로 보상,보험가입금액 한도(20만원 한도)보상대상의료비에서 2만원과 보상대상의료비의 30% 중 큰 금액을 뺀 금액,"25,395","33,167",101.6,101.6,,,,,,,,,,,,
,,,실손의료비(상해입원형)(갱신형),상해로 인하여 병원에 입원하여 치료를 받은 경우(하나의 상해당 최초입원일부터 365일까지 보상)※ 국민건강보험법 또는 의료급여법을 적용받지 못한 경우에는 입원의료비(‘국민건강보험 요양급여의 기준에 관한 규칙’에 따라 보건복지부장관이 정한 급여 및 비급여의료비 항목에 한합니다) 중 본인이 실제로 부담한 금액의 40%해당액을 보험가입금액 한도로 보상,보험가입금액 한도(5천만원)보상대상의료비(상급병실료 차액 제외)에서 10만원과 보상대상의료비의 30% 중 큰 금액을 뺀 금액,,,,,,,,,,실손의료보험 비교공시 (2).xls,,,,실손의료비(상해입원형)(갱신형),상해로 인하여 병원에 입원하여 치료를 받은 경우(하나의 상해당 최초입원일부터 365일까지 보상)※ 국민건강보험법 또는 의료급여법을 적용받지 못한 경우에는 입원의료비(‘국민건강보험 요양급여의 기준에 관한 규칙’에 따라 보건복지부장관이 정한 급여 및 비급여의료비 항목에 한합니다) 중 본인이 실제로 부담한 금액의 40%해당액을 보험가입금액 한도로 보상,보험가입금액 한도(5천만원)보상대상의료비(상급병실료 차액 제외)에서 10만원과 보상대상의료비의 30% 중 큰 금액을 뺀 금액,,,,,,,,,,,,,,,,
,,,실손의료비(질병외래형)(갱신형),질병으로 인하여 병원에 통원하여 치료를 받은 경우(매년 계약해당일부터 1년 단위로 보상)※ 국민건강보험법 또는 의료급여법을 적용받지 못한 경우에는 통원의료비(‘국민건강보험 요양급여의 기준에 관한 규칙’에 따라 보건복지부장관이 정한 급여 및 비급여의료비 항목에 한합니다) 중 본인이 실제로 부담한 금액의 40%해당액에서 항목별 공제금액을 뺀 금액을 보험가입금액 한도로 보상,보험가입금액 한도(20만원 한도)보상대상의료비에서 2만원과 보상대상의료비의 30% 중 큰 금액을 뺀 금액,,,,,,,,,,실손의료보험 비교공시 (2).xls,,,,실손의료비(질병외래형)(갱신형),질병으로 인하여 병원에 통원하여 치료를 받은 경우(매년 계약해당일부터 1년 단위로 보상)※ 국민건강보험법 또는 의료급여법을 적용받지 못한 경우에는 통원의료비(‘국민건강보험 요양급여의 기준에 관한 규칙’에 따라 보건복지부장관이 정한 급여 및 비급여의료비 항목에 한합니다) 중 본인이 실제로 부담한 금액의 40%해당액에서 항목별 공제금액을 뺀 금액을 보험가입금액 한도로 보상,보험가입금액 한도(20만원 한도)보상대상의료비에서 2만원과 보상대상의료비의 30% 중 큰 금액을 뺀 금액,,,,,,,,,,,,,,,,
,,,실손의료비(질병입원형)(갱신형),질병으로 인하여 병원에 입원하여 치료를 받은 경우(하나의 질병당 최초입원일부터 365일까지 보상)※ 국민건강보험법 또는 의료급여법을 적용받지 못한 경우에는 입원의료비(‘국민건강보험 요양급여의 기준에 관한 규칙’에 따라 보건복지부장관이 정한 급여 및 비급여의료비 항목에 한합니다) 중 본인이 실제로 부담한 금액의 40%해당액을 보험가입금액 한도로 보상,보험가입금액 한도(5천만원)보상대상의료비(상급병실료 차액 제외)에서 10만원과 보상대상의료비의 30% 중 큰 금액을 뺀 금액,,,,,,,,,,실손의료보험 비교공시 (2).xls,,,,실손의료비(질병입원형)(갱신형),질병으로 인하여 병원에 입원하여 치료를 받은 경우(하나의 질병당 최초입원일부터 365일까지 보상)※ 국민건강보험법 또는 의료급여법을 적용받지 못한 경우에는 입원의료비(‘국민건강보험 요양급여의 기준에 관한 규칙’에 따라 보건복지부장관이 정한 급여 및 비급여의료비 항목에 한합니다) 중 본인이 실제로 부담한 금액의 40%해당액을 보험가입금액 한도로 보상,보험가입금액 한도(5천만원)보상대상의료비(상급병실료 차액 제외)에서 10만원과 보상대상의료비의 30% 중 큰 금액을 뺀 금액,,,,,,,,,,,,,,,,
KB손보,KB손보 다이렉트간편가입 실손의료비보장보험(무배당)(26.01),KB손보 다이렉트간편가입 실손의료비보장보험(무배당)(26.01),유병력자 상해입원의료비【갱신계약】,보험기간 중 상해로 인하여 의료기관에 입원하여 치료를 받은 경우,보장대상의료비에서 공제금액(10만원과 보장대상의료비의 30%중 큰 금액)을 차감한 금액(가입금액한도),"29,017","46,552",100.1,,,,,,,실손의료보험 비교공시 (2).xls,,KB손보,KB손보 다이렉트간편가입 실손의료비보장보험(무배당)(26.01),유병력자 상해입원의료비【갱신계약】,보험기간 중 상해로 인하여 의료기관에 입원하여 치료를 받은 경우,보장대상의료비에서 공제금액(10만원과 보장대상의료비의 30%중 큰 금액)을 차감한 금액(가입금액한도),"29,017","46,552",100.1,100.1,,,,,,,,,,,,
KB손보,KB손보 간편가입 실손의료비보장보험(무배당)(26.01),KB손보 간편가입 실손의료비보장보험(무배당)(26.01),유병력자 상해입원의료비【갱신계약】,보험기간 중 상해로 인하여 의료기관에 입원하여 치료를 받은 경우,보장대상의료비에서 공제금액(10만원과 보장대상의료비의 30%중 큰 금액)을 차감한 금액(가입금액한도),"30,364","48,715",104.8,,,,,,,실손의료보험 비교공시 (2).xls,,KB손보,KB손보 간편가입 실손의료비보장보험(무배당)(26.01),유병력자 상해입원의료비【갱신계약】,보험기간 중 상해로 인하여 의료기관에 입원하여 치료를 받은 경우,보장대상의료비에서 공제금액(10만원과 보장대상의료비의 30%중 큰 금액)을 차감한 금액(가입금액한도),"30,364","48,715",104.8,104.8,,,,,,,,,,,,
,,,상해입원의료비(간편고지),피보험자가 보험기간 중에 상해로 병원에 입원하여 치료를 받은 경우에는 입원의료비를 하나의 상해당 가입금액 한도로 보상,본인부담 입원의료비에서 공제금액 (10만원과 보상대상의료비의 30% 중 큰 금액)을 뺀 금액. 10만원과 보상대상의료비의 30% 중 큰 금액이계약일 또는 매년 계약해당일로부터 연간 200만원을 초과하는 금액은 보상.,,,,,,,,,,실손의료보험 비교공시 (2).xls,,,,상해입원의료비(간편고지),피보험자가 보험기간 중에 상해로 병원에 입원하여 치료를 받은 경우에는 입원의료비를 하나의 상해당 가입금액 한도로 보상,본인부담 입원의료비에서 공제금액 (10만원과 보상대상의료비의 30% 중 큰 금액)을 뺀 금액. 10만원과 보상대상의료비의 30% 중 큰 금액이계약일 또는 매년 계약해당일로부터 연간 200만원을 초과하는 금액은 보상.,,,,,,,,,,,,,,,,
,,,질병외래의료비(간편고지),피보험자가 보험기간 중에 질병으로 병원에 통원하여 외래치료를 받은 경우에 보상한도 내에서 보상(180회 한도),,,,,,,,,,,실손의료보험 비교공시 (2).xls,,,,질병외래의료비(간편고지),피보험자가 보험기간 중에 질병으로 병원에 통원하여 외래치료를 받은 경우에 보상한도 내에서 보상(180회 한도),,,,,,,,,,,,,,,,,
,,,질병입원의료비(간편고지),피보험자가 보험기간 중에 질병으로 병원에 입원하여 치료를 받은 경우에는 입원의료비를 하나의 질병당 가입금액 한도로 보상,본인부담 입원의료비의 80% 해당액(20% 해당액이 계약일 또는 매년 계약해당일로부터 연간 200만원을 초과하는 금액은 보상),,,,,,,,,,실손의료보험 비교공시 (2).xls,,,,질병입원의료비(간편고지),피보험자가 보험기간 중에 질병으로 병원에 입원하여 치료를 받은 경우에는 입원의료비를 하나의 질병당 가입금액 한도로 보상,본인부담 입원의료비의 80% 해당액(20% 해당액이 계약일 또는 매년 계약해당일로부터 연간 200만원을 초과하는 금액은 보상),,,,,,,,,,,,,,,,
,,,상해입원의료비(간편고지),피보험자가 보험기간 중에 상해로 병원에 입원하여 치료를 받은 경우에는 입원의료비를 하나의 상해당 가입금액 한도로 보상,본인부담 입원의료비에서 공제금액 (10만원과 보상대상의료비의 30% 중 큰 금액)을 뺀 금액. 10만원과 보상대상의료비의 30% 중 큰 금액이계약일 또는 매년 계약해당일로부터 연간 200만원을 초과하는 금액은 보상.,,,,,,,,,,실손의료보험 비교공시 (2).xls,,,,상해입원의료비(간편고지),피보험자가 보험기간 중에 상해로 병원에 입원하여 치료를 받은 경우에는 입원의료비를 하나의 상해당 가입금액 한도로 보상,본인부담 입원의료비에서 공제금액 (10만원과 보상대상의료비의 30% 중 큰 금액)을 뺀 금액. 10만원과 보상대상의료비의 30% 중 큰 금액이계약일 또는 매년 계약해당일로부터 연간 200만원을 초과하는 금액은 보상.,,,,,,,,,,,,,,,,
,,,질병외래의료비(간편고지),피보험자가 보험기간 중에 질병으로 병원에 통원하여 외래치료를 받은 경우에 보상한도 내에서 보상(180회 한도),,,,,,,,,,,실손의료보험 비교공시 (2).xls,,,,질병외래의료비(간편고지),피보험자가 보험기간 중에 질병으로 병원에 통원하여 외래치료를 받은 경우에 보상한도 내에서 보상(180회 한도),,,,,,,,,,,,,,,,,
,,,질병입원의료비(간편고지),피보험자가 보험기간 중에 질병으로 병원에 입원하여 치료를 받은 경우에는 입원의료비를 하나의 질병당 가입금액 한도로 보상,본인부담 입원의료비의 80% 해당액(20% 해당액이 계약일 또는 매년 계약해당일로부터 연간 200만원을 초과하는 금액은 보상),,,,,,,,,,실손의료보험 비교공시 (2).xls,,,,질병입원의료비(간편고지),피보험자가 보험기간 중에 질병으로 병원에 입원하여 치료를 받은 경우에는 입원의료비를 하나의 질병당 가입금액 한도로 보상,본인부담 입원의료비의 80% 해당액(20% 해당액이 계약일 또는 매년 계약해당일로부터 연간 200만원을 초과하는 금액은 보상),,,,,,,,,,,,,,,,
,,,상해입원의료비(간편고지),피보험자가 보험기간 중에 상해로 병원에 입원하여 치료를 받은 경우에는 입원의료비를 하나의 상해당 가입금액 한도로 보상,본인부담 입원의료비에서 공제금액 (10만원과 보상대상의료비의 30% 중 큰 금액)을 뺀 금액. 10만원과 보상대상의료비의 30% 중 큰 금액이계약일 또는 매년 계약해당일로부터 연간 200만원을 초과하는 금액은 보상.,,,,,,,,,,실손의료보험 비교공시 (2).xls,,,,상해입원의료비(간편고지),피보험자가 보험기간 중에 상해로 병원에 입원하여 치료를 받은 경우에는 입원의료비를 하나의 상해당 가입금액 한도로 보상,본인부담 입원의료비에서 공제금액 (10만원과 보상대상의료비의 30% 중 큰 금액)을 뺀 금액. 10만원과 보상대상의료비의 30% 중 큰 금액이계약일 또는 매년 계약해당일로부터 연간 200만원을 초과하는 금액은 보상.,,,,,,,,,,,,,,,,
,,,질병외래의료비(간편고지),피보험자가 보험기간 중에 질병으로 병원에 통원하여 외래치료를 받은 경우에 보상한도 내에서 보상(180회 한도),,,,,,,,,,,실손의료보험 비교공시 (2).xls,,,,질병외래의료비(간편고지),피보험자가 보험기간 중에 질병으로 병원에 통원하여 외래치료를 받은 경우에 보상한도 내에서 보상(180회 한도),,,,,,,,,,,,,,,,,
,,,질병입원의료비(간편고지),피보험자가 보험기간 중에 질병으로 병원에 입원하여 치료를 받은 경우에는 입원의료비를 하나의 질병당 가입금액 한도로 보상,본인부담 입원의료비의 80% 해당액(20% 해당액이 계약일 또는 매년 계약해당일로부터 연간 200만원을 초과하는 금액은 보상),,,,,,,,,,실손의료보험 비교공시 (2).xls,,,,질병입원의료비(간편고지),피보험자가 보험기간 중에 질병으로 병원에 입원하여 치료를 받은 경우에는 입원의료비를 하나의 질병당 가입금액 한도로 보상,본인부담 입원의료비의 80% 해당액(20% 해당액이 계약일 또는 매년 계약해당일로부터 연간 200만원을 초과하는 금액은 보상),,,,,,,,,,,,,,,,
,,,상해입원의료비(간편고지),피보험자가 보험기간 중에 상해로 병원에 입원하여 치료를 받은 경우에는 입원의료비를 하나의 상해당 가입금액 한도로 보상,본인부담 입원의료비에서 공제금액 (10만원과 보상대상의료비의 30% 중 큰 금액)을 뺀 금액. 10만원과 보상대상의료비의 30% 중 큰 금액이계약일 또는 매년 계약해당일로부터 연간 200만원을 초과하는 금액은 보상.,,,,,,,,,,실손의료보험 비교공시 (2).xls,,,,상해입원의료비(간편고지),피보험자가 보험기간 중에 상해로 병원에 입원하여 치료를 받은 경우에는 입원의료비를 하나의 상해당 가입금액 한도로 보상,본인부담 입원의료비에서 공제금액 (10만원과 보상대상의료비의 30% 중 큰 금액)을 뺀 금액. 10만원과 보상대상의료비의 30% 중 큰 금액이계약일 또는 매년 계약해당일로부터 연간 200만원을 초과하는 금액은 보상.,,,,,,,,,,,,,,,,
,,,질병외래의료비(간편고지),피보험자가 보험기간 중에 질병으로 병원에 통원하여 외래치료를 받은 경우에 보상한도 내에서 보상(180회 한도),,,,,,,,,,,실손의료보험 비교공시 (2).xls,,,,질병외래의료비(간편고지),피보험자가 보험기간 중에 질병으로 병원에 통원하여 외래치료를 받은 경우에 보상한도 내에서 보상(180회 한도),,,,,,,,,,,,,,,,,
,,,질병입원의료비(간편고지),피보험자가 보험기간 중에 질병으로 병원에 입원하여 치료를 받은 경우에는 입원의료비를 하나의 질병당 가입금액 한도로 보상,본인부담 입원의료비의 80% 해당액(20% 해당액이 계약일 또는 매년 계약해당일로부터 연간 200만원을 초과하는 금액은 보상),,,,,,,,,,실손의료보험 비교공시 (2).xls,,,,질병입원의료비(간편고지),피보험자가 보험기간 중에 질병으로 병원에 입원하여 치료를 받은 경우에는 입원의료비를 하나의 질병당 가입금액 한도로 보상,본인부담 입원의료비의 80% 해당액(20% 해당액이 계약일 또는 매년 계약해당일로부터 연간 200만원을 초과하는 금액은 보상),,,,,,,,,,,,,,,,
농협손보,(무) 간편가입헤아림실손의료비보험2601,(무) 간편가입헤아림실손의료비보험2601,상해입원 실손의료비(간편가입),"상해사고로 병원에 입원하여 치료시- 입원실료, 입원제비용, 입원수술비: 보상대상의료비에서 10만원과 30% 중 큰 금액을 차감한 금액- 상급병실료 차액의 50%(1일평균 10만원한도)",5천만원 한도,"19,561","26,976",94,,,,,,,실손의료보험 비교공시 (2).xls,,농협손보,(무) 간편가입헤아림실손의료비보험2601,상해입원 실손의료비(간편가입),"상해사고로 병원에 입원하여 치료시- 입원실료, 입원제비용, 입원수술비: 보상대상의료비에서 10만원과 30% 중 큰 금액을 차감한 금액- 상급병실료 차액의 50%(1일평균 10만원한도)",5천만원 한도,"19,561","26,976",94,94,,,,,,,,,,,,
,,,상해통원 실손의료비(간편가입),상해사고로 병원에 통원하여 치료시 방문 1회당 보상대상의료비에서 2만원과 보상대상의료비의 30% 중 큰 금액을 차감한 금액(처방조제비는 보상하지 않음),20만원 한도(연간 방문 180회 한도),,,,,,,,,,실손의료보험 비교공시 (2).xls,,,,상해통원 실손의료비(간편가입),상해사고로 병원에 통원하여 치료시 방문 1회당 보상대상의료비에서 2만원과 보상대상의료비의 30% 중 큰 금액을 차감한 금액(처방조제비는 보상하지 않음),20만원 한도(연간 방문 180회 한도),,,,,,,,,,,,,,,,
,,,질병입원 실손의료비(간편가입),"질병으로 병원에 입원하여 치료시- 입원실료, 입원제비용, 입원수술비: 보상대상의료비에서 10만원과 30% 중 큰 금액을 차감한 금액- 상급병실료 차액의 50%(1일평균 10만원한도)",5천만원 한도,,,,,,,,,,실손의료보험 비교공시 (2).xls,,,,질병입원 실손의료비(간편가입),"질병으로 병원에 입원하여 치료시- 입원실료, 입원제비용, 입원수술비: 보상대상의료비에서 10만원과 30% 중 큰 금액을 차감한 금액- 상급병실료 차액의 50%(1일평균 10만원한도)",5천만원 한도,,,,,,,,,,,,,,,,
,,,질병통원 실손의료비(간편가입),질병으로 병원에 통원하여 치료시 방문 1회당 보상대상의료비에서 2만원과 보상대상의료비의 30% 중 큰 금액을 차감한 금액(처방조제비는 보상하지 않음),20만원 한도(연간 방문 180회 한도),,,,,,,,,,실손의료보험 비교공시 (2).xls,,,,질병통원 실손의료비(간편가입),질병으로 병원에 통원하여 치료시 방문 1회당 보상대상의료비에서 2만원과 보상대상의료비의 30% 중 큰 금액을 차감한 금액(처방조제비는 보상하지 않음),20만원 한도(연간 방문 180회 한도),,,,,,,,,,,,,,,,
메리츠화재,(무) 메리츠 다이렉트 실손의료비보험2605,(무) 메리츠 다이렉트 실손의료비보험2605,비중증 비급여 자기공명영상진단,상해 또는 질병으로 병원에 입원 또는 통원하여 산정특례 대상 질환이 아닌 질환으로 비급여 자기공명영상진단을 받은 경우에 보상※ 공제금액은 5만원과 보장대상 의료비의 50% 중 큰 금액,자기공명영상진단 200만원 한도(공제금액 적용),"13,513","16,598",101.0,,,,,,,실손의료보험 비교공시.xls,,메리츠화재,(무) 메리츠 다이렉트 실손의료비보험2605,비중증 비급여 자기공명영상진단,상해 또는 질병으로 병원에 입원 또는 통원하여 산정특례 대상 질환이 아닌 질환으로 비급여 자기공명영상진단을 받은 경우에 보상※ 공제금액은 5만원과 보장대상 의료비의 50% 중 큰 금액,자기공명영상진단 200만원 한도(공제금액 적용),"13,513","16,598",101.0,101.0,,,,,,,,,,,,
메리츠화재,(무) 메리츠 실손의료비보험2605,(무) 메리츠 실손의료비보험2605,비중증 비급여 자기공명영상진단,상해 또는 질병으로 병원에 입원 또는 통원하여 산정특례 대상 질환이 아닌 질환으로 비급여 자기공명영상진단을 받은 경우에 보상※ 공제금액은 5만원과 보장대상 의료비의 50% 중 큰 금액,자기공명영상진단 200만원 한도(공제금액 적용),"14,156","17,387",105.8,,,,,,,실손의료보험 비교공시.xls,,메리츠화재,(무) 메리츠 실손의료비보험2605,비중증 비급여 자기공명영상진단,상해 또는 질병으로 병원에 입원 또는 통원하여 산정특례 대상 질환이 아닌 질환으로 비급여 자기공명영상진단을 받은 경우에 보상※ 공제금액은 5만원과 보장대상 의료비의 50% 중 큰 금액,자기공명영상진단 200만원 한도(공제금액 적용),"14,156","17,387",105.8,105.9,,,,,,,,,,,,
한화손보,한화실손의료보험(갱신형)Ⅴ 무배당,한화실손의료보험(갱신형)Ⅴ 무배당,기본형 실손의료비(상해급여)(갱신형),상해로 의료기관에 입원 또는 통원(외래 및 처방조제)하여 급여 치료를 받거나 급여 처방조제를 받은 경우,"입원과 통원의 보상금액을 합산하여 연간 보험가입금액 한도로 보상(최대 5천만원 한도에서 계약자가 선택한 금액)단, 통원의 경우 통원 1회당 통원 가입금액 한도로 보상(통원 1회당 최대 20만원 한도에서 계약자가 선택한 금액)","13,807","16,531",102.8,,,,,,,실손의료보험 비교공시.xls,,한화손보,한화실손의료보험(갱신형)Ⅴ 무배당,기본형 실손의료비(상해급여)(갱신형),상해로 의료기관에 입원 또는 통원(외래 및 처방조제)하여 급여 치료를 받거나 급여 처방조제를 받은 경우,"입원과 통원의 보상금액을 합산하여 연간 보험가입금액 한도로 보상(최대 5천만원 한도에서 계약자가 선택한 금액)단, 통원의 경우 통원 1회당 통원 가입금액 한도로 보상(통원 1회당 최대 20만원 한도에서 계약자가 선택한 금액)","13,807","16,531",102.8,102.8,,,,,,,,,,,,
,,,기본형 실손의료비(질병급여)(갱신형),질병으로 의료기관에 입원 또는 통원(외래 및 처방조제)하여 급여 치료를 받거나 급여 처방조제를 받은 경우,,,,,,,,,,,실손의료보험 비교공시.xls,,,,기본형 실손의료비(질병급여)(갱신형),질병으로 의료기관에 입원 또는 통원(외래 및 처방조제)하여 급여 치료를 받거나 급여 처방조제를 받은 경우,,,,,,,,,,,,,,,,,
,,,특약형1(중증비급여)실손의료비(3대비급여)(갱신형),"상해 또는 질병으로 의료기관에 입원 또는 통원하여 산정특례 대상 질환에 대한 3대비급여(근골격계 이학요법치료·체외충격파치료, 주사료, 자기공명영상진단) 치료를 받은 경우","본인부담 비급여 의료비(행위료, 약제비, 치료재료대, 조영제, 판독료 포함)에서 치료별 공제금액(1회당 3만원과 보장대상의료비의 30% 중 큰 금액)을 뺀 금액을 비급여 치료별 연간 보장한도 내에서 각각 보상(근골격계 이학요법치료·체외충격파치료 350만원 이내에서 50회, 주사료 250만원 이내에서 50회, 자기공명영상진단 300만원이내)",,,,,,,,,,실손의료보험 비교공시.xls,,,,특약형1(중증비급여)실손의료비(3대비급여)(갱신형),"상해 또는 질병으로 의료기관에 입원 또는 통원하여 산정특례 대상 질환에 대한 3대비급여(근골격계 이학요법치료·체외충격파치료, 주사료, 자기공명영상진단) 치료를 받은 경우","본인부담 비급여 의료비(행위료, 약제비, 치료재료대, 조영제, 판독료 포함)에서 치료별 공제금액(1회당 3만원과 보장대상의료비의 30% 중 큰 금액)을 뺀 금액을 비급여 치료별 연간 보장한도 내에서 각각 보상(근골격계 이학요법치료·체외충격파치료 350만원 이내에서 50회, 주사료 250만원 이내에서 50회, 자기공명영상진단 300만원이내)",,,,,,,,,,,,,,,,
,,,특약형1(중증비급여)실손의료비(상해비급여)(갱신형),상해로 의료기관에 입원 또는 통원(외래 및 처방조제)하여 산정특례 대상 질환에 대한 비급여 치료를 받거나 비급여 처방조제를 받은 경우,"입원과 통원의 보상금액을 합산하여 연간 보험가입금액 한도로 보상(최대 5천만원 한도에서 계약자가 선택한 금액)단, 통원의 경우 통원 1회당 통원 가입금액 한도로 보상(통원 1회당 최대 20만원 한도에서 계약자가 선택한 금액)",,,,,,,,,,실손의료보험 비교공시.xls,,,,특약형1(중증비급여)실손의료비(상해비급여)(갱신형),상해로 의료기관에 입원 또는 통원(외래 및 처방조제)하여 산정특례 대상 질환에 대한 비급여 치료를 받거나 비급여 처방조제를 받은 경우,"입원과 통원의 보상금액을 합산하여 연간 보험가입금액 한도로 보상(최대 5천만원 한도에서 계약자가 선택한 금액)단, 통원의 경우 통원 1회당 통원 가입금액 한도로 보상(통원 1회당 최대 20만원 한도에서 계약자가 선택한 금액)",,,,,,,,,,,,,,,,
,,,특약형1(중증비급여)실손의료비(질병비급여)(갱신형),질병으로 의료기관에 입원 또는 통원(외래 및 처방조제)하여 산정특례 대상 질환에 대한 비급여 치료를 받거나 비급여 처방조제를 받은 경우,,,,,,,,,,,실손의료보험 비교공시.xls,,,,특약형1(중증비급여)실손의료비(질병비급여)(갱신형),질병으로 의료기관에 입원 또는 통원(외래 및 처방조제)하여 산정특례 대상 질환에 대한 비급여 치료를 받거나 비급여 처방조제를 받은 경우,,,,,,,,,,,,,,,,,
,,,특약형2(비중증비급여)실손의료비(비급여자기공명영상진단)(갱신형),산정특례 대상 질환 외 상해 또는 질병으로 의료기관에 입원 또는 통원하여 자기공명영상진단을 받은 경우,"본인이 부담한 비급여 의료비(조영제, 판독료 포함)에서 공제금액(1회당 5만원과 보장대상의료비의 50% 중 큰 금액)을 뺀 금액을 계약일 또는 매년 계약해당일부터 1년 단위로 각 상해·질병 치료행위를 합산하여 200만원 이내에서 보상",,,,,,,,,,실손의료보험 비교공시.xls,,,,특약형2(비중증비급여)실손의료비(비급여자기공명영상진단)(갱신형),산정특례 대상 질환 외 상해 또는 질병으로 의료기관에 입원 또는 통원하여 자기공명영상진단을 받은 경우,"본인이 부담한 비급여 의료비(조영제, 판독료 포함)에서 공제금액(1회당 5만원과 보장대상의료비의 50% 중 큰 금액)을 뺀 금액을 계약일 또는 매년 계약해당일부터 1년 단위로 각 상해·질병 치료행위를 합산하여 200만원 이내에서 보상",,,,,,,,,,,,,,,,
,,,특약형2(비중증비급여)실손의료비(상해비급여)(갱신형),상해로 의료기관에 입원 또는 통원(외래 및 처방조제)하여 산정특례 질환 외 질환으로 비급여 치료를 받거나 비급여 처방조제를 받은 경우,"입원과 통원의 보상금액을 합산하여 연간 보험가입금액 한도로 보상(최대 1천만원 한도에서 계약자가 선택한 금액)단, 통원의 경우 통원 1일당 통원 가입금액 한도로 보상(통원 1일당 최대 20만원 한도에서 계약자가 선택한 금액)",,,,,,,,,,실손의료보험 비교공시.xls,,,,특약형2(비중증비급여)실손의료비(상해비급여)(갱신형),상해로 의료기관에 입원 또는 통원(외래 및 처방조제)하여 산정특례 질환 외 질환으로 비급여 치료를 받거나 비급여 처방조제를 받은 경우,"입원과 통원의 보상금액을 합산하여 연간 보험가입금액 한도로 보상(최대 1천만원 한도에서 계약자가 선택한 금액)단, 통원의 경우 통원 1일당 통원 가입금액 한도로 보상(통원 1일당 최대 20만원 한도에서 계약자가 선택한 금액)",,,,,,,,,,,,,,,,
,,,특약형2(비중증비급여)실손의료비(질병비급여)(갱신형),질병으로 의료기관에 입원 또는 통원(외래 및 처방조제)하여 산정특례 질환 외 질환으로 비급여 치료를 받거나 비급여 처방조제를 받은 경우,,,,,,,,,,,실손의료보험 비교공시.xls,,,,특약형2(비중증비급여)실손의료비(질병비급여)(갱신형),질병으로 의료기관에 입원 또는 통원(외래 및 처방조제)하여 산정특례 질환 외 질환으로 비급여 치료를 받거나 비급여 처방조제를 받은 경우,,,,,,,,,,,,,,,,,
한화손보,한화다이렉트실손의료보험(갱신형)Ⅴ 무배당,한화다이렉트실손의료보험(갱신형)Ⅴ 무배당,기본형 실손의료비(상해급여)(갱신형),상해로 의료기관에 입원 또는 통원(외래 및 처방조제)하여 급여 치료를 받거나 급여 처방조제를 받은 경우,"입원과 통원의 보상금액을 합산하여 연간 보험가입금액 한도로 보상(최대 5천만원 한도에서 계약자가 선택한 금액)단, 통원의 경우 통원 1회당 통원 가입금액 한도로 보상(통원 1회당 최대 20만원 한도에서 계약자가 선택한 금액)","13,295","15,918",99,,,,,,,실손의료보험 비교공시.xls,,한화손보,한화다이렉트실손의료보험(갱신형)Ⅴ 무배당,기본형 실손의료비(상해급여)(갱신형),상해로 의료기관에 입원 또는 통원(외래 및 처방조제)하여 급여 치료를 받거나 급여 처방조제를 받은 경우,"입원과 통원의 보상금액을 합산하여 연간 보험가입금액 한도로 보상(최대 5천만원 한도에서 계약자가 선택한 금액)단, 통원의 경우 통원 1회당 통원 가입금액 한도로 보상(통원 1회당 최대 20만원 한도에서 계약자가 선택한 금액)","13,295","15,918",99,99,,,,,,,,,,,,
,,,기본형 실손의료비(질병급여)(갱신형),질병으로 의료기관에 입원 또는 통원(외래 및 처방조제)하여 급여 치료를 받거나 급여 처방조제를 받은 경우,,,,,,,,,,,실손의료보험 비교공시.xls,,,,기본형 실손의료비(질병급여)(갱신형),질병으로 의료기관에 입원 또는 통원(외래 및 처방조제)하여 급여 치료를 받거나 급여 처방조제를 받은 경우,,,,,,,,,,,,,,,,,
,,,특약형1(중증비급여)실손의료비(3대비급여)(갱신형),"상해 또는 질병으로 의료기관에 입원 또는 통원하여 산정특례 대상 질환에 대한 3대비급여(근골격계 이학요법치료·체외충격파치료, 주사료, 자기공명영상진단) 치료를 받은 경우","본인부담 비급여 의료비(행위료, 약제비, 치료재료대, 조영제, 판독료 포함)에서 치료별 공제금액(1회당 3만원과 보장대상의료비의 30% 중 큰 금액)을 뺀 금액을 비급여 치료별 연간 보장한도 내에서 각각 보상(근골격계 이학요법치료·체외충격파치료 350만원 이내에서 50회, 주사료 250만원 이내에서 50회, 자기공명영상진단 300만원이내)",,,,,,,,,,실손의료보험 비교공시.xls,,,,특약형1(중증비급여)실손의료비(3대비급여)(갱신형),"상해 또는 질병으로 의료기관에 입원 또는 통원하여 산정특례 대상 질환에 대한 3대비급여(근골격계 이학요법치료·체외충격파치료, 주사료, 자기공명영상진단) 치료를 받은 경우","본인부담 비급여 의료비(행위료, 약제비, 치료재료대, 조영제, 판독료 포함)에서 치료별 공제금액(1회당 3만원과 보장대상의료비의 30% 중 큰 금액)을 뺀 금액을 비급여 치료별 연간 보장한도 내에서 각각 보상(근골격계 이학요법치료·체외충격파치료 350만원 이내에서 50회, 주사료 250만원 이내에서 50회, 자기공명영상진단 300만원이내)",,,,,,,,,,,,,,,,
,,,특약형1(중증비급여)실손의료비(상해비급여)(갱신형),상해로 의료기관에 입원 또는 통원(외래 및 처방조제)하여 산정특례 대상 질환에 대한 비급여 치료를 받거나 비급여 처방조제를 받은 경우,"입원과 통원의 보상금액을 합산하여 연간 보험가입금액 한도로 보상(최대 5천만원 한도에서 계약자가 선택한 금액)단, 통원의 경우 통원 1회당 통원 가입금액 한도로 보상(통원 1회당 최대 20만원 한도에서 계약자가 선택한 금액)",,,,,,,,,,실손의료보험 비교공시.xls,,,,특약형1(중증비급여)실손의료비(상해비급여)(갱신형),상해로 의료기관에 입원 또는 통원(외래 및 처방조제)하여 산정특례 대상 질환에 대한 비급여 치료를 받거나 비급여 처방조제를 받은 경우,"입원과 통원의 보상금액을 합산하여 연간 보험가입금액 한도로 보상(최대 5천만원 한도에서 계약자가 선택한 금액)단, 통원의 경우 통원 1회당 통원 가입금액 한도로 보상(통원 1회당 최대 20만원 한도에서 계약자가 선택한 금액)",,,,,,,,,,,,,,,,
,,,특약형1(중증비급여)실손의료비(질병비급여)(갱신형),질병으로 의료기관에 입원 또는 통원(외래 및 처방조제)하여 산정특례 대상 질환에 대한 비급여 치료를 받거나 비급여 처방조제를 받은 경우,,,,,,,,,,,실손의료보험 비교공시.xls,,,,특약형1(중증비급여)실손의료비(질병비급여)(갱신형),질병으로 의료기관에 입원 또는 통원(외래 및 처방조제)하여 산정특례 대상 질환에 대한 비급여 치료를 받거나 비급여 처방조제를 받은 경우,,,,,,,,,,,,,,,,,
,,,특약형2(비중증비급여)실손의료비(비급여자기공명영상진단)(갱신형),산정특례 대상 질환 외 상해 또는 질병으로 의료기관에 입원 또는 통원하여 자기공명영상진단을 받은 경우,"본인이 부담한 비급여 의료비(조영제, 판독료 포함)에서 공제금액(1회당 5만원과 보장대상의료비의 50% 중 큰 금액)을 뺀 금액을 계약일 또는 매년 계약해당일부터 1년 단위로 각 상해·질병 치료행위를 합산하여 200만원 이내에서 보상",,,,,,,,,,실손의료보험 비교공시.xls,,,,특약형2(비중증비급여)실손의료비(비급여자기공명영상진단)(갱신형),산정특례 대상 질환 외 상해 또는 질병으로 의료기관에 입원 또는 통원하여 자기공명영상진단을 받은 경우,"본인이 부담한 비급여 의료비(조영제, 판독료 포함)에서 공제금액(1회당 5만원과 보장대상의료비의 50% 중 큰 금액)을 뺀 금액을 계약일 또는 매년 계약해당일부터 1년 단위로 각 상해·질병 치료행위를 합산하여 200만원 이내에서 보상",,,,,,,,,,,,,,,,
,,,특약형2(비중증비급여)실손의료비(상해비급여)(갱신형),상해로 의료기관에 입원 또는 통원(외래 및 처방조제)하여 산정특례 질환 외 질환으로 비급여 치료를 받거나 비급여 처방조제를 받은 경우,"입원과 통원의 보상금액을 합산하여 연간 보험가입금액 한도로 보상(최대 1천만원 한도에서 계약자가 선택한 금액)단, 통원의 경우 통원 1일당 통원 가입금액 한도로 보상(통원 1일당 최대 20만원 한도에서 계약자가 선택한 금액)",,,,,,,,,,실손의료보험 비교공시.xls,,,,특약형2(비중증비급여)실손의료비(상해비급여)(갱신형),상해로 의료기관에 입원 또는 통원(외래 및 처방조제)하여 산정특례 질환 외 질환으로 비급여 치료를 받거나 비급여 처방조제를 받은 경우,"입원과 통원의 보상금액을 합산하여 연간 보험가입금액 한도로 보상(최대 1천만원 한도에서 계약자가 선택한 금액)단, 통원의 경우 통원 1일당 통원 가입금액 한도로 보상(통원 1일당 최대 20만원 한도에서 계약자가 선택한 금액)",,,,,,,,,,,,,,,,
,,,특약형2(비중증비급여)실손의료비(질병비급여)(갱신형),질병으로 의료기관에 입원 또는 통원(외래 및 처방조제)하여 산정특례 질환 외 질환으로 비급여 치료를 받거나 비급여 처방조제를 받은 경우,,,,,,,,,,,실손의료보험 비교공시.xls,,,,특약형2(비중증비급여)실손의료비(질병비급여)(갱신형),질병으로 의료기관에 입원 또는 통원(외래 및 처방조제)하여 산정특례 질환 외 질환으로 비급여 치료를 받거나 비급여 처방조제를 받은 경우,,,,,,,,,,,,,,,,,
롯데손보,(무) let:care 실손의료보험Ⅴ(2605),(무) let:care 실손의료보험Ⅴ(2605),상해급여 실손의료비(갱신형),피보험자가 상해로 인하여 의료기관에 입원 또는 통원하여 급여 치료를 받거나 급여 처방조제를 받은 경우에 보상,보험가입금액(5천만원) 한도,"23,321","21,437",103.5,,,,,,,실손의료보험 비교공시.xls,,롯데손보,(무) let:care 실손의료보험Ⅴ(2605),상해급여 실손의료비(갱신형),피보험자가 상해로 인하여 의료기관에 입원 또는 통원하여 급여 치료를 받거나 급여 처방조제를 받은 경우에 보상,보험가입금액(5천만원) 한도,"23,321","21,437",103.5,103.6,,,,,,,,,,,,
,,,상해비중증비급여 실손의료비(갱신형),피보험자가 상해로 인하여 의료기관에 입원 또는 통원하여 산정특례 대상 질환이 아닌 질환으로 인한 비급여 치료를 받거나 비급여 처방조제를 받은 경우에 보상(비급여 자기공명영상진단 제외),보험가입금액(1천만원) 한도,,,,,,,,,,실손의료보험 비교공시.xls,,,,상해비중증비급여 실손의료비(갱신형),피보험자가 상해로 인하여 의료기관에 입원 또는 통원하여 산정특례 대상 질환이 아닌 질환으로 인한 비급여 치료를 받거나 비급여 처방조제를 받은 경우에 보상(비급여 자기공명영상진단 제외),보험가입금액(1천만원) 한도,,,,,,,,,,,,,,,,
,,,상해비중증자기공명영상진단 실손의료비(갱신형),피보험자가 상해의 치료목적으로 의료기관에 입원 또는 통원하여 산정특례 대상 질환이 아닌 질환으로 인한 비급여 치료를 위해 자기공명영상진단을 받은 경우에 보상,보험가입금액(200만원) 한도,,,,,,,,,,실손의료보험 비교공시.xls,,,,상해비중증자기공명영상진단 실손의료비(갱신형),피보험자가 상해의 치료목적으로 의료기관에 입원 또는 통원하여 산정특례 대상 질환이 아닌 질환으로 인한 비급여 치료를 위해 자기공명영상진단을 받은 경우에 보상,보험가입금액(200만원) 한도,,,,,,,,,,,,,,,,
,,,상해중증3대비급여 실손의료비(갱신형),피보험자가 상해의 치료목적으로 의료기관에 입원 또는 통원하여 산정특례 대상 질환으로 인한 3대비급여 치료를 받은 경우에 보상,보험가입금액(350만원) 한도,,,,,,,,,,실손의료보험 비교공시.xls,,,,상해중증3대비급여 실손의료비(갱신형),피보험자가 상해의 치료목적으로 의료기관에 입원 또는 통원하여 산정특례 대상 질환으로 인한 3대비급여 치료를 받은 경우에 보상,보험가입금액(350만원) 한도,,,,,,,,,,,,,,,,
,,,상해중증비급여 실손의료비(갱신형),피보험자가 상해로 인하여 의료기관에 입원 또는 통원하여 산정특례 대상 질환으로 인한 비급여 치료를 받거나 비급여 처방조제를 받은 경우에 보상(3대 비급여 제외),보험가입금액(5천만원) 한도,,,,,,,,,,실손의료보험 비교공시.xls,,,,상해중증비급여 실손의료비(갱신형),피보험자가 상해로 인하여 의료기관에 입원 또는 통원하여 산정특례 대상 질환으로 인한 비급여 치료를 받거나 비급여 처방조제를 받은 경우에 보상(3대 비급여 제외),보험가입금액(5천만원) 한도,,,,,,,,,,,,,,,,
,,,질병급여 실손의료비(갱신형),피보험자가 질병으로 인하여 의료기관에 입원 또는 통원하여 급여 치료를 받거나 급여 처방조제를 받은 경우에 보상,,,,,,,,,,,실손의료보험 비교공시.xls,,,,질병급여 실손의료비(갱신형),피보험자가 질병으로 인하여 의료기관에 입원 또는 통원하여 급여 치료를 받거나 급여 처방조제를 받은 경우에 보상,,,,,,,,,,,,,,,,,
,,,질병비중증비급여 실손의료비(갱신형),피보험자가 질병으로 인하여 의료기관에 입원 또는 통원하여 산정특례 대상 질환이 아닌 질환으로 인한 비급여 치료를 받거나 비급여 처방조제를 받은 경우에 보상(비급여 자기공명영상진단 제외),보험가입금액(1천만원) 한도,,,,,,,,,,실손의료보험 비교공시.xls,,,,질병비중증비급여 실손의료비(갱신형),피보험자가 질병으로 인하여 의료기관에 입원 또는 통원하여 산정특례 대상 질환이 아닌 질환으로 인한 비급여 치료를 받거나 비급여 처방조제를 받은 경우에 보상(비급여 자기공명영상진단 제외),보험가입금액(1천만원) 한도,,,,,,,,,,,,,,,,
,,,질병비중증자기공명영상진단 실손의료비(갱신형),피보험자가 질병의 치료목적으로 의료기관에 입원 또는 통원하여 산정특례 대상 질환이 아닌 질환으로 인한 비급여 치료를 위해 자기공명영상진단을 받은 경우에 보상,보험가입금액(200만원) 한도,,,,,,,,,,실손의료보험 비교공시.xls,,,,질병비중증자기공명영상진단 실손의료비(갱신형),피보험자가 질병의 치료목적으로 의료기관에 입원 또는 통원하여 산정특례 대상 질환이 아닌 질환으로 인한 비급여 치료를 위해 자기공명영상진단을 받은 경우에 보상,보험가입금액(200만원) 한도,,,,,,,,,,,,,,,,
,,,질병중증3대비급여 실손의료비(갱신형),피보험자가 질병의 치료목적으로 의료기관에 입원 또는 통원하여 산정특례 대상 질환으로 인한 3대비급여 치료를 받은 경우에 보상,보험가입금액(350만원) 한도,,,,,,,,,,실손의료보험 비교공시.xls,,,,질병중증3대비급여 실손의료비(갱신형),피보험자가 질병의 치료목적으로 의료기관에 입원 또는 통원하여 산정특례 대상 질환으로 인한 3대비급여 치료를 받은 경우에 보상,보험가입금액(350만원) 한도,,,,,,,,,,,,,,,,
,,,질병중증비급여 실손의료비(갱신형),피보험자가 질병으로 인하여 의료기관에 입원 또는 통원하여 산정특례 대상 질환으로 인한 비급여 치료를 받거나 비급여 처방조제를 받은 경우에 보상(3대 비급여 제외),보험가입금액(5천만원) 한도,,,,,,,,,,실손의료보험 비교공시.xls,,,,질병중증비급여 실손의료비(갱신형),피보험자가 질병으로 인하여 의료기관에 입원 또는 통원하여 산정특례 대상 질환으로 인한 비급여 치료를 받거나 비급여 처방조제를 받은 경우에 보상(3대 비급여 제외),보험가입금액(5천만원) 한도,,,,,,,,,,,,,,,,
흥국화재,무배당 흥Good 실손의료보험(26.05),무배당 흥Good 실손의료보험(26.05),비중증비급여자기공명영상진단의료비(갱신형_1년),보험기간 중 산정특례 대상 질환 외 상해 또는 질병의 치료목적으로 의료기관에 입원 또는 통원하여 자기공명영상진단을 받은 경우 보상,자기공명영상진단: 1회당 5만원과 보장대상의료비의 50%중 큰 금액을 뺀 금액을 보상((각 상해·질병 치료행위를 합산하여 연간 200만원 이내에서 보상),"16,613","20,529",103,,,,,,,실손의료보험 비교공시.xls,,흥국화재,무배당 흥Good 실손의료보험(26.05),비중증비급여자기공명영상진단의료비(갱신형_1년),보험기간 중 산정특례 대상 질환 외 상해 또는 질병의 치료목적으로 의료기관에 입원 또는 통원하여 자기공명영상진단을 받은 경우 보상,자기공명영상진단: 1회당 5만원과 보장대상의료비의 50%중 큰 금액을 뺀 금액을 보상((각 상해·질병 치료행위를 합산하여 연간 200만원 이내에서 보상),"16,613","20,529",103,103,,,,,,,,,,,,
,,,"비중증상해비급여의료비(1,000만원, 비급여50%)(갱신형_1년)",피보험자가 보험기간 중 상해로 의료기관에 입원 또는 통원하여 산정특례 대상이 아닌 질환으로 비급여치료 및 처방조제를 받은 경우 보상(비급여 자기공명영상진단 제외),"①입원(입원실료,입원제비용,입원수술비):비급여의료비(비급여병실료제외) 50%에 해당하는 금액보상(단, 의료법 제3조제2항에 의한 의료기관(동법 제3조의3에 의한 종합병원은 제외)에서 발생한 비급여 의료비는 1회당 300만원 한도)②상급병실료 차액 : 비급여 병실료의 50% 보상(1일 평균금액 10만원 한도, 입원기간 동안 비급여 병실료 전체를 총 입원일수로 나누어 산출)③통원(외래제비용,외래수술비,처방조제비):통원 1일당(외래 및 처방조제 합산) 비급여의료비(비급여병실료제외)에서 5만원과 보장대상 의료비의 50% 중 큰 금액을 뺀 금액보상",,,,,,,,,,실손의료보험 비교공시.xls,,,,"비중증상해비급여의료비(1,000만원, 비급여50%)(갱신형_1년)",피보험자가 보험기간 중 상해로 의료기관에 입원 또는 통원하여 산정특례 대상이 아닌 질환으로 비급여치료 및 처방조제를 받은 경우 보상(비급여 자기공명영상진단 제외),"①입원(입원실료,입원제비용,입원수술비):비급여의료비(비급여병실료제외) 50%에 해당하는 금액보상(단, 의료법 제3조제2항에 의한 의료기관(동법 제3조의3에 의한 종합병원은 제외)에서 발생한 비급여 의료비는 1회당 300만원 한도)②상급병실료 차액 : 비급여 병실료의 50% 보상(1일 평균금액 10만원 한도, 입원기간 동안 비급여 병실료 전체를 총 입원일수로 나누어 산출)③통원(외래제비용,외래수술비,처방조제비):통원 1일당(외래 및 처방조제 합산) 비급여의료비(비급여병실료제외)에서 5만원과 보장대상 의료비의 50% 중 큰 금액을 뺀 금액보상",,,,,,,,,,,,,,,,
,,,"비중증질병비급여의료비(1,000만원, 비급여50%)(갱신형_1년)",피보험자가 보험기간 중 질병으로 의료기관에 입원 또는 통원하여 산정특례 대상이 아닌 질환으로 비급여치료 및 처방조제를 받은 경우 보상(비급여 자기공명영상진단 제외),,,,,,,,,,,실손의료보험 비교공시.xls,,,,"비중증질병비급여의료비(1,000만원, 비급여50%)(갱신형_1년)",피보험자가 보험기간 중 질병으로 의료기관에 입원 또는 통원하여 산정특례 대상이 아닌 질환으로 비급여치료 및 처방조제를 받은 경우 보상(비급여 자기공명영상진단 제외),,,,,,,,,,,,,,,,,
,,,"상해급여의료비(5,000만원, 급여80%)(갱신형_1년)",피보험자가 보험기간중 상해로 인하여 의료기관에 입원 또는 통원하여 급여 치료를 받거나 급여 처방조제를 받은 경우,"①입원(입원실료,입원제비용,입원수술비) : 요양급여 또는 의료급여 중 본인부담금의 80%에 해당하는 금액을 보상②통원(외래제비용,외래수술비,처방조제비) : 통원 1회당(외래 및 처방조제 합산) 요양급여 또는 의료급여 중 본인부담금에서 1~2만원(의료기관별 상이), 보장대상의료비의 20%, 보장대상의료비에 건강보험 본인부담률을 곱한 금액 중 큰 금액을 뺀 금액을 보상",,,,,,,,,,실손의료보험 비교공시.xls,,,,"상해급여의료비(5,000만원, 급여80%)(갱신형_1년)",피보험자가 보험기간중 상해로 인하여 의료기관에 입원 또는 통원하여 급여 치료를 받거나 급여 처방조제를 받은 경우,"①입원(입원실료,입원제비용,입원수술비) : 요양급여 또는 의료급여 중 본인부담금의 80%에 해당하는 금액을 보상②통원(외래제비용,외래수술비,처방조제비) : 통원 1회당(외래 및 처방조제 합산) 요양급여 또는 의료급여 중 본인부담금에서 1~2만원(의료기관별 상이), 보장대상의료비의 20%, 보장대상의료비에 건강보험 본인부담률을 곱한 금액 중 큰 금액을 뺀 금액을 보상",,,,,,,,,,,,,,,,
,,,중증3대비급여의료비(비급여70%)(갱신형_1년),피보험자가 보험기간 중 상해 또는 질병의 치료목적으로 의료기관에 입원 또는 통원하여 산정특례 대상 질환에 대한 비급여 의료행위로 치료를 받은 경우 보상,①근골격계 이학요법치료ㆍ체외충격파치료 : 1회당 3만원과 보장대상의료비의 30%중 큰 금액 공제(각 상해ㆍ질병 치료행위를 합산하여 350만원 이내에서 50회까지 보상)②주사료 : 1회당 3만원과 보장대상의료비의 30%중 큰 금액 공제( 각 상해·질병 치료행위를 합산하여 연간 250만원 이내에서 50회까지 보상)③자기공명영상진단 : 1회당 3만원과 보장대상의료비의 30% 중 큰 금액 공제(각 상해·질병 치료행위를 합산하여 연간 300만원 이내에서 보상),,,,,,,,,,실손의료보험 비교공시.xls,,,,중증3대비급여의료비(비급여70%)(갱신형_1년),피보험자가 보험기간 중 상해 또는 질병의 치료목적으로 의료기관에 입원 또는 통원하여 산정특례 대상 질환에 대한 비급여 의료행위로 치료를 받은 경우 보상,①근골격계 이학요법치료ㆍ체외충격파치료 : 1회당 3만원과 보장대상의료비의 30%중 큰 금액 공제(각 상해ㆍ질병 치료행위를 합산하여 350만원 이내에서 50회까지 보상)②주사료 : 1회당 3만원과 보장대상의료비의 30%중 큰 금액 공제( 각 상해·질병 치료행위를 합산하여 연간 250만원 이내에서 50회까지 보상)③자기공명영상진단 : 1회당 3만원과 보장대상의료비의 30% 중 큰 금액 공제(각 상해·질병 치료행위를 합산하여 연간 300만원 이내에서 보상),,,,,,,,,,,,,,,,
,,,"중증상해비급여의료비(5,000만원, 비급여70%)(갱신형_1년)",피보험자가 보험기간 중 상해로 인하여 의료기관에 입원 또는 통원하여 산정특례 대상 질환으로 인한 비급여 치료를 받거나 비급여 처방조제를 받은 경우에 보상(3대 비급여 제외),"①입원(입원실료,입원제비용,입원수술비) : 비급여 의료비(비급여 병실료 제외) 70%에 해당하는 금액을 보상②상급병실료 차액 : 비급여 병실료의 50% 보상(1일 평균금액 10만원 한도, 입원기간 동안 비급여 병실료 전체를 총 입원일수로 나누어 산출)③통원(외래제비용,외래수술비,처방조제비) : 통원 1회당(외래 및 처방조제 합산) 비급여 의료비(비급여 병실료 제외)에서 3만원과 보장대상 의료비의 30% 중 큰 금액을 뺀 금액을 보상",,,,,,,,,,실손의료보험 비교공시.xls,,,,"중증상해비급여의료비(5,000만원, 비급여70%)(갱신형_1년)",피보험자가 보험기간 중 상해로 인하여 의료기관에 입원 또는 통원하여 산정특례 대상 질환으로 인한 비급여 치료를 받거나 비급여 처방조제를 받은 경우에 보상(3대 비급여 제외),"①입원(입원실료,입원제비용,입원수술비) : 비급여 의료비(비급여 병실료 제외) 70%에 해당하는 금액을 보상②상급병실료 차액 : 비급여 병실료의 50% 보상(1일 평균금액 10만원 한도, 입원기간 동안 비급여 병실료 전체를 총 입원일수로 나누어 산출)③통원(외래제비용,외래수술비,처방조제비) : 통원 1회당(외래 및 처방조제 합산) 비급여 의료비(비급여 병실료 제외)에서 3만원과 보장대상 의료비의 30% 중 큰 금액을 뺀 금액을 보상",,,,,,,,,,,,,,,,
,,,"중증질병비급여의료비(5,000만원, 비급여70%)(갱신형_1년)",피보험자가 보험기간 중 질병으로 인하여 의료기관에 입원 또는 통원하여 산정특례 대상 질환으로 인한 비급여 치료를 받거나 비급여 처방조제를 받은 경우에 보상(3대 비급여 제외),,,,,,,,,,,실손의료보험 비교공시.xls,,,,"중증질병비급여의료비(5,000만원, 비급여70%)(갱신형_1년)",피보험자가 보험기간 중 질병으로 인하여 의료기관에 입원 또는 통원하여 산정특례 대상 질환으로 인한 비급여 치료를 받거나 비급여 처방조제를 받은 경우에 보상(3대 비급여 제외),,,,,,,,,,,,,,,,,
,,,"질병급여의료비(5,000만원, 급여80%)(갱신형_1년)",피보험자가 보험기간중 질병으로 인하여 의료기관에 입원 또는 통원하여 급여 치료를 받거나 급여 처방조제를 받은 경우,"①입원(입원실료,입원제비용,입원수술비) : 요양급여 또는 의료급여 중 본인부담금의 80%에 해당하는 금액을 보상②통원(외래제비용,외래수술비,처방조제비) : 통원 1회당(외래 및 처방조제 합산) 요양급여 또는 의료급여 중 본인부담금에서 1~2만원(의료기관별 상이), 보장대상의료비의 20%, 보장대상의료비에 건강보험 본인부담률을 곱한 금액 중 큰 금액을 뺀 금액을 보상",,,,,,,,,,실손의료보험 비교공시.xls,,,,"질병급여의료비(5,000만원, 급여80%)(갱신형_1년)",피보험자가 보험기간중 질병으로 인하여 의료기관에 입원 또는 통원하여 급여 치료를 받거나 급여 처방조제를 받은 경우,"①입원(입원실료,입원제비용,입원수술비) : 요양급여 또는 의료급여 중 본인부담금의 80%에 해당하는 금액을 보상②통원(외래제비용,외래수술비,처방조제비) : 통원 1회당(외래 및 처방조제 합산) 요양급여 또는 의료급여 중 본인부담금에서 1~2만원(의료기관별 상이), 보장대상의료비의 20%, 보장대상의료비에 건강보험 본인부담률을 곱한 금액 중 큰 금액을 뺀 금액을 보상",,,,,,,,,,,,,,,,
흥국화재,무배당 흥Good 다이렉트 실손의료보험(26.05),무배당 흥Good 다이렉트 실손의료보험(26.05),비중증비급여자기공명영상진단의료비(갱신형_1년),보험기간 중 산정특례 대상 질환 외 상해 또는 질병의 치료목적으로 의료기관에 입원 또는 통원하여 자기공명영상진단을 받은 경우 보상,자기공명영상진단: 1회당 5만원과 보장대상의료비의 50%중 큰 금액을 뺀 금액을 보상((각 상해·질병 치료행위를 합산하여 연간 200만원 이내에서 보상),"15,671","19,364",97.2,,,,,,,실손의료보험 비교공시.xls,,흥국화재,무배당 흥Good 다이렉트 실손의료보험(26.05),비중증비급여자기공명영상진단의료비(갱신형_1년),보험기간 중 산정특례 대상 질환 외 상해 또는 질병의 치료목적으로 의료기관에 입원 또는 통원하여 자기공명영상진단을 받은 경우 보상,자기공명영상진단: 1회당 5만원과 보장대상의료비의 50%중 큰 금액을 뺀 금액을 보상((각 상해·질병 치료행위를 합산하여 연간 200만원 이내에서 보상),"15,671","19,364",97.2,97.2,,,,,,,,,,,,
,,,"비중증상해비급여의료비(1,000만원, 비급여50%)(갱신형_1년)",피보험자가 보험기간 중 상해로 의료기관에 입원 또는 통원하여 산정특례 대상이 아닌 질환으로 비급여치료 및 처방조제를 받은 경우 보상(비급여 자기공명영상진단 제외),"①입원(입원실료,입원제비용,입원수술비):비급여의료비(비급여병실료제외) 50%에 해당하는 금액보상(단, 의료법 제3조제2항에 의한 의료기관(동법 제3조의3에 의한 종합병원은 제외)에서 발생한 비급여 의료비는 1회당 300만원 한도)②상급병실료 차액 : 비급여 병실료의 50% 보상(1일 평균금액 10만원 한도, 입원기간 동안 비급여 병실료 전체를 총 입원일수로 나누어 산출)③통원(외래제비용,외래수술비,처방조제비):통원 1일당(외래 및 처방조제 합산) 비급여의료비(비급여병실료제외)에서 5만원과 보장대상 의료비의 50% 중 큰 금액을 뺀 금액보상",,,,,,,,,,실손의료보험 비교공시.xls,,,,"비중증상해비급여의료비(1,000만원, 비급여50%)(갱신형_1년)",피보험자가 보험기간 중 상해로 의료기관에 입원 또는 통원하여 산정특례 대상이 아닌 질환으로 비급여치료 및 처방조제를 받은 경우 보상(비급여 자기공명영상진단 제외),"①입원(입원실료,입원제비용,입원수술비):비급여의료비(비급여병실료제외) 50%에 해당하는 금액보상(단, 의료법 제3조제2항에 의한 의료기관(동법 제3조의3에 의한 종합병원은 제외)에서 발생한 비급여 의료비는 1회당 300만원 한도)②상급병실료 차액 : 비급여 병실료의 50% 보상(1일 평균금액 10만원 한도, 입원기간 동안 비급여 병실료 전체를 총 입원일수로 나누어 산출)③통원(외래제비용,외래수술비,처방조제비):통원 1일당(외래 및 처방조제 합산) 비급여의료비(비급여병실료제외)에서 5만원과 보장대상 의료비의 50% 중 큰 금액을 뺀 금액보상",,,,,,,,,,,,,,,,
,,,"비중증질병비급여의료비(1,000만원, 비급여50%)(갱신형_1년)",피보험자가 보험기간 중 질병으로 의료기관에 입원 또는 통원하여 산정특례 대상이 아닌 질환으로 비급여치료 및 처방조제를 받은 경우 보상(비급여 자기공명영상진단 제외),,,,,,,,,,,실손의료보험 비교공시.xls,,,,"비중증질병비급여의료비(1,000만원, 비급여50%)(갱신형_1년)",피보험자가 보험기간 중 질병으로 의료기관에 입원 또는 통원하여 산정특례 대상이 아닌 질환으로 비급여치료 및 처방조제를 받은 경우 보상(비급여 자기공명영상진단 제외),,,,,,,,,,,,,,,,,
,,,"상해급여의료비(5,000만원, 급여80%)(갱신형_1년)",피보험자가 보험기간중 상해로 인하여 의료기관에 입원 또는 통원하여 급여 치료를 받거나 급여 처방조제를 받은 경우,"①입원(입원실료,입원제비용,입원수술비) : 요양급여 또는 의료급여 중 본인부담금의 80%에 해당하는 금액을 보상②통원(외래제비용,외래수술비,처방조제비) : 통원 1회당(외래 및 처방조제 합산) 요양급여 또는 의료급여 중 본인부담금에서 1~2만원(의료기관별 상이), 보장대상의료비의 20%, 보장대상의료비에 건강보험 본인부담률을 곱한 금액 중 큰 금액을 뺀 금액을 보상",,,,,,,,,,실손의료보험 비교공시.xls,,,,"상해급여의료비(5,000만원, 급여80%)(갱신형_1년)",피보험자가 보험기간중 상해로 인하여 의료기관에 입원 또는 통원하여 급여 치료를 받거나 급여 처방조제를 받은 경우,"①입원(입원실료,입원제비용,입원수술비) : 요양급여 또는 의료급여 중 본인부담금의 80%에 해당하는 금액을 보상②통원(외래제비용,외래수술비,처방조제비) : 통원 1회당(외래 및 처방조제 합산) 요양급여 또는 의료급여 중 본인부담금에서 1~2만원(의료기관별 상이), 보장대상의료비의 20%, 보장대상의료비에 건강보험 본인부담률을 곱한 금액 중 큰 금액을 뺀 금액을 보상",,,,,,,,,,,,,,,,
,,,중증3대비급여의료비(비급여70%)(갱신형_1년),피보험자가 보험기간 중 상해 또는 질병의 치료목적으로 의료기관에 입원 또는 통원하여 산정특례 대상 질환에 대한 비급여 의료행위로 치료를 받은 경우 보상,①근골격계 이학요법치료ㆍ체외충격파치료 : 1회당 3만원과 보장대상의료비의 30%중 큰 금액 공제(각 상해ㆍ질병 치료행위를 합산하여 350만원 이내에서 50회까지 보상)②주사료 : 1회당 3만원과 보장대상의료비의 30%중 큰 금액 공제( 각 상해·질병 치료행위를 합산하여 연간 250만원 이내에서 50회까지 보상)③자기공명영상진단 : 1회당 3만원과 보장대상의료비의 30% 중 큰 금액 공제(각 상해·질병 치료행위를 합산하여 연간 300만원 이내에서 보상),,,,,,,,,,실손의료보험 비교공시.xls,,,,중증3대비급여의료비(비급여70%)(갱신형_1년),피보험자가 보험기간 중 상해 또는 질병의 치료목적으로 의료기관에 입원 또는 통원하여 산정특례 대상 질환에 대한 비급여 의료행위로 치료를 받은 경우 보상,①근골격계 이학요법치료ㆍ체외충격파치료 : 1회당 3만원과 보장대상의료비의 30%중 큰 금액 공제(각 상해ㆍ질병 치료행위를 합산하여 350만원 이내에서 50회까지 보상)②주사료 : 1회당 3만원과 보장대상의료비의 30%중 큰 금액 공제( 각 상해·질병 치료행위를 합산하여 연간 250만원 이내에서 50회까지 보상)③자기공명영상진단 : 1회당 3만원과 보장대상의료비의 30% 중 큰 금액 공제(각 상해·질병 치료행위를 합산하여 연간 300만원 이내에서 보상),,,,,,,,,,,,,,,,
,,,"중증상해비급여의료비(5,000만원, 비급여70%)(갱신형_1년)",피보험자가 보험기간 중 상해로 인하여 의료기관에 입원 또는 통원하여 산정특례 대상 질환으로 인한 비급여 치료를 받거나 비급여 처방조제를 받은 경우에 보상(3대 비급여 제외),"①입원(입원실료,입원제비용,입원수술비) : 비급여 의료비(비급여 병실료 제외) 70%에 해당하는 금액을 보상②상급병실료 차액 : 비급여 병실료의 50% 보상(1일 평균금액 10만원 한도, 입원기간 동안 비급여 병실료 전체를 총 입원일수로 나누어 산출)③통원(외래제비용,외래수술비,처방조제비) : 통원 1회당(외래 및 처방조제 합산) 비급여 의료비(비급여 병실료 제외)에서 3만원과 보장대상 의료비의 30% 중 큰 금액을 뺀 금액을 보상",,,,,,,,,,실손의료보험 비교공시.xls,,,,"중증상해비급여의료비(5,000만원, 비급여70%)(갱신형_1년)",피보험자가 보험기간 중 상해로 인하여 의료기관에 입원 또는 통원하여 산정특례 대상 질환으로 인한 비급여 치료를 받거나 비급여 처방조제를 받은 경우에 보상(3대 비급여 제외),"①입원(입원실료,입원제비용,입원수술비) : 비급여 의료비(비급여 병실료 제외) 70%에 해당하는 금액을 보상②상급병실료 차액 : 비급여 병실료의 50% 보상(1일 평균금액 10만원 한도, 입원기간 동안 비급여 병실료 전체를 총 입원일수로 나누어 산출)③통원(외래제비용,외래수술비,처방조제비) : 통원 1회당(외래 및 처방조제 합산) 비급여 의료비(비급여 병실료 제외)에서 3만원과 보장대상 의료비의 30% 중 큰 금액을 뺀 금액을 보상",,,,,,,,,,,,,,,,
,,,"중증질병비급여의료비(5,000만원, 비급여70%)(갱신형_1년)",피보험자가 보험기간 중 질병으로 인하여 의료기관에 입원 또는 통원하여 산정특례 대상 질환으로 인한 비급여 치료를 받거나 비급여 처방조제를 받은 경우에 보상(3대 비급여 제외),,,,,,,,,,,실손의료보험 비교공시.xls,,,,"중증질병비급여의료비(5,000만원, 비급여70%)(갱신형_1년)",피보험자가 보험기간 중 질병으로 인하여 의료기관에 입원 또는 통원하여 산정특례 대상 질환으로 인한 비급여 치료를 받거나 비급여 처방조제를 받은 경우에 보상(3대 비급여 제외),,,,,,,,,,,,,,,,,
,,,"질병급여의료비(5,000만원, 급여80%)(갱신형_1년)",피보험자가 보험기간중 질병으로 인하여 의료기관에 입원 또는 통원하여 급여 치료를 받거나 급여 처방조제를 받은 경우,"①입원(입원실료,입원제비용,입원수술비) : 요양급여 또는 의료급여 중 본인부담금의 80%에 해당하는 금액을 보상②통원(외래제비용,외래수술비,처방조제비) : 통원 1회당(외래 및 처방조제 합산) 요양급여 또는 의료급여 중 본인부담금에서 1~2만원(의료기관별 상이), 보장대상의료비의 20%, 보장대상의료비에 건강보험 본인부담률을 곱한 금액 중 큰 금액을 뺀 금액을 보상",,,,,,,,,,실손의료보험 비교공시.xls,,,,"질병급여의료비(5,000만원, 급여80%)(갱신형_1년)",피보험자가 보험기간중 질병으로 인하여 의료기관에 입원 또는 통원하여 급여 치료를 받거나 급여 처방조제를 받은 경우,"①입원(입원실료,입원제비용,입원수술비) : 요양급여 또는 의료급여 중 본인부담금의 80%에 해당하는 금액을 보상②통원(외래제비용,외래수술비,처방조제비) : 통원 1회당(외래 및 처방조제 합산) 요양급여 또는 의료급여 중 본인부담금에서 1~2만원(의료기관별 상이), 보장대상의료비의 20%, 보장대상의료비에 건강보험 본인부담률을 곱한 금액 중 큰 금액을 뺀 금액을 보상",,,,,,,,,,,,,,,,
삼성화재,무배당 삼성화재 실손의료비보험(2605.1),무배당 삼성화재 실손의료비보험(2605.1),급여 실손의료비(상해),상해로 인하여 의료기관에 입원 또는 통원하여 급여치료를 받거나 급여 처방조제를 받은 경우(매년 계약해당일부터 1년 단위로 가입금액 한도 내에서 보상)※ 국민건강보험법 또는 의료급여법을 적용받지 못한 경우(요양급여 또는 의료급여 절차를 거치지 아니한 경우 포함)에는 본인이 실제로 부담한 금액의 40%에 해당하는 금액을 보험가입금액 한도 내에서 보상,가입금액 한도,"14,828","18,682",103.9,,,,,,,실손의료보험 비교공시.xls,,삼성화재,무배당 삼성화재 실손의료비보험(2605.1),급여 실손의료비(상해),상해로 인하여 의료기관에 입원 또는 통원하여 급여치료를 받거나 급여 처방조제를 받은 경우(매년 계약해당일부터 1년 단위로 가입금액 한도 내에서 보상)※ 국민건강보험법 또는 의료급여법을 적용받지 못한 경우(요양급여 또는 의료급여 절차를 거치지 아니한 경우 포함)에는 본인이 실제로 부담한 금액의 40%에 해당하는 금액을 보험가입금액 한도 내에서 보상,가입금액 한도,"14,828","18,682",103.9,103.9,,,,,,,,,,,,
,,,급여 실손의료비(질병),질병으로 의료기관에 입원 또는 통원하여 급여 치료를 받거나 급여 처방조제를 받은 경우(매년 계약해당일부터 1년 단위로 가입금액 한도 내에서 보상)※ 국민건강보험법 또는 의료급여법을 적용받지 못한 경우(요양급여 또는 의료급여 절차를 거치지 아니한 경우 포함)에는 본인이 실제로 부담한 금액의 40%에 해당하는 금액을 보험가입금액 한도 내에서 보상,,,,,,,,,,,실손의료보험 비교공시.xls,,,,급여 실손의료비(질병),질병으로 의료기관에 입원 또는 통원하여 급여 치료를 받거나 급여 처방조제를 받은 경우(매년 계약해당일부터 1년 단위로 가입금액 한도 내에서 보상)※ 국민건강보험법 또는 의료급여법을 적용받지 못한 경우(요양급여 또는 의료급여 절차를 거치지 아니한 경우 포함)에는 본인이 실제로 부담한 금액의 40%에 해당하는 금액을 보험가입금액 한도 내에서 보상,,,,,,,,,,,,,,,,,
,,,비중증 비급여 실손의료비(비급여 자기공명영상진단),상해 또는 질병의 치료목적 으로 의료기관에 입원 또는 통원하여 산정특례 대상 질환이 아닌 질환으로 인한 비급여 치료를 위해 자기공명영상진단을 받은 경우(매년 계약해당일부터 1년 단위로 가입금액 한도 내에서 보상),,,,,,,,,,,실손의료보험 비교공시.xls,,,,비중증 비급여 실손의료비(비급여 자기공명영상진단),상해 또는 질병의 치료목적 으로 의료기관에 입원 또는 통원하여 산정특례 대상 질환이 아닌 질환으로 인한 비급여 치료를 위해 자기공명영상진단을 받은 경우(매년 계약해당일부터 1년 단위로 가입금액 한도 내에서 보상),,,,,,,,,,,,,,,,,
,,,비중증 비급여 실손의료비(상해),"상해로 인하여 의료기관에 입원 또는 통원하여 산정특례 대상 질환이 아닌 질환으로 인한 비급여 치료를 받거나 비급여 처방조제를 받은 경우(비급여 자기공명영상진단 제외, 매년 계약해당일부터 1년 단위로 가입금액 한도 내에서 보상. 단, 통원은 매년 계약해당일부터 1년간 100일 한도)※ 국민건강보험법 또는 의료급여법을 적용받지 못한 경우(요양급여 또는 의료급여 절차를 거치지 아니한 경우 포함)에는 본인이 실제로 부담한 금액의 40%에 해당하는 금액을 보험가입금액 한도 내에서 보상",,,,,,,,,,,실손의료보험 비교공시.xls,,,,비중증 비급여 실손의료비(상해),"상해로 인하여 의료기관에 입원 또는 통원하여 산정특례 대상 질환이 아닌 질환으로 인한 비급여 치료를 받거나 비급여 처방조제를 받은 경우(비급여 자기공명영상진단 제외, 매년 계약해당일부터 1년 단위로 가입금액 한도 내에서 보상. 단, 통원은 매년 계약해당일부터 1년간 100일 한도)※ 국민건강보험법 또는 의료급여법을 적용받지 못한 경우(요양급여 또는 의료급여 절차를 거치지 아니한 경우 포함)에는 본인이 실제로 부담한 금액의 40%에 해당하는 금액을 보험가입금액 한도 내에서 보상",,,,,,,,,,,,,,,,,
,,,비중증 비급여 실손의료비(질병),"질병으로 인하여 의료기관에 입원 또는 통원하여 산정특례 대상 질환이 아닌 질환으로 인한 비급여 치료를 받거나 비급여 처방조제를 받은 경우(비급여 자기공명영상진단 제외, 매년 계약해당일부터 1년 단위로 가입금액 한도 내에서 보상. 단, 통원은 매년 계약해당일부터 1년간 100일 한도)※ 국민건강보험법 또는 의료급여법을 적용받지 못한 경우(요양급여 또는 의료급여 절차를 거치지 아니한 경우 포함)에는 본인이 실제로 부담한 금액의 40%에 해당하는 금액을 보험가입금액 한도 내에서 보상",,,,,,,,,,,실손의료보험 비교공시.xls,,,,비중증 비급여 실손의료비(질병),"질병으로 인하여 의료기관에 입원 또는 통원하여 산정특례 대상 질환이 아닌 질환으로 인한 비급여 치료를 받거나 비급여 처방조제를 받은 경우(비급여 자기공명영상진단 제외, 매년 계약해당일부터 1년 단위로 가입금액 한도 내에서 보상. 단, 통원은 매년 계약해당일부터 1년간 100일 한도)※ 국민건강보험법 또는 의료급여법을 적용받지 못한 경우(요양급여 또는 의료급여 절차를 거치지 아니한 경우 포함)에는 본인이 실제로 부담한 금액의 40%에 해당하는 금액을 보험가입금액 한도 내에서 보상",,,,,,,,,,,,,,,,,
,,,중증 비급여 실손의료비(3대),상해 또는 질병의 치료목적 으로 의료기관에 입원 또는 통원하여 산정특례 대상 질환으로 인한 3대비급여 치료를 받은 경우(매년 계약해당일부터 1년 단위로 근골격계 이학요법치료·체외충격파치료/주사료/자기공명영상진단을 각 보장별 가입금액 한도 내에서 보상),,,,,,,,,,,실손의료보험 비교공시.xls,,,,중증 비급여 실손의료비(3대),상해 또는 질병의 치료목적 으로 의료기관에 입원 또는 통원하여 산정특례 대상 질환으로 인한 3대비급여 치료를 받은 경우(매년 계약해당일부터 1년 단위로 근골격계 이학요법치료·체외충격파치료/주사료/자기공명영상진단을 각 보장별 가입금액 한도 내에서 보상),,,,,,,,,,,,,,,,,
,,,중증 비급여 실손의료비(상해),"상해로 인하여 의료기관에 입원 또는 통원하여 산정특례 대상 질환으로 인한 비급여 치료를 받거나 비급여 처방조제를 받은 경우(3대 비급여 제외, 매년 계약해당일부터 1년 단위로 가입금액 한도 내에서 보상. 단, 통원은 매년 계약해당일부터 1년간 100회 한도)※ 국민건강보험법 또는 의료급여법을 적용받지 못한 경우(요양급여 또는 의료급여 절차를 거치지 아니한 경우 포함)에는 본인이 실제로 부담한 금액의 40%에 해당하는 금액을 보험가입금액 한도 내에서 보상",,,,,,,,,,,실손의료보험 비교공시.xls,,,,중증 비급여 실손의료비(상해),"상해로 인하여 의료기관에 입원 또는 통원하여 산정특례 대상 질환으로 인한 비급여 치료를 받거나 비급여 처방조제를 받은 경우(3대 비급여 제외, 매년 계약해당일부터 1년 단위로 가입금액 한도 내에서 보상. 단, 통원은 매년 계약해당일부터 1년간 100회 한도)※ 국민건강보험법 또는 의료급여법을 적용받지 못한 경우(요양급여 또는 의료급여 절차를 거치지 아니한 경우 포함)에는 본인이 실제로 부담한 금액의 40%에 해당하는 금액을 보험가입금액 한도 내에서 보상",,,,,,,,,,,,,,,,,
,,,중증 비급여 실손의료비(질병),"질병으로 인하여 의료기관에 입원 또는 통원하여 산정특례 대상 질환으로 인한 비급여 치료를 받거나 비급여 처방조제를 받은 경우(3대 비급여 제외, 매년 계약해당일부터 1년 단위로 가입금액 한도 내에서 보상. 단, 통원은 매년 계약해당일부터 1년간 100회 한도)※ 국민건강보험법 또는 의료급여법을 적용받지 못한 경우(요양급여 또는 의료급여 절차를 거치지 아니한 경우 포함)에는 본인이 실제로 부담한 금액의 40%에 해당하는 금액을 보험가입금액 한도 내에서 보상",,,,,,,,,,,실손의료보험 비교공시.xls,,,,중증 비급여 실손의료비(질병),"질병으로 인하여 의료기관에 입원 또는 통원하여 산정특례 대상 질환으로 인한 비급여 치료를 받거나 비급여 처방조제를 받은 경우(3대 비급여 제외, 매년 계약해당일부터 1년 단위로 가입금액 한도 내에서 보상. 단, 통원은 매년 계약해당일부터 1년간 100회 한도)※ 국민건강보험법 또는 의료급여법을 적용받지 못한 경우(요양급여 또는 의료급여 절차를 거치지 아니한 경우 포함)에는 본인이 실제로 부담한 금액의 40%에 해당하는 금액을 보험가입금액 한도 내에서 보상",,,,,,,,,,,,,,,,,
삼성화재,무배당 삼성화재 다이렉트 실손의료비보험(2605.1),무배당 삼성화재 다이렉트 실손의료비보험(2605.1),급여 실손의료비(상해),상해로 인하여 의료기관에 입원 또는 통원하여 급여치료를 받거나 급여 처방조제를 받은 경우(매년 계약해당일부터 1년 단위로 가입금액 한도 내에서 보상)※ 국민건강보험법 또는 의료급여법을 적용받지 못한 경우(요양급여 또는 의료급여 절차를 거치지 아니한 경우 포함)에는 본인이 실제로 부담한 금액의 40%에 해당하는 금액을 보험가입금액 한도 내에서 보상,가입금액 한도,"14,168","17,850",99.2,,,,,,,실손의료보험 비교공시.xls,,삼성화재,무배당 삼성화재 다이렉트 실손의료비보험(2605.1),급여 실손의료비(상해),상해로 인하여 의료기관에 입원 또는 통원하여 급여치료를 받거나 급여 처방조제를 받은 경우(매년 계약해당일부터 1년 단위로 가입금액 한도 내에서 보상)※ 국민건강보험법 또는 의료급여법을 적용받지 못한 경우(요양급여 또는 의료급여 절차를 거치지 아니한 경우 포함)에는 본인이 실제로 부담한 금액의 40%에 해당하는 금액을 보험가입금액 한도 내에서 보상,가입금액 한도,"14,168","17,850",99.2,99.2,,,,,,,,,,,,
,,,급여 실손의료비(질병),질병으로 의료기관에 입원 또는 통원하여 급여 치료를 받거나 급여 처방조제를 받은 경우(매년 계약해당일부터 1년 단위로 가입금액 한도 내에서 보상)※ 국민건강보험법 또는 의료급여법을 적용받지 못한 경우(요양급여 또는 의료급여 절차를 거치지 아니한 경우 포함)에는 본인이 실제로 부담한 금액의 40%에 해당하는 금액을 보험가입금액 한도 내에서 보상,,,,,,,,,,,실손의료보험 비교공시.xls,,,,급여 실손의료비(질병),질병으로 의료기관에 입원 또는 통원하여 급여 치료를 받거나 급여 처방조제를 받은 경우(매년 계약해당일부터 1년 단위로 가입금액 한도 내에서 보상)※ 국민건강보험법 또는 의료급여법을 적용받지 못한 경우(요양급여 또는 의료급여 절차를 거치지 아니한 경우 포함)에는 본인이 실제로 부담한 금액의 40%에 해당하는 금액을 보험가입금액 한도 내에서 보상,,,,,,,,,,,,,,,,,
,,,비중증 비급여 실손의료비(비급여 자기공명영상진단),상해 또는 질병의 치료목적 으로 의료기관에 입원 또는 통원하여 산정특례 대상 질환이 아닌 질환으로 인한 비급여 치료를 위해 자기공명영상진단을 받은 경우(매년 계약해당일부터 1년 단위로 가입금액 한도 내에서 보상),,,,,,,,,,,실손의료보험 비교공시.xls,,,,비중증 비급여 실손의료비(비급여 자기공명영상진단),상해 또는 질병의 치료목적 으로 의료기관에 입원 또는 통원하여 산정특례 대상 질환이 아닌 질환으로 인한 비급여 치료를 위해 자기공명영상진단을 받은 경우(매년 계약해당일부터 1년 단위로 가입금액 한도 내에서 보상),,,,,,,,,,,,,,,,,
,,,비중증 비급여 실손의료비(상해),"상해로 인하여 의료기관에 입원 또는 통원하여 산정특례 대상 질환이 아닌 질환으로 인한 비급여 치료를 받거나 비급여 처방조제를 받은 경우(비급여 자기공명영상진단 제외, 매년 계약해당일부터 1년 단위로 가입금액 한도 내에서 보상. 단, 통원은 매년 계약해당일부터 1년간 100일 한도)※ 국민건강보험법 또는 의료급여법을 적용받지 못한 경우(요양급여 또는 의료급여 절차를 거치지 아니한 경우 포함)에는 본인이 실제로 부담한 금액의 40%에 해당하는 금액을 보험가입금액 한도 내에서 보상",,,,,,,,,,,실손의료보험 비교공시.xls,,,,비중증 비급여 실손의료비(상해),"상해로 인하여 의료기관에 입원 또는 통원하여 산정특례 대상 질환이 아닌 질환으로 인한 비급여 치료를 받거나 비급여 처방조제를 받은 경우(비급여 자기공명영상진단 제외, 매년 계약해당일부터 1년 단위로 가입금액 한도 내에서 보상. 단, 통원은 매년 계약해당일부터 1년간 100일 한도)※ 국민건강보험법 또는 의료급여법을 적용받지 못한 경우(요양급여 또는 의료급여 절차를 거치지 아니한 경우 포함)에는 본인이 실제로 부담한 금액의 40%에 해당하는 금액을 보험가입금액 한도 내에서 보상",,,,,,,,,,,,,,,,,
,,,비중증 비급여 실손의료비(질병),"질병으로 인하여 의료기관에 입원 또는 통원하여 산정특례 대상 질환이 아닌 질환으로 인한 비급여 치료를 받거나 비급여 처방조제를 받은 경우(비급여 자기공명영상진단 제외, 매년 계약해당일부터 1년 단위로 가입금액 한도 내에서 보상. 단, 통원은 매년 계약해당일부터 1년간 100일 한도)※ 국민건강보험법 또는 의료급여법을 적용받지 못한 경우(요양급여 또는 의료급여 절차를 거치지 아니한 경우 포함)에는 본인이 실제로 부담한 금액의 40%에 해당하는 금액을 보험가입금액 한도 내에서 보상",,,,,,,,,,,실손의료보험 비교공시.xls,,,,비중증 비급여 실손의료비(질병),"질병으로 인하여 의료기관에 입원 또는 통원하여 산정특례 대상 질환이 아닌 질환으로 인한 비급여 치료를 받거나 비급여 처방조제를 받은 경우(비급여 자기공명영상진단 제외, 매년 계약해당일부터 1년 단위로 가입금액 한도 내에서 보상. 단, 통원은 매년 계약해당일부터 1년간 100일 한도)※ 국민건강보험법 또는 의료급여법을 적용받지 못한 경우(요양급여 또는 의료급여 절차를 거치지 아니한 경우 포함)에는 본인이 실제로 부담한 금액의 40%에 해당하는 금액을 보험가입금액 한도 내에서 보상",,,,,,,,,,,,,,,,,
,,,중증 비급여 실손의료비(3대),상해 또는 질병의 치료목적 으로 의료기관에 입원 또는 통원하여 산정특례 대상 질환으로 인한 3대비급여 치료를 받은 경우(매년 계약해당일부터 1년 단위로 근골격계 이학요법치료·체외충격파치료/주사료/자기공명영상진단을 각 보장별 가입금액 한도 내에서 보상),,,,,,,,,,,실손의료보험 비교공시.xls,,,,중증 비급여 실손의료비(3대),상해 또는 질병의 치료목적 으로 의료기관에 입원 또는 통원하여 산정특례 대상 질환으로 인한 3대비급여 치료를 받은 경우(매년 계약해당일부터 1년 단위로 근골격계 이학요법치료·체외충격파치료/주사료/자기공명영상진단을 각 보장별 가입금액 한도 내에서 보상),,,,,,,,,,,,,,,,,
,,,중증 비급여 실손의료비(상해),"상해로 인하여 의료기관에 입원 또는 통원하여 산정특례 대상 질환으로 인한 비급여 치료를 받거나 비급여 처방조제를 받은 경우(3대 비급여 제외, 매년 계약해당일부터 1년 단위로 가입금액 한도 내에서 보상. 단, 통원은 매년 계약해당일부터 1년간 100회 한도)※ 국민건강보험법 또는 의료급여법을 적용받지 못한 경우(요양급여 또는 의료급여 절차를 거치지 아니한 경우 포함)에는 본인이 실제로 부담한 금액의 40%에 해당하는 금액을 보험가입금액 한도 내에서 보상",,,,,,,,,,,실손의료보험 비교공시.xls,,,,중증 비급여 실손의료비(상해),"상해로 인하여 의료기관에 입원 또는 통원하여 산정특례 대상 질환으로 인한 비급여 치료를 받거나 비급여 처방조제를 받은 경우(3대 비급여 제외, 매년 계약해당일부터 1년 단위로 가입금액 한도 내에서 보상. 단, 통원은 매년 계약해당일부터 1년간 100회 한도)※ 국민건강보험법 또는 의료급여법을 적용받지 못한 경우(요양급여 또는 의료급여 절차를 거치지 아니한 경우 포함)에는 본인이 실제로 부담한 금액의 40%에 해당하는 금액을 보험가입금액 한도 내에서 보상",,,,,,,,,,,,,,,,,
,,,중증 비급여 실손의료비(질병),"질병으로 인하여 의료기관에 입원 또는 통원하여 산정특례 대상 질환으로 인한 비급여 치료를 받거나 비급여 처방조제를 받은 경우(3대 비급여 제외, 매년 계약해당일부터 1년 단위로 가입금액 한도 내에서 보상. 단, 통원은 매년 계약해당일부터 1년간 100회 한도)※ 국민건강보험법 또는 의료급여법을 적용받지 못한 경우(요양급여 또는 의료급여 절차를 거치지 아니한 경우 포함)에는 본인이 실제로 부담한 금액의 40%에 해당하는 금액을 보험가입금액 한도 내에서 보상",,,,,,,,,,,실손의료보험 비교공시.xls,,,,중증 비급여 실손의료비(질병),"질병으로 인하여 의료기관에 입원 또는 통원하여 산정특례 대상 질환으로 인한 비급여 치료를 받거나 비급여 처방조제를 받은 경우(3대 비급여 제외, 매년 계약해당일부터 1년 단위로 가입금액 한도 내에서 보상. 단, 통원은 매년 계약해당일부터 1년간 100회 한도)※ 국민건강보험법 또는 의료급여법을 적용받지 못한 경우(요양급여 또는 의료급여 절차를 거치지 아니한 경우 포함)에는 본인이 실제로 부담한 금액의 40%에 해당하는 금액을 보험가입금액 한도 내에서 보상",,,,,,,,,,,,,,,,,
현대해상,(무)현대해상실손의료비보장보험(갱신형)(Hi2605),(무)현대해상실손의료비보장보험(갱신형)(Hi2605),비중증비급여자기공명영상진단,상해 또는 질병의 치료목적으로 의료기관에 입원 또는 통원하여 산정특례 대상 질환 외  비급여 의료행위로 치료를 받은 경우,"자기공명영상진단을 받아 본인이 실제로 부담한 비급여의료비(조영제, 판독료 포함)에서 약관에서 정한 공제금액(1회당 5만원과 보장대상 의료비의 50% 중 큰 금액)을 차감한 금액(계약일 또는 매년 계약해당일부터 1년 단위로 각 상해·질병 치료행위를 합산하여 200만원 이내에서 보상)","13,286","14,193",110.6,,,,,,,실손의료보험 비교공시.xls,,현대해상,(무)현대해상실손의료비보장보험(갱신형)(Hi2605),비중증비급여자기공명영상진단,상해 또는 질병의 치료목적으로 의료기관에 입원 또는 통원하여 산정특례 대상 질환 외  비급여 의료행위로 치료를 받은 경우,"자기공명영상진단을 받아 본인이 실제로 부담한 비급여의료비(조영제, 판독료 포함)에서 약관에서 정한 공제금액(1회당 5만원과 보장대상 의료비의 50% 중 큰 금액)을 차감한 금액(계약일 또는 매년 계약해당일부터 1년 단위로 각 상해·질병 치료행위를 합산하여 200만원 이내에서 보상)","13,286","14,193",110.6,110.6,,,,,,,,,,,,
,,,상해급여실손의료비,"상해로 인하여 의료기관에 입원 또는 통원(외래 및 처방조제)하여 치료를 받은 경우(자동차보험, 산재보험 처리분 제외)","①입원(입원실료, 입원제비용 입원수술비) 「국민건강보험법」에서 정한 요양급여 또는 「의료급여법」에서 정한 의료급여 중 본인부담금(본인이 실제로 부담한 금액을 말합니다)의 80%에 해당하는 금액②통원(외래제비용, 외래수술비, 처방조제비) 통원 1회당(외래 및 처방조제 합산) ‘「국민건강보험법」에서 정한 요양급여 또는 「의료급여법」에서 정한 의료급여 중 본인부담금’에서 약관에서 정한 공제금액(병·의원 1만원, 종합·상급병원 2만원, 보장대상의료비의 20%, 보장대상의료비에 건강보험 본인부담률을 곱한 금액 중 큰 금액)을 뺀 금액",,,,,,,,,,실손의료보험 비교공시.xls,,,,상해급여실손의료비,"상해로 인하여 의료기관에 입원 또는 통원(외래 및 처방조제)하여 치료를 받은 경우(자동차보험, 산재보험 처리분 제외)","①입원(입원실료, 입원제비용 입원수술비) 「국민건강보험법」에서 정한 요양급여 또는 「의료급여법」에서 정한 의료급여 중 본인부담금(본인이 실제로 부담한 금액을 말합니다)의 80%에 해당하는 금액②통원(외래제비용, 외래수술비, 처방조제비) 통원 1회당(외래 및 처방조제 합산) ‘「국민건강보험법」에서 정한 요양급여 또는 「의료급여법」에서 정한 의료급여 중 본인부담금’에서 약관에서 정한 공제금액(병·의원 1만원, 종합·상급병원 2만원, 보장대상의료비의 20%, 보장대상의료비에 건강보험 본인부담률을 곱한 금액 중 큰 금액)을 뺀 금액",,,,,,,,,,,,,,,,
,,,상해비중증비급여실손의료비,"상해로 인하여 의료기관에 입원 또는 통원(외래 및 처방조제)하여 산정특례 대상 질환 외 치료를 받은 경우(비급여 자기공명영상진단은 제외)자동차보험, 산재보험 처리분 제외)","①입원(입원실료,입원제비용 입원수술비) ‘비급여 의료비(비급여 병실료는 제외합니다)’(본인이 실제로 부담한 금액을 말합니다)의 50%에 해당하는 금액(다만, 「의료법」 제3조제2항에 의한 의료기관(동법 제3조의3에 의한 종합병원은 제외)에서 발생한 비급여 의료비는 1회당 300만원을 한도로 합니다.)②상급병실료 차액 비급여 병실료의 50%(다만, 1일 평균금액 10만원 한도)※1일 평균금액 : 입원기간 동안 비급여 병실료 전체를 총 입원일수로 나누어 산출한 금액③통원(외래제비용, 외래수술비, 처방조제비) 통원 1일당(외래 및 처방조제 합산)‘비급여의료비(비급여 병실료는 제외합니다)’(본인이 실제로 부담한 금액을 말합니다)에서 약관에서 정한 공제금액(5만원과 보장대상 의료비의 50% 중 큰 금액)을 뺀 금액(매년 계약 해당일부터 1년간 통원 100일 한도)",,,,,,,,,,실손의료보험 비교공시.xls,,,,상해비중증비급여실손의료비,"상해로 인하여 의료기관에 입원 또는 통원(외래 및 처방조제)하여 산정특례 대상 질환 외 치료를 받은 경우(비급여 자기공명영상진단은 제외)자동차보험, 산재보험 처리분 제외)","①입원(입원실료,입원제비용 입원수술비) ‘비급여 의료비(비급여 병실료는 제외합니다)’(본인이 실제로 부담한 금액을 말합니다)의 50%에 해당하는 금액(다만, 「의료법」 제3조제2항에 의한 의료기관(동법 제3조의3에 의한 종합병원은 제외)에서 발생한 비급여 의료비는 1회당 300만원을 한도로 합니다.)②상급병실료 차액 비급여 병실료의 50%(다만, 1일 평균금액 10만원 한도)※1일 평균금액 : 입원기간 동안 비급여 병실료 전체를 총 입원일수로 나누어 산출한 금액③통원(외래제비용, 외래수술비, 처방조제비) 통원 1일당(외래 및 처방조제 합산)‘비급여의료비(비급여 병실료는 제외합니다)’(본인이 실제로 부담한 금액을 말합니다)에서 약관에서 정한 공제금액(5만원과 보장대상 의료비의 50% 중 큰 금액)을 뺀 금액(매년 계약 해당일부터 1년간 통원 100일 한도)",,,,,,,,,,,,,,,,
,,,상해중증비급여실손의료비,"상해로 인하여 의료기관에 입원 또는 통원(외래 및 처방조제)하여 산정특례 대상 질환에 대한 치료를 받은 경우(3대비급여 제외)(자동차보험, 산재보험 처리분 제외)","①입원(입원실료,입원제비용 입원수술비) ‘비급여 의료비(비급여 병실료는 제외합니다)’(본인이 실제로 부담한 금액을 말합니다)의 70%에 해당하는 금액②상급병실료 차액 비급여 병실료의 50%(단, 1일 평균금액 10만원 한도)※1일 평균금액 : 입원기간 동안 비급여 병실료 전체를 총 입원일수로 나누어 산출한 금액③통원(외래제비용, 외래수술비, 처방조제비) 통원 1회당(외래 및 처방조제 합산)‘비급여 의료비(비급여 병실료는 제외합니다)’(본인이 실제로 부담한 금액을 말합니다)에서 약관에서 정한 공제금액(3만원과 보장대상의료비의 30% 중 큰 금액)을 뺀 금액 (매년 계약해당일부터 1년간 통원 100회 한도)",,,,,,,,,,실손의료보험 비교공시.xls,,,,상해중증비급여실손의료비,"상해로 인하여 의료기관에 입원 또는 통원(외래 및 처방조제)하여 산정특례 대상 질환에 대한 치료를 받은 경우(3대비급여 제외)(자동차보험, 산재보험 처리분 제외)","①입원(입원실료,입원제비용 입원수술비) ‘비급여 의료비(비급여 병실료는 제외합니다)’(본인이 실제로 부담한 금액을 말합니다)의 70%에 해당하는 금액②상급병실료 차액 비급여 병실료의 50%(단, 1일 평균금액 10만원 한도)※1일 평균금액 : 입원기간 동안 비급여 병실료 전체를 총 입원일수로 나누어 산출한 금액③통원(외래제비용, 외래수술비, 처방조제비) 통원 1회당(외래 및 처방조제 합산)‘비급여 의료비(비급여 병실료는 제외합니다)’(본인이 실제로 부담한 금액을 말합니다)에서 약관에서 정한 공제금액(3만원과 보장대상의료비의 30% 중 큰 금액)을 뺀 금액 (매년 계약해당일부터 1년간 통원 100회 한도)",,,,,,,,,,,,,,,,
,,,중증3대비급여실손의료비,상해 또는 질병의 치료목적으로 의료기관에 입원 또는 통원하여 산정특례 대상 질환에 대한 비급여 의료행위로 치료를 받은 경우,"①근골격계 이학요법치료·체외충격파치료 “근골격계이학요법치료·체외충격파치료”로 인하여 본인이 실제로 부담한 비급여의료비(행위료, 약제비, 치료재료대 포함)에서 약관에서 정한 공제금액(1회당 3만원과 보장대상 의료비의 30% 중 큰 금액)을 차감한 금액(계약일 또는 매년 계약해당일부터 1년 단위로 각 상해·질병 치료행위를 합산하여 350만원 이내에서 50회까지 보상)②주사료 주사치료를 받아 본인이 실제로 부담한 비급여의료비에서 약관에서 정한 공제금액(1회당 3만원과 보장대상 의료비의 30% 중 큰 금액)을 차감한 금액계약일 또는 매년 계약해당일부터 1년 단위로 각 상해·질병 치료행위를 합산하여 250만원 이내에서 50회까지 보상③자기공명영상진단 자기공명영상진단을 받아 본인이 실제로 부담한 비급여의료비(조영제, 판독료 포함)에서 약관에서 정한 공제금액(1회당 3만원과 보장대상 의료비의 30% 중 큰 금액)을 차감한 금액계약일 또는 매년 계약해당일부터 1년 단위로 각 상해·질병 치료행위를 합산하여 300만원 이내에서 보상",,,,,,,,,,실손의료보험 비교공시.xls,,,,중증3대비급여실손의료비,상해 또는 질병의 치료목적으로 의료기관에 입원 또는 통원하여 산정특례 대상 질환에 대한 비급여 의료행위로 치료를 받은 경우,"①근골격계 이학요법치료·체외충격파치료 “근골격계이학요법치료·체외충격파치료”로 인하여 본인이 실제로 부담한 비급여의료비(행위료, 약제비, 치료재료대 포함)에서 약관에서 정한 공제금액(1회당 3만원과 보장대상 의료비의 30% 중 큰 금액)을 차감한 금액(계약일 또는 매년 계약해당일부터 1년 단위로 각 상해·질병 치료행위를 합산하여 350만원 이내에서 50회까지 보상)②주사료 주사치료를 받아 본인이 실제로 부담한 비급여의료비에서 약관에서 정한 공제금액(1회당 3만원과 보장대상 의료비의 30% 중 큰 금액)을 차감한 금액계약일 또는 매년 계약해당일부터 1년 단위로 각 상해·질병 치료행위를 합산하여 250만원 이내에서 50회까지 보상③자기공명영상진단 자기공명영상진단을 받아 본인이 실제로 부담한 비급여의료비(조영제, 판독료 포함)에서 약관에서 정한 공제금액(1회당 3만원과 보장대상 의료비의 30% 중 큰 금액)을 차감한 금액계약일 또는 매년 계약해당일부터 1년 단위로 각 상해·질병 치료행위를 합산하여 300만원 이내에서 보상",,,,,,,,,,,,,,,,
,,,질병급여실손의료비,질병으로 의료기관에 입원 또는 통원(외래 및 처방조제)하여 치료를 받은 경우(산재보험 처리분 제외),"①입원(입원실료, 입원제비용 입원수술비) 「국민건강보험법」에서 정한 요양급여 또는 「의료급여법」에서 정한 의료급여 중 본인부담금(본인이 실제로 부담한 금액을 말합니다)의 80%에 해당하는 금액②통원(외래제비용, 외래수술비, 처방조제비) 통원 1회당(외래 및 처방조제 합산) ‘「국민건강보험법」에서 정한 요양급여 또는 「의료급여법」에서 정한 의료급여 중 본인부담금’에서 약관에서 정한 공제금액(병·의원 1만원, 종합·상급병원 2만원, 보장대상의료비의 20%, 보장대상의료비에 건강보험 본인부담률을 곱한 금액 중 큰 금액)을 뺀 금액",,,,,,,,,,실손의료보험 비교공시.xls,,,,질병급여실손의료비,질병으로 의료기관에 입원 또는 통원(외래 및 처방조제)하여 치료를 받은 경우(산재보험 처리분 제외),"①입원(입원실료, 입원제비용 입원수술비) 「국민건강보험법」에서 정한 요양급여 또는 「의료급여법」에서 정한 의료급여 중 본인부담금(본인이 실제로 부담한 금액을 말합니다)의 80%에 해당하는 금액②통원(외래제비용, 외래수술비, 처방조제비) 통원 1회당(외래 및 처방조제 합산) ‘「국민건강보험법」에서 정한 요양급여 또는 「의료급여법」에서 정한 의료급여 중 본인부담금’에서 약관에서 정한 공제금액(병·의원 1만원, 종합·상급병원 2만원, 보장대상의료비의 20%, 보장대상의료비에 건강보험 본인부담률을 곱한 금액 중 큰 금액)을 뺀 금액",,,,,,,,,,,,,,,,
,,,질병비중증비급여실손의료비,질병으로 의료기관에 입원 또는 통원(외래 및 처방조제)하여 산정특례 대상 질환 외 치료를 받은 경우(비급여 자기공명영상진단은 제외)(산재보험 처리분 제외),"①입원(입원실료,입원제비용 입원수술비) ‘비급여 의료비(비급여 병실료는 제외합니다)’(본인이 실제로 부담한 금액을 말합니다)의 50%에 해당하는 금액(다만, 「의료법」 제3조제2항에 의한 의료기관(동법 제3조의3에 의한 종합병원은 제외)에서 발생한 비급여 의료비는 1회당 300만원을 한도로 합니다.)②상급병실료 차액 비급여 병실료의 50%(다만, 1일 평균금액 10만원 한도)※1일 평균금액 : 입원기간 동안 비급여 병실료 전체를 총 입원일수로 나누어 산출한 금액③통원(외래제비용, 외래수술비, 처방조제비) 통원 1일당(외래 및 처방조제 합산)‘비급여의료비(비급여 병실료는 제외합니다)’(본인이 실제로 부담한 금액을 말합니다)에서 약관에서 정한 공제금액(5만원과 보장대상의료비의 50% 중 큰 금액)을 뺀 금액(매년 계약 해당일부터 1년간 통원 100일 한도)",,,,,,,,,,실손의료보험 비교공시.xls,,,,질병비중증비급여실손의료비,질병으로 의료기관에 입원 또는 통원(외래 및 처방조제)하여 산정특례 대상 질환 외 치료를 받은 경우(비급여 자기공명영상진단은 제외)(산재보험 처리분 제외),"①입원(입원실료,입원제비용 입원수술비) ‘비급여 의료비(비급여 병실료는 제외합니다)’(본인이 실제로 부담한 금액을 말합니다)의 50%에 해당하는 금액(다만, 「의료법」 제3조제2항에 의한 의료기관(동법 제3조의3에 의한 종합병원은 제외)에서 발생한 비급여 의료비는 1회당 300만원을 한도로 합니다.)②상급병실료 차액 비급여 병실료의 50%(다만, 1일 평균금액 10만원 한도)※1일 평균금액 : 입원기간 동안 비급여 병실료 전체를 총 입원일수로 나누어 산출한 금액③통원(외래제비용, 외래수술비, 처방조제비) 통원 1일당(외래 및 처방조제 합산)‘비급여의료비(비급여 병실료는 제외합니다)’(본인이 실제로 부담한 금액을 말합니다)에서 약관에서 정한 공제금액(5만원과 보장대상의료비의 50% 중 큰 금액)을 뺀 금액(매년 계약 해당일부터 1년간 통원 100일 한도)",,,,,,,,,,,,,,,,
,,,질병중증비급여실손의료비,질병으로 의료기관에 입원 또는 통원(외래 및 처방조제)하여 산정특례 대상 질환에 대한 치료를 받은 경우(3대비급여 제외)(산재보험 처리분 제외),"①입원(입원실료,입원제비용 입원수술비) ‘비급여 의료비(비급여 병실료는 제외합니다)’(본인이 실제로 부담한 금액을 말합니다)의 70%에 해당하는 금액②상급병실료 차액 비급여 병실료의 50%(단, 1일 평균금액 10만원 한도)※1일 평균금액 : 입원기간 동안 비급여 병실료 전체를 총 입원일수로 나누어 산출한 금액③통원(외래제비용, 외래수술비, 처방조제비) 통원 1회당(외래 및 처방조제 합산)‘비급여 의료비(비급여 병실료는 제외합니다)’(본인이 실제로 부담한 금액을 말합니다)에서 약관에서 정한 공제금액(3만원과 보장대상의료비의 30% 중 큰 금액)을 뺀 금액 (매년 계약해당일부터 1년간 통원 100회 한도)",,,,,,,,,,실손의료보험 비교공시.xls,,,,질병중증비급여실손의료비,질병으로 의료기관에 입원 또는 통원(외래 및 처방조제)하여 산정특례 대상 질환에 대한 치료를 받은 경우(3대비급여 제외)(산재보험 처리분 제외),"①입원(입원실료,입원제비용 입원수술비) ‘비급여 의료비(비급여 병실료는 제외합니다)’(본인이 실제로 부담한 금액을 말합니다)의 70%에 해당하는 금액②상급병실료 차액 비급여 병실료의 50%(단, 1일 평균금액 10만원 한도)※1일 평균금액 : 입원기간 동안 비급여 병실료 전체를 총 입원일수로 나누어 산출한 금액③통원(외래제비용, 외래수술비, 처방조제비) 통원 1회당(외래 및 처방조제 합산)‘비급여 의료비(비급여 병실료는 제외합니다)’(본인이 실제로 부담한 금액을 말합니다)에서 약관에서 정한 공제금액(3만원과 보장대상의료비의 30% 중 큰 금액)을 뺀 금액 (매년 계약해당일부터 1년간 통원 100회 한도)",,,,,,,,,,,,,,,,
현대해상,(무)현대해상다이렉트실손의료비보장보험(갱신형)(Hi2605),(무)현대해상다이렉트실손의료비보장보험(갱신형)(Hi2605),비중증비급여자기공명영상진단,상해 또는 질병의 치료목적으로 의료기관에 입원 또는 통원하여 산정특례 대상 질환 외  비급여 의료행위로 치료를 받은 경우,"자기공명영상진단을 받아 본인이 실제로 부담한 비급여의료비(조영제, 판독료 포함)에서 약관에서 정한 공제금액(1회당 5만원과 보장대상 의료비의 50% 중 큰 금액)을 차감한 금액(계약일 또는 매년 계약해당일부터 1년 단위로 각 상해·질병 치료행위를 합산하여 200만원 이내에서 보상)","12,568","13,523",105.4,,,,,,,실손의료보험 비교공시.xls,,현대해상,(무)현대해상다이렉트실손의료비보장보험(갱신형)(Hi2605),비중증비급여자기공명영상진단,상해 또는 질병의 치료목적으로 의료기관에 입원 또는 통원하여 산정특례 대상 질환 외  비급여 의료행위로 치료를 받은 경우,"자기공명영상진단을 받아 본인이 실제로 부담한 비급여의료비(조영제, 판독료 포함)에서 약관에서 정한 공제금액(1회당 5만원과 보장대상 의료비의 50% 중 큰 금액)을 차감한 금액(계약일 또는 매년 계약해당일부터 1년 단위로 각 상해·질병 치료행위를 합산하여 200만원 이내에서 보상)","12,568","13,523",105.4,105.4,,,,,,,,,,,,
,,,상해급여실손의료비,"상해로 인하여 의료기관에 입원 또는 통원(외래 및 처방조제)하여 치료를 받은 경우(자동차보험, 산재보험 처리분 제외)","①입원(입원실료, 입원제비용 입원수술비) 「국민건강보험법」에서 정한 요양급여 또는 「의료급여법」에서 정한 의료급여 중 본인부담금(본인이 실제로 부담한 금액을 말합니다)의 80%에 해당하는 금액②통원(외래제비용, 외래수술비, 처방조제비) 통원 1회당(외래 및 처방조제 합산) ‘「국민건강보험법」에서 정한 요양급여 또는 「의료급여법」에서 정한 의료급여 중 본인부담금’에서 약관에서 정한 공제금액(병·의원 1만원, 종합·상급병원 2만원, 보장대상의료비의 20%, 보장대상의료비에 건강보험 본인부담률을 곱한 금액 중 큰 금액)을 뺀 금액",,,,,,,,,,실손의료보험 비교공시.xls,,,,상해급여실손의료비,"상해로 인하여 의료기관에 입원 또는 통원(외래 및 처방조제)하여 치료를 받은 경우(자동차보험, 산재보험 처리분 제외)","①입원(입원실료, 입원제비용 입원수술비) 「국민건강보험법」에서 정한 요양급여 또는 「의료급여법」에서 정한 의료급여 중 본인부담금(본인이 실제로 부담한 금액을 말합니다)의 80%에 해당하는 금액②통원(외래제비용, 외래수술비, 처방조제비) 통원 1회당(외래 및 처방조제 합산) ‘「국민건강보험법」에서 정한 요양급여 또는 「의료급여법」에서 정한 의료급여 중 본인부담금’에서 약관에서 정한 공제금액(병·의원 1만원, 종합·상급병원 2만원, 보장대상의료비의 20%, 보장대상의료비에 건강보험 본인부담률을 곱한 금액 중 큰 금액)을 뺀 금액",,,,,,,,,,,,,,,,
,,,상해비중증비급여실손의료비,"상해로 인하여 의료기관에 입원 또는 통원(외래 및 처방조제)하여 산정특례 대상 질환 외 치료를 받은 경우(비급여 자기공명영상진단은 제외)자동차보험, 산재보험 처리분 제외)","①입원(입원실료,입원제비용 입원수술비) ‘비급여 의료비(비급여 병실료는 제외합니다)’(본인이 실제로 부담한 금액을 말합니다)의 50%에 해당하는 금액(다만, 「의료법」 제3조제2항에 의한 의료기관(동법 제3조의3에 의한 종합병원은 제외)에서 발생한 비급여 의료비는 1회당 300만원을 한도로 합니다.)②상급병실료 차액 비급여 병실료의 50%(다만, 1일 평균금액 10만원 한도)※1일 평균금액 : 입원기간 동안 비급여 병실료 전체를 총 입원일수로 나누어 산출한 금액③통원(외래제비용, 외래수술비, 처방조제비) 통원 1일당(외래 및 처방조제 합산)‘비급여의료비(비급여 병실료는 제외합니다)’(본인이 실제로 부담한 금액을 말합니다)에서 약관에서 정한 공제금액(5만원과 보장대상 의료비의 50% 중 큰 금액)을 뺀 금액(매년 계약 해당일부터 1년간 통원 100일 한도)",,,,,,,,,,실손의료보험 비교공시.xls,,,,상해비중증비급여실손의료비,"상해로 인하여 의료기관에 입원 또는 통원(외래 및 처방조제)하여 산정특례 대상 질환 외 치료를 받은 경우(비급여 자기공명영상진단은 제외)자동차보험, 산재보험 처리분 제외)","①입원(입원실료,입원제비용 입원수술비) ‘비급여 의료비(비급여 병실료는 제외합니다)’(본인이 실제로 부담한 금액을 말합니다)의 50%에 해당하는 금액(다만, 「의료법」 제3조제2항에 의한 의료기관(동법 제3조의3에 의한 종합병원은 제외)에서 발생한 비급여 의료비는 1회당 300만원을 한도로 합니다.)②상급병실료 차액 비급여 병실료의 50%(다만, 1일 평균금액 10만원 한도)※1일 평균금액 : 입원기간 동안 비급여 병실료 전체를 총 입원일수로 나누어 산출한 금액③통원(외래제비용, 외래수술비, 처방조제비) 통원 1일당(외래 및 처방조제 합산)‘비급여의료비(비급여 병실료는 제외합니다)’(본인이 실제로 부담한 금액을 말합니다)에서 약관에서 정한 공제금액(5만원과 보장대상 의료비의 50% 중 큰 금액)을 뺀 금액(매년 계약 해당일부터 1년간 통원 100일 한도)",,,,,,,,,,,,,,,,
,,,상해중증비급여실손의료비,"상해로 인하여 의료기관에 입원 또는 통원(외래 및 처방조제)하여 산정특례 대상 질환에 대한 치료를 받은 경우(3대비급여 제외)(자동차보험, 산재보험 처리분 제외)","①입원(입원실료,입원제비용 입원수술비) ‘비급여 의료비(비급여 병실료는 제외합니다)’(본인이 실제로 부담한 금액을 말합니다)의 70%에 해당하는 금액②상급병실료 차액 비급여 병실료의 50%(단, 1일 평균금액 10만원 한도)※1일 평균금액 : 입원기간 동안 비급여 병실료 전체를 총 입원일수로 나누어 산출한 금액③통원(외래제비용, 외래수술비, 처방조제비) 통원 1회당(외래 및 처방조제 합산)‘비급여 의료비(비급여 병실료는 제외합니다)’(본인이 실제로 부담한 금액을 말합니다)에서 약관에서 정한 공제금액(3만원과 보장대상의료비의 30% 중 큰 금액)을 뺀 금액 (매년 계약해당일부터 1년간 통원 100회 한도)",,,,,,,,,,실손의료보험 비교공시.xls,,,,상해중증비급여실손의료비,"상해로 인하여 의료기관에 입원 또는 통원(외래 및 처방조제)하여 산정특례 대상 질환에 대한 치료를 받은 경우(3대비급여 제외)(자동차보험, 산재보험 처리분 제외)","①입원(입원실료,입원제비용 입원수술비) ‘비급여 의료비(비급여 병실료는 제외합니다)’(본인이 실제로 부담한 금액을 말합니다)의 70%에 해당하는 금액②상급병실료 차액 비급여 병실료의 50%(단, 1일 평균금액 10만원 한도)※1일 평균금액 : 입원기간 동안 비급여 병실료 전체를 총 입원일수로 나누어 산출한 금액③통원(외래제비용, 외래수술비, 처방조제비) 통원 1회당(외래 및 처방조제 합산)‘비급여 의료비(비급여 병실료는 제외합니다)’(본인이 실제로 부담한 금액을 말합니다)에서 약관에서 정한 공제금액(3만원과 보장대상의료비의 30% 중 큰 금액)을 뺀 금액 (매년 계약해당일부터 1년간 통원 100회 한도)",,,,,,,,,,,,,,,,
,,,중증3대비급여실손의료비,상해 또는 질병의 치료목적으로 의료기관에 입원 또는 통원하여 산정특례 대상 질환에 대한 비급여 의료행위로 치료를 받은 경우,"①근골격계 이학요법치료·체외충격파치료 “근골격계이학요법치료·체외충격파치료”로 인하여 본인이 실제로 부담한 비급여의료비(행위료, 약제비, 치료재료대 포함)에서 약관에서 정한 공제금액(1회당 3만원과 보장대상 의료비의 30% 중 큰 금액)을 차감한 금액(계약일 또는 매년 계약해당일부터 1년 단위로 각 상해·질병 치료행위를 합산하여 350만원 이내에서 50회까지 보상)②주사료 주사치료를 받아 본인이 실제로 부담한 비급여의료비에서 약관에서 정한 공제금액(1회당 3만원과 보장대상 의료비의 30% 중 큰 금액)을 차감한 금액계약일 또는 매년 계약해당일부터 1년 단위로 각 상해·질병 치료행위를 합산하여 250만원 이내에서 50회까지 보상③자기공명영상진단 자기공명영상진단을 받아 본인이 실제로 부담한 비급여의료비(조영제, 판독료 포함)에서 약관에서 정한 공제금액(1회당 3만원과 보장대상 의료비의 30% 중 큰 금액)을 차감한 금액계약일 또는 매년 계약해당일부터 1년 단위로 각 상해·질병 치료행위를 합산하여 300만원 이내에서 보상",,,,,,,,,,실손의료보험 비교공시.xls,,,,중증3대비급여실손의료비,상해 또는 질병의 치료목적으로 의료기관에 입원 또는 통원하여 산정특례 대상 질환에 대한 비급여 의료행위로 치료를 받은 경우,"①근골격계 이학요법치료·체외충격파치료 “근골격계이학요법치료·체외충격파치료”로 인하여 본인이 실제로 부담한 비급여의료비(행위료, 약제비, 치료재료대 포함)에서 약관에서 정한 공제금액(1회당 3만원과 보장대상 의료비의 30% 중 큰 금액)을 차감한 금액(계약일 또는 매년 계약해당일부터 1년 단위로 각 상해·질병 치료행위를 합산하여 350만원 이내에서 50회까지 보상)②주사료 주사치료를 받아 본인이 실제로 부담한 비급여의료비에서 약관에서 정한 공제금액(1회당 3만원과 보장대상 의료비의 30% 중 큰 금액)을 차감한 금액계약일 또는 매년 계약해당일부터 1년 단위로 각 상해·질병 치료행위를 합산하여 250만원 이내에서 50회까지 보상③자기공명영상진단 자기공명영상진단을 받아 본인이 실제로 부담한 비급여의료비(조영제, 판독료 포함)에서 약관에서 정한 공제금액(1회당 3만원과 보장대상 의료비의 30% 중 큰 금액)을 차감한 금액계약일 또는 매년 계약해당일부터 1년 단위로 각 상해·질병 치료행위를 합산하여 300만원 이내에서 보상",,,,,,,,,,,,,,,,
,,,질병급여실손의료비,질병으로 의료기관에 입원 또는 통원(외래 및 처방조제)하여 치료를 받은 경우(산재보험 처리분 제외),"①입원(입원실료, 입원제비용 입원수술비) 「국민건강보험법」에서 정한 요양급여 또는 「의료급여법」에서 정한 의료급여 중 본인부담금(본인이 실제로 부담한 금액을 말합니다)의 80%에 해당하는 금액②통원(외래제비용, 외래수술비, 처방조제비) 통원 1회당(외래 및 처방조제 합산) ‘「국민건강보험법」에서 정한 요양급여 또는 「의료급여법」에서 정한 의료급여 중 본인부담금’에서 약관에서 정한 공제금액(병·의원 1만원, 종합·상급병원 2만원, 보장대상의료비의 20%, 보장대상의료비에 건강보험 본인부담률을 곱한 금액 중 큰 금액)을 뺀 금액",,,,,,,,,,실손의료보험 비교공시.xls,,,,질병급여실손의료비,질병으로 의료기관에 입원 또는 통원(외래 및 처방조제)하여 치료를 받은 경우(산재보험 처리분 제외),"①입원(입원실료, 입원제비용 입원수술비) 「국민건강보험법」에서 정한 요양급여 또는 「의료급여법」에서 정한 의료급여 중 본인부담금(본인이 실제로 부담한 금액을 말합니다)의 80%에 해당하는 금액②통원(외래제비용, 외래수술비, 처방조제비) 통원 1회당(외래 및 처방조제 합산) ‘「국민건강보험법」에서 정한 요양급여 또는 「의료급여법」에서 정한 의료급여 중 본인부담금’에서 약관에서 정한 공제금액(병·의원 1만원, 종합·상급병원 2만원, 보장대상의료비의 20%, 보장대상의료비에 건강보험 본인부담률을 곱한 금액 중 큰 금액)을 뺀 금액",,,,,,,,,,,,,,,,
,,,질병비중증비급여실손의료비,질병으로 의료기관에 입원 또는 통원(외래 및 처방조제)하여 산정특례 대상 질환 외 치료를 받은 경우(비급여 자기공명영상진단은 제외)(산재보험 처리분 제외),"①입원(입원실료,입원제비용 입원수술비) ‘비급여 의료비(비급여 병실료는 제외합니다)’(본인이 실제로 부담한 금액을 말합니다)의 50%에 해당하는 금액(다만, 「의료법」 제3조제2항에 의한 의료기관(동법 제3조의3에 의한 종합병원은 제외)에서 발생한 비급여 의료비는 1회당 300만원을 한도로 합니다.)②상급병실료 차액 비급여 병실료의 50%(다만, 1일 평균금액 10만원 한도)※1일 평균금액 : 입원기간 동안 비급여 병실료 전체를 총 입원일수로 나누어 산출한 금액③통원(외래제비용, 외래수술비, 처방조제비) 통원 1일당(외래 및 처방조제 합산)‘비급여의료비(비급여 병실료는 제외합니다)’(본인이 실제로 부담한 금액을 말합니다)에서 약관에서 정한 공제금액(5만원과 보장대상의료비의 50% 중 큰 금액)을 뺀 금액(매년 계약 해당일부터 1년간 통원 100일 한도)",,,,,,,,,,실손의료보험 비교공시.xls,,,,질병비중증비급여실손의료비,질병으로 의료기관에 입원 또는 통원(외래 및 처방조제)하여 산정특례 대상 질환 외 치료를 받은 경우(비급여 자기공명영상진단은 제외)(산재보험 처리분 제외),"①입원(입원실료,입원제비용 입원수술비) ‘비급여 의료비(비급여 병실료는 제외합니다)’(본인이 실제로 부담한 금액을 말합니다)의 50%에 해당하는 금액(다만, 「의료법」 제3조제2항에 의한 의료기관(동법 제3조의3에 의한 종합병원은 제외)에서 발생한 비급여 의료비는 1회당 300만원을 한도로 합니다.)②상급병실료 차액 비급여 병실료의 50%(다만, 1일 평균금액 10만원 한도)※1일 평균금액 : 입원기간 동안 비급여 병실료 전체를 총 입원일수로 나누어 산출한 금액③통원(외래제비용, 외래수술비, 처방조제비) 통원 1일당(외래 및 처방조제 합산)‘비급여의료비(비급여 병실료는 제외합니다)’(본인이 실제로 부담한 금액을 말합니다)에서 약관에서 정한 공제금액(5만원과 보장대상의료비의 50% 중 큰 금액)을 뺀 금액(매년 계약 해당일부터 1년간 통원 100일 한도)",,,,,,,,,,,,,,,,
,,,질병중증비급여실손의료비,질병으로 의료기관에 입원 또는 통원(외래 및 처방조제)하여 산정특례 대상 질환에 대한 치료를 받은 경우(3대비급여 제외)(산재보험 처리분 제외),"①입원(입원실료,입원제비용 입원수술비) ‘비급여 의료비(비급여 병실료는 제외합니다)’(본인이 실제로 부담한 금액을 말합니다)의 70%에 해당하는 금액②상급병실료 차액 비급여 병실료의 50%(단, 1일 평균금액 10만원 한도)※1일 평균금액 : 입원기간 동안 비급여 병실료 전체를 총 입원일수로 나누어 산출한 금액③통원(외래제비용, 외래수술비, 처방조제비) 통원 1회당(외래 및 처방조제 합산)‘비급여 의료비(비급여 병실료는 제외합니다)’(본인이 실제로 부담한 금액을 말합니다)에서 약관에서 정한 공제금액(3만원과 보장대상의료비의 30% 중 큰 금액)을 뺀 금액 (매년 계약해당일부터 1년간 통원 100회 한도)",,,,,,,,,,실손의료보험 비교공시.xls,,,,질병중증비급여실손의료비,질병으로 의료기관에 입원 또는 통원(외래 및 처방조제)하여 산정특례 대상 질환에 대한 치료를 받은 경우(3대비급여 제외)(산재보험 처리분 제외),"①입원(입원실료,입원제비용 입원수술비) ‘비급여 의료비(비급여 병실료는 제외합니다)’(본인이 실제로 부담한 금액을 말합니다)의 70%에 해당하는 금액②상급병실료 차액 비급여 병실료의 50%(단, 1일 평균금액 10만원 한도)※1일 평균금액 : 입원기간 동안 비급여 병실료 전체를 총 입원일수로 나누어 산출한 금액③통원(외래제비용, 외래수술비, 처방조제비) 통원 1회당(외래 및 처방조제 합산)‘비급여 의료비(비급여 병실료는 제외합니다)’(본인이 실제로 부담한 금액을 말합니다)에서 약관에서 정한 공제금액(3만원과 보장대상의료비의 30% 중 큰 금액)을 뺀 금액 (매년 계약해당일부터 1년간 통원 100회 한도)",,,,,,,,,,,,,,,,
KB손보,KB손보 다이렉트실손의료비보장보험(무배당)(26.05),KB손보 다이렉트실손의료비보장보험(무배당)(26.05),5세대 비중증 비급여 자기공명영상진단 실손의료비【갱신계약】,보험기간 중 상해 또는 질병의 치료목적으로 의료기관에 입원 또는 통원하여 산정특례대상질환이 아닌 질환으로 인한 비급여 치료를 위해 자기공명영상진단을 받은 경우에 보상,· 5만원과 보장대상의료비의 50% 중 큰 금액,"14,411","18,451",105.8,,,,,,,실손의료보험 비교공시.xls,,KB손보,KB손보 다이렉트실손의료비보장보험(무배당)(26.05),5세대 비중증 비급여 자기공명영상진단 실손의료비【갱신계약】,보험기간 중 상해 또는 질병의 치료목적으로 의료기관에 입원 또는 통원하여 산정특례대상질환이 아닌 질환으로 인한 비급여 치료를 위해 자기공명영상진단을 받은 경우에 보상,· 5만원과 보장대상의료비의 50% 중 큰 금액,"14,411","18,451",105.8,105.8,,,,,,,,,,,,
,,,5세대 비중증 상해비급여 실손의료비【갱신계약】,보험기간 중 상해로 인하여 의료기관에 입원 또는 통원하여 산정특례대상질환이 아닌 질환으로 인한 비급여 치료를 받거나 비급여 처방조제를 받은 경우에 보상(비급여 자기공명영상진단 제외),"· 입원(입원실료, 입원제비용, 입원수술비) : 보장대상의료비의 50%에 해당하는 금액· 상급병실료 차액 : 비급여 병실료의 50%에 해당하는 금액· 통원(외래제비용, 외래수술비, 처방조제비) : 5만원과 보장대상의료비의 50% 중 큰 금액",,,,,,,,,,실손의료보험 비교공시.xls,,,,5세대 비중증 상해비급여 실손의료비【갱신계약】,보험기간 중 상해로 인하여 의료기관에 입원 또는 통원하여 산정특례대상질환이 아닌 질환으로 인한 비급여 치료를 받거나 비급여 처방조제를 받은 경우에 보상(비급여 자기공명영상진단 제외),"· 입원(입원실료, 입원제비용, 입원수술비) : 보장대상의료비의 50%에 해당하는 금액· 상급병실료 차액 : 비급여 병실료의 50%에 해당하는 금액· 통원(외래제비용, 외래수술비, 처방조제비) : 5만원과 보장대상의료비의 50% 중 큰 금액",,,,,,,,,,,,,,,,
,,,5세대 비중증 질병비급여 실손의료비【갱신계약】,보험기간 중 질병으로 인하여 의료기관에 입원 또는 통원하여 산정특례대상질환이 아닌 질환으로 인한 비급여 치료를 받거나 비급여 처방조제를 받은 경우에 보상(비급여 자기공명영상진단 제외),,,,,,,,,,,실손의료보험 비교공시.xls,,,,5세대 비중증 질병비급여 실손의료비【갱신계약】,보험기간 중 질병으로 인하여 의료기관에 입원 또는 통원하여 산정특례대상질환이 아닌 질환으로 인한 비급여 치료를 받거나 비급여 처방조제를 받은 경우에 보상(비급여 자기공명영상진단 제외),,,,,,,,,,,,,,,,,
,,,5세대 상해급여 실손의료비【갱신계약】,보험기간 중 상해로 인하여 병원에 입원 또는 통원하여 급여 치료를 받거나 급여 처방조제를 받은 경우 보상,"· 입원(입원실료, 입원제비용, 입원수술비) : 보장대상의료비의 20%에 해당하는 금액· 통원(외래제비용, 외래수술비, 처방조제비)  : 병원별 공제금액(1~2만원), 보장대상의료비의 20%, 보장대상의료비에 건강보험 본인부담률을 곱한 금액 중 큰 금액",,,,,,,,,,실손의료보험 비교공시.xls,,,,5세대 상해급여 실손의료비【갱신계약】,보험기간 중 상해로 인하여 병원에 입원 또는 통원하여 급여 치료를 받거나 급여 처방조제를 받은 경우 보상,"· 입원(입원실료, 입원제비용, 입원수술비) : 보장대상의료비의 20%에 해당하는 금액· 통원(외래제비용, 외래수술비, 처방조제비)  : 병원별 공제금액(1~2만원), 보장대상의료비의 20%, 보장대상의료비에 건강보험 본인부담률을 곱한 금액 중 큰 금액",,,,,,,,,,,,,,,,
,,,5세대 중증 3대비급여 실손의료비【갱신계약】,보험기간 중 상해 또는 질병의 치료목적으로 의료기관에 입원 또는 통원하여 산정특례대상질환으로 인한 3대비급여 치료를 받은 경우에 보상,· 근골격계 이학요법치료·체외충격파치료 : 3만원과 보장대상의료비의 30% 중 큰 금액· 주사료 : 3만원과 보장대상의료비의 30% 중 큰 금액· 자기공명영상진단 : 3만원과 보장대상의료비의 30% 중 큰 금액,,,,,,,,,,실손의료보험 비교공시.xls,,,,5세대 중증 3대비급여 실손의료비【갱신계약】,보험기간 중 상해 또는 질병의 치료목적으로 의료기관에 입원 또는 통원하여 산정특례대상질환으로 인한 3대비급여 치료를 받은 경우에 보상,· 근골격계 이학요법치료·체외충격파치료 : 3만원과 보장대상의료비의 30% 중 큰 금액· 주사료 : 3만원과 보장대상의료비의 30% 중 큰 금액· 자기공명영상진단 : 3만원과 보장대상의료비의 30% 중 큰 금액,,,,,,,,,,,,,,,,
,,,5세대 중증 상해비급여 실손의료비【갱신계약】,보험기간 중 상해로 인하여 의료기관에 입원 또는 통원하여 산정특례대상질환으로 인한 비급여 치료를 받거나 비급여 처방조제를 받은 경우에 보상(3대 비급여 제외),"· 입원(입원실료, 입원제비용, 입원수술비) : 보장대상의료비의 30%에 해당하는 금액· 상급병실료 차액 : 비급여 병실료의 50%에 해당하는 금액· 통원(외래제비용, 외래수술비, 처방조제비) : 3만원과 보장대상의료비의 30% 중 큰 금액",,,,,,,,,,실손의료보험 비교공시.xls,,,,5세대 중증 상해비급여 실손의료비【갱신계약】,보험기간 중 상해로 인하여 의료기관에 입원 또는 통원하여 산정특례대상질환으로 인한 비급여 치료를 받거나 비급여 처방조제를 받은 경우에 보상(3대 비급여 제외),"· 입원(입원실료, 입원제비용, 입원수술비) : 보장대상의료비의 30%에 해당하는 금액· 상급병실료 차액 : 비급여 병실료의 50%에 해당하는 금액· 통원(외래제비용, 외래수술비, 처방조제비) : 3만원과 보장대상의료비의 30% 중 큰 금액",,,,,,,,,,,,,,,,
,,,5세대 중증 질병비급여 실손의료비【갱신계약】,보험기간 중 질병으로 인하여 의료기관에 입원 또는 통원하여 산정특례대상질환으로 인한 비급여 치료를 받거나 비급여 처방조제를 받은 경우에 보상(3대 비급여 제외),,,,,,,,,,,실손의료보험 비교공시.xls,,,,5세대 중증 질병비급여 실손의료비【갱신계약】,보험기간 중 질병으로 인하여 의료기관에 입원 또는 통원하여 산정특례대상질환으로 인한 비급여 치료를 받거나 비급여 처방조제를 받은 경우에 보상(3대 비급여 제외),,,,,,,,,,,,,,,,,
,,,5세대 질병급여 실손의료비【갱신계약】,보험기간 중 질병으로 인하여 병원에 입원 또는 통원하여 급여 치료를 받거나 급여 처방조제를 받은 경우 보상,"· 입원(입원실료, 입원제비용, 입원수술비) : 보장대상의료비의 20%에 해당하는 금액· 통원(외래제비용, 외래수술비, 처방조제비)  : 병원별 공제금액(1~2만원), 보장대상의료비의 20%, 보장대상의료비에 건강보험 본인부담률을 곱한 금액 중 큰 금액",,,,,,,,,,실손의료보험 비교공시.xls,,,,5세대 질병급여 실손의료비【갱신계약】,보험기간 중 질병으로 인하여 병원에 입원 또는 통원하여 급여 치료를 받거나 급여 처방조제를 받은 경우 보상,"· 입원(입원실료, 입원제비용, 입원수술비) : 보장대상의료비의 20%에 해당하는 금액· 통원(외래제비용, 외래수술비, 처방조제비)  : 병원별 공제금액(1~2만원), 보장대상의료비의 20%, 보장대상의료비에 건강보험 본인부담률을 곱한 금액 중 큰 금액",,,,,,,,,,,,,,,,
KB손보,KB손보 실손의료비보장보험(무배당)(26.05),KB손보 실손의료비보장보험(무배당)(26.05),5세대 비중증 비급여 자기공명영상진단 실손의료비【갱신계약】,보험기간 중 상해 또는 질병의 치료목적으로 의료기관에 입원 또는 통원하여 산정특례대상질환이 아닌 질환으로 인한 비급여 치료를 위해 자기공명영상진단을 받은 경우에 보상,· 5만원과 보장대상의료비의 50% 중 큰 금액,"15,131","19,372",111,,,,,,,실손의료보험 비교공시.xls,,KB손보,KB손보 실손의료비보장보험(무배당)(26.05),5세대 비중증 비급여 자기공명영상진단 실손의료비【갱신계약】,보험기간 중 상해 또는 질병의 치료목적으로 의료기관에 입원 또는 통원하여 산정특례대상질환이 아닌 질환으로 인한 비급여 치료를 위해 자기공명영상진단을 받은 경우에 보상,· 5만원과 보장대상의료비의 50% 중 큰 금액,"15,131","19,372",111,111,,,,,,,,,,,,
,,,5세대 비중증 상해비급여 실손의료비【갱신계약】,보험기간 중 상해로 인하여 의료기관에 입원 또는 통원하여 산정특례대상질환이 아닌 질환으로 인한 비급여 치료를 받거나 비급여 처방조제를 받은 경우에 보상(비급여 자기공명영상진단 제외),"· 입원(입원실료, 입원제비용, 입원수술비) : 보장대상의료비의 50%에 해당하는 금액· 상급병실료 차액 : 비급여 병실료의 50%에 해당하는 금액· 통원(외래제비용, 외래수술비, 처방조제비) : 5만원과 보장대상의료비의 50% 중 큰 금액",,,,,,,,,,실손의료보험 비교공시.xls,,,,5세대 비중증 상해비급여 실손의료비【갱신계약】,보험기간 중 상해로 인하여 의료기관에 입원 또는 통원하여 산정특례대상질환이 아닌 질환으로 인한 비급여 치료를 받거나 비급여 처방조제를 받은 경우에 보상(비급여 자기공명영상진단 제외),"· 입원(입원실료, 입원제비용, 입원수술비) : 보장대상의료비의 50%에 해당하는 금액· 상급병실료 차액 : 비급여 병실료의 50%에 해당하는 금액· 통원(외래제비용, 외래수술비, 처방조제비) : 5만원과 보장대상의료비의 50% 중 큰 금액",,,,,,,,,,,,,,,,
,,,5세대 비중증 질병비급여 실손의료비【갱신계약】,보험기간 중 질병으로 인하여 의료기관에 입원 또는 통원하여 산정특례대상질환이 아닌 질환으로 인한 비급여 치료를 받거나 비급여 처방조제를 받은 경우에 보상(비급여 자기공명영상진단 제외),,,,,,,,,,,실손의료보험 비교공시.xls,,,,5세대 비중증 질병비급여 실손의료비【갱신계약】,보험기간 중 질병으로 인하여 의료기관에 입원 또는 통원하여 산정특례대상질환이 아닌 질환으로 인한 비급여 치료를 받거나 비급여 처방조제를 받은 경우에 보상(비급여 자기공명영상진단 제외),,,,,,,,,,,,,,,,,
,,,5세대 상해급여 실손의료비【갱신계약】,보험기간 중 상해로 인하여 병원에 입원 또는 통원하여 급여 치료를 받거나 급여 처방조제를 받은 경우 보상,"· 입원(입원실료, 입원제비용, 입원수술비) : 보장대상의료비의 20%에 해당하는 금액· 통원(외래제비용, 외래수술비, 처방조제비)  : 병원별 공제금액(1~2만원), 보장대상의료비의 20%, 보장대상의료비에 건강보험 본인부담률을 곱한 금액 중 큰 금액",,,,,,,,,,실손의료보험 비교공시.xls,,,,5세대 상해급여 실손의료비【갱신계약】,보험기간 중 상해로 인하여 병원에 입원 또는 통원하여 급여 치료를 받거나 급여 처방조제를 받은 경우 보상,"· 입원(입원실료, 입원제비용, 입원수술비) : 보장대상의료비의 20%에 해당하는 금액· 통원(외래제비용, 외래수술비, 처방조제비)  : 병원별 공제금액(1~2만원), 보장대상의료비의 20%, 보장대상의료비에 건강보험 본인부담률을 곱한 금액 중 큰 금액",,,,,,,,,,,,,,,,
,,,5세대 중증 3대비급여 실손의료비【갱신계약】,보험기간 중 상해 또는 질병의 치료목적으로 의료기관에 입원 또는 통원하여 산정특례대상질환으로 인한 3대비급여 치료를 받은 경우에 보상,· 근골격계 이학요법치료·체외충격파치료 : 3만원과 보장대상의료비의 30% 중 큰 금액· 주사료 : 3만원과 보장대상의료비의 30% 중 큰 금액· 자기공명영상진단 : 3만원과 보장대상의료비의 30% 중 큰 금액,,,,,,,,,,실손의료보험 비교공시.xls,,,,5세대 중증 3대비급여 실손의료비【갱신계약】,보험기간 중 상해 또는 질병의 치료목적으로 의료기관에 입원 또는 통원하여 산정특례대상질환으로 인한 3대비급여 치료를 받은 경우에 보상,· 근골격계 이학요법치료·체외충격파치료 : 3만원과 보장대상의료비의 30% 중 큰 금액· 주사료 : 3만원과 보장대상의료비의 30% 중 큰 금액· 자기공명영상진단 : 3만원과 보장대상의료비의 30% 중 큰 금액,,,,,,,,,,,,,,,,
,,,5세대 중증 상해비급여 실손의료비【갱신계약】,보험기간 중 상해로 인하여 의료기관에 입원 또는 통원하여 산정특례대상질환으로 인한 비급여 치료를 받거나 비급여 처방조제를 받은 경우에 보상(3대 비급여 제외),"· 입원(입원실료, 입원제비용, 입원수술비) : 보장대상의료비의 30%에 해당하는 금액· 상급병실료 차액 : 비급여 병실료의 50%에 해당하는 금액· 통원(외래제비용, 외래수술비, 처방조제비) : 3만원과 보장대상의료비의 30% 중 큰 금액",,,,,,,,,,실손의료보험 비교공시.xls,,,,5세대 중증 상해비급여 실손의료비【갱신계약】,보험기간 중 상해로 인하여 의료기관에 입원 또는 통원하여 산정특례대상질환으로 인한 비급여 치료를 받거나 비급여 처방조제를 받은 경우에 보상(3대 비급여 제외),"· 입원(입원실료, 입원제비용, 입원수술비) : 보장대상의료비의 30%에 해당하는 금액· 상급병실료 차액 : 비급여 병실료의 50%에 해당하는 금액· 통원(외래제비용, 외래수술비, 처방조제비) : 3만원과 보장대상의료비의 30% 중 큰 금액",,,,,,,,,,,,,,,,
,,,5세대 중증 질병비급여 실손의료비【갱신계약】,보험기간 중 질병으로 인하여 의료기관에 입원 또는 통원하여 산정특례대상질환으로 인한 비급여 치료를 받거나 비급여 처방조제를 받은 경우에 보상(3대 비급여 제외),,,,,,,,,,,실손의료보험 비교공시.xls,,,,5세대 중증 질병비급여 실손의료비【갱신계약】,보험기간 중 질병으로 인하여 의료기관에 입원 또는 통원하여 산정특례대상질환으로 인한 비급여 치료를 받거나 비급여 처방조제를 받은 경우에 보상(3대 비급여 제외),,,,,,,,,,,,,,,,,
,,,5세대 질병급여 실손의료비【갱신계약】,보험기간 중 질병으로 인하여 병원에 입원 또는 통원하여 급여 치료를 받거나 급여 처방조제를 받은 경우 보상,"· 입원(입원실료, 입원제비용, 입원수술비) : 보장대상의료비의 20%에 해당하는 금액· 통원(외래제비용, 외래수술비, 처방조제비)  : 병원별 공제금액(1~2만원), 보장대상의료비의 20%, 보장대상의료비에 건강보험 본인부담률을 곱한 금액 중 큰 금액",,,,,,,,,,실손의료보험 비교공시.xls,,,,5세대 질병급여 실손의료비【갱신계약】,보험기간 중 질병으로 인하여 병원에 입원 또는 통원하여 급여 치료를 받거나 급여 처방조제를 받은 경우 보상,"· 입원(입원실료, 입원제비용, 입원수술비) : 보장대상의료비의 20%에 해당하는 금액· 통원(외래제비용, 외래수술비, 처방조제비)  : 병원별 공제금액(1~2만원), 보장대상의료비의 20%, 보장대상의료비에 건강보험 본인부담률을 곱한 금액 중 큰 금액",,,,,,,,,,,,,,,,
DB손보,(무)실손의료비보험2605(1종),(무)실손의료비보험2605(1종),(기본형)상해급여의료비,"상해로 인하여 의료기관에 입원 또는 통원하여 급여 치료를 받거나, 급여 처방조제를 받은 경우","보험가입금액 한도내 ① 입원(입원실료,입원제비용,입원수술비) : 급여 본인부담금의 80%에 해당하는 금액 ② 통원1회당(외래 및 처방조제 합산) : 급여 본인부담금에서 통원항목별 공제금액*을 차감한 금액  (*통원 항목별 공제금액 : 병원규모별 공제금액(1~2만원)과 보장대상의료비 20%, 보장대상의료비에 건강보험 본인부담률을 곱한 금액 중 큰 금액)","14,845","18,133",116.8,,,,,,,실손의료보험 비교공시.xls,,DB손보,(무)실손의료비보험2605(1종),(기본형)상해급여의료비,"상해로 인하여 의료기관에 입원 또는 통원하여 급여 치료를 받거나, 급여 처방조제를 받은 경우","보험가입금액 한도내 ① 입원(입원실료,입원제비용,입원수술비) : 급여 본인부담금의 80%에 해당하는 금액 ② 통원1회당(외래 및 처방조제 합산) : 급여 본인부담금에서 통원항목별 공제금액*을 차감한 금액  (*통원 항목별 공제금액 : 병원규모별 공제금액(1~2만원)과 보장대상의료비 20%, 보장대상의료비에 건강보험 본인부담률을 곱한 금액 중 큰 금액)","14,845","18,133",116.8,116.8,,,,,,,,,,,,
,,,(기본형)질병급여의료비,"질병으로 인하여 의료기관에 입원 또는 통원하여 급여 치료를 받거나, 급여 처방조제를 받은 경우",,,,,,,,,,,실손의료보험 비교공시.xls,,,,(기본형)질병급여의료비,"질병으로 인하여 의료기관에 입원 또는 통원하여 급여 치료를 받거나, 급여 처방조제를 받은 경우",,,,,,,,,,,,,,,,,
,,,(특별약관1)3대비급여의료비,상해 또는 질병의 치료목적으로 의료기관에 입원 또는 통원하여 산정특례 대상 질환에 대한 3대 비급여 치료를 받은경우,① 근골격계이학요법치료·체외충격파치료 : 연간 350만원 이내에서 50회까지 보상  ② 주사료 : 연간 250만원 이내에서 50회까지 보상 ③ 자기공명영상진단 : 연간 300만원 이내에서 보상 * 각 치료별 공제금액 : 3만원과 보장대상의료비의 30% 중 큰 금액,,,,,,,,,,실손의료보험 비교공시.xls,,,,(특별약관1)3대비급여의료비,상해 또는 질병의 치료목적으로 의료기관에 입원 또는 통원하여 산정특례 대상 질환에 대한 3대 비급여 치료를 받은경우,① 근골격계이학요법치료·체외충격파치료 : 연간 350만원 이내에서 50회까지 보상  ② 주사료 : 연간 250만원 이내에서 50회까지 보상 ③ 자기공명영상진단 : 연간 300만원 이내에서 보상 * 각 치료별 공제금액 : 3만원과 보장대상의료비의 30% 중 큰 금액,,,,,,,,,,,,,,,,
,,,(특별약관1)상해비급여의료비,"상해로 인하여 의료기관에 입원 또는 통원하여 산정특례 대상 질환에 대한 비급여 치료를 받거나, 비급여 처방조제를 받은 경우(3대 비급여 제외)","보험가입금액 한도내 ①입원(입원실료,입원제비용,입원수술비) : 비급여 본인부담금의 70%에 해당하는 금액 ② 상급병실료 차액 : 비급여 병실료의 50% (단,1일 평균금액 10만원을 한도) ③ 통원 1회당(외래 및 처방조제 합산) : 비급여 본인부담금에서 통원항목별 공제금액*을 차감한 금액(매년 계약해당일부터 1년간 통원 100회 한도)  (*통원 항목별 공제금액 : 3만원과 보장대상의료비 30% 중 큰 금액)",,,,,,,,,,실손의료보험 비교공시.xls,,,,(특별약관1)상해비급여의료비,"상해로 인하여 의료기관에 입원 또는 통원하여 산정특례 대상 질환에 대한 비급여 치료를 받거나, 비급여 처방조제를 받은 경우(3대 비급여 제외)","보험가입금액 한도내 ①입원(입원실료,입원제비용,입원수술비) : 비급여 본인부담금의 70%에 해당하는 금액 ② 상급병실료 차액 : 비급여 병실료의 50% (단,1일 평균금액 10만원을 한도) ③ 통원 1회당(외래 및 처방조제 합산) : 비급여 본인부담금에서 통원항목별 공제금액*을 차감한 금액(매년 계약해당일부터 1년간 통원 100회 한도)  (*통원 항목별 공제금액 : 3만원과 보장대상의료비 30% 중 큰 금액)",,,,,,,,,,,,,,,,
,,,(특별약관1)질병비급여의료비,"질병으로 인하여 의료기관에 입원 또는 통원하여 산정특례 대상 질환에 대한 비급여 치료를 받거나, 비급여 처방조제를 받은 경우(3대 비급여 제외)",,,,,,,,,,,실손의료보험 비교공시.xls,,,,(특별약관1)질병비급여의료비,"질병으로 인하여 의료기관에 입원 또는 통원하여 산정특례 대상 질환에 대한 비급여 치료를 받거나, 비급여 처방조제를 받은 경우(3대 비급여 제외)",,,,,,,,,,,,,,,,,
,,,(특별약관2)비급여자기공명영상진단의료비,산정특례 대상 질환 외 상해 또는 질병의 치료목적으로 의료기관에 입원 또는 통원하여 자기공명영상진단을 받은 경우,연간 200만원 이내에서 보상 * 각 치료별 공제금액 : 5만원과 보장대상의료비의 50% 중 큰 금액,,,,,,,,,,실손의료보험 비교공시.xls,,,,(특별약관2)비급여자기공명영상진단의료비,산정특례 대상 질환 외 상해 또는 질병의 치료목적으로 의료기관에 입원 또는 통원하여 자기공명영상진단을 받은 경우,연간 200만원 이내에서 보상 * 각 치료별 공제금액 : 5만원과 보장대상의료비의 50% 중 큰 금액,,,,,,,,,,,,,,,,
,,,(특별약관2)상해비급여의료비,"상해로 인하여 의료기관에 입원 또는 통원하여 산정특례 대상 질환 외 비급여 치료를 받거나, 비급여 처방조제를 받은 경우(비급여자기공명영상진단 제외)","보험가입금액 한도내 ①입원(입원실료,입원제비용,입원수술비) : 비급여 본인부담금의 50%에 해당하는 금액 ② 상급병실료 차액 : 비급여 병실료의 50% (단,1일 평균금액 10만원을 한도) ③ 통원 1일당(외래 및 처방조제 합산) : 비급여 본인부담금에서 통원항목별 공제금액*을 차감한 금액(매년 계약해당일부터 1년간 통원 100일 한도)  (*통원 항목별 공제금액 : 5만원과 보장대상의료비 50% 중 큰 금액)",,,,,,,,,,실손의료보험 비교공시.xls,,,,(특별약관2)상해비급여의료비,"상해로 인하여 의료기관에 입원 또는 통원하여 산정특례 대상 질환 외 비급여 치료를 받거나, 비급여 처방조제를 받은 경우(비급여자기공명영상진단 제외)","보험가입금액 한도내 ①입원(입원실료,입원제비용,입원수술비) : 비급여 본인부담금의 50%에 해당하는 금액 ② 상급병실료 차액 : 비급여 병실료의 50% (단,1일 평균금액 10만원을 한도) ③ 통원 1일당(외래 및 처방조제 합산) : 비급여 본인부담금에서 통원항목별 공제금액*을 차감한 금액(매년 계약해당일부터 1년간 통원 100일 한도)  (*통원 항목별 공제금액 : 5만원과 보장대상의료비 50% 중 큰 금액)",,,,,,,,,,,,,,,,
,,,(특별약관2)질병비급여의료비,"질병으로 인하여 의료기관에 입원 또는 통원하여 산정특례 대상 질환 외 비급여 치료를 받거나, 비급여 처방조제를 받은 경우(비급여자기공명영상진단 제외)",,,,,,,,,,,실손의료보험 비교공시.xls,,,,(특별약관2)질병비급여의료비,"질병으로 인하여 의료기관에 입원 또는 통원하여 산정특례 대상 질환 외 비급여 치료를 받거나, 비급여 처방조제를 받은 경우(비급여자기공명영상진단 제외)",,,,,,,,,,,,,,,,,
DB손보,(무)실손의료비보험2605(2종),(무)실손의료비보험2605(2종),(기본형)상해급여의료비,"상해로 인하여 의료기관에 입원 또는 통원하여 급여 치료를 받거나, 급여 처방조제를 받은 경우","보험가입금액 한도내 ① 입원(입원실료,입원제비용,입원수술비) : 급여 본인부담금의 80%에 해당하는 금액 ② 통원1회당(외래 및 처방조제 합산) : 급여 본인부담금에서 통원항목별 공제금액*을 차감한 금액  (*통원 항목별 공제금액 : 병원규모별 공제금액(1~2만원)과 보장대상의료비 20%, 보장대상의료비에 건강보험 본인부담률을 곱한 금액 중 큰 금액)","14,106","17,230",111,,,,,,,실손의료보험 비교공시.xls,,DB손보,(무)실손의료비보험2605(2종),(기본형)상해급여의료비,"상해로 인하여 의료기관에 입원 또는 통원하여 급여 치료를 받거나, 급여 처방조제를 받은 경우","보험가입금액 한도내 ① 입원(입원실료,입원제비용,입원수술비) : 급여 본인부담금의 80%에 해당하는 금액 ② 통원1회당(외래 및 처방조제 합산) : 급여 본인부담금에서 통원항목별 공제금액*을 차감한 금액  (*통원 항목별 공제금액 : 병원규모별 공제금액(1~2만원)과 보장대상의료비 20%, 보장대상의료비에 건강보험 본인부담률을 곱한 금액 중 큰 금액)","14,106","17,230",111,111,,,,,,,,,,,,
,,,(기본형)질병급여의료비,"질병으로 인하여 의료기관에 입원 또는 통원하여 급여 치료를 받거나, 급여 처방조제를 받은 경우",,,,,,,,,,,실손의료보험 비교공시.xls,,,,(기본형)질병급여의료비,"질병으로 인하여 의료기관에 입원 또는 통원하여 급여 치료를 받거나, 급여 처방조제를 받은 경우",,,,,,,,,,,,,,,,,
,,,(특별약관1)3대비급여의료비,상해 또는 질병의 치료목적으로 의료기관에 입원 또는 통원하여 산정특례 대상 질환에 대한 3대 비급여 치료를 받은경우,① 근골격계이학요법치료·체외충격파치료 : 연간 350만원 이내에서 50회까지 보상  ② 주사료 : 연간 250만원 이내에서 50회까지 보상 ③ 자기공명영상진단 : 연간 300만원 이내에서 보상 * 각 치료별 공제금액 : 3만원과 보장대상의료비의 30% 중 큰 금액,,,,,,,,,,실손의료보험 비교공시.xls,,,,(특별약관1)3대비급여의료비,상해 또는 질병의 치료목적으로 의료기관에 입원 또는 통원하여 산정특례 대상 질환에 대한 3대 비급여 치료를 받은경우,① 근골격계이학요법치료·체외충격파치료 : 연간 350만원 이내에서 50회까지 보상  ② 주사료 : 연간 250만원 이내에서 50회까지 보상 ③ 자기공명영상진단 : 연간 300만원 이내에서 보상 * 각 치료별 공제금액 : 3만원과 보장대상의료비의 30% 중 큰 금액,,,,,,,,,,,,,,,,
,,,(특별약관1)상해비급여의료비,"상해로 인하여 의료기관에 입원 또는 통원하여 산정특례 대상 질환에 대한 비급여 치료를 받거나, 비급여 처방조제를 받은 경우(3대 비급여 제외)","보험가입금액 한도내 ①입원(입원실료,입원제비용,입원수술비) : 비급여 본인부담금의 70%에 해당하는 금액 ② 상급병실료 차액 : 비급여 병실료의 50% (단,1일 평균금액 10만원을 한도) ③ 통원 1회당(외래 및 처방조제 합산) : 비급여 본인부담금에서 통원항목별 공제금액*을 차감한 금액(매년 계약해당일부터 1년간 통원 100회 한도)  (*통원 항목별 공제금액 : 3만원과 보장대상의료비 30% 중 큰 금액)",,,,,,,,,,실손의료보험 비교공시.xls,,,,(특별약관1)상해비급여의료비,"상해로 인하여 의료기관에 입원 또는 통원하여 산정특례 대상 질환에 대한 비급여 치료를 받거나, 비급여 처방조제를 받은 경우(3대 비급여 제외)","보험가입금액 한도내 ①입원(입원실료,입원제비용,입원수술비) : 비급여 본인부담금의 70%에 해당하는 금액 ② 상급병실료 차액 : 비급여 병실료의 50% (단,1일 평균금액 10만원을 한도) ③ 통원 1회당(외래 및 처방조제 합산) : 비급여 본인부담금에서 통원항목별 공제금액*을 차감한 금액(매년 계약해당일부터 1년간 통원 100회 한도)  (*통원 항목별 공제금액 : 3만원과 보장대상의료비 30% 중 큰 금액)",,,,,,,,,,,,,,,,
,,,(특별약관1)질병비급여의료비,"질병으로 인하여 의료기관에 입원 또는 통원하여 산정특례 대상 질환에 대한 비급여 치료를 받거나, 비급여 처방조제를 받은 경우(3대 비급여 제외)",,,,,,,,,,,실손의료보험 비교공시.xls,,,,(특별약관1)질병비급여의료비,"질병으로 인하여 의료기관에 입원 또는 통원하여 산정특례 대상 질환에 대한 비급여 치료를 받거나, 비급여 처방조제를 받은 경우(3대 비급여 제외)",,,,,,,,,,,,,,,,,
,,,(특별약관2)비급여자기공명영상진단의료비,산정특례 대상 질환 외 상해 또는 질병의 치료목적으로 의료기관에 입원 또는 통원하여 자기공명영상진단을 받은 경우,연간 200만원 이내에서 보상 * 각 치료별 공제금액 : 5만원과 보장대상의료비의 50% 중 큰 금액,,,,,,,,,,실손의료보험 비교공시.xls,,,,(특별약관2)비급여자기공명영상진단의료비,산정특례 대상 질환 외 상해 또는 질병의 치료목적으로 의료기관에 입원 또는 통원하여 자기공명영상진단을 받은 경우,연간 200만원 이내에서 보상 * 각 치료별 공제금액 : 5만원과 보장대상의료비의 50% 중 큰 금액,,,,,,,,,,,,,,,,
,,,(특별약관2)상해비급여의료비,"상해로 인하여 의료기관에 입원 또는 통원하여 산정특례 대상 질환 외 비급여 치료를 받거나, 비급여 처방조제를 받은 경우(비급여자기공명영상진단 제외)","보험가입금액 한도내 ①입원(입원실료,입원제비용,입원수술비) : 비급여 본인부담금의 50%에 해당하는 금액 ② 상급병실료 차액 : 비급여 병실료의 50% (단,1일 평균금액 10만원을 한도) ③ 통원 1일당(외래 및 처방조제 합산) : 비급여 본인부담금에서 통원항목별 공제금액*을 차감한 금액(매년 계약해당일부터 1년간 통원 100일 한도)  (*통원 항목별 공제금액 : 5만원과 보장대상의료비 50% 중 큰 금액)",,,,,,,,,,실손의료보험 비교공시.xls,,,,(특별약관2)상해비급여의료비,"상해로 인하여 의료기관에 입원 또는 통원하여 산정특례 대상 질환 외 비급여 치료를 받거나, 비급여 처방조제를 받은 경우(비급여자기공명영상진단 제외)","보험가입금액 한도내 ①입원(입원실료,입원제비용,입원수술비) : 비급여 본인부담금의 50%에 해당하는 금액 ② 상급병실료 차액 : 비급여 병실료의 50% (단,1일 평균금액 10만원을 한도) ③ 통원 1일당(외래 및 처방조제 합산) : 비급여 본인부담금에서 통원항목별 공제금액*을 차감한 금액(매년 계약해당일부터 1년간 통원 100일 한도)  (*통원 항목별 공제금액 : 5만원과 보장대상의료비 50% 중 큰 금액)",,,,,,,,,,,,,,,,
,,,(특별약관2)질병비급여의료비,"질병으로 인하여 의료기관에 입원 또는 통원하여 산정특례 대상 질환 외 비급여 치료를 받거나, 비급여 처방조제를 받은 경우(비급여자기공명영상진단 제외)",,,,,,,,,,,실손의료보험 비교공시.xls,,,,(특별약관2)질병비급여의료비,"질병으로 인하여 의료기관에 입원 또는 통원하여 산정특례 대상 질환 외 비급여 치료를 받거나, 비급여 처방조제를 받은 경우(비급여자기공명영상진단 제외)",,,,,,,,,,,,,,,,,
DB손보,(무)다이렉트 실손의료비보험2605(CM),(무)다이렉트 실손의료비보험2605(CM),(기본형)상해급여의료비,"상해로 인하여 의료기관에 입원 또는 통원하여 급여 치료를 받거나, 급여 처방조제를 받은 경우","보험가입금액 한도내 ① 입원(입원실료,입원제비용,입원수술비) : 급여 본인부담금의 80%에 해당하는 금액 ② 통원1회당(외래 및 처방조제 합산) : 급여 본인부담금에서 통원항목별 공제금액*을 차감한 금액  (*통원 항목별 공제금액 : 병원규모별 공제금액(1~2만원)과 보장대상의료비 20%, 보장대상의료비에 건강보험 본인부담률을 곱한 금액 중 큰 금액)","14,012","17,116",110.2,,,,,,,실손의료보험 비교공시.xls,,DB손보,(무)다이렉트 실손의료비보험2605(CM),(기본형)상해급여의료비,"상해로 인하여 의료기관에 입원 또는 통원하여 급여 치료를 받거나, 급여 처방조제를 받은 경우","보험가입금액 한도내 ① 입원(입원실료,입원제비용,입원수술비) : 급여 본인부담금의 80%에 해당하는 금액 ② 통원1회당(외래 및 처방조제 합산) : 급여 본인부담금에서 통원항목별 공제금액*을 차감한 금액  (*통원 항목별 공제금액 : 병원규모별 공제금액(1~2만원)과 보장대상의료비 20%, 보장대상의료비에 건강보험 본인부담률을 곱한 금액 중 큰 금액)","14,012","17,116",110.2,110.2,,,,,,,,,,,,
,,,(기본형)질병급여의료비,"질병으로 인하여 의료기관에 입원 또는 통원하여 급여 치료를 받거나, 급여 처방조제를 받은 경우",,,,,,,,,,,실손의료보험 비교공시.xls,,,,(기본형)질병급여의료비,"질병으로 인하여 의료기관에 입원 또는 통원하여 급여 치료를 받거나, 급여 처방조제를 받은 경우",,,,,,,,,,,,,,,,,
,,,(특별약관1)3대비급여의료비,상해 또는 질병의 치료목적으로 의료기관에 입원 또는 통원하여 산정특례 대상 질환에 대한 3대 비급여 치료를 받은경우,① 근골격계이학요법치료·체외충격파치료 : 연간 350만원 이내에서 50회까지 보상  ② 주사료 : 연간 250만원 이내에서 50회까지 보상 ③ 자기공명영상진단 : 연간 300만원 이내에서 보상 * 각 치료별 공제금액 : 3만원과 보장대상의료비의 30% 중 큰 금액,,,,,,,,,,실손의료보험 비교공시.xls,,,,(특별약관1)3대비급여의료비,상해 또는 질병의 치료목적으로 의료기관에 입원 또는 통원하여 산정특례 대상 질환에 대한 3대 비급여 치료를 받은경우,① 근골격계이학요법치료·체외충격파치료 : 연간 350만원 이내에서 50회까지 보상  ② 주사료 : 연간 250만원 이내에서 50회까지 보상 ③ 자기공명영상진단 : 연간 300만원 이내에서 보상 * 각 치료별 공제금액 : 3만원과 보장대상의료비의 30% 중 큰 금액,,,,,,,,,,,,,,,,
,,,(특별약관1)상해비급여의료비,"상해로 인하여 의료기관에 입원 또는 통원하여 산정특례 대상 질환에 대한 비급여 치료를 받거나, 비급여 처방조제를 받은 경우(3대 비급여 제외)","보험가입금액 한도내 ①입원(입원실료,입원제비용,입원수술비) : 비급여 본인부담금의 70%에 해당하는 금액 ② 상급병실료 차액 : 비급여 병실료의 50% (단,1일 평균금액 10만원을 한도) ③ 통원 1회당(외래 및 처방조제 합산) : 비급여 본인부담금에서 통원항목별 공제금액*을 차감한 금액(매년 계약해당일부터 1년간 통원 100회 한도)  (*통원 항목별 공제금액 : 3만원과 보장대상의료비 30% 중 큰 금액)",,,,,,,,,,실손의료보험 비교공시.xls,,,,(특별약관1)상해비급여의료비,"상해로 인하여 의료기관에 입원 또는 통원하여 산정특례 대상 질환에 대한 비급여 치료를 받거나, 비급여 처방조제를 받은 경우(3대 비급여 제외)","보험가입금액 한도내 ①입원(입원실료,입원제비용,입원수술비) : 비급여 본인부담금의 70%에 해당하는 금액 ② 상급병실료 차액 : 비급여 병실료의 50% (단,1일 평균금액 10만원을 한도) ③ 통원 1회당(외래 및 처방조제 합산) : 비급여 본인부담금에서 통원항목별 공제금액*을 차감한 금액(매년 계약해당일부터 1년간 통원 100회 한도)  (*통원 항목별 공제금액 : 3만원과 보장대상의료비 30% 중 큰 금액)",,,,,,,,,,,,,,,,
,,,(특별약관1)질병비급여의료비,"질병으로 인하여 의료기관에 입원 또는 통원하여 산정특례 대상 질환에 대한 비급여 치료를 받거나, 비급여 처방조제를 받은 경우(3대 비급여 제외)",,,,,,,,,,,실손의료보험 비교공시.xls,,,,(특별약관1)질병비급여의료비,"질병으로 인하여 의료기관에 입원 또는 통원하여 산정특례 대상 질환에 대한 비급여 치료를 받거나, 비급여 처방조제를 받은 경우(3대 비급여 제외)",,,,,,,,,,,,,,,,,
,,,(특별약관2)비급여자기공명영상진단의료비,산정특례 대상 질환 외 상해 또는 질병의 치료목적으로 의료기관에 입원 또는 통원하여 자기공명영상진단을 받은 경우,연간 200만원 이내에서 보상 * 각 치료별 공제금액 : 5만원과 보장대상의료비의 50% 중 큰 금액,,,,,,,,,,실손의료보험 비교공시.xls,,,,(특별약관2)비급여자기공명영상진단의료비,산정특례 대상 질환 외 상해 또는 질병의 치료목적으로 의료기관에 입원 또는 통원하여 자기공명영상진단을 받은 경우,연간 200만원 이내에서 보상 * 각 치료별 공제금액 : 5만원과 보장대상의료비의 50% 중 큰 금액,,,,,,,,,,,,,,,,
,,,(특별약관2)상해비급여의료비,"상해로 인하여 의료기관에 입원 또는 통원하여 산정특례 대상 질환 외 비급여 치료를 받거나, 비급여 처방조제를 받은 경우(비급여자기공명영상진단 제외)","보험가입금액 한도내 ①입원(입원실료,입원제비용,입원수술비) : 비급여 본인부담금의 50%에 해당하는 금액 ② 상급병실료 차액 : 비급여 병실료의 50% (단,1일 평균금액 10만원을 한도) ③ 통원 1일당(외래 및 처방조제 합산) : 비급여 본인부담금에서 통원항목별 공제금액*을 차감한 금액(매년 계약해당일부터 1년간 통원 100일 한도)  (*통원 항목별 공제금액 : 5만원과 보장대상의료비 50% 중 큰 금액)",,,,,,,,,,실손의료보험 비교공시.xls,,,,(특별약관2)상해비급여의료비,"상해로 인하여 의료기관에 입원 또는 통원하여 산정특례 대상 질환 외 비급여 치료를 받거나, 비급여 처방조제를 받은 경우(비급여자기공명영상진단 제외)","보험가입금액 한도내 ①입원(입원실료,입원제비용,입원수술비) : 비급여 본인부담금의 50%에 해당하는 금액 ② 상급병실료 차액 : 비급여 병실료의 50% (단,1일 평균금액 10만원을 한도) ③ 통원 1일당(외래 및 처방조제 합산) : 비급여 본인부담금에서 통원항목별 공제금액*을 차감한 금액(매년 계약해당일부터 1년간 통원 100일 한도)  (*통원 항목별 공제금액 : 5만원과 보장대상의료비 50% 중 큰 금액)",,,,,,,,,,,,,,,,
,,,(특별약관2)질병비급여의료비,"질병으로 인하여 의료기관에 입원 또는 통원하여 산정특례 대상 질환 외 비급여 치료를 받거나, 비급여 처방조제를 받은 경우(비급여자기공명영상진단 제외)",,,,,,,,,,,실손의료보험 비교공시.xls,,,,(특별약관2)질병비급여의료비,"질병으로 인하여 의료기관에 입원 또는 통원하여 산정특례 대상 질환 외 비급여 치료를 받거나, 비급여 처방조제를 받은 경우(비급여자기공명영상진단 제외)",,,,,,,,,,,,,,,,,
농협손보,(무) 헤아림실손의료비보험2605,(무) 헤아림실손의료비보험2605,비중증비급여자기공명영상진단,"산정특례 대상 질환 외 상해 또는 질병의 치료목적으로 의료기관에 입원 또는 통원하여 비급여 자기공명영상진단을 받은 경우 ※ 공제금액 : 1회당 5만원과 보상대상의료비의 50% 중 큰 금액 - 자기공명영상진단을 받아 본인이 실제로 부담한 비급여의료비(조영제, 판독료 포함)",가입금액 한도,"11,636","12,004",92.7,,,,,,,실손의료보험 비교공시.xls,,농협손보,(무) 헤아림실손의료비보험2605,비중증비급여자기공명영상진단,"산정특례 대상 질환 외 상해 또는 질병의 치료목적으로 의료기관에 입원 또는 통원하여 비급여 자기공명영상진단을 받은 경우 ※ 공제금액 : 1회당 5만원과 보상대상의료비의 50% 중 큰 금액 - 자기공명영상진단을 받아 본인이 실제로 부담한 비급여의료비(조영제, 판독료 포함)",가입금액 한도,"11,636","12,004",92.7,92.8,,,,,,,,,,,,
농협손보,(무)헤아림다이렉트실손의료비보험2605,(무)헤아림다이렉트실손의료비보험2605,비중증비급여자기공명영상진단,"산정특례 대상 질환 외 상해 또는 질병의 치료목적으로 의료기관에 입원 또는 통원하여 비급여 자기공명영상진단을 받은 경우 ※ 공제금액 : 1회당 5만원과 보상대상의료비의 50% 중 큰 금액 - 자기공명영상진단을 받아 본인이 실제로 부담한 비급여의료비(조영제, 판독료 포함)",가입금액 한도,"11,171","11,525",88.9,,,,,,,실손의료보험 비교공시.xls,,농협손보,(무)헤아림다이렉트실손의료비보험2605,비중증비급여자기공명영상진단,"산정특례 대상 질환 외 상해 또는 질병의 치료목적으로 의료기관에 입원 또는 통원하여 비급여 자기공명영상진단을 받은 경우 ※ 공제금액 : 1회당 5만원과 보상대상의료비의 50% 중 큰 금액 - 자기공명영상진단을 받아 본인이 실제로 부담한 비급여의료비(조영제, 판독료 포함)",가입금액 한도,"11,171","11,525",88.9,88.9,,,,,,,,,,,,
한화생명,한화생명 기본형 급여 실손의료비보장보험(갱신형) 무배당,주계약,상해급여,피보험자가 상해로 의료기관에 입원 또는 통원하여 급여 치료 또는 급여 처방조제를 받은 때,"입·통원 합산 연간 5천만원 한도 (단, 통원은 회당 20만원 한도)",1003  원,629  원,2.25 %,,,,,,,실손의료보험_상품비교_20260608162243713.xls,한화생명,한화생명 기본형 급여 실손의료비보장보험(갱신형) 무배당,주계약,상해급여,피보험자가 상해로 의료기관에 입원 또는 통원하여 급여 치료 또는 급여 처방조제를 받은 때,"입·통원 합산 연간 5천만원 한도 (단, 통원은 회당 20만원 한도)",1003  원,629  원,2.25 %,101.5 %,101.6 %,-,-,-,-,,갱신형,비유니버셜,대면채널,2026-05-06,"1. 가입나이(최초계약) : 0세 ~ 49세 2. 보험기간 및 납입기간 : 1년만기, 전기납 3. 1년갱신, 보장내용 변경주기 : 5년 4. 재가입 종료 나이 : 100세 5. 상해급여형, 질병급여형, [특별약관1(중증 비급여)상해비급여형], [특별약관1(중증 비급여)질병비급여형], [특별약관1(중증 비급여)]3대비급여형]  [특별약관2(비중증 비급여)상해비급여형], [특별약관2(비중증 비급여)질병비급여형], [특별약관2(비중증 비급여)]3대비급여형] 이 있습니다. 6. 보험가격지수 기준 : 40세, 비위험직, 1년만기, 1년납, 월납, 최초계약, 비중증 비급여 요율상대도(보험료 할인ㆍ할증) 미적용)  ㆍ상해급여 입ㆍ통원 합산 연간 5,000만원 한도(단, 통원 회당 20만원 한도)  ㆍ질병급여 입ㆍ통원 합산 연간 5,000만원 한도(단, 통원 회당 20만원 한도)  ㆍ중증 비급여특약 상해비급여 입ㆍ통원 합산 연간 5,000만원 한도(단, 통원 회당 20만원(연간 100회) 한도)  ㆍ중증 비급여특약 질병비급여 입ㆍ통원 합산 연간 5,000만원 한도(단, 통원 회당 20만원(연간 100회) 한도)  ㆍ중증 비급여특약 3대비급여  - 근골격계 이학요법치료ㆍ체외충격파치료 연간 350만원(50회 한도)  - 주사료 연간 250만원(50회 한도)  - 자기공명영상진단(MRI/MRA) 연간 300만원  ㆍ비중증 비급여특약 상해비급여 입ㆍ통원 합산 연간 1,000만원 한도(단, 통원 일당 20만원(연간 100일) 한도, (상급)종합병원 外 병·의원 입원은 회당 300만원 한도)  ㆍ비중증 비급여특약 질병비급여 입ㆍ통원 합산 연간 1,000만원 한도(단, 통원 일당 20만원(연간 100일) 한도, (상급)종합병원 外 병·의원 입원은 회당 300만원 한도)  ㆍ비중증 비급여특약 자기공명영상진단(MRI/MRA) 연간 200만원 7. 보험료 기준 : 40세, 월납, 최초계약, 비위험직, 비중증 비급여 요율상대도(보험료 할인·할증 미적용)  [기본형(주계약)] 상해급여/질병급여형 입·통원 합산 연간 5천만원(단, 통원 회당 20만원 한도)  [특별약관1(중증 비급여)]상해비급여/질병비급여형 입·통원 합산 연간 5천만원(단, 통원 회당 20만원,연간100회 한도)  [특별약관1(중증 비급여)]3대비급여형 근골격계 이학요법치료·체외충격파치료 연감 350만원(50회) 한도 / 주사료 연간 250만원(50회) 한도 / 자기공명영상진단 연간 300만원 한도  [특별약관2(비중증 비급여)]상해비급여/질병비급여형 입·통원 합산 연간 5천만원(단, 통원은 일당 20만원, 연간 100일 한도, (상급)종합병원 外병·의원 입원은 회당 300만원 한도)  [특별약관2(비중증 비급여)]3대비급여형 비급여 자기공명영상진단 연간 200만원 한도 8. 특약 기준 : 지정특약의 담보가 주계약보험료에 포함 ※ 이 상품은 1년만기 순수보장형상품으로 중도에 해지하더라도 해약환급금이 발생하지 않습니다.",1588-6363
한화생명,한화생명 기본형 급여 실손의료비보장보험(갱신형) 무배당,주계약,질병급여,피보험자가 질병으로 의료기관에 입원 또는 통원하여 급여 치료 또는 급여 처방조제를 받은 때,"입·통원 합산 연간 5천만원 한도 (단, 통원은 회당 20만원 한도)",5733  원,"5,733  원",2.25 %,,,,,,,실손의료보험_상품비교_20260608162243713.xls,한화생명,한화생명 기본형 급여 실손의료비보장보험(갱신형) 무배당,주계약,질병급여,피보험자가 질병으로 의료기관에 입원 또는 통원하여 급여 치료 또는 급여 처방조제를 받은 때,"입·통원 합산 연간 5천만원 한도 (단, 통원은 회당 20만원 한도)",5733  원,"5,733  원",2.25 %,101.5 %,101.6 %,-,-,-,-,,갱신형,비유니버셜,대면채널,2026-05-06,"1. 가입나이(최초계약) : 0세 ~ 49세 2. 보험기간 및 납입기간 : 1년만기, 전기납 3. 1년갱신, 보장내용 변경주기 : 5년 4. 재가입 종료 나이 : 100세 5. 상해급여형, 질병급여형, [특별약관1(중증 비급여)상해비급여형], [특별약관1(중증 비급여)질병비급여형], [특별약관1(중증 비급여)]3대비급여형]  [특별약관2(비중증 비급여)상해비급여형], [특별약관2(비중증 비급여)질병비급여형], [특별약관2(비중증 비급여)]3대비급여형] 이 있습니다. 6. 보험가격지수 기준 : 40세, 비위험직, 1년만기, 1년납, 월납, 최초계약, 비중증 비급여 요율상대도(보험료 할인ㆍ할증) 미적용)  ㆍ상해급여 입ㆍ통원 합산 연간 5,000만원 한도(단, 통원 회당 20만원 한도)  ㆍ질병급여 입ㆍ통원 합산 연간 5,000만원 한도(단, 통원 회당 20만원 한도)  ㆍ중증 비급여특약 상해비급여 입ㆍ통원 합산 연간 5,000만원 한도(단, 통원 회당 20만원(연간 100회) 한도)  ㆍ중증 비급여특약 질병비급여 입ㆍ통원 합산 연간 5,000만원 한도(단, 통원 회당 20만원(연간 100회) 한도)  ㆍ중증 비급여특약 3대비급여  - 근골격계 이학요법치료ㆍ체외충격파치료 연간 350만원(50회 한도)  - 주사료 연간 250만원(50회 한도)  - 자기공명영상진단(MRI/MRA) 연간 300만원  ㆍ비중증 비급여특약 상해비급여 입ㆍ통원 합산 연간 1,000만원 한도(단, 통원 일당 20만원(연간 100일) 한도, (상급)종합병원 外 병·의원 입원은 회당 300만원 한도)  ㆍ비중증 비급여특약 질병비급여 입ㆍ통원 합산 연간 1,000만원 한도(단, 통원 일당 20만원(연간 100일) 한도, (상급)종합병원 外 병·의원 입원은 회당 300만원 한도)  ㆍ비중증 비급여특약 자기공명영상진단(MRI/MRA) 연간 200만원 7. 보험료 기준 : 40세, 월납, 최초계약, 비위험직, 비중증 비급여 요율상대도(보험료 할인·할증 미적용)  [기본형(주계약)] 상해급여/질병급여형 입·통원 합산 연간 5천만원(단, 통원 회당 20만원 한도)  [특별약관1(중증 비급여)]상해비급여/질병비급여형 입·통원 합산 연간 5천만원(단, 통원 회당 20만원,연간100회 한도)  [특별약관1(중증 비급여)]3대비급여형 근골격계 이학요법치료·체외충격파치료 연감 350만원(50회) 한도 / 주사료 연간 250만원(50회) 한도 / 자기공명영상진단 연간 300만원 한도  [특별약관2(비중증 비급여)]상해비급여/질병비급여형 입·통원 합산 연간 5천만원(단, 통원은 일당 20만원, 연간 100일 한도, (상급)종합병원 外병·의원 입원은 회당 300만원 한도)  [특별약관2(비중증 비급여)]3대비급여형 비급여 자기공명영상진단 연간 200만원 한도 8. 특약 기준 : 지정특약의 담보가 주계약보험료에 포함 ※ 이 상품은 1년만기 순수보장형상품으로 중도에 해지하더라도 해약환급금이 발생하지 않습니다.",1588-6363
한화생명,한화생명 기본형 급여 실손의료비보장보험(갱신형) 무배당,특약,[특별약관1(중증 비급여)]실손의료비보장특약 상해 비급여,피보험자가 상해로 인하여 의료기관에 입원 또는 통원하여 산정특례대상질환으로 인한 비급여 치료를 받거나 산정특례대상질환으로 인한 비급여 처방조제를 받은 경우에 보상 (3대비급여 제외),용어해설참조,12  원,4  원,2.25 %,,,,,,,실손의료보험_상품비교_20260608162243713.xls,한화생명,한화생명 기본형 급여 실손의료비보장보험(갱신형) 무배당,특약,[특별약관1(중증 비급여)]실손의료비보장특약 상해 비급여,피보험자가 상해로 인하여 의료기관에 입원 또는 통원하여 산정특례대상질환으로 인한 비급여 치료를 받거나 산정특례대상질환으로 인한 비급여 처방조제를 받은 경우에 보상 (3대비급여 제외),용어해설참조,12  원,4  원,2.25 %,101.5 %,101.6 %,-,-,-,-,,갱신형,비유니버셜,대면채널,2026-05-06,"1. 가입나이(최초계약) : 0세 ~ 49세 2. 보험기간 및 납입기간 : 1년만기, 전기납 3. 1년갱신, 보장내용 변경주기 : 5년 4. 재가입 종료 나이 : 100세 5. 상해급여형, 질병급여형, [특별약관1(중증 비급여)상해비급여형], [특별약관1(중증 비급여)질병비급여형], [특별약관1(중증 비급여)]3대비급여형]  [특별약관2(비중증 비급여)상해비급여형], [특별약관2(비중증 비급여)질병비급여형], [특별약관2(비중증 비급여)]3대비급여형] 이 있습니다. 6. 보험가격지수 기준 : 40세, 비위험직, 1년만기, 1년납, 월납, 최초계약, 비중증 비급여 요율상대도(보험료 할인ㆍ할증) 미적용)  ㆍ상해급여 입ㆍ통원 합산 연간 5,000만원 한도(단, 통원 회당 20만원 한도)  ㆍ질병급여 입ㆍ통원 합산 연간 5,000만원 한도(단, 통원 회당 20만원 한도)  ㆍ중증 비급여특약 상해비급여 입ㆍ통원 합산 연간 5,000만원 한도(단, 통원 회당 20만원(연간 100회) 한도)  ㆍ중증 비급여특약 질병비급여 입ㆍ통원 합산 연간 5,000만원 한도(단, 통원 회당 20만원(연간 100회) 한도)  ㆍ중증 비급여특약 3대비급여  - 근골격계 이학요법치료ㆍ체외충격파치료 연간 350만원(50회 한도)  - 주사료 연간 250만원(50회 한도)  - 자기공명영상진단(MRI/MRA) 연간 300만원  ㆍ비중증 비급여특약 상해비급여 입ㆍ통원 합산 연간 1,000만원 한도(단, 통원 일당 20만원(연간 100일) 한도, (상급)종합병원 外 병·의원 입원은 회당 300만원 한도)  ㆍ비중증 비급여특약 질병비급여 입ㆍ통원 합산 연간 1,000만원 한도(단, 통원 일당 20만원(연간 100일) 한도, (상급)종합병원 外 병·의원 입원은 회당 300만원 한도)  ㆍ비중증 비급여특약 자기공명영상진단(MRI/MRA) 연간 200만원 7. 보험료 기준 : 40세, 월납, 최초계약, 비위험직, 비중증 비급여 요율상대도(보험료 할인·할증 미적용)  [기본형(주계약)] 상해급여/질병급여형 입·통원 합산 연간 5천만원(단, 통원 회당 20만원 한도)  [특별약관1(중증 비급여)]상해비급여/질병비급여형 입·통원 합산 연간 5천만원(단, 통원 회당 20만원,연간100회 한도)  [특별약관1(중증 비급여)]3대비급여형 근골격계 이학요법치료·체외충격파치료 연감 350만원(50회) 한도 / 주사료 연간 250만원(50회) 한도 / 자기공명영상진단 연간 300만원 한도  [특별약관2(비중증 비급여)]상해비급여/질병비급여형 입·통원 합산 연간 5천만원(단, 통원은 일당 20만원, 연간 100일 한도, (상급)종합병원 外병·의원 입원은 회당 300만원 한도)  [특별약관2(비중증 비급여)]3대비급여형 비급여 자기공명영상진단 연간 200만원 한도 8. 특약 기준 : 지정특약의 담보가 주계약보험료에 포함 ※ 이 상품은 1년만기 순수보장형상품으로 중도에 해지하더라도 해약환급금이 발생하지 않습니다.",1588-6363
한화생명,한화생명 기본형 급여 실손의료비보장보험(갱신형) 무배당,특약,[특별약관1(중증 비급여)]실손의료비보장특약 질병 비급여,피보험자가 질병으로 인하여 의료기관에 입원 또는 통원하여 산정특례대상질환으로 인한 비급여 치료를 받거나 산정특례대상질환으로 인한 비급여 처방조제를 받은 경우에 보상 (3대비급여 제외),용어해설참조,379  원,611  원,2.25 %,,,,,,,실손의료보험_상품비교_20260608162243713.xls,한화생명,한화생명 기본형 급여 실손의료비보장보험(갱신형) 무배당,특약,[특별약관1(중증 비급여)]실손의료비보장특약 질병 비급여,피보험자가 질병으로 인하여 의료기관에 입원 또는 통원하여 산정특례대상질환으로 인한 비급여 치료를 받거나 산정특례대상질환으로 인한 비급여 처방조제를 받은 경우에 보상 (3대비급여 제외),용어해설참조,379  원,611  원,2.25 %,101.5 %,101.6 %,-,-,-,-,,갱신형,비유니버셜,대면채널,2026-05-06,"1. 가입나이(최초계약) : 0세 ~ 49세 2. 보험기간 및 납입기간 : 1년만기, 전기납 3. 1년갱신, 보장내용 변경주기 : 5년 4. 재가입 종료 나이 : 100세 5. 상해급여형, 질병급여형, [특별약관1(중증 비급여)상해비급여형], [특별약관1(중증 비급여)질병비급여형], [특별약관1(중증 비급여)]3대비급여형]  [특별약관2(비중증 비급여)상해비급여형], [특별약관2(비중증 비급여)질병비급여형], [특별약관2(비중증 비급여)]3대비급여형] 이 있습니다. 6. 보험가격지수 기준 : 40세, 비위험직, 1년만기, 1년납, 월납, 최초계약, 비중증 비급여 요율상대도(보험료 할인ㆍ할증) 미적용)  ㆍ상해급여 입ㆍ통원 합산 연간 5,000만원 한도(단, 통원 회당 20만원 한도)  ㆍ질병급여 입ㆍ통원 합산 연간 5,000만원 한도(단, 통원 회당 20만원 한도)  ㆍ중증 비급여특약 상해비급여 입ㆍ통원 합산 연간 5,000만원 한도(단, 통원 회당 20만원(연간 100회) 한도)  ㆍ중증 비급여특약 질병비급여 입ㆍ통원 합산 연간 5,000만원 한도(단, 통원 회당 20만원(연간 100회) 한도)  ㆍ중증 비급여특약 3대비급여  - 근골격계 이학요법치료ㆍ체외충격파치료 연간 350만원(50회 한도)  - 주사료 연간 250만원(50회 한도)  - 자기공명영상진단(MRI/MRA) 연간 300만원  ㆍ비중증 비급여특약 상해비급여 입ㆍ통원 합산 연간 1,000만원 한도(단, 통원 일당 20만원(연간 100일) 한도, (상급)종합병원 外 병·의원 입원은 회당 300만원 한도)  ㆍ비중증 비급여특약 질병비급여 입ㆍ통원 합산 연간 1,000만원 한도(단, 통원 일당 20만원(연간 100일) 한도, (상급)종합병원 外 병·의원 입원은 회당 300만원 한도)  ㆍ비중증 비급여특약 자기공명영상진단(MRI/MRA) 연간 200만원 7. 보험료 기준 : 40세, 월납, 최초계약, 비위험직, 비중증 비급여 요율상대도(보험료 할인·할증 미적용)  [기본형(주계약)] 상해급여/질병급여형 입·통원 합산 연간 5천만원(단, 통원 회당 20만원 한도)  [특별약관1(중증 비급여)]상해비급여/질병비급여형 입·통원 합산 연간 5천만원(단, 통원 회당 20만원,연간100회 한도)  [특별약관1(중증 비급여)]3대비급여형 근골격계 이학요법치료·체외충격파치료 연감 350만원(50회) 한도 / 주사료 연간 250만원(50회) 한도 / 자기공명영상진단 연간 300만원 한도  [특별약관2(비중증 비급여)]상해비급여/질병비급여형 입·통원 합산 연간 5천만원(단, 통원은 일당 20만원, 연간 100일 한도, (상급)종합병원 外병·의원 입원은 회당 300만원 한도)  [특별약관2(비중증 비급여)]3대비급여형 비급여 자기공명영상진단 연간 200만원 한도 8. 특약 기준 : 지정특약의 담보가 주계약보험료에 포함 ※ 이 상품은 1년만기 순수보장형상품으로 중도에 해지하더라도 해약환급금이 발생하지 않습니다.",1588-6363
한화생명,한화생명 기본형 급여 실손의료비보장보험(갱신형) 무배당,특약,[특별약관1(중증 비급여)] 실손의료비보장특약 3대 비급여 근골격계 이학요법치료·체외충격파치료/주사료/자기공명영상진단),피보험자가 상해 또는 질병의 치료목적으로 의료기관에 입원 또는 통원하여 산정특례대상질환으로 인한 3대비급여 치료를 받은 경우에 보상,용어해설참조,25  원,101  원,2.25 %,,,,,,,실손의료보험_상품비교_20260608162243713.xls,한화생명,한화생명 기본형 급여 실손의료비보장보험(갱신형) 무배당,특약,[특별약관1(중증 비급여)] 실손의료비보장특약 3대 비급여 근골격계 이학요법치료·체외충격파치료/주사료/자기공명영상진단),피보험자가 상해 또는 질병의 치료목적으로 의료기관에 입원 또는 통원하여 산정특례대상질환으로 인한 3대비급여 치료를 받은 경우에 보상,용어해설참조,25  원,101  원,2.25 %,101.5 %,101.6 %,-,-,-,-,,갱신형,비유니버셜,대면채널,2026-05-06,"1. 가입나이(최초계약) : 0세 ~ 49세 2. 보험기간 및 납입기간 : 1년만기, 전기납 3. 1년갱신, 보장내용 변경주기 : 5년 4. 재가입 종료 나이 : 100세 5. 상해급여형, 질병급여형, [특별약관1(중증 비급여)상해비급여형], [특별약관1(중증 비급여)질병비급여형], [특별약관1(중증 비급여)]3대비급여형]  [특별약관2(비중증 비급여)상해비급여형], [특별약관2(비중증 비급여)질병비급여형], [특별약관2(비중증 비급여)]3대비급여형] 이 있습니다. 6. 보험가격지수 기준 : 40세, 비위험직, 1년만기, 1년납, 월납, 최초계약, 비중증 비급여 요율상대도(보험료 할인ㆍ할증) 미적용)  ㆍ상해급여 입ㆍ통원 합산 연간 5,000만원 한도(단, 통원 회당 20만원 한도)  ㆍ질병급여 입ㆍ통원 합산 연간 5,000만원 한도(단, 통원 회당 20만원 한도)  ㆍ중증 비급여특약 상해비급여 입ㆍ통원 합산 연간 5,000만원 한도(단, 통원 회당 20만원(연간 100회) 한도)  ㆍ중증 비급여특약 질병비급여 입ㆍ통원 합산 연간 5,000만원 한도(단, 통원 회당 20만원(연간 100회) 한도)  ㆍ중증 비급여특약 3대비급여  - 근골격계 이학요법치료ㆍ체외충격파치료 연간 350만원(50회 한도)  - 주사료 연간 250만원(50회 한도)  - 자기공명영상진단(MRI/MRA) 연간 300만원  ㆍ비중증 비급여특약 상해비급여 입ㆍ통원 합산 연간 1,000만원 한도(단, 통원 일당 20만원(연간 100일) 한도, (상급)종합병원 外 병·의원 입원은 회당 300만원 한도)  ㆍ비중증 비급여특약 질병비급여 입ㆍ통원 합산 연간 1,000만원 한도(단, 통원 일당 20만원(연간 100일) 한도, (상급)종합병원 外 병·의원 입원은 회당 300만원 한도)  ㆍ비중증 비급여특약 자기공명영상진단(MRI/MRA) 연간 200만원 7. 보험료 기준 : 40세, 월납, 최초계약, 비위험직, 비중증 비급여 요율상대도(보험료 할인·할증 미적용)  [기본형(주계약)] 상해급여/질병급여형 입·통원 합산 연간 5천만원(단, 통원 회당 20만원 한도)  [특별약관1(중증 비급여)]상해비급여/질병비급여형 입·통원 합산 연간 5천만원(단, 통원 회당 20만원,연간100회 한도)  [특별약관1(중증 비급여)]3대비급여형 근골격계 이학요법치료·체외충격파치료 연감 350만원(50회) 한도 / 주사료 연간 250만원(50회) 한도 / 자기공명영상진단 연간 300만원 한도  [특별약관2(비중증 비급여)]상해비급여/질병비급여형 입·통원 합산 연간 5천만원(단, 통원은 일당 20만원, 연간 100일 한도, (상급)종합병원 外병·의원 입원은 회당 300만원 한도)  [특별약관2(비중증 비급여)]3대비급여형 비급여 자기공명영상진단 연간 200만원 한도 8. 특약 기준 : 지정특약의 담보가 주계약보험료에 포함 ※ 이 상품은 1년만기 순수보장형상품으로 중도에 해지하더라도 해약환급금이 발생하지 않습니다.",1588-6363
한화생명,한화생명 기본형 급여 실손의료비보장보험(갱신형) 무배당,특약,[특별약관2(비중증 비급여)]실손의료비보장특약 상해 비급여,피보험자가 상해로 인하여 의료기관에 입원 또는 통원하여 산정특례대상질환이 아닌 질환으로 인한 비급여 치료를 받거나 산정특례대상질환이 아닌 질환으로 인한 비급여 치료조제를 받은 경우에 보상(비급여 자기공명영상진단 제외),용어해설참조,640  원,298  원,2.25 %,,,,,,,실손의료보험_상품비교_20260608162243713.xls,한화생명,한화생명 기본형 급여 실손의료비보장보험(갱신형) 무배당,특약,[특별약관2(비중증 비급여)]실손의료비보장특약 상해 비급여,피보험자가 상해로 인하여 의료기관에 입원 또는 통원하여 산정특례대상질환이 아닌 질환으로 인한 비급여 치료를 받거나 산정특례대상질환이 아닌 질환으로 인한 비급여 치료조제를 받은 경우에 보상(비급여 자기공명영상진단 제외),용어해설참조,640  원,298  원,2.25 %,101.5 %,101.6 %,-,-,-,-,,갱신형,비유니버셜,대면채널,2026-05-06,"1. 가입나이(최초계약) : 0세 ~ 49세 2. 보험기간 및 납입기간 : 1년만기, 전기납 3. 1년갱신, 보장내용 변경주기 : 5년 4. 재가입 종료 나이 : 100세 5. 상해급여형, 질병급여형, [특별약관1(중증 비급여)상해비급여형], [특별약관1(중증 비급여)질병비급여형], [특별약관1(중증 비급여)]3대비급여형]  [특별약관2(비중증 비급여)상해비급여형], [특별약관2(비중증 비급여)질병비급여형], [특별약관2(비중증 비급여)]3대비급여형] 이 있습니다. 6. 보험가격지수 기준 : 40세, 비위험직, 1년만기, 1년납, 월납, 최초계약, 비중증 비급여 요율상대도(보험료 할인ㆍ할증) 미적용)  ㆍ상해급여 입ㆍ통원 합산 연간 5,000만원 한도(단, 통원 회당 20만원 한도)  ㆍ질병급여 입ㆍ통원 합산 연간 5,000만원 한도(단, 통원 회당 20만원 한도)  ㆍ중증 비급여특약 상해비급여 입ㆍ통원 합산 연간 5,000만원 한도(단, 통원 회당 20만원(연간 100회) 한도)  ㆍ중증 비급여특약 질병비급여 입ㆍ통원 합산 연간 5,000만원 한도(단, 통원 회당 20만원(연간 100회) 한도)  ㆍ중증 비급여특약 3대비급여  - 근골격계 이학요법치료ㆍ체외충격파치료 연간 350만원(50회 한도)  - 주사료 연간 250만원(50회 한도)  - 자기공명영상진단(MRI/MRA) 연간 300만원  ㆍ비중증 비급여특약 상해비급여 입ㆍ통원 합산 연간 1,000만원 한도(단, 통원 일당 20만원(연간 100일) 한도, (상급)종합병원 外 병·의원 입원은 회당 300만원 한도)  ㆍ비중증 비급여특약 질병비급여 입ㆍ통원 합산 연간 1,000만원 한도(단, 통원 일당 20만원(연간 100일) 한도, (상급)종합병원 外 병·의원 입원은 회당 300만원 한도)  ㆍ비중증 비급여특약 자기공명영상진단(MRI/MRA) 연간 200만원 7. 보험료 기준 : 40세, 월납, 최초계약, 비위험직, 비중증 비급여 요율상대도(보험료 할인·할증 미적용)  [기본형(주계약)] 상해급여/질병급여형 입·통원 합산 연간 5천만원(단, 통원 회당 20만원 한도)  [특별약관1(중증 비급여)]상해비급여/질병비급여형 입·통원 합산 연간 5천만원(단, 통원 회당 20만원,연간100회 한도)  [특별약관1(중증 비급여)]3대비급여형 근골격계 이학요법치료·체외충격파치료 연감 350만원(50회) 한도 / 주사료 연간 250만원(50회) 한도 / 자기공명영상진단 연간 300만원 한도  [특별약관2(비중증 비급여)]상해비급여/질병비급여형 입·통원 합산 연간 5천만원(단, 통원은 일당 20만원, 연간 100일 한도, (상급)종합병원 外병·의원 입원은 회당 300만원 한도)  [특별약관2(비중증 비급여)]3대비급여형 비급여 자기공명영상진단 연간 200만원 한도 8. 특약 기준 : 지정특약의 담보가 주계약보험료에 포함 ※ 이 상품은 1년만기 순수보장형상품으로 중도에 해지하더라도 해약환급금이 발생하지 않습니다.",1588-6363
한화생명,한화생명 기본형 급여 실손의료비보장보험(갱신형) 무배당,특약,[특별약관2(비중증 비급여)]실손의료비보장특약 질병 비급여,피보험자가 질병으로 인하여 의료기관에 입원 또는 통원하여 산정특례대상질환이 아닌 질환으로 인한 비급여 치료를 받거나 산정특례대상질환이 아닌 질환으로 인한 비급여 치료조제를 받은 경우에 보상(비급여 자기공명영상진단 제외),용어해설참조,2057  원,"3,393  원",2.25 %,,,,,,,실손의료보험_상품비교_20260608162243713.xls,한화생명,한화생명 기본형 급여 실손의료비보장보험(갱신형) 무배당,특약,[특별약관2(비중증 비급여)]실손의료비보장특약 질병 비급여,피보험자가 질병으로 인하여 의료기관에 입원 또는 통원하여 산정특례대상질환이 아닌 질환으로 인한 비급여 치료를 받거나 산정특례대상질환이 아닌 질환으로 인한 비급여 치료조제를 받은 경우에 보상(비급여 자기공명영상진단 제외),용어해설참조,2057  원,"3,393  원",2.25 %,101.5 %,101.6 %,-,-,-,-,,갱신형,비유니버셜,대면채널,2026-05-06,"1. 가입나이(최초계약) : 0세 ~ 49세 2. 보험기간 및 납입기간 : 1년만기, 전기납 3. 1년갱신, 보장내용 변경주기 : 5년 4. 재가입 종료 나이 : 100세 5. 상해급여형, 질병급여형, [특별약관1(중증 비급여)상해비급여형], [특별약관1(중증 비급여)질병비급여형], [특별약관1(중증 비급여)]3대비급여형]  [특별약관2(비중증 비급여)상해비급여형], [특별약관2(비중증 비급여)질병비급여형], [특별약관2(비중증 비급여)]3대비급여형] 이 있습니다. 6. 보험가격지수 기준 : 40세, 비위험직, 1년만기, 1년납, 월납, 최초계약, 비중증 비급여 요율상대도(보험료 할인ㆍ할증) 미적용)  ㆍ상해급여 입ㆍ통원 합산 연간 5,000만원 한도(단, 통원 회당 20만원 한도)  ㆍ질병급여 입ㆍ통원 합산 연간 5,000만원 한도(단, 통원 회당 20만원 한도)  ㆍ중증 비급여특약 상해비급여 입ㆍ통원 합산 연간 5,000만원 한도(단, 통원 회당 20만원(연간 100회) 한도)  ㆍ중증 비급여특약 질병비급여 입ㆍ통원 합산 연간 5,000만원 한도(단, 통원 회당 20만원(연간 100회) 한도)  ㆍ중증 비급여특약 3대비급여  - 근골격계 이학요법치료ㆍ체외충격파치료 연간 350만원(50회 한도)  - 주사료 연간 250만원(50회 한도)  - 자기공명영상진단(MRI/MRA) 연간 300만원  ㆍ비중증 비급여특약 상해비급여 입ㆍ통원 합산 연간 1,000만원 한도(단, 통원 일당 20만원(연간 100일) 한도, (상급)종합병원 外 병·의원 입원은 회당 300만원 한도)  ㆍ비중증 비급여특약 질병비급여 입ㆍ통원 합산 연간 1,000만원 한도(단, 통원 일당 20만원(연간 100일) 한도, (상급)종합병원 外 병·의원 입원은 회당 300만원 한도)  ㆍ비중증 비급여특약 자기공명영상진단(MRI/MRA) 연간 200만원 7. 보험료 기준 : 40세, 월납, 최초계약, 비위험직, 비중증 비급여 요율상대도(보험료 할인·할증 미적용)  [기본형(주계약)] 상해급여/질병급여형 입·통원 합산 연간 5천만원(단, 통원 회당 20만원 한도)  [특별약관1(중증 비급여)]상해비급여/질병비급여형 입·통원 합산 연간 5천만원(단, 통원 회당 20만원,연간100회 한도)  [특별약관1(중증 비급여)]3대비급여형 근골격계 이학요법치료·체외충격파치료 연감 350만원(50회) 한도 / 주사료 연간 250만원(50회) 한도 / 자기공명영상진단 연간 300만원 한도  [특별약관2(비중증 비급여)]상해비급여/질병비급여형 입·통원 합산 연간 5천만원(단, 통원은 일당 20만원, 연간 100일 한도, (상급)종합병원 外병·의원 입원은 회당 300만원 한도)  [특별약관2(비중증 비급여)]3대비급여형 비급여 자기공명영상진단 연간 200만원 한도 8. 특약 기준 : 지정특약의 담보가 주계약보험료에 포함 ※ 이 상품은 1년만기 순수보장형상품으로 중도에 해지하더라도 해약환급금이 발생하지 않습니다.",1588-6363
한화생명,한화생명 기본형 급여 실손의료비보장보험(갱신형) 무배당,특약,[특별약관2(비중증 비급여)] 실손의료비보장특약 3대 비급여 자기공명영상진단),피보험자가 상해 또는 질병의 치료목적으로 의료기관에 입원 또는 통원하여 산정특례대상질환이 아닌 질환으로 인한 비급여 치료를 위해 자기공명영상진단을 받은 경우에 보상,용어해설참조,901  원,710  원,2.25 %,,,,,,,실손의료보험_상품비교_20260608162243713.xls,한화생명,한화생명 기본형 급여 실손의료비보장보험(갱신형) 무배당,특약,[특별약관2(비중증 비급여)] 실손의료비보장특약 3대 비급여 자기공명영상진단),피보험자가 상해 또는 질병의 치료목적으로 의료기관에 입원 또는 통원하여 산정특례대상질환이 아닌 질환으로 인한 비급여 치료를 위해 자기공명영상진단을 받은 경우에 보상,용어해설참조,901  원,710  원,2.25 %,101.5 %,101.6 %,-,-,-,-,,갱신형,비유니버셜,대면채널,2026-05-06,"1. 가입나이(최초계약) : 0세 ~ 49세 2. 보험기간 및 납입기간 : 1년만기, 전기납 3. 1년갱신, 보장내용 변경주기 : 5년 4. 재가입 종료 나이 : 100세 5. 상해급여형, 질병급여형, [특별약관1(중증 비급여)상해비급여형], [특별약관1(중증 비급여)질병비급여형], [특별약관1(중증 비급여)]3대비급여형]  [특별약관2(비중증 비급여)상해비급여형], [특별약관2(비중증 비급여)질병비급여형], [특별약관2(비중증 비급여)]3대비급여형] 이 있습니다. 6. 보험가격지수 기준 : 40세, 비위험직, 1년만기, 1년납, 월납, 최초계약, 비중증 비급여 요율상대도(보험료 할인ㆍ할증) 미적용)  ㆍ상해급여 입ㆍ통원 합산 연간 5,000만원 한도(단, 통원 회당 20만원 한도)  ㆍ질병급여 입ㆍ통원 합산 연간 5,000만원 한도(단, 통원 회당 20만원 한도)  ㆍ중증 비급여특약 상해비급여 입ㆍ통원 합산 연간 5,000만원 한도(단, 통원 회당 20만원(연간 100회) 한도)  ㆍ중증 비급여특약 질병비급여 입ㆍ통원 합산 연간 5,000만원 한도(단, 통원 회당 20만원(연간 100회) 한도)  ㆍ중증 비급여특약 3대비급여  - 근골격계 이학요법치료ㆍ체외충격파치료 연간 350만원(50회 한도)  - 주사료 연간 250만원(50회 한도)  - 자기공명영상진단(MRI/MRA) 연간 300만원  ㆍ비중증 비급여특약 상해비급여 입ㆍ통원 합산 연간 1,000만원 한도(단, 통원 일당 20만원(연간 100일) 한도, (상급)종합병원 外 병·의원 입원은 회당 300만원 한도)  ㆍ비중증 비급여특약 질병비급여 입ㆍ통원 합산 연간 1,000만원 한도(단, 통원 일당 20만원(연간 100일) 한도, (상급)종합병원 外 병·의원 입원은 회당 300만원 한도)  ㆍ비중증 비급여특약 자기공명영상진단(MRI/MRA) 연간 200만원 7. 보험료 기준 : 40세, 월납, 최초계약, 비위험직, 비중증 비급여 요율상대도(보험료 할인·할증 미적용)  [기본형(주계약)] 상해급여/질병급여형 입·통원 합산 연간 5천만원(단, 통원 회당 20만원 한도)  [특별약관1(중증 비급여)]상해비급여/질병비급여형 입·통원 합산 연간 5천만원(단, 통원 회당 20만원,연간100회 한도)  [특별약관1(중증 비급여)]3대비급여형 근골격계 이학요법치료·체외충격파치료 연감 350만원(50회) 한도 / 주사료 연간 250만원(50회) 한도 / 자기공명영상진단 연간 300만원 한도  [특별약관2(비중증 비급여)]상해비급여/질병비급여형 입·통원 합산 연간 5천만원(단, 통원은 일당 20만원, 연간 100일 한도, (상급)종합병원 外병·의원 입원은 회당 300만원 한도)  [특별약관2(비중증 비급여)]3대비급여형 비급여 자기공명영상진단 연간 200만원 한도 8. 특약 기준 : 지정특약의 담보가 주계약보험료에 포함 ※ 이 상품은 1년만기 순수보장형상품으로 중도에 해지하더라도 해약환급금이 발생하지 않습니다.",1588-6363
한화생명,한화생명 노후실손의료비보장보험(갱신형) 무배당,주계약,상해,"피보험자가 상해로 인하여 의료기관(요양병원 제외)에 입원 또는 통원하여 치료를 받거나, 처방조제를 받은 경우",용어해설참조,1542  원,"3,045  원",2.25 %,,,,,,,실손의료보험_상품비교_20260608162243713.xls,한화생명,한화생명 노후실손의료비보장보험(갱신형) 무배당,주계약,상해,"피보험자가 상해로 인하여 의료기관(요양병원 제외)에 입원 또는 통원하여 치료를 받거나, 처방조제를 받은 경우",용어해설참조,1542  원,"3,045  원",2.25 %,100.0 %,100.0 %,-,-,-,-,노후실손,갱신형,비유니버셜,대면채널,2026-05-06,"1. 가입나이(최초계약) : 50세 ~ 90세 2. 보험기간 및 납입기간 : 1년만기, 전기납 3. 1년갱신(최대 2회 갱신 가능), 보장내용 변경주기: 3년 4. 재가입 종료 나이 : 110세 5. 상해형 및 질병형이 있습니다. 6. 보험가격지수 기준 : 비위험직 60세, 상해1급, 월납, 상해실손의료비 및 질병실손의료비 각각 가입금액 1억원, 요양병원 의료비 가입금액 5천만원, 상급병실료 차액보장 가입금액 2천만원, 1년만기, 1년납 7. 보험료 기준 : 비위험직 60세, 월납, 상해실손의료비 및 질병실손의료비 각각 가입금액 1억원, 요양병원 의료비 가입금액 5천만원, 상급병실료 차액보장 가입금액 2천만원, 1년만기, 1년납 8. 특약 기준 : 지정특약의 담보가 주계약 보험료에 포함 ※ 이 상품은 1년만기 순수보장성 상품으로 해약환급금이 발생하지 않습니다.",1588-6363
한화생명,한화생명 노후실손의료비보장보험(갱신형) 무배당,주계약,질병,"피보험자가 질병으로 인하여 의료기관(요양병원 제외)에 입원 또는 통원하여 치료를 받거나, 처방조제를 받은 경우",용어해설참조,18870  원,"20,791  원",2.25 %,,,,,,,실손의료보험_상품비교_20260608162243713.xls,한화생명,한화생명 노후실손의료비보장보험(갱신형) 무배당,주계약,질병,"피보험자가 질병으로 인하여 의료기관(요양병원 제외)에 입원 또는 통원하여 치료를 받거나, 처방조제를 받은 경우",용어해설참조,18870  원,"20,791  원",2.25 %,100.0 %,100.0 %,-,-,-,-,노후실손,갱신형,비유니버셜,대면채널,2026-05-06,"1. 가입나이(최초계약) : 50세 ~ 90세 2. 보험기간 및 납입기간 : 1년만기, 전기납 3. 1년갱신(최대 2회 갱신 가능), 보장내용 변경주기: 3년 4. 재가입 종료 나이 : 110세 5. 상해형 및 질병형이 있습니다. 6. 보험가격지수 기준 : 비위험직 60세, 상해1급, 월납, 상해실손의료비 및 질병실손의료비 각각 가입금액 1억원, 요양병원 의료비 가입금액 5천만원, 상급병실료 차액보장 가입금액 2천만원, 1년만기, 1년납 7. 보험료 기준 : 비위험직 60세, 월납, 상해실손의료비 및 질병실손의료비 각각 가입금액 1억원, 요양병원 의료비 가입금액 5천만원, 상급병실료 차액보장 가입금액 2천만원, 1년만기, 1년납 8. 특약 기준 : 지정특약의 담보가 주계약 보험료에 포함 ※ 이 상품은 1년만기 순수보장성 상품으로 해약환급금이 발생하지 않습니다.",1588-6363
한화생명,한화생명 노후실손의료비보장보험(갱신형) 무배당,특약,상급병실료차액보장,피보험자가 상해 또는 질병으로 인하여 상급병실에 입원하여 치료를 받은 경우,용어해설참조,874  원,"1,032  원",2.25 %,,,,,,,실손의료보험_상품비교_20260608162243713.xls,한화생명,한화생명 노후실손의료비보장보험(갱신형) 무배당,특약,상급병실료차액보장,피보험자가 상해 또는 질병으로 인하여 상급병실에 입원하여 치료를 받은 경우,용어해설참조,874  원,"1,032  원",2.25 %,100.0 %,100.0 %,-,-,-,-,노후실손,갱신형,비유니버셜,대면채널,2026-05-06,"1. 가입나이(최초계약) : 50세 ~ 90세 2. 보험기간 및 납입기간 : 1년만기, 전기납 3. 1년갱신(최대 2회 갱신 가능), 보장내용 변경주기: 3년 4. 재가입 종료 나이 : 110세 5. 상해형 및 질병형이 있습니다. 6. 보험가격지수 기준 : 비위험직 60세, 상해1급, 월납, 상해실손의료비 및 질병실손의료비 각각 가입금액 1억원, 요양병원 의료비 가입금액 5천만원, 상급병실료 차액보장 가입금액 2천만원, 1년만기, 1년납 7. 보험료 기준 : 비위험직 60세, 월납, 상해실손의료비 및 질병실손의료비 각각 가입금액 1억원, 요양병원 의료비 가입금액 5천만원, 상급병실료 차액보장 가입금액 2천만원, 1년만기, 1년납 8. 특약 기준 : 지정특약의 담보가 주계약 보험료에 포함 ※ 이 상품은 1년만기 순수보장성 상품으로 해약환급금이 발생하지 않습니다.",1588-6363
한화생명,한화생명 노후실손의료비보장보험(갱신형) 무배당,특약,요양병원의료비,"피보험자가 상해 또는 질병으로 인하여 요양병원에 입원 또는 통원하여 치료를 받거나, 처방조제를 받은 경우",용어해설참조,1097  원,"1,839  원",2.25 %,,,,,,,실손의료보험_상품비교_20260608162243713.xls,한화생명,한화생명 노후실손의료비보장보험(갱신형) 무배당,특약,요양병원의료비,"피보험자가 상해 또는 질병으로 인하여 요양병원에 입원 또는 통원하여 치료를 받거나, 처방조제를 받은 경우",용어해설참조,1097  원,"1,839  원",2.25 %,100.0 %,100.0 %,-,-,-,-,노후실손,갱신형,비유니버셜,대면채널,2026-05-06,"1. 가입나이(최초계약) : 50세 ~ 90세 2. 보험기간 및 납입기간 : 1년만기, 전기납 3. 1년갱신(최대 2회 갱신 가능), 보장내용 변경주기: 3년 4. 재가입 종료 나이 : 110세 5. 상해형 및 질병형이 있습니다. 6. 보험가격지수 기준 : 비위험직 60세, 상해1급, 월납, 상해실손의료비 및 질병실손의료비 각각 가입금액 1억원, 요양병원 의료비 가입금액 5천만원, 상급병실료 차액보장 가입금액 2천만원, 1년만기, 1년납 7. 보험료 기준 : 비위험직 60세, 월납, 상해실손의료비 및 질병실손의료비 각각 가입금액 1억원, 요양병원 의료비 가입금액 5천만원, 상급병실료 차액보장 가입금액 2천만원, 1년만기, 1년납 8. 특약 기준 : 지정특약의 담보가 주계약 보험료에 포함 ※ 이 상품은 1년만기 순수보장성 상품으로 해약환급금이 발생하지 않습니다.",1588-6363
삼성생명,"삼성 급여 실손의료비보장보험(2605)(갱신형,무배당)",주계약,질병급여형,보험기간 중 피보험자가 질병으로 의료기관에 입원 또는 통원하여 치료를 받은 경우 급여의료비,용어해설 참조  원,6060  원,"7,300  원",2.00 %,,,,,,,실손의료보험_상품비교_20260608162243713.xls,삼성생명,"삼성 급여 실손의료비보장보험(2605)(갱신형,무배당)",주계약,질병급여형,보험기간 중 피보험자가 질병으로 의료기관에 입원 또는 통원하여 치료를 받은 경우 급여의료비,용어해설 참조  원,6060  원,"7,300  원",2.00 %,101.7 %,104.5 %,-,-,-,-,,갱신형,비유니버셜,대면채널,2026-05-06,"□ 필수기재사항 1. 가입나이 : 최저 0세(태아 포함) ~ 최고 60세 2. 보험기간 : 1년  보장내용 변경주기 : 5년 3. 보험료 및 보험가격지수 예시기준 : 표준체, 비위험, 월납, 최초계약, 40세, 비급여 요율상대도(보험료 할인,할증) 미적용, 질병급여/상해급여 각각 입·통원 합산 연간 5,000만원 한도 (단, 통원 1회당 20만원 한도), 중증 비급여 실손의료비보장특약 질병비급여/상해비급여 각각 입·통원 합산 연간 5,000만원 한도 (단, 통원 1회당 20만원(연간 100회) 한도), 3대비급여(근골격계이학요법치료·체외충격파치료 연간 350만원(50회한도), 비급여 주사료 연간 250만원(50회한도), 비급여 자기공명영상진단 연간 300만원), 비중증 비급여 실손의료비보장특약 질병비급여/상해비급여 각각 입·통원 합산 연간 1,000만원 한도 (단, 통원 1일당 20만원 한도), 비급여 자기공명영상진단 연간 200만원 □ 선택기재사항 1. 해약환급금: 1년만기 순수보장성 상품으로 해약환급금이 발생하지 않음",1588-3114
삼성생명,"삼성 급여 실손의료비보장보험(2605)(갱신형,무배당)",주계약,상해급여형,보험기간 중 피보험자가 상해로 인하여 의료기관에 입원 또는 통원하여 치료를 받은 경우 급여의료비,용어해설 참조  원,1030  원,580  원,2.00 %,,,,,,,실손의료보험_상품비교_20260608162243713.xls,삼성생명,"삼성 급여 실손의료비보장보험(2605)(갱신형,무배당)",주계약,상해급여형,보험기간 중 피보험자가 상해로 인하여 의료기관에 입원 또는 통원하여 치료를 받은 경우 급여의료비,용어해설 참조  원,1030  원,580  원,2.00 %,101.7 %,104.5 %,-,-,-,-,,갱신형,비유니버셜,대면채널,2026-05-06,"□ 필수기재사항 1. 가입나이 : 최저 0세(태아 포함) ~ 최고 60세 2. 보험기간 : 1년  보장내용 변경주기 : 5년 3. 보험료 및 보험가격지수 예시기준 : 표준체, 비위험, 월납, 최초계약, 40세, 비급여 요율상대도(보험료 할인,할증) 미적용, 질병급여/상해급여 각각 입·통원 합산 연간 5,000만원 한도 (단, 통원 1회당 20만원 한도), 중증 비급여 실손의료비보장특약 질병비급여/상해비급여 각각 입·통원 합산 연간 5,000만원 한도 (단, 통원 1회당 20만원(연간 100회) 한도), 3대비급여(근골격계이학요법치료·체외충격파치료 연간 350만원(50회한도), 비급여 주사료 연간 250만원(50회한도), 비급여 자기공명영상진단 연간 300만원), 비중증 비급여 실손의료비보장특약 질병비급여/상해비급여 각각 입·통원 합산 연간 1,000만원 한도 (단, 통원 1일당 20만원 한도), 비급여 자기공명영상진단 연간 200만원 □ 선택기재사항 1. 해약환급금: 1년만기 순수보장성 상품으로 해약환급금이 발생하지 않음",1588-3114
삼성생명,"삼성 급여 실손의료비보장보험(2605)(갱신형,무배당)",특약,중증 비급여 실손의료비보장특약 [질병비급여형],보험기간 중 피보험자가 질병으로 의료기관에 입원 또는 통원하여 산정특례 대상 질환으로 인한 비급여 치료를 받은 경우 (3대비급여 제외),용어해설 참조  원,440  원,760  원,2.00 %,,,,,,,실손의료보험_상품비교_20260608162243713.xls,삼성생명,"삼성 급여 실손의료비보장보험(2605)(갱신형,무배당)",특약,중증 비급여 실손의료비보장특약 [질병비급여형],보험기간 중 피보험자가 질병으로 의료기관에 입원 또는 통원하여 산정특례 대상 질환으로 인한 비급여 치료를 받은 경우 (3대비급여 제외),용어해설 참조  원,440  원,760  원,2.00 %,101.7 %,104.5 %,-,-,-,-,,갱신형,비유니버셜,대면채널,2026-05-06,"□ 필수기재사항 1. 가입나이 : 최저 0세(태아 포함) ~ 최고 60세 2. 보험기간 : 1년  보장내용 변경주기 : 5년 3. 보험료 및 보험가격지수 예시기준 : 표준체, 비위험, 월납, 최초계약, 40세, 비급여 요율상대도(보험료 할인,할증) 미적용, 질병급여/상해급여 각각 입·통원 합산 연간 5,000만원 한도 (단, 통원 1회당 20만원 한도), 중증 비급여 실손의료비보장특약 질병비급여/상해비급여 각각 입·통원 합산 연간 5,000만원 한도 (단, 통원 1회당 20만원(연간 100회) 한도), 3대비급여(근골격계이학요법치료·체외충격파치료 연간 350만원(50회한도), 비급여 주사료 연간 250만원(50회한도), 비급여 자기공명영상진단 연간 300만원), 비중증 비급여 실손의료비보장특약 질병비급여/상해비급여 각각 입·통원 합산 연간 1,000만원 한도 (단, 통원 1일당 20만원 한도), 비급여 자기공명영상진단 연간 200만원 □ 선택기재사항 1. 해약환급금: 1년만기 순수보장성 상품으로 해약환급금이 발생하지 않음",1588-3114
삼성생명,"삼성 급여 실손의료비보장보험(2605)(갱신형,무배당)",특약,중증 비급여 실손의료비보장특약 [상해비급여형],보험기간 중 피보험자가 상해로 인하여 의료기관에 입원 또는 통원하여 산정특례 대상 질환으로 인한 비급여 치료를 받은 경우 (3대비급여 제외),용어해설 참조  원,10  원,10  원,2.00 %,,,,,,,실손의료보험_상품비교_20260608162243713.xls,삼성생명,"삼성 급여 실손의료비보장보험(2605)(갱신형,무배당)",특약,중증 비급여 실손의료비보장특약 [상해비급여형],보험기간 중 피보험자가 상해로 인하여 의료기관에 입원 또는 통원하여 산정특례 대상 질환으로 인한 비급여 치료를 받은 경우 (3대비급여 제외),용어해설 참조  원,10  원,10  원,2.00 %,101.7 %,104.5 %,-,-,-,-,,갱신형,비유니버셜,대면채널,2026-05-06,"□ 필수기재사항 1. 가입나이 : 최저 0세(태아 포함) ~ 최고 60세 2. 보험기간 : 1년  보장내용 변경주기 : 5년 3. 보험료 및 보험가격지수 예시기준 : 표준체, 비위험, 월납, 최초계약, 40세, 비급여 요율상대도(보험료 할인,할증) 미적용, 질병급여/상해급여 각각 입·통원 합산 연간 5,000만원 한도 (단, 통원 1회당 20만원 한도), 중증 비급여 실손의료비보장특약 질병비급여/상해비급여 각각 입·통원 합산 연간 5,000만원 한도 (단, 통원 1회당 20만원(연간 100회) 한도), 3대비급여(근골격계이학요법치료·체외충격파치료 연간 350만원(50회한도), 비급여 주사료 연간 250만원(50회한도), 비급여 자기공명영상진단 연간 300만원), 비중증 비급여 실손의료비보장특약 질병비급여/상해비급여 각각 입·통원 합산 연간 1,000만원 한도 (단, 통원 1일당 20만원 한도), 비급여 자기공명영상진단 연간 200만원 □ 선택기재사항 1. 해약환급금: 1년만기 순수보장성 상품으로 해약환급금이 발생하지 않음",1588-3114
삼성생명,"삼성 급여 실손의료비보장보험(2605)(갱신형,무배당)",특약,중증 비급여 실손의료비보장특약 [3대비급여형],보험기간 중 피보험자가 상해 또는 질병의 치료목적으로 의료기관에 입원 또는 통원하여 산정특례 대상 질환으로 인한 3대비급여 치료를 받은 경우,용어해설 참조  원,30  원,110  원,2.00 %,,,,,,,실손의료보험_상품비교_20260608162243713.xls,삼성생명,"삼성 급여 실손의료비보장보험(2605)(갱신형,무배당)",특약,중증 비급여 실손의료비보장특약 [3대비급여형],보험기간 중 피보험자가 상해 또는 질병의 치료목적으로 의료기관에 입원 또는 통원하여 산정특례 대상 질환으로 인한 3대비급여 치료를 받은 경우,용어해설 참조  원,30  원,110  원,2.00 %,101.7 %,104.5 %,-,-,-,-,,갱신형,비유니버셜,대면채널,2026-05-06,"□ 필수기재사항 1. 가입나이 : 최저 0세(태아 포함) ~ 최고 60세 2. 보험기간 : 1년  보장내용 변경주기 : 5년 3. 보험료 및 보험가격지수 예시기준 : 표준체, 비위험, 월납, 최초계약, 40세, 비급여 요율상대도(보험료 할인,할증) 미적용, 질병급여/상해급여 각각 입·통원 합산 연간 5,000만원 한도 (단, 통원 1회당 20만원 한도), 중증 비급여 실손의료비보장특약 질병비급여/상해비급여 각각 입·통원 합산 연간 5,000만원 한도 (단, 통원 1회당 20만원(연간 100회) 한도), 3대비급여(근골격계이학요법치료·체외충격파치료 연간 350만원(50회한도), 비급여 주사료 연간 250만원(50회한도), 비급여 자기공명영상진단 연간 300만원), 비중증 비급여 실손의료비보장특약 질병비급여/상해비급여 각각 입·통원 합산 연간 1,000만원 한도 (단, 통원 1일당 20만원 한도), 비급여 자기공명영상진단 연간 200만원 □ 선택기재사항 1. 해약환급금: 1년만기 순수보장성 상품으로 해약환급금이 발생하지 않음",1588-3114
삼성생명,"삼성 급여 실손의료비보장보험(2605)(갱신형,무배당)",특약,비중증 비급여 실손의료비보장특약 [질병비급여형],보험기간 중 피보험자가 질병으로 의료기관에 입원 또는 통원하여 산정특례 대상 질환 외 비급여 치료를 받은 경우 (비급여자기공명영상진단 제외),용어해설 참조  원,2400  원,"4,230  원",2.00 %,,,,,,,실손의료보험_상품비교_20260608162243713.xls,삼성생명,"삼성 급여 실손의료비보장보험(2605)(갱신형,무배당)",특약,비중증 비급여 실손의료비보장특약 [질병비급여형],보험기간 중 피보험자가 질병으로 의료기관에 입원 또는 통원하여 산정특례 대상 질환 외 비급여 치료를 받은 경우 (비급여자기공명영상진단 제외),용어해설 참조  원,2400  원,"4,230  원",2.00 %,101.7 %,104.5 %,-,-,-,-,,갱신형,비유니버셜,대면채널,2026-05-06,"□ 필수기재사항 1. 가입나이 : 최저 0세(태아 포함) ~ 최고 60세 2. 보험기간 : 1년  보장내용 변경주기 : 5년 3. 보험료 및 보험가격지수 예시기준 : 표준체, 비위험, 월납, 최초계약, 40세, 비급여 요율상대도(보험료 할인,할증) 미적용, 질병급여/상해급여 각각 입·통원 합산 연간 5,000만원 한도 (단, 통원 1회당 20만원 한도), 중증 비급여 실손의료비보장특약 질병비급여/상해비급여 각각 입·통원 합산 연간 5,000만원 한도 (단, 통원 1회당 20만원(연간 100회) 한도), 3대비급여(근골격계이학요법치료·체외충격파치료 연간 350만원(50회한도), 비급여 주사료 연간 250만원(50회한도), 비급여 자기공명영상진단 연간 300만원), 비중증 비급여 실손의료비보장특약 질병비급여/상해비급여 각각 입·통원 합산 연간 1,000만원 한도 (단, 통원 1일당 20만원 한도), 비급여 자기공명영상진단 연간 200만원 □ 선택기재사항 1. 해약환급금: 1년만기 순수보장성 상품으로 해약환급금이 발생하지 않음",1588-3114
삼성생명,"삼성 급여 실손의료비보장보험(2605)(갱신형,무배당)",특약,비중증 비급여 실손의료비보장특약 [상해비급여형],보험기간 중 피보험자가 상해로 인하여 의료기관에 입원 또는 통원하여 산정특례 대상 질환 외 비급여 치료를 받은 경우 (비급여자기공명영상진단 제외),용어해설 참조  원,740  원,370  원,2.00 %,,,,,,,실손의료보험_상품비교_20260608162243713.xls,삼성생명,"삼성 급여 실손의료비보장보험(2605)(갱신형,무배당)",특약,비중증 비급여 실손의료비보장특약 [상해비급여형],보험기간 중 피보험자가 상해로 인하여 의료기관에 입원 또는 통원하여 산정특례 대상 질환 외 비급여 치료를 받은 경우 (비급여자기공명영상진단 제외),용어해설 참조  원,740  원,370  원,2.00 %,101.7 %,104.5 %,-,-,-,-,,갱신형,비유니버셜,대면채널,2026-05-06,"□ 필수기재사항 1. 가입나이 : 최저 0세(태아 포함) ~ 최고 60세 2. 보험기간 : 1년  보장내용 변경주기 : 5년 3. 보험료 및 보험가격지수 예시기준 : 표준체, 비위험, 월납, 최초계약, 40세, 비급여 요율상대도(보험료 할인,할증) 미적용, 질병급여/상해급여 각각 입·통원 합산 연간 5,000만원 한도 (단, 통원 1회당 20만원 한도), 중증 비급여 실손의료비보장특약 질병비급여/상해비급여 각각 입·통원 합산 연간 5,000만원 한도 (단, 통원 1회당 20만원(연간 100회) 한도), 3대비급여(근골격계이학요법치료·체외충격파치료 연간 350만원(50회한도), 비급여 주사료 연간 250만원(50회한도), 비급여 자기공명영상진단 연간 300만원), 비중증 비급여 실손의료비보장특약 질병비급여/상해비급여 각각 입·통원 합산 연간 1,000만원 한도 (단, 통원 1일당 20만원 한도), 비급여 자기공명영상진단 연간 200만원 □ 선택기재사항 1. 해약환급금: 1년만기 순수보장성 상품으로 해약환급금이 발생하지 않음",1588-3114
삼성생명,"삼성 급여 실손의료비보장보험(2605)(갱신형,무배당)",특약,비중증 비급여 실손의료비보장특약 [비급여 자기공명영상진단형],보험기간 중 피보험자가 상해 또는 질병의 치료목적으로 의료기관에 입원 또는 통원하여 산정특례 대상 질환 외 비급여 치료를 위해 자기공명영상진단을 받은 경우,용어해설 참조  원,980  원,740  원,2.00 %,,,,,,,실손의료보험_상품비교_20260608162243713.xls,삼성생명,"삼성 급여 실손의료비보장보험(2605)(갱신형,무배당)",특약,비중증 비급여 실손의료비보장특약 [비급여 자기공명영상진단형],보험기간 중 피보험자가 상해 또는 질병의 치료목적으로 의료기관에 입원 또는 통원하여 산정특례 대상 질환 외 비급여 치료를 위해 자기공명영상진단을 받은 경우,용어해설 참조  원,980  원,740  원,2.00 %,101.7 %,104.5 %,-,-,-,-,,갱신형,비유니버셜,대면채널,2026-05-06,"□ 필수기재사항 1. 가입나이 : 최저 0세(태아 포함) ~ 최고 60세 2. 보험기간 : 1년  보장내용 변경주기 : 5년 3. 보험료 및 보험가격지수 예시기준 : 표준체, 비위험, 월납, 최초계약, 40세, 비급여 요율상대도(보험료 할인,할증) 미적용, 질병급여/상해급여 각각 입·통원 합산 연간 5,000만원 한도 (단, 통원 1회당 20만원 한도), 중증 비급여 실손의료비보장특약 질병비급여/상해비급여 각각 입·통원 합산 연간 5,000만원 한도 (단, 통원 1회당 20만원(연간 100회) 한도), 3대비급여(근골격계이학요법치료·체외충격파치료 연간 350만원(50회한도), 비급여 주사료 연간 250만원(50회한도), 비급여 자기공명영상진단 연간 300만원), 비중증 비급여 실손의료비보장특약 질병비급여/상해비급여 각각 입·통원 합산 연간 1,000만원 한도 (단, 통원 1일당 20만원 한도), 비급여 자기공명영상진단 연간 200만원 □ 선택기재사항 1. 해약환급금: 1년만기 순수보장성 상품으로 해약환급금이 발생하지 않음",1588-3114
삼성생명,"삼성 노후실손의료비보장보험(2601)(갱신형,무배당)",주계약,종합형,"회사는 이 계약의 보험기간 중 피보험자가 상해 또는 질병으로 인하여 의료기관에 입원 또는 통원하여 치료를 받거 나 처방조제를 받은 경우에는 해당 입원의료비(상급병실료 차액을 제외한 입원실료, 입원제비용, 입원 수술비) 및 통원의료비(외래제비용, 외래수술비, 처방조제비)를 보상",용어해설 참조,19950  원,"23,450  원",2.00 %,,,,,,,실손의료보험_상품비교_20260608162243713.xls,삼성생명,"삼성 노후실손의료비보장보험(2601)(갱신형,무배당)",주계약,종합형,"회사는 이 계약의 보험기간 중 피보험자가 상해 또는 질병으로 인하여 의료기관에 입원 또는 통원하여 치료를 받거 나 처방조제를 받은 경우에는 해당 입원의료비(상급병실료 차액을 제외한 입원실료, 입원제비용, 입원 수술비) 및 통원의료비(외래제비용, 외래수술비, 처방조제비)를 보상",용어해설 참조,19950  원,"23,450  원",2.00 %,100.0 %,100.0 %,-,-,-,-,노후실손,갱신형,비유니버셜,대면채널,2026-01-01,"□ 필수기재사항 1. 가입나이: 61세~90세 2. 보험기간: 1년만기 3. 보장내용 변경주기: 3년 □ 선택기재사항 - 보험료, 보험가격지수 기준 : 61세, 월납, 표준체, 비위험, 최초계약, 주보험(종합형) 10,000만원, 요양병원 실손의료비보장특약D(갱신형,무배당) 5,000만원,  상급병실료차액 실손의료비보장특약D(갱신형,무배당) 2,000만원 가입시 해약환급금: 1년만기 순수보장성 상품으로 해약환급금이 발생하지 않습니다.",1588-3114
삼성생명,"삼성 노후실손의료비보장보험(2601)(갱신형,무배당)",특약,"요양병원 실손의료비보장특약D(갱신형,무배당)","회사는 이 특약의 보험기간 중 피보험자가 상해 또는 질병으로 인하여 요양병원에 입원 또는 통원하 여 치료를 받거나 처방조제를 받은 경우에는 해당 입원의료비(상급병실료 차액을 제외한 입원실료, 입원제비용, 입원수술비) 및 통원의료비(외래제비용, 외래수술비, 처방조제비)를 보상합니다.",용어해설 참조,1280  원,"1,630  원",2.00 %,,,,,,,실손의료보험_상품비교_20260608162243713.xls,삼성생명,"삼성 노후실손의료비보장보험(2601)(갱신형,무배당)",특약,"요양병원 실손의료비보장특약D(갱신형,무배당)","회사는 이 특약의 보험기간 중 피보험자가 상해 또는 질병으로 인하여 요양병원에 입원 또는 통원하 여 치료를 받거나 처방조제를 받은 경우에는 해당 입원의료비(상급병실료 차액을 제외한 입원실료, 입원제비용, 입원수술비) 및 통원의료비(외래제비용, 외래수술비, 처방조제비)를 보상합니다.",용어해설 참조,1280  원,"1,630  원",2.00 %,100.0 %,100.0 %,-,-,-,-,노후실손,갱신형,비유니버셜,대면채널,2026-01-01,"□ 필수기재사항 1. 가입나이: 61세~90세 2. 보험기간: 1년만기 3. 보장내용 변경주기: 3년 □ 선택기재사항 - 보험료, 보험가격지수 기준 : 61세, 월납, 표준체, 비위험, 최초계약, 주보험(종합형) 10,000만원, 요양병원 실손의료비보장특약D(갱신형,무배당) 5,000만원,  상급병실료차액 실손의료비보장특약D(갱신형,무배당) 2,000만원 가입시 해약환급금: 1년만기 순수보장성 상품으로 해약환급금이 발생하지 않습니다.",1588-3114
삼성생명,"삼성 노후실손의료비보장보험(2601)(갱신형,무배당)",특약,"상급병실료차액 실손의료비보장특약D(갱신형,무배당)",회사는 이 특약의 보험기간 중 피보험자가 상해 또는 질병으로 인하여 병원의 상급병실에 입원하여 치료를 받은 경우에는 보상합니다.,용어해설 참조,860  원,580  원,2.00 %,,,,,,,실손의료보험_상품비교_20260608162243713.xls,삼성생명,"삼성 노후실손의료비보장보험(2601)(갱신형,무배당)",특약,"상급병실료차액 실손의료비보장특약D(갱신형,무배당)",회사는 이 특약의 보험기간 중 피보험자가 상해 또는 질병으로 인하여 병원의 상급병실에 입원하여 치료를 받은 경우에는 보상합니다.,용어해설 참조,860  원,580  원,2.00 %,100.0 %,100.0 %,-,-,-,-,노후실손,갱신형,비유니버셜,대면채널,2026-01-01,"□ 필수기재사항 1. 가입나이: 61세~90세 2. 보험기간: 1년만기 3. 보장내용 변경주기: 3년 □ 선택기재사항 - 보험료, 보험가격지수 기준 : 61세, 월납, 표준체, 비위험, 최초계약, 주보험(종합형) 10,000만원, 요양병원 실손의료비보장특약D(갱신형,무배당) 5,000만원,  상급병실료차액 실손의료비보장특약D(갱신형,무배당) 2,000만원 가입시 해약환급금: 1년만기 순수보장성 상품으로 해약환급금이 발생하지 않습니다.",1588-3114
삼성생명,"삼성 간편가입실손의료비보장보험(2601)(기본형,갱신형,무배당)",주계약,질병입원,회사는 이 계약의 보험기간 중 피보험자가 질병으로 인하여 의료기관에 입원하여 치료를 받은 경우 에는 입원의료비를 다음과 같이 하나의 질병당 보험가입금액(5천만원)의 한도 내에서 보상합니다.,용어해설참조,19330  원,"24,610  원",2.00 %,,,,,,,실손의료보험_상품비교_20260608162243713.xls,삼성생명,"삼성 간편가입실손의료비보장보험(2601)(기본형,갱신형,무배당)",주계약,질병입원,회사는 이 계약의 보험기간 중 피보험자가 질병으로 인하여 의료기관에 입원하여 치료를 받은 경우 에는 입원의료비를 다음과 같이 하나의 질병당 보험가입금액(5천만원)의 한도 내에서 보상합니다.,용어해설참조,19330  원,"24,610  원",2.00 %,103.4 %,103.3 %,-,-,-,-,유병력자,갱신형,비유니버셜,대면채널,2026-01-01,"□ 필수기재사항 1. 가입나이: 5세~90세 2. 보험기간: 1년만기 3. 보장내용 변경주기: 3년 4. 보험료, 보험가격지수 예시기준 : 40세, 비위험, 월납, 최초계약, 질병/상해입원 5,000만원, 질병/상해통원 20만원 □ 선택기재사항 해약환급금: 1년만기 순수보장성 상품으로 해약환급금이 발생하지 않습니다.",1588-3114
삼성생명,"삼성 간편가입실손의료비보장보험(2601)(기본형,갱신형,무배당)",주계약,질병통원,"회사는 이 계약의 보험기간 중 피보험자가 질병으로 인하여 의료기관에 통원하여 치료를 받은 경우 에는 통원의료비 명목으로 매년 연계약해당일부터 1년을 단위로 하여 다음과 같이 외래(외래제비용, 외래수술비)를 보상하며 처방조제비는 보상하지 않습니다.",용어해설참조,9350  원,"13,970  원",2.00 %,,,,,,,실손의료보험_상품비교_20260608162243713.xls,삼성생명,"삼성 간편가입실손의료비보장보험(2601)(기본형,갱신형,무배당)",주계약,질병통원,"회사는 이 계약의 보험기간 중 피보험자가 질병으로 인하여 의료기관에 통원하여 치료를 받은 경우 에는 통원의료비 명목으로 매년 연계약해당일부터 1년을 단위로 하여 다음과 같이 외래(외래제비용, 외래수술비)를 보상하며 처방조제비는 보상하지 않습니다.",용어해설참조,9350  원,"13,970  원",2.00 %,103.4 %,103.3 %,-,-,-,-,유병력자,갱신형,비유니버셜,대면채널,2026-01-01,"□ 필수기재사항 1. 가입나이: 5세~90세 2. 보험기간: 1년만기 3. 보장내용 변경주기: 3년 4. 보험료, 보험가격지수 예시기준 : 40세, 비위험, 월납, 최초계약, 질병/상해입원 5,000만원, 질병/상해통원 20만원 □ 선택기재사항 해약환급금: 1년만기 순수보장성 상품으로 해약환급금이 발생하지 않습니다.",1588-3114
삼성생명,"삼성 간편가입실손의료비보장보험(2601)(기본형,갱신형,무배당)",주계약,상해입원,회사는 이 계약의 보험기간 중 피보험자가 상해로 인하여 의료기관에 입원하여 치료를 받은 경우에 는 입원의료비를 다음과 같이 하나의 상해당 보험가입금액(5천만원)의 한도 내에서 보상합니다.,용어해설참조,2040  원,"1,670  원",2.00 %,,,,,,,실손의료보험_상품비교_20260608162243713.xls,삼성생명,"삼성 간편가입실손의료비보장보험(2601)(기본형,갱신형,무배당)",주계약,상해입원,회사는 이 계약의 보험기간 중 피보험자가 상해로 인하여 의료기관에 입원하여 치료를 받은 경우에 는 입원의료비를 다음과 같이 하나의 상해당 보험가입금액(5천만원)의 한도 내에서 보상합니다.,용어해설참조,2040  원,"1,670  원",2.00 %,103.4 %,103.3 %,-,-,-,-,유병력자,갱신형,비유니버셜,대면채널,2026-01-01,"□ 필수기재사항 1. 가입나이: 5세~90세 2. 보험기간: 1년만기 3. 보장내용 변경주기: 3년 4. 보험료, 보험가격지수 예시기준 : 40세, 비위험, 월납, 최초계약, 질병/상해입원 5,000만원, 질병/상해통원 20만원 □ 선택기재사항 해약환급금: 1년만기 순수보장성 상품으로 해약환급금이 발생하지 않습니다.",1588-3114
삼성생명,"삼성 간편가입실손의료비보장보험(2601)(기본형,갱신형,무배당)",주계약,상해통원,"회사는 이 계약의 보험기간 중 피보험자가 상해로 인하여 의료기관에 통원하여 치료를 받은 경우에 는 통원의료비 명목으로 매년 연계약해당일부터 1년을 단위로 하여 다음과 같이 외래(외래제비용, 외래수술비)를 보상하며 처방조제비는 보상하지 않습니다.",용어해설참조,450  원,490  원,2.00 %,,,,,,,실손의료보험_상품비교_20260608162243713.xls,삼성생명,"삼성 간편가입실손의료비보장보험(2601)(기본형,갱신형,무배당)",주계약,상해통원,"회사는 이 계약의 보험기간 중 피보험자가 상해로 인하여 의료기관에 통원하여 치료를 받은 경우에 는 통원의료비 명목으로 매년 연계약해당일부터 1년을 단위로 하여 다음과 같이 외래(외래제비용, 외래수술비)를 보상하며 처방조제비는 보상하지 않습니다.",용어해설참조,450  원,490  원,2.00 %,103.4 %,103.3 %,-,-,-,-,유병력자,갱신형,비유니버셜,대면채널,2026-01-01,"□ 필수기재사항 1. 가입나이: 5세~90세 2. 보험기간: 1년만기 3. 보장내용 변경주기: 3년 4. 보험료, 보험가격지수 예시기준 : 40세, 비위험, 월납, 최초계약, 질병/상해입원 5,000만원, 질병/상해통원 20만원 □ 선택기재사항 해약환급금: 1년만기 순수보장성 상품으로 해약환급금이 발생하지 않습니다.",1588-3114
흥국생명,(무)흥국생명 실손의료비보험(갱신형),주계약,질병급여형,피보험자가 질병으로 의료기관에 입원 또는 통원(외래 및 처방조제)하여 치료를 받은 경우,"입·통원 합산 연간 5천만원 한도 (단, 통원은 회당 20만원 한도)",6300  원,"8,160  원",2.75 %,,,,,,,실손의료보험_상품비교_20260608162243713.xls,흥국생명,(무)흥국생명 실손의료비보험(갱신형),주계약,질병급여형,피보험자가 질병으로 의료기관에 입원 또는 통원(외래 및 처방조제)하여 치료를 받은 경우,"입·통원 합산 연간 5천만원 한도 (단, 통원은 회당 20만원 한도)",6300  원,"8,160  원",2.75 %,114.3 %,114.5 %,-,-,-,-,,갱신형,비유니버셜,대면채널  TM,2026-05-06,"1. 가입나이 : 0세 ~ 70세 2. 보험기간 : 1년만기 3. 보장내용 변경주기 : 5년 4. 보험료 예시기준 : 40세, 남자, 비위험직, 월납, 질병급여/상해급여 입·통원 합산 연간 5,000만원 한도 (단, 통원 회당 20만원 한도), 질병비급여/상해비급여 입·통원 합산 연간 5,000만원 한도 (단, 통원 회당 20만원(연간 100회) 한도), 3대비급여(비급여 도수치료·체외충격파치료·증식치료 연간 350만원(50회 한도), 비급여 주사료 연간 250만원(50회 한도),  비급여 자기공명영상진단 연간 300만원), 질병비급여/상해비급여 입·통원 합산 연간 1,000만원 한도 (단, 통원 일당 20만원(연간 100일) 한도), 비급여자기공명영상진단(비급여 자기공명영상진단 연간 200만원), 비급여 요율상대도(보험료할인·할증) 미적용, 단위(원)",1588-2288
흥국생명,(무)흥국생명 실손의료비보험(갱신형),주계약,상해급여형,피보험자가 상해로 인하여 의료기관에 입원 또는 통원(외래 및 처방조제)하여 치료를 받은 경우,"입·통원 합산 연간 5천만원 한도 (단, 통원은 회당 20만원 한도)",1210  원,700  원,2.75 %,,,,,,,실손의료보험_상품비교_20260608162243713.xls,흥국생명,(무)흥국생명 실손의료비보험(갱신형),주계약,상해급여형,피보험자가 상해로 인하여 의료기관에 입원 또는 통원(외래 및 처방조제)하여 치료를 받은 경우,"입·통원 합산 연간 5천만원 한도 (단, 통원은 회당 20만원 한도)",1210  원,700  원,2.75 %,114.3 %,114.5 %,-,-,-,-,,갱신형,비유니버셜,대면채널  TM,2026-05-06,"1. 가입나이 : 0세 ~ 70세 2. 보험기간 : 1년만기 3. 보장내용 변경주기 : 5년 4. 보험료 예시기준 : 40세, 남자, 비위험직, 월납, 질병급여/상해급여 입·통원 합산 연간 5,000만원 한도 (단, 통원 회당 20만원 한도), 질병비급여/상해비급여 입·통원 합산 연간 5,000만원 한도 (단, 통원 회당 20만원(연간 100회) 한도), 3대비급여(비급여 도수치료·체외충격파치료·증식치료 연간 350만원(50회 한도), 비급여 주사료 연간 250만원(50회 한도),  비급여 자기공명영상진단 연간 300만원), 질병비급여/상해비급여 입·통원 합산 연간 1,000만원 한도 (단, 통원 일당 20만원(연간 100일) 한도), 비급여자기공명영상진단(비급여 자기공명영상진단 연간 200만원), 비급여 요율상대도(보험료할인·할증) 미적용, 단위(원)",1588-2288
흥국생명,(무)흥국생명 실손의료비보험(갱신형),특약,[종속부가특약1(중증 비급여)]질병 비급여,피보험자가 질병으로 의료기관에 입원 또는 통원(외래 및 처방조제)하여 산정특례대상질환에 대한 치료를 받은 경우,용어해설참조,580  원,860  원,2.75 %,,,,,,,실손의료보험_상품비교_20260608162243713.xls,흥국생명,(무)흥국생명 실손의료비보험(갱신형),특약,[종속부가특약1(중증 비급여)]질병 비급여,피보험자가 질병으로 의료기관에 입원 또는 통원(외래 및 처방조제)하여 산정특례대상질환에 대한 치료를 받은 경우,용어해설참조,580  원,860  원,2.75 %,114.3 %,114.5 %,-,-,-,-,,갱신형,비유니버셜,대면채널  TM,2026-05-06,"1. 가입나이 : 0세 ~ 70세 2. 보험기간 : 1년만기 3. 보장내용 변경주기 : 5년 4. 보험료 예시기준 : 40세, 남자, 비위험직, 월납, 질병급여/상해급여 입·통원 합산 연간 5,000만원 한도 (단, 통원 회당 20만원 한도), 질병비급여/상해비급여 입·통원 합산 연간 5,000만원 한도 (단, 통원 회당 20만원(연간 100회) 한도), 3대비급여(비급여 도수치료·체외충격파치료·증식치료 연간 350만원(50회 한도), 비급여 주사료 연간 250만원(50회 한도),  비급여 자기공명영상진단 연간 300만원), 질병비급여/상해비급여 입·통원 합산 연간 1,000만원 한도 (단, 통원 일당 20만원(연간 100일) 한도), 비급여자기공명영상진단(비급여 자기공명영상진단 연간 200만원), 비급여 요율상대도(보험료할인·할증) 미적용, 단위(원)",1588-2288
흥국생명,(무)흥국생명 실손의료비보험(갱신형),특약,[종속부가특약1(중증 비급여)]상해 비급여,피보험자가 상해로 인하여 의료기관에 입원 또는 통원(외래 및 처방조제)하여 산정특례대상질환에 대한 치료를 받은 경우,용어해설참조,10  원,10  원,2.75 %,,,,,,,실손의료보험_상품비교_20260608162243713.xls,흥국생명,(무)흥국생명 실손의료비보험(갱신형),특약,[종속부가특약1(중증 비급여)]상해 비급여,피보험자가 상해로 인하여 의료기관에 입원 또는 통원(외래 및 처방조제)하여 산정특례대상질환에 대한 치료를 받은 경우,용어해설참조,10  원,10  원,2.75 %,114.3 %,114.5 %,-,-,-,-,,갱신형,비유니버셜,대면채널  TM,2026-05-06,"1. 가입나이 : 0세 ~ 70세 2. 보험기간 : 1년만기 3. 보장내용 변경주기 : 5년 4. 보험료 예시기준 : 40세, 남자, 비위험직, 월납, 질병급여/상해급여 입·통원 합산 연간 5,000만원 한도 (단, 통원 회당 20만원 한도), 질병비급여/상해비급여 입·통원 합산 연간 5,000만원 한도 (단, 통원 회당 20만원(연간 100회) 한도), 3대비급여(비급여 도수치료·체외충격파치료·증식치료 연간 350만원(50회 한도), 비급여 주사료 연간 250만원(50회 한도),  비급여 자기공명영상진단 연간 300만원), 질병비급여/상해비급여 입·통원 합산 연간 1,000만원 한도 (단, 통원 일당 20만원(연간 100일) 한도), 비급여자기공명영상진단(비급여 자기공명영상진단 연간 200만원), 비급여 요율상대도(보험료할인·할증) 미적용, 단위(원)",1588-2288
흥국생명,(무)흥국생명 실손의료비보험(갱신형),특약,[종속부가특약1(중증 비급여)]3대 비급여,피보험자가 보험기간 중 상해 또는 질병의 치료목적으로 의료기관에 입원 또는 통원하여 산정특례대상질환에 대한 아래의 비급여 의료행위로 치료를 받은 경우,용어해설참조,30  원,160  원,2.75 %,,,,,,,실손의료보험_상품비교_20260608162243713.xls,흥국생명,(무)흥국생명 실손의료비보험(갱신형),특약,[종속부가특약1(중증 비급여)]3대 비급여,피보험자가 보험기간 중 상해 또는 질병의 치료목적으로 의료기관에 입원 또는 통원하여 산정특례대상질환에 대한 아래의 비급여 의료행위로 치료를 받은 경우,용어해설참조,30  원,160  원,2.75 %,114.3 %,114.5 %,-,-,-,-,,갱신형,비유니버셜,대면채널  TM,2026-05-06,"1. 가입나이 : 0세 ~ 70세 2. 보험기간 : 1년만기 3. 보장내용 변경주기 : 5년 4. 보험료 예시기준 : 40세, 남자, 비위험직, 월납, 질병급여/상해급여 입·통원 합산 연간 5,000만원 한도 (단, 통원 회당 20만원 한도), 질병비급여/상해비급여 입·통원 합산 연간 5,000만원 한도 (단, 통원 회당 20만원(연간 100회) 한도), 3대비급여(비급여 도수치료·체외충격파치료·증식치료 연간 350만원(50회 한도), 비급여 주사료 연간 250만원(50회 한도),  비급여 자기공명영상진단 연간 300만원), 질병비급여/상해비급여 입·통원 합산 연간 1,000만원 한도 (단, 통원 일당 20만원(연간 100일) 한도), 비급여자기공명영상진단(비급여 자기공명영상진단 연간 200만원), 비급여 요율상대도(보험료할인·할증) 미적용, 단위(원)",1588-2288
흥국생명,(무)흥국생명 실손의료비보험(갱신형),특약,[종속부가특약2(비중증 비급여)]질병 비급여,피보험자가 질병으로 의료기관에 입원 또는 통원(외래 및 처방조제)하여 산정특례대상질환 외 치료를 받은 경우,용어해설참조,3130  원,"4,790  원",2.75 %,,,,,,,실손의료보험_상품비교_20260608162243713.xls,흥국생명,(무)흥국생명 실손의료비보험(갱신형),특약,[종속부가특약2(비중증 비급여)]질병 비급여,피보험자가 질병으로 의료기관에 입원 또는 통원(외래 및 처방조제)하여 산정특례대상질환 외 치료를 받은 경우,용어해설참조,3130  원,"4,790  원",2.75 %,114.3 %,114.5 %,-,-,-,-,,갱신형,비유니버셜,대면채널  TM,2026-05-06,"1. 가입나이 : 0세 ~ 70세 2. 보험기간 : 1년만기 3. 보장내용 변경주기 : 5년 4. 보험료 예시기준 : 40세, 남자, 비위험직, 월납, 질병급여/상해급여 입·통원 합산 연간 5,000만원 한도 (단, 통원 회당 20만원 한도), 질병비급여/상해비급여 입·통원 합산 연간 5,000만원 한도 (단, 통원 회당 20만원(연간 100회) 한도), 3대비급여(비급여 도수치료·체외충격파치료·증식치료 연간 350만원(50회 한도), 비급여 주사료 연간 250만원(50회 한도),  비급여 자기공명영상진단 연간 300만원), 질병비급여/상해비급여 입·통원 합산 연간 1,000만원 한도 (단, 통원 일당 20만원(연간 100일) 한도), 비급여자기공명영상진단(비급여 자기공명영상진단 연간 200만원), 비급여 요율상대도(보험료할인·할증) 미적용, 단위(원)",1588-2288
흥국생명,(무)흥국생명 실손의료비보험(갱신형),특약,[종속부가특약2(비중증 비급여)]상해 비급여,피보험자가 상해로 인하여 의료기관에 입원 또는 통원(외래 및 처방조제)하여 산정특례대상질환 외 치료를 받은 경우에는 치료를 받은 경우,용어해설참조,810  원,400  원,2.75 %,,,,,,,실손의료보험_상품비교_20260608162243713.xls,흥국생명,(무)흥국생명 실손의료비보험(갱신형),특약,[종속부가특약2(비중증 비급여)]상해 비급여,피보험자가 상해로 인하여 의료기관에 입원 또는 통원(외래 및 처방조제)하여 산정특례대상질환 외 치료를 받은 경우에는 치료를 받은 경우,용어해설참조,810  원,400  원,2.75 %,114.3 %,114.5 %,-,-,-,-,,갱신형,비유니버셜,대면채널  TM,2026-05-06,"1. 가입나이 : 0세 ~ 70세 2. 보험기간 : 1년만기 3. 보장내용 변경주기 : 5년 4. 보험료 예시기준 : 40세, 남자, 비위험직, 월납, 질병급여/상해급여 입·통원 합산 연간 5,000만원 한도 (단, 통원 회당 20만원 한도), 질병비급여/상해비급여 입·통원 합산 연간 5,000만원 한도 (단, 통원 회당 20만원(연간 100회) 한도), 3대비급여(비급여 도수치료·체외충격파치료·증식치료 연간 350만원(50회 한도), 비급여 주사료 연간 250만원(50회 한도),  비급여 자기공명영상진단 연간 300만원), 질병비급여/상해비급여 입·통원 합산 연간 1,000만원 한도 (단, 통원 일당 20만원(연간 100일) 한도), 비급여자기공명영상진단(비급여 자기공명영상진단 연간 200만원), 비급여 요율상대도(보험료할인·할증) 미적용, 단위(원)",1588-2288
흥국생명,(무)흥국생명 실손의료비보험(갱신형),특약,[종속부가특약2(비중증 비급여)]비급여 자기공명영상진단,피보험자가 보험기간 중 산정특례대상질환 외 상해 또는 질병의 치료목적으로 의료기관에 입원 또는 통원하여 자기공명영상진단을 받은 경우,용어해설참조,1090  원,"1,080  원",2.75 %,,,,,,,실손의료보험_상품비교_20260608162243713.xls,흥국생명,(무)흥국생명 실손의료비보험(갱신형),특약,[종속부가특약2(비중증 비급여)]비급여 자기공명영상진단,피보험자가 보험기간 중 산정특례대상질환 외 상해 또는 질병의 치료목적으로 의료기관에 입원 또는 통원하여 자기공명영상진단을 받은 경우,용어해설참조,1090  원,"1,080  원",2.75 %,114.3 %,114.5 %,-,-,-,-,,갱신형,비유니버셜,대면채널  TM,2026-05-06,"1. 가입나이 : 0세 ~ 70세 2. 보험기간 : 1년만기 3. 보장내용 변경주기 : 5년 4. 보험료 예시기준 : 40세, 남자, 비위험직, 월납, 질병급여/상해급여 입·통원 합산 연간 5,000만원 한도 (단, 통원 회당 20만원 한도), 질병비급여/상해비급여 입·통원 합산 연간 5,000만원 한도 (단, 통원 회당 20만원(연간 100회) 한도), 3대비급여(비급여 도수치료·체외충격파치료·증식치료 연간 350만원(50회 한도), 비급여 주사료 연간 250만원(50회 한도),  비급여 자기공명영상진단 연간 300만원), 질병비급여/상해비급여 입·통원 합산 연간 1,000만원 한도 (단, 통원 일당 20만원(연간 100일) 한도), 비급여자기공명영상진단(비급여 자기공명영상진단 연간 200만원), 비급여 요율상대도(보험료할인·할증) 미적용, 단위(원)",1588-2288
교보생명,"교보실손의료비보험Ⅴ (무배당,갱신형)",주계약,질병급여형,피보험자가 질병으로 의료기관에입원 또는 통원하여 급여치료 또는 처방조제를 받은 때,"5,000만원  원",5260  원,"6,807  원",2.00 %,,,,,,,실손의료보험_상품비교_20260608162243713.xls,교보생명,"교보실손의료비보험Ⅴ (무배당,갱신형)",주계약,질병급여형,피보험자가 질병으로 의료기관에입원 또는 통원하여 급여치료 또는 처방조제를 받은 때,"5,000만원  원",5260  원,"6,807  원",2.00 %,87.8 %,90.4 %,-,-,-,-,,갱신형,비유니버셜,대면채널,2026-05-06,"■필수기재사항 1. 가입나이 : 최초가입계약 - (최초계약) 0세(태아포함) ~ 60세,(갱신계약) 1세 ~ 99세, 재가입계약 - (최초계약) 5세 ~ 99세,(갱신계약) 6세 ~ 99세 2. 보험기간 : 1년만기(갱신형), 전기납 ■ 선택기재사항 1. 보험료 예시 : 주계약(질병급여형+상해급여형) 특약1(중증질병비급여형+중증상해비급여형+중증3대비급여형) 특약2(비중증질병비급여형+비중증상해비급여형+비중증비급여자기공명영상진단형) 비위험 5,000만원(입원 및 통원 합산 연간)/20만원(통원 1회당), 40세, 1년 만기, 전기월납, 기준 2. 보험가격지수 예시 : 가입당시 40세(비위험), 급여 및 중증비급여 질병/상해 의료비 각 5,000만원, 중증3대비급여특약(비급여 근골격계 이학요법치료·체외충격파치료 350만원, 비급여 주사료 250만원, 비급여 자기공명영상진단 300만원), 비중증비급여 질병/상해 의료비 각 1,000만원, 비중증비급여자기공명영상진단 200만원, 1년만기, 전기납, 월납을 기준으로 작성 3. 기타 : 보험료 변경주기 - 1년, 보장내용 변경주기 - 5년(최대 4회 갱신)",02-1588-1001
교보생명,"교보실손의료비보험Ⅴ (무배당,갱신형)",주계약,상해급여형,피보험자가 상해로 의료기관에 입원 또는 통원하여 급여치료 또는 처방조제를 받은 때,"5,000만원  원",1006  원,588  원,2.00 %,,,,,,,실손의료보험_상품비교_20260608162243713.xls,교보생명,"교보실손의료비보험Ⅴ (무배당,갱신형)",주계약,상해급여형,피보험자가 상해로 의료기관에 입원 또는 통원하여 급여치료 또는 처방조제를 받은 때,"5,000만원  원",1006  원,588  원,2.00 %,87.8 %,90.4 %,-,-,-,-,,갱신형,비유니버셜,대면채널,2026-05-06,"■필수기재사항 1. 가입나이 : 최초가입계약 - (최초계약) 0세(태아포함) ~ 60세,(갱신계약) 1세 ~ 99세, 재가입계약 - (최초계약) 5세 ~ 99세,(갱신계약) 6세 ~ 99세 2. 보험기간 : 1년만기(갱신형), 전기납 ■ 선택기재사항 1. 보험료 예시 : 주계약(질병급여형+상해급여형) 특약1(중증질병비급여형+중증상해비급여형+중증3대비급여형) 특약2(비중증질병비급여형+비중증상해비급여형+비중증비급여자기공명영상진단형) 비위험 5,000만원(입원 및 통원 합산 연간)/20만원(통원 1회당), 40세, 1년 만기, 전기월납, 기준 2. 보험가격지수 예시 : 가입당시 40세(비위험), 급여 및 중증비급여 질병/상해 의료비 각 5,000만원, 중증3대비급여특약(비급여 근골격계 이학요법치료·체외충격파치료 350만원, 비급여 주사료 250만원, 비급여 자기공명영상진단 300만원), 비중증비급여 질병/상해 의료비 각 1,000만원, 비중증비급여자기공명영상진단 200만원, 1년만기, 전기납, 월납을 기준으로 작성 3. 기타 : 보험료 변경주기 - 1년, 보장내용 변경주기 - 5년(최대 4회 갱신)",02-1588-1001
교보생명,"교보실손의료비보험Ⅴ (무배당,갱신형)",특약,중증질병비급여형,피보험자가 질병으로 의료기관에 입원 또는 통원하여 산정특례대상질환으로 인한 비급여치료 또는 처방조제를 받은 때 (3대비급여 제외),"5,000만원  원",342  원,595  원,2.00 %,,,,,,,실손의료보험_상품비교_20260608162243713.xls,교보생명,"교보실손의료비보험Ⅴ (무배당,갱신형)",특약,중증질병비급여형,피보험자가 질병으로 의료기관에 입원 또는 통원하여 산정특례대상질환으로 인한 비급여치료 또는 처방조제를 받은 때 (3대비급여 제외),"5,000만원  원",342  원,595  원,2.00 %,87.8 %,90.4 %,-,-,-,-,,갱신형,비유니버셜,대면채널,2026-05-06,"■필수기재사항 1. 가입나이 : 최초가입계약 - (최초계약) 0세(태아포함) ~ 60세,(갱신계약) 1세 ~ 99세, 재가입계약 - (최초계약) 5세 ~ 99세,(갱신계약) 6세 ~ 99세 2. 보험기간 : 1년만기(갱신형), 전기납 ■ 선택기재사항 1. 보험료 예시 : 주계약(질병급여형+상해급여형) 특약1(중증질병비급여형+중증상해비급여형+중증3대비급여형) 특약2(비중증질병비급여형+비중증상해비급여형+비중증비급여자기공명영상진단형) 비위험 5,000만원(입원 및 통원 합산 연간)/20만원(통원 1회당), 40세, 1년 만기, 전기월납, 기준 2. 보험가격지수 예시 : 가입당시 40세(비위험), 급여 및 중증비급여 질병/상해 의료비 각 5,000만원, 중증3대비급여특약(비급여 근골격계 이학요법치료·체외충격파치료 350만원, 비급여 주사료 250만원, 비급여 자기공명영상진단 300만원), 비중증비급여 질병/상해 의료비 각 1,000만원, 비중증비급여자기공명영상진단 200만원, 1년만기, 전기납, 월납을 기준으로 작성 3. 기타 : 보험료 변경주기 - 1년, 보장내용 변경주기 - 5년(최대 4회 갱신)",02-1588-1001
교보생명,"교보실손의료비보험Ⅴ (무배당,갱신형)",특약,중증상해비급여형,피보험자가 상해로 의료기관에 입원 또는 통원하여 산정특례대상질환으로 인한 비급여치료 또는 처방조제를 받은 때 (3대비급여 제외),"5,000만원  원",11  원,4  원,2.00 %,,,,,,,실손의료보험_상품비교_20260608162243713.xls,교보생명,"교보실손의료비보험Ⅴ (무배당,갱신형)",특약,중증상해비급여형,피보험자가 상해로 의료기관에 입원 또는 통원하여 산정특례대상질환으로 인한 비급여치료 또는 처방조제를 받은 때 (3대비급여 제외),"5,000만원  원",11  원,4  원,2.00 %,87.8 %,90.4 %,-,-,-,-,,갱신형,비유니버셜,대면채널,2026-05-06,"■필수기재사항 1. 가입나이 : 최초가입계약 - (최초계약) 0세(태아포함) ~ 60세,(갱신계약) 1세 ~ 99세, 재가입계약 - (최초계약) 5세 ~ 99세,(갱신계약) 6세 ~ 99세 2. 보험기간 : 1년만기(갱신형), 전기납 ■ 선택기재사항 1. 보험료 예시 : 주계약(질병급여형+상해급여형) 특약1(중증질병비급여형+중증상해비급여형+중증3대비급여형) 특약2(비중증질병비급여형+비중증상해비급여형+비중증비급여자기공명영상진단형) 비위험 5,000만원(입원 및 통원 합산 연간)/20만원(통원 1회당), 40세, 1년 만기, 전기월납, 기준 2. 보험가격지수 예시 : 가입당시 40세(비위험), 급여 및 중증비급여 질병/상해 의료비 각 5,000만원, 중증3대비급여특약(비급여 근골격계 이학요법치료·체외충격파치료 350만원, 비급여 주사료 250만원, 비급여 자기공명영상진단 300만원), 비중증비급여 질병/상해 의료비 각 1,000만원, 비중증비급여자기공명영상진단 200만원, 1년만기, 전기납, 월납을 기준으로 작성 3. 기타 : 보험료 변경주기 - 1년, 보장내용 변경주기 - 5년(최대 4회 갱신)",02-1588-1001
교보생명,"교보실손의료비보험Ⅴ (무배당,갱신형)",특약,중증3대비급여형,피보험자가 상해 또는 질병으로의료기관에 입원 또는 통원하여 산정특례대상질환으로 인한 3대비급여치료를 받은 때,350만원  원,24  원,97  원,2.00 %,,,,,,,실손의료보험_상품비교_20260608162243713.xls,교보생명,"교보실손의료비보험Ⅴ (무배당,갱신형)",특약,중증3대비급여형,피보험자가 상해 또는 질병으로의료기관에 입원 또는 통원하여 산정특례대상질환으로 인한 3대비급여치료를 받은 때,350만원  원,24  원,97  원,2.00 %,87.8 %,90.4 %,-,-,-,-,,갱신형,비유니버셜,대면채널,2026-05-06,"■필수기재사항 1. 가입나이 : 최초가입계약 - (최초계약) 0세(태아포함) ~ 60세,(갱신계약) 1세 ~ 99세, 재가입계약 - (최초계약) 5세 ~ 99세,(갱신계약) 6세 ~ 99세 2. 보험기간 : 1년만기(갱신형), 전기납 ■ 선택기재사항 1. 보험료 예시 : 주계약(질병급여형+상해급여형) 특약1(중증질병비급여형+중증상해비급여형+중증3대비급여형) 특약2(비중증질병비급여형+비중증상해비급여형+비중증비급여자기공명영상진단형) 비위험 5,000만원(입원 및 통원 합산 연간)/20만원(통원 1회당), 40세, 1년 만기, 전기월납, 기준 2. 보험가격지수 예시 : 가입당시 40세(비위험), 급여 및 중증비급여 질병/상해 의료비 각 5,000만원, 중증3대비급여특약(비급여 근골격계 이학요법치료·체외충격파치료 350만원, 비급여 주사료 250만원, 비급여 자기공명영상진단 300만원), 비중증비급여 질병/상해 의료비 각 1,000만원, 비중증비급여자기공명영상진단 200만원, 1년만기, 전기납, 월납을 기준으로 작성 3. 기타 : 보험료 변경주기 - 1년, 보장내용 변경주기 - 5년(최대 4회 갱신)",02-1588-1001
교보생명,"교보실손의료비보험Ⅴ (무배당,갱신형)",특약,비중증질병비급여형,피보험자가 질병으로 의료기관에 입원 또는 통원하여 산정특례대상질환이 아닌 질환으로 비급여치료 또는 처방조제를 받은 때 (비급여 자기공명영상진단 제외),"1,000만원  원",1857  원,"3,308  원",2.00 %,,,,,,,실손의료보험_상품비교_20260608162243713.xls,교보생명,"교보실손의료비보험Ⅴ (무배당,갱신형)",특약,비중증질병비급여형,피보험자가 질병으로 의료기관에 입원 또는 통원하여 산정특례대상질환이 아닌 질환으로 비급여치료 또는 처방조제를 받은 때 (비급여 자기공명영상진단 제외),"1,000만원  원",1857  원,"3,308  원",2.00 %,87.8 %,90.4 %,-,-,-,-,,갱신형,비유니버셜,대면채널,2026-05-06,"■필수기재사항 1. 가입나이 : 최초가입계약 - (최초계약) 0세(태아포함) ~ 60세,(갱신계약) 1세 ~ 99세, 재가입계약 - (최초계약) 5세 ~ 99세,(갱신계약) 6세 ~ 99세 2. 보험기간 : 1년만기(갱신형), 전기납 ■ 선택기재사항 1. 보험료 예시 : 주계약(질병급여형+상해급여형) 특약1(중증질병비급여형+중증상해비급여형+중증3대비급여형) 특약2(비중증질병비급여형+비중증상해비급여형+비중증비급여자기공명영상진단형) 비위험 5,000만원(입원 및 통원 합산 연간)/20만원(통원 1회당), 40세, 1년 만기, 전기월납, 기준 2. 보험가격지수 예시 : 가입당시 40세(비위험), 급여 및 중증비급여 질병/상해 의료비 각 5,000만원, 중증3대비급여특약(비급여 근골격계 이학요법치료·체외충격파치료 350만원, 비급여 주사료 250만원, 비급여 자기공명영상진단 300만원), 비중증비급여 질병/상해 의료비 각 1,000만원, 비중증비급여자기공명영상진단 200만원, 1년만기, 전기납, 월납을 기준으로 작성 3. 기타 : 보험료 변경주기 - 1년, 보장내용 변경주기 - 5년(최대 4회 갱신)",02-1588-1001
교보생명,"교보실손의료비보험Ⅴ (무배당,갱신형)",특약,비중증상해비급여형,피보험자가 상해로 의료기관에 입원 또는 통원하여 산정특례대상질환이 아닌 질환으로 비급여치료 또는 처방조제를 받은 때 (비급여 자기공명영상진단 제외),"1,000만원  원",582  원,283  원,2.00 %,,,,,,,실손의료보험_상품비교_20260608162243713.xls,교보생명,"교보실손의료비보험Ⅴ (무배당,갱신형)",특약,비중증상해비급여형,피보험자가 상해로 의료기관에 입원 또는 통원하여 산정특례대상질환이 아닌 질환으로 비급여치료 또는 처방조제를 받은 때 (비급여 자기공명영상진단 제외),"1,000만원  원",582  원,283  원,2.00 %,87.8 %,90.4 %,-,-,-,-,,갱신형,비유니버셜,대면채널,2026-05-06,"■필수기재사항 1. 가입나이 : 최초가입계약 - (최초계약) 0세(태아포함) ~ 60세,(갱신계약) 1세 ~ 99세, 재가입계약 - (최초계약) 5세 ~ 99세,(갱신계약) 6세 ~ 99세 2. 보험기간 : 1년만기(갱신형), 전기납 ■ 선택기재사항 1. 보험료 예시 : 주계약(질병급여형+상해급여형) 특약1(중증질병비급여형+중증상해비급여형+중증3대비급여형) 특약2(비중증질병비급여형+비중증상해비급여형+비중증비급여자기공명영상진단형) 비위험 5,000만원(입원 및 통원 합산 연간)/20만원(통원 1회당), 40세, 1년 만기, 전기월납, 기준 2. 보험가격지수 예시 : 가입당시 40세(비위험), 급여 및 중증비급여 질병/상해 의료비 각 5,000만원, 중증3대비급여특약(비급여 근골격계 이학요법치료·체외충격파치료 350만원, 비급여 주사료 250만원, 비급여 자기공명영상진단 300만원), 비중증비급여 질병/상해 의료비 각 1,000만원, 비중증비급여자기공명영상진단 200만원, 1년만기, 전기납, 월납을 기준으로 작성 3. 기타 : 보험료 변경주기 - 1년, 보장내용 변경주기 - 5년(최대 4회 갱신)",02-1588-1001
교보생명,"교보실손의료비보험Ⅴ (무배당,갱신형)",특약,비중증비급여자기공명영상진단형,피보험자가 상해 또는 질병으로의료기관에 입원 또는 통원하여 산정특례대상질환이 아닌 질환으로 비급여 치료를 위해 자기공명영상진단을 받은 때,200만원  원,856  원,641  원,2.00 %,,,,,,,실손의료보험_상품비교_20260608162243713.xls,교보생명,"교보실손의료비보험Ⅴ (무배당,갱신형)",특약,비중증비급여자기공명영상진단형,피보험자가 상해 또는 질병으로의료기관에 입원 또는 통원하여 산정특례대상질환이 아닌 질환으로 비급여 치료를 위해 자기공명영상진단을 받은 때,200만원  원,856  원,641  원,2.00 %,87.8 %,90.4 %,-,-,-,-,,갱신형,비유니버셜,대면채널,2026-05-06,"■필수기재사항 1. 가입나이 : 최초가입계약 - (최초계약) 0세(태아포함) ~ 60세,(갱신계약) 1세 ~ 99세, 재가입계약 - (최초계약) 5세 ~ 99세,(갱신계약) 6세 ~ 99세 2. 보험기간 : 1년만기(갱신형), 전기납 ■ 선택기재사항 1. 보험료 예시 : 주계약(질병급여형+상해급여형) 특약1(중증질병비급여형+중증상해비급여형+중증3대비급여형) 특약2(비중증질병비급여형+비중증상해비급여형+비중증비급여자기공명영상진단형) 비위험 5,000만원(입원 및 통원 합산 연간)/20만원(통원 1회당), 40세, 1년 만기, 전기월납, 기준 2. 보험가격지수 예시 : 가입당시 40세(비위험), 급여 및 중증비급여 질병/상해 의료비 각 5,000만원, 중증3대비급여특약(비급여 근골격계 이학요법치료·체외충격파치료 350만원, 비급여 주사료 250만원, 비급여 자기공명영상진단 300만원), 비중증비급여 질병/상해 의료비 각 1,000만원, 비중증비급여자기공명영상진단 200만원, 1년만기, 전기납, 월납을 기준으로 작성 3. 기타 : 보험료 변경주기 - 1년, 보장내용 변경주기 - 5년(최대 4회 갱신)",02-1588-1001
교보생명,"교보실손의료비보험Ⅴ [D](무배당,갱신형)",주계약,질병급여형,피보험자가 질병으로 의료기관에입원 또는 통원하여 급여치료 또는 처방조제를 받은 때,"5,000만원  원",5260  원,"6,807  원",2.00 %,,,,,,,실손의료보험_상품비교_20260608162243713.xls,교보생명,"교보실손의료비보험Ⅴ [D](무배당,갱신형)",주계약,질병급여형,피보험자가 질병으로 의료기관에입원 또는 통원하여 급여치료 또는 처방조제를 받은 때,"5,000만원  원",5260  원,"6,807  원",2.00 %,87.8 %,90.4 %,-,-,-,-,,갱신형,비유니버셜,TM,2026-05-06,"■필수기재사항 1. 가입나이 : 최초가입계약 - (최초계약) 0세(태아포함) ~ 60세,(갱신계약) 1세 ~ 99세, 재가입계약 - (최초계약) 5세 ~ 99세,(갱신계약) 6세 ~ 99세 2. 보험기간 : 1년만기(갱신형), 전기납 ■ 선택기재사항 1. 보험료 예시 : 주계약(질병급여형+상해급여형) 특약1(중증질병비급여형+중증상해비급여형+중증3대비급여형) 특약2(비중증질병비급여형+비중증상해비급여형+비중증비급여자기공명영상진단형) 비위험 5,000만원(입원 및 통원 합산 연간)/20만원(통원 1회당), 40세, 1년 만기, 전기월납, 기준 2. 보험가격지수 예시 : 가입당시 40세(비위험), 급여 및 중증비급여 질병/상해 의료비 각 5,000만원, 중증3대비급여특약(비급여 근골격계 이학요법치료·체외충격파치료 350만원, 비급여 주사료 250만원, 비급여 자기공명영상진단 300만원), 비중증비급여 질병/상해 의료비 각 1,000만원, 비중증비급여자기공명영상진단 200만원, 1년만기, 전기납, 월납을 기준으로 작성 3. 기타 : 보험료 변경주기 - 1년, 보장내용 변경주기 - 5년(최대 4회 갱신)",02-1588-1001
교보생명,"교보실손의료비보험Ⅴ [D](무배당,갱신형)",주계약,상해급여형,피보험자가 상해로 의료기관에 입원 또는 통원하여 급여치료 또는 처방조제를 받은 때,"5,000만원  원",1006  원,588  원,2.00 %,,,,,,,실손의료보험_상품비교_20260608162243713.xls,교보생명,"교보실손의료비보험Ⅴ [D](무배당,갱신형)",주계약,상해급여형,피보험자가 상해로 의료기관에 입원 또는 통원하여 급여치료 또는 처방조제를 받은 때,"5,000만원  원",1006  원,588  원,2.00 %,87.8 %,90.4 %,-,-,-,-,,갱신형,비유니버셜,TM,2026-05-06,"■필수기재사항 1. 가입나이 : 최초가입계약 - (최초계약) 0세(태아포함) ~ 60세,(갱신계약) 1세 ~ 99세, 재가입계약 - (최초계약) 5세 ~ 99세,(갱신계약) 6세 ~ 99세 2. 보험기간 : 1년만기(갱신형), 전기납 ■ 선택기재사항 1. 보험료 예시 : 주계약(질병급여형+상해급여형) 특약1(중증질병비급여형+중증상해비급여형+중증3대비급여형) 특약2(비중증질병비급여형+비중증상해비급여형+비중증비급여자기공명영상진단형) 비위험 5,000만원(입원 및 통원 합산 연간)/20만원(통원 1회당), 40세, 1년 만기, 전기월납, 기준 2. 보험가격지수 예시 : 가입당시 40세(비위험), 급여 및 중증비급여 질병/상해 의료비 각 5,000만원, 중증3대비급여특약(비급여 근골격계 이학요법치료·체외충격파치료 350만원, 비급여 주사료 250만원, 비급여 자기공명영상진단 300만원), 비중증비급여 질병/상해 의료비 각 1,000만원, 비중증비급여자기공명영상진단 200만원, 1년만기, 전기납, 월납을 기준으로 작성 3. 기타 : 보험료 변경주기 - 1년, 보장내용 변경주기 - 5년(최대 4회 갱신)",02-1588-1001
교보생명,"교보실손의료비보험Ⅴ [D](무배당,갱신형)",특약,중증질병비급여형,피보험자가 질병으로 의료기관에 입원 또는 통원하여 산정특례대상질환으로 인한 비급여치료 또는 처방조제를 받은 때 (3대비급여 제외),"5,000만원  원",342  원,595  원,2.00 %,,,,,,,실손의료보험_상품비교_20260608162243713.xls,교보생명,"교보실손의료비보험Ⅴ [D](무배당,갱신형)",특약,중증질병비급여형,피보험자가 질병으로 의료기관에 입원 또는 통원하여 산정특례대상질환으로 인한 비급여치료 또는 처방조제를 받은 때 (3대비급여 제외),"5,000만원  원",342  원,595  원,2.00 %,87.8 %,90.4 %,-,-,-,-,,갱신형,비유니버셜,TM,2026-05-06,"■필수기재사항 1. 가입나이 : 최초가입계약 - (최초계약) 0세(태아포함) ~ 60세,(갱신계약) 1세 ~ 99세, 재가입계약 - (최초계약) 5세 ~ 99세,(갱신계약) 6세 ~ 99세 2. 보험기간 : 1년만기(갱신형), 전기납 ■ 선택기재사항 1. 보험료 예시 : 주계약(질병급여형+상해급여형) 특약1(중증질병비급여형+중증상해비급여형+중증3대비급여형) 특약2(비중증질병비급여형+비중증상해비급여형+비중증비급여자기공명영상진단형) 비위험 5,000만원(입원 및 통원 합산 연간)/20만원(통원 1회당), 40세, 1년 만기, 전기월납, 기준 2. 보험가격지수 예시 : 가입당시 40세(비위험), 급여 및 중증비급여 질병/상해 의료비 각 5,000만원, 중증3대비급여특약(비급여 근골격계 이학요법치료·체외충격파치료 350만원, 비급여 주사료 250만원, 비급여 자기공명영상진단 300만원), 비중증비급여 질병/상해 의료비 각 1,000만원, 비중증비급여자기공명영상진단 200만원, 1년만기, 전기납, 월납을 기준으로 작성 3. 기타 : 보험료 변경주기 - 1년, 보장내용 변경주기 - 5년(최대 4회 갱신)",02-1588-1001
교보생명,"교보실손의료비보험Ⅴ [D](무배당,갱신형)",특약,중증상해비급여형,피보험자가 상해로 의료기관에 입원 또는 통원하여 산정특례대상질환으로 인한 비급여치료 또는 처방조제를 받은 때 (3대비급여 제외),"5,000만원  원",11  원,4  원,2.00 %,,,,,,,실손의료보험_상품비교_20260608162243713.xls,교보생명,"교보실손의료비보험Ⅴ [D](무배당,갱신형)",특약,중증상해비급여형,피보험자가 상해로 의료기관에 입원 또는 통원하여 산정특례대상질환으로 인한 비급여치료 또는 처방조제를 받은 때 (3대비급여 제외),"5,000만원  원",11  원,4  원,2.00 %,87.8 %,90.4 %,-,-,-,-,,갱신형,비유니버셜,TM,2026-05-06,"■필수기재사항 1. 가입나이 : 최초가입계약 - (최초계약) 0세(태아포함) ~ 60세,(갱신계약) 1세 ~ 99세, 재가입계약 - (최초계약) 5세 ~ 99세,(갱신계약) 6세 ~ 99세 2. 보험기간 : 1년만기(갱신형), 전기납 ■ 선택기재사항 1. 보험료 예시 : 주계약(질병급여형+상해급여형) 특약1(중증질병비급여형+중증상해비급여형+중증3대비급여형) 특약2(비중증질병비급여형+비중증상해비급여형+비중증비급여자기공명영상진단형) 비위험 5,000만원(입원 및 통원 합산 연간)/20만원(통원 1회당), 40세, 1년 만기, 전기월납, 기준 2. 보험가격지수 예시 : 가입당시 40세(비위험), 급여 및 중증비급여 질병/상해 의료비 각 5,000만원, 중증3대비급여특약(비급여 근골격계 이학요법치료·체외충격파치료 350만원, 비급여 주사료 250만원, 비급여 자기공명영상진단 300만원), 비중증비급여 질병/상해 의료비 각 1,000만원, 비중증비급여자기공명영상진단 200만원, 1년만기, 전기납, 월납을 기준으로 작성 3. 기타 : 보험료 변경주기 - 1년, 보장내용 변경주기 - 5년(최대 4회 갱신)",02-1588-1001
교보생명,"교보실손의료비보험Ⅴ [D](무배당,갱신형)",특약,중증3대비급여형,피보험자가 상해 또는 질병으로의료기관에 입원 또는 통원하여 산정특례대상질환으로 인한 3대비급여치료를 받은 때,350만원  원,24  원,97  원,2.00 %,,,,,,,실손의료보험_상품비교_20260608162243713.xls,교보생명,"교보실손의료비보험Ⅴ [D](무배당,갱신형)",특약,중증3대비급여형,피보험자가 상해 또는 질병으로의료기관에 입원 또는 통원하여 산정특례대상질환으로 인한 3대비급여치료를 받은 때,350만원  원,24  원,97  원,2.00 %,87.8 %,90.4 %,-,-,-,-,,갱신형,비유니버셜,TM,2026-05-06,"■필수기재사항 1. 가입나이 : 최초가입계약 - (최초계약) 0세(태아포함) ~ 60세,(갱신계약) 1세 ~ 99세, 재가입계약 - (최초계약) 5세 ~ 99세,(갱신계약) 6세 ~ 99세 2. 보험기간 : 1년만기(갱신형), 전기납 ■ 선택기재사항 1. 보험료 예시 : 주계약(질병급여형+상해급여형) 특약1(중증질병비급여형+중증상해비급여형+중증3대비급여형) 특약2(비중증질병비급여형+비중증상해비급여형+비중증비급여자기공명영상진단형) 비위험 5,000만원(입원 및 통원 합산 연간)/20만원(통원 1회당), 40세, 1년 만기, 전기월납, 기준 2. 보험가격지수 예시 : 가입당시 40세(비위험), 급여 및 중증비급여 질병/상해 의료비 각 5,000만원, 중증3대비급여특약(비급여 근골격계 이학요법치료·체외충격파치료 350만원, 비급여 주사료 250만원, 비급여 자기공명영상진단 300만원), 비중증비급여 질병/상해 의료비 각 1,000만원, 비중증비급여자기공명영상진단 200만원, 1년만기, 전기납, 월납을 기준으로 작성 3. 기타 : 보험료 변경주기 - 1년, 보장내용 변경주기 - 5년(최대 4회 갱신)",02-1588-1001
교보생명,"교보실손의료비보험Ⅴ [D](무배당,갱신형)",특약,비중증질병비급여형,피보험자가 질병으로 의료기관에 입원 또는 통원하여 산정특례대상질환이 아닌 질환으로 비급여치료 또는 처방조제를 받은 때 (비급여 자기공명영상진단 제외),"1,000만원  원",1857  원,"3,308  원",2.00 %,,,,,,,실손의료보험_상품비교_20260608162243713.xls,교보생명,"교보실손의료비보험Ⅴ [D](무배당,갱신형)",특약,비중증질병비급여형,피보험자가 질병으로 의료기관에 입원 또는 통원하여 산정특례대상질환이 아닌 질환으로 비급여치료 또는 처방조제를 받은 때 (비급여 자기공명영상진단 제외),"1,000만원  원",1857  원,"3,308  원",2.00 %,87.8 %,90.4 %,-,-,-,-,,갱신형,비유니버셜,TM,2026-05-06,"■필수기재사항 1. 가입나이 : 최초가입계약 - (최초계약) 0세(태아포함) ~ 60세,(갱신계약) 1세 ~ 99세, 재가입계약 - (최초계약) 5세 ~ 99세,(갱신계약) 6세 ~ 99세 2. 보험기간 : 1년만기(갱신형), 전기납 ■ 선택기재사항 1. 보험료 예시 : 주계약(질병급여형+상해급여형) 특약1(중증질병비급여형+중증상해비급여형+중증3대비급여형) 특약2(비중증질병비급여형+비중증상해비급여형+비중증비급여자기공명영상진단형) 비위험 5,000만원(입원 및 통원 합산 연간)/20만원(통원 1회당), 40세, 1년 만기, 전기월납, 기준 2. 보험가격지수 예시 : 가입당시 40세(비위험), 급여 및 중증비급여 질병/상해 의료비 각 5,000만원, 중증3대비급여특약(비급여 근골격계 이학요법치료·체외충격파치료 350만원, 비급여 주사료 250만원, 비급여 자기공명영상진단 300만원), 비중증비급여 질병/상해 의료비 각 1,000만원, 비중증비급여자기공명영상진단 200만원, 1년만기, 전기납, 월납을 기준으로 작성 3. 기타 : 보험료 변경주기 - 1년, 보장내용 변경주기 - 5년(최대 4회 갱신)",02-1588-1001
교보생명,"교보실손의료비보험Ⅴ [D](무배당,갱신형)",특약,비중증상해비급여형,피보험자가 상해로 의료기관에 입원 또는 통원하여 산정특례대상질환이 아닌 질환으로 비급여치료 또는 처방조제를 받은 때 (비급여 자기공명영상진단 제외),"1,000만원  원",582  원,283  원,2.00 %,,,,,,,실손의료보험_상품비교_20260608162243713.xls,교보생명,"교보실손의료비보험Ⅴ [D](무배당,갱신형)",특약,비중증상해비급여형,피보험자가 상해로 의료기관에 입원 또는 통원하여 산정특례대상질환이 아닌 질환으로 비급여치료 또는 처방조제를 받은 때 (비급여 자기공명영상진단 제외),"1,000만원  원",582  원,283  원,2.00 %,87.8 %,90.4 %,-,-,-,-,,갱신형,비유니버셜,TM,2026-05-06,"■필수기재사항 1. 가입나이 : 최초가입계약 - (최초계약) 0세(태아포함) ~ 60세,(갱신계약) 1세 ~ 99세, 재가입계약 - (최초계약) 5세 ~ 99세,(갱신계약) 6세 ~ 99세 2. 보험기간 : 1년만기(갱신형), 전기납 ■ 선택기재사항 1. 보험료 예시 : 주계약(질병급여형+상해급여형) 특약1(중증질병비급여형+중증상해비급여형+중증3대비급여형) 특약2(비중증질병비급여형+비중증상해비급여형+비중증비급여자기공명영상진단형) 비위험 5,000만원(입원 및 통원 합산 연간)/20만원(통원 1회당), 40세, 1년 만기, 전기월납, 기준 2. 보험가격지수 예시 : 가입당시 40세(비위험), 급여 및 중증비급여 질병/상해 의료비 각 5,000만원, 중증3대비급여특약(비급여 근골격계 이학요법치료·체외충격파치료 350만원, 비급여 주사료 250만원, 비급여 자기공명영상진단 300만원), 비중증비급여 질병/상해 의료비 각 1,000만원, 비중증비급여자기공명영상진단 200만원, 1년만기, 전기납, 월납을 기준으로 작성 3. 기타 : 보험료 변경주기 - 1년, 보장내용 변경주기 - 5년(최대 4회 갱신)",02-1588-1001
교보생명,"교보실손의료비보험Ⅴ [D](무배당,갱신형)",특약,비중증비급여자기공명영상진단형,피보험자가 상해 또는 질병으로의료기관에 입원 또는 통원하여 산정특례대상질환이 아닌 질환으로 비급여 치료를 위해 자기공명영상진단을 받은 때,200만원  원,856  원,641  원,2.00 %,,,,,,,실손의료보험_상품비교_20260608162243713.xls,교보생명,"교보실손의료비보험Ⅴ [D](무배당,갱신형)",특약,비중증비급여자기공명영상진단형,피보험자가 상해 또는 질병으로의료기관에 입원 또는 통원하여 산정특례대상질환이 아닌 질환으로 비급여 치료를 위해 자기공명영상진단을 받은 때,200만원  원,856  원,641  원,2.00 %,87.8 %,90.4 %,-,-,-,-,,갱신형,비유니버셜,TM,2026-05-06,"■필수기재사항 1. 가입나이 : 최초가입계약 - (최초계약) 0세(태아포함) ~ 60세,(갱신계약) 1세 ~ 99세, 재가입계약 - (최초계약) 5세 ~ 99세,(갱신계약) 6세 ~ 99세 2. 보험기간 : 1년만기(갱신형), 전기납 ■ 선택기재사항 1. 보험료 예시 : 주계약(질병급여형+상해급여형) 특약1(중증질병비급여형+중증상해비급여형+중증3대비급여형) 특약2(비중증질병비급여형+비중증상해비급여형+비중증비급여자기공명영상진단형) 비위험 5,000만원(입원 및 통원 합산 연간)/20만원(통원 1회당), 40세, 1년 만기, 전기월납, 기준 2. 보험가격지수 예시 : 가입당시 40세(비위험), 급여 및 중증비급여 질병/상해 의료비 각 5,000만원, 중증3대비급여특약(비급여 근골격계 이학요법치료·체외충격파치료 350만원, 비급여 주사료 250만원, 비급여 자기공명영상진단 300만원), 비중증비급여 질병/상해 의료비 각 1,000만원, 비중증비급여자기공명영상진단 200만원, 1년만기, 전기납, 월납을 기준으로 작성 3. 기타 : 보험료 변경주기 - 1년, 보장내용 변경주기 - 5년(최대 4회 갱신)",02-1588-1001
DB생명,(무)DB 기본형 급여 실손의료비보장보험(갱신형)(2605),주계약,상해급여,피보험자가 상해로 인하여 의료기관에 입원 또는 통원하여 급여 치료를 받거나 급여 처방조제를 받은 경우에 보장,용어해설 참조,1101  원,682  원,2.50 %,,,,,,,실손의료보험_상품비교_20260608162243713.xls,DB생명,(무)DB 기본형 급여 실손의료비보장보험(갱신형)(2605),주계약,상해급여,피보험자가 상해로 인하여 의료기관에 입원 또는 통원하여 급여 치료를 받거나 급여 처방조제를 받은 경우에 보장,용어해설 참조,1101  원,682  원,2.50 %,120.2 %,120.4 %,-,-,-,-,,갱신형,비유니버셜,대면채널,2026-05-06,"○ 가입연령 : [최초계약] 0세~최고 60세 ○ 보험기간 : 1년 만기 ○ 납입기간 : 전기납 ○ 보장내용 변경주기 : 5년 ○ 재가입 종료나이 : 100세 ○ 보험료 및 보험가격지수 예시기준  : 40세, 상해 1급, 주계약 “상해급여 입ㆍ통원 합산 연간 5,000만원 한도(단, 통원 회당 20만원 한도), 질병급여 입ㆍ통원 합산 연간 5,000만원 한도(단, 통원 회당 20만원 한도)”, 중증 비급여특약 “상해비급여 입ㆍ통원 합산 연간 5,000만원 한도(단, 통원 회당 20만원(연간 100회) 한도), 질병비급여 입ㆍ통원 합산 연간 5,000만원 한도(단, 통원 회당 20만원(연간 100회) 한도), 3대비급여 ①근골격계 이학요법치료ㆍ체외충격파치료 연간 350만원(50회 한도), ②주사료 연간 250만원(50회 한도), ③자기공명영상진단(MRI/MRA) 연간 300만원”, 비중증 비급여특약 “상해비급여 입ㆍ통원 합산 연간 1,000만원 한도(단, 통원 일당 20만원(연간 100일) 한도), 질병비급여 입ㆍ통원 합산 연간 1,000만원 한도(단, 통원 일당 20만원(연간 100일) 한도), 비급여 자기공명영상진단(MRI/MRA) 연간 200만원”, 1년 만기, 1년납, 월납, 비급여 요율상대도(보험료 할인ㆍ할증) 미적용 ※기타 자세한 사항은 상품요약서 참조",1588-3131
DB생명,(무)DB 기본형 급여 실손의료비보장보험(갱신형)(2605),주계약,질병급여,피보험자가 질병으로 인하여 의료기관에 입원 또는 통원하여 급여 치료를 받거나 급여 처방조제를 받은 경우에 보장,용어해설 참조,6195  원,"7,899  원",2.50 %,,,,,,,실손의료보험_상품비교_20260608162243713.xls,DB생명,(무)DB 기본형 급여 실손의료비보장보험(갱신형)(2605),주계약,질병급여,피보험자가 질병으로 인하여 의료기관에 입원 또는 통원하여 급여 치료를 받거나 급여 처방조제를 받은 경우에 보장,용어해설 참조,6195  원,"7,899  원",2.50 %,120.2 %,120.4 %,-,-,-,-,,갱신형,비유니버셜,대면채널,2026-05-06,"○ 가입연령 : [최초계약] 0세~최고 60세 ○ 보험기간 : 1년 만기 ○ 납입기간 : 전기납 ○ 보장내용 변경주기 : 5년 ○ 재가입 종료나이 : 100세 ○ 보험료 및 보험가격지수 예시기준  : 40세, 상해 1급, 주계약 “상해급여 입ㆍ통원 합산 연간 5,000만원 한도(단, 통원 회당 20만원 한도), 질병급여 입ㆍ통원 합산 연간 5,000만원 한도(단, 통원 회당 20만원 한도)”, 중증 비급여특약 “상해비급여 입ㆍ통원 합산 연간 5,000만원 한도(단, 통원 회당 20만원(연간 100회) 한도), 질병비급여 입ㆍ통원 합산 연간 5,000만원 한도(단, 통원 회당 20만원(연간 100회) 한도), 3대비급여 ①근골격계 이학요법치료ㆍ체외충격파치료 연간 350만원(50회 한도), ②주사료 연간 250만원(50회 한도), ③자기공명영상진단(MRI/MRA) 연간 300만원”, 비중증 비급여특약 “상해비급여 입ㆍ통원 합산 연간 1,000만원 한도(단, 통원 일당 20만원(연간 100일) 한도), 질병비급여 입ㆍ통원 합산 연간 1,000만원 한도(단, 통원 일당 20만원(연간 100일) 한도), 비급여 자기공명영상진단(MRI/MRA) 연간 200만원”, 1년 만기, 1년납, 월납, 비급여 요율상대도(보험료 할인ㆍ할증) 미적용 ※기타 자세한 사항은 상품요약서 참조",1588-3131
DB생명,(무)DB 기본형 급여 실손의료비보장보험(갱신형)(2605),특약,(무)DB 중증 비급여 실손의료비보장특약(갱신형)(2605)(상해비급여형),피보험자가 상해로 인하여 의료기관에 입원 또는 통원하여 산정특례 대상 질환에 대한 비급여 치료를 받거나 비급여 처방조제를 받은 경우에 보상(3대 비급여 제외),용어해설 참조,14  원,5  원,2.50 %,,,,,,,실손의료보험_상품비교_20260608162243713.xls,DB생명,(무)DB 기본형 급여 실손의료비보장보험(갱신형)(2605),특약,(무)DB 중증 비급여 실손의료비보장특약(갱신형)(2605)(상해비급여형),피보험자가 상해로 인하여 의료기관에 입원 또는 통원하여 산정특례 대상 질환에 대한 비급여 치료를 받거나 비급여 처방조제를 받은 경우에 보상(3대 비급여 제외),용어해설 참조,14  원,5  원,2.50 %,120.2 %,120.4 %,-,-,-,-,,갱신형,비유니버셜,대면채널,2026-05-06,"○ 가입연령 : [최초계약] 0세~최고 60세 ○ 보험기간 : 1년 만기 ○ 납입기간 : 전기납 ○ 보장내용 변경주기 : 5년 ○ 재가입 종료나이 : 100세 ○ 보험료 및 보험가격지수 예시기준  : 40세, 상해 1급, 주계약 “상해급여 입ㆍ통원 합산 연간 5,000만원 한도(단, 통원 회당 20만원 한도), 질병급여 입ㆍ통원 합산 연간 5,000만원 한도(단, 통원 회당 20만원 한도)”, 중증 비급여특약 “상해비급여 입ㆍ통원 합산 연간 5,000만원 한도(단, 통원 회당 20만원(연간 100회) 한도), 질병비급여 입ㆍ통원 합산 연간 5,000만원 한도(단, 통원 회당 20만원(연간 100회) 한도), 3대비급여 ①근골격계 이학요법치료ㆍ체외충격파치료 연간 350만원(50회 한도), ②주사료 연간 250만원(50회 한도), ③자기공명영상진단(MRI/MRA) 연간 300만원”, 비중증 비급여특약 “상해비급여 입ㆍ통원 합산 연간 1,000만원 한도(단, 통원 일당 20만원(연간 100일) 한도), 질병비급여 입ㆍ통원 합산 연간 1,000만원 한도(단, 통원 일당 20만원(연간 100일) 한도), 비급여 자기공명영상진단(MRI/MRA) 연간 200만원”, 1년 만기, 1년납, 월납, 비급여 요율상대도(보험료 할인ㆍ할증) 미적용 ※기타 자세한 사항은 상품요약서 참조",1588-3131
DB생명,(무)DB 기본형 급여 실손의료비보장보험(갱신형)(2605),특약,(무)DB 중증 비급여 실손의료비보장특약(갱신형)(2605)(질병비급여형),피보험자가 질병으로 인하여 의료기관에 입원 또는 통원하여 산정특례 대상 질환에 대한 비급여 치료를 받거나 비급여 처방조제를 받은 경우에 보상(3대 비급여 제외),용어해설 참조,433  원,765  원,2.50 %,,,,,,,실손의료보험_상품비교_20260608162243713.xls,DB생명,(무)DB 기본형 급여 실손의료비보장보험(갱신형)(2605),특약,(무)DB 중증 비급여 실손의료비보장특약(갱신형)(2605)(질병비급여형),피보험자가 질병으로 인하여 의료기관에 입원 또는 통원하여 산정특례 대상 질환에 대한 비급여 치료를 받거나 비급여 처방조제를 받은 경우에 보상(3대 비급여 제외),용어해설 참조,433  원,765  원,2.50 %,120.2 %,120.4 %,-,-,-,-,,갱신형,비유니버셜,대면채널,2026-05-06,"○ 가입연령 : [최초계약] 0세~최고 60세 ○ 보험기간 : 1년 만기 ○ 납입기간 : 전기납 ○ 보장내용 변경주기 : 5년 ○ 재가입 종료나이 : 100세 ○ 보험료 및 보험가격지수 예시기준  : 40세, 상해 1급, 주계약 “상해급여 입ㆍ통원 합산 연간 5,000만원 한도(단, 통원 회당 20만원 한도), 질병급여 입ㆍ통원 합산 연간 5,000만원 한도(단, 통원 회당 20만원 한도)”, 중증 비급여특약 “상해비급여 입ㆍ통원 합산 연간 5,000만원 한도(단, 통원 회당 20만원(연간 100회) 한도), 질병비급여 입ㆍ통원 합산 연간 5,000만원 한도(단, 통원 회당 20만원(연간 100회) 한도), 3대비급여 ①근골격계 이학요법치료ㆍ체외충격파치료 연간 350만원(50회 한도), ②주사료 연간 250만원(50회 한도), ③자기공명영상진단(MRI/MRA) 연간 300만원”, 비중증 비급여특약 “상해비급여 입ㆍ통원 합산 연간 1,000만원 한도(단, 통원 일당 20만원(연간 100일) 한도), 질병비급여 입ㆍ통원 합산 연간 1,000만원 한도(단, 통원 일당 20만원(연간 100일) 한도), 비급여 자기공명영상진단(MRI/MRA) 연간 200만원”, 1년 만기, 1년납, 월납, 비급여 요율상대도(보험료 할인ㆍ할증) 미적용 ※기타 자세한 사항은 상품요약서 참조",1588-3131
DB생명,(무)DB 기본형 급여 실손의료비보장보험(갱신형)(2605),특약,(무)DB 중증 비급여 실손의료비보장특약(갱신형)(2605)(3대비급여형),피보험자가 상해 또는 질병의 치료목적으로 의료기관에 입원 또는 통원하여 산정특례 대상 질환에 대한 3대비급여 치료를 받은 경우에 보상,용어해설 참조,28  원,110  원,2.50 %,,,,,,,실손의료보험_상품비교_20260608162243713.xls,DB생명,(무)DB 기본형 급여 실손의료비보장보험(갱신형)(2605),특약,(무)DB 중증 비급여 실손의료비보장특약(갱신형)(2605)(3대비급여형),피보험자가 상해 또는 질병의 치료목적으로 의료기관에 입원 또는 통원하여 산정특례 대상 질환에 대한 3대비급여 치료를 받은 경우에 보상,용어해설 참조,28  원,110  원,2.50 %,120.2 %,120.4 %,-,-,-,-,,갱신형,비유니버셜,대면채널,2026-05-06,"○ 가입연령 : [최초계약] 0세~최고 60세 ○ 보험기간 : 1년 만기 ○ 납입기간 : 전기납 ○ 보장내용 변경주기 : 5년 ○ 재가입 종료나이 : 100세 ○ 보험료 및 보험가격지수 예시기준  : 40세, 상해 1급, 주계약 “상해급여 입ㆍ통원 합산 연간 5,000만원 한도(단, 통원 회당 20만원 한도), 질병급여 입ㆍ통원 합산 연간 5,000만원 한도(단, 통원 회당 20만원 한도)”, 중증 비급여특약 “상해비급여 입ㆍ통원 합산 연간 5,000만원 한도(단, 통원 회당 20만원(연간 100회) 한도), 질병비급여 입ㆍ통원 합산 연간 5,000만원 한도(단, 통원 회당 20만원(연간 100회) 한도), 3대비급여 ①근골격계 이학요법치료ㆍ체외충격파치료 연간 350만원(50회 한도), ②주사료 연간 250만원(50회 한도), ③자기공명영상진단(MRI/MRA) 연간 300만원”, 비중증 비급여특약 “상해비급여 입ㆍ통원 합산 연간 1,000만원 한도(단, 통원 일당 20만원(연간 100일) 한도), 질병비급여 입ㆍ통원 합산 연간 1,000만원 한도(단, 통원 일당 20만원(연간 100일) 한도), 비급여 자기공명영상진단(MRI/MRA) 연간 200만원”, 1년 만기, 1년납, 월납, 비급여 요율상대도(보험료 할인ㆍ할증) 미적용 ※기타 자세한 사항은 상품요약서 참조",1588-3131
DB생명,(무)DB 기본형 급여 실손의료비보장보험(갱신형)(2605),특약,(무)DB 비중증 비급여 실손의료비보장특약(갱신형)(2605)(상해비급여형),피보험자가 상해로 인하여 의료기관에 입원 또는 통원하여 산정특례 대상 질환 외 비급여 치료를 받거나 비급여 처방조제를 받은 경우에 보상(3대 비급여 제외),용어해설 참조,755  원,374  원,2.50 %,,,,,,,실손의료보험_상품비교_20260608162243713.xls,DB생명,(무)DB 기본형 급여 실손의료비보장보험(갱신형)(2605),특약,(무)DB 비중증 비급여 실손의료비보장특약(갱신형)(2605)(상해비급여형),피보험자가 상해로 인하여 의료기관에 입원 또는 통원하여 산정특례 대상 질환 외 비급여 치료를 받거나 비급여 처방조제를 받은 경우에 보상(3대 비급여 제외),용어해설 참조,755  원,374  원,2.50 %,120.2 %,120.4 %,-,-,-,-,,갱신형,비유니버셜,대면채널,2026-05-06,"○ 가입연령 : [최초계약] 0세~최고 60세 ○ 보험기간 : 1년 만기 ○ 납입기간 : 전기납 ○ 보장내용 변경주기 : 5년 ○ 재가입 종료나이 : 100세 ○ 보험료 및 보험가격지수 예시기준  : 40세, 상해 1급, 주계약 “상해급여 입ㆍ통원 합산 연간 5,000만원 한도(단, 통원 회당 20만원 한도), 질병급여 입ㆍ통원 합산 연간 5,000만원 한도(단, 통원 회당 20만원 한도)”, 중증 비급여특약 “상해비급여 입ㆍ통원 합산 연간 5,000만원 한도(단, 통원 회당 20만원(연간 100회) 한도), 질병비급여 입ㆍ통원 합산 연간 5,000만원 한도(단, 통원 회당 20만원(연간 100회) 한도), 3대비급여 ①근골격계 이학요법치료ㆍ체외충격파치료 연간 350만원(50회 한도), ②주사료 연간 250만원(50회 한도), ③자기공명영상진단(MRI/MRA) 연간 300만원”, 비중증 비급여특약 “상해비급여 입ㆍ통원 합산 연간 1,000만원 한도(단, 통원 일당 20만원(연간 100일) 한도), 질병비급여 입ㆍ통원 합산 연간 1,000만원 한도(단, 통원 일당 20만원(연간 100일) 한도), 비급여 자기공명영상진단(MRI/MRA) 연간 200만원”, 1년 만기, 1년납, 월납, 비급여 요율상대도(보험료 할인ㆍ할증) 미적용 ※기타 자세한 사항은 상품요약서 참조",1588-3131
DB생명,(무)DB 기본형 급여 실손의료비보장보험(갱신형)(2605),특약,(무)DB 비중증 비급여 실손의료비보장특약(갱신형)(2605)(질병비급여형),피보험자가 질병으로 인하여 의료기관에 입원 또는 통원하여 산정특례 대상 질환 외 비급여 치료를 받거나 비급여 처방조제를 받은 경우에 보상(3대 비급여 제외),용어해설 참조,2349  원,"4,253  원",2.50 %,,,,,,,실손의료보험_상품비교_20260608162243713.xls,DB생명,(무)DB 기본형 급여 실손의료비보장보험(갱신형)(2605),특약,(무)DB 비중증 비급여 실손의료비보장특약(갱신형)(2605)(질병비급여형),피보험자가 질병으로 인하여 의료기관에 입원 또는 통원하여 산정특례 대상 질환 외 비급여 치료를 받거나 비급여 처방조제를 받은 경우에 보상(3대 비급여 제외),용어해설 참조,2349  원,"4,253  원",2.50 %,120.2 %,120.4 %,-,-,-,-,,갱신형,비유니버셜,대면채널,2026-05-06,"○ 가입연령 : [최초계약] 0세~최고 60세 ○ 보험기간 : 1년 만기 ○ 납입기간 : 전기납 ○ 보장내용 변경주기 : 5년 ○ 재가입 종료나이 : 100세 ○ 보험료 및 보험가격지수 예시기준  : 40세, 상해 1급, 주계약 “상해급여 입ㆍ통원 합산 연간 5,000만원 한도(단, 통원 회당 20만원 한도), 질병급여 입ㆍ통원 합산 연간 5,000만원 한도(단, 통원 회당 20만원 한도)”, 중증 비급여특약 “상해비급여 입ㆍ통원 합산 연간 5,000만원 한도(단, 통원 회당 20만원(연간 100회) 한도), 질병비급여 입ㆍ통원 합산 연간 5,000만원 한도(단, 통원 회당 20만원(연간 100회) 한도), 3대비급여 ①근골격계 이학요법치료ㆍ체외충격파치료 연간 350만원(50회 한도), ②주사료 연간 250만원(50회 한도), ③자기공명영상진단(MRI/MRA) 연간 300만원”, 비중증 비급여특약 “상해비급여 입ㆍ통원 합산 연간 1,000만원 한도(단, 통원 일당 20만원(연간 100일) 한도), 질병비급여 입ㆍ통원 합산 연간 1,000만원 한도(단, 통원 일당 20만원(연간 100일) 한도), 비급여 자기공명영상진단(MRI/MRA) 연간 200만원”, 1년 만기, 1년납, 월납, 비급여 요율상대도(보험료 할인ㆍ할증) 미적용 ※기타 자세한 사항은 상품요약서 참조",1588-3131
DB생명,(무)DB 기본형 급여 실손의료비보장보험(갱신형)(2605),특약,(무)DB 비중증 비급여 실손의료비보장특약(갱신형)(2605)(비급여 자기공명영상진단형),피보험자가 산정특례 대상 질환 외 상해 또는 질병의 치료목적으로 의료기관에 입원 또는 통원하여 비급여 자기공명영상진단을 받은 경우에 보상,용어해설 참조,984  원,761  원,2.50 %,,,,,,,실손의료보험_상품비교_20260608162243713.xls,DB생명,(무)DB 기본형 급여 실손의료비보장보험(갱신형)(2605),특약,(무)DB 비중증 비급여 실손의료비보장특약(갱신형)(2605)(비급여 자기공명영상진단형),피보험자가 산정특례 대상 질환 외 상해 또는 질병의 치료목적으로 의료기관에 입원 또는 통원하여 비급여 자기공명영상진단을 받은 경우에 보상,용어해설 참조,984  원,761  원,2.50 %,120.2 %,120.4 %,-,-,-,-,,갱신형,비유니버셜,대면채널,2026-05-06,"○ 가입연령 : [최초계약] 0세~최고 60세 ○ 보험기간 : 1년 만기 ○ 납입기간 : 전기납 ○ 보장내용 변경주기 : 5년 ○ 재가입 종료나이 : 100세 ○ 보험료 및 보험가격지수 예시기준  : 40세, 상해 1급, 주계약 “상해급여 입ㆍ통원 합산 연간 5,000만원 한도(단, 통원 회당 20만원 한도), 질병급여 입ㆍ통원 합산 연간 5,000만원 한도(단, 통원 회당 20만원 한도)”, 중증 비급여특약 “상해비급여 입ㆍ통원 합산 연간 5,000만원 한도(단, 통원 회당 20만원(연간 100회) 한도), 질병비급여 입ㆍ통원 합산 연간 5,000만원 한도(단, 통원 회당 20만원(연간 100회) 한도), 3대비급여 ①근골격계 이학요법치료ㆍ체외충격파치료 연간 350만원(50회 한도), ②주사료 연간 250만원(50회 한도), ③자기공명영상진단(MRI/MRA) 연간 300만원”, 비중증 비급여특약 “상해비급여 입ㆍ통원 합산 연간 1,000만원 한도(단, 통원 일당 20만원(연간 100일) 한도), 질병비급여 입ㆍ통원 합산 연간 1,000만원 한도(단, 통원 일당 20만원(연간 100일) 한도), 비급여 자기공명영상진단(MRI/MRA) 연간 200만원”, 1년 만기, 1년납, 월납, 비급여 요율상대도(보험료 할인ㆍ할증) 미적용 ※기타 자세한 사항은 상품요약서 참조",1588-3131
DB생명,(무)DB 기본형 급여 실손의료비보장보험(계약전환용)(갱신형),주계약,상해급여,피보험자가 상해로 인하여 의료기관에 입원 또는 통원하여 급여 치료를 받거나 급여 처방조제를 받은 경우에 보장,용어해설 참조,1011  원,626  원,2.50 %,,,,,,,실손의료보험_상품비교_20260608162243713.xls,DB생명,(무)DB 기본형 급여 실손의료비보장보험(계약전환용)(갱신형),주계약,상해급여,피보험자가 상해로 인하여 의료기관에 입원 또는 통원하여 급여 치료를 받거나 급여 처방조제를 받은 경우에 보장,용어해설 참조,1011  원,626  원,2.50 %,110.4 %,110.6 %,-,-,-,-,,갱신형,비유니버셜,대면채널,2026-05-06,"○ 가입연령 : [최초계약] 0세~최고 99세 ○ 보험기간 : 1년 만기 ○ 납입기간 : 전기납 ○ 보장내용 변경주기 : 5년 ○ 재가입 종료나이 : 100세 ○ 보험료 및 보험가격지수 예시기준  : 40세, 상해 1급, 주계약 “상해급여 입ㆍ통원 합산 연간 5,000만원 한도(단, 통원 회당 20만원 한도), 질병급여 입ㆍ통원 합산 연간 5,000만원 한도(단, 통원 회당 20만원 한도)”, 중증 비급여특약 “상해비급여 입ㆍ통원 합산 연간 5,000만원 한도(단, 통원 회당 20만원(연간 100회) 한도), 질병비급여 입ㆍ통원 합산 연간 5,000만원 한도(단, 통원 회당 20만원(연간 100회) 한도), 3대비급여 ①근골격계 이학요법치료ㆍ체외충격파치료 연간 350만원(50회 한도), ②주사료 연간 250만원(50회 한도), ③자기공명영상진단(MRI/MRA) 연간 300만원”, 비중증 비급여특약 “상해비급여 입ㆍ통원 합산 연간 1,000만원 한도(단, 통원 일당 20만원(연간 100일) 한도), 질병비급여 입ㆍ통원 합산 연간 1,000만원 한도(단, 통원 일당 20만원(연간 100일) 한도), 비급여 자기공명영상진단(MRI/MRA) 연간 200만원”, 1년 만기, 1년납, 월납, 비급여 요율상대도(보험료 할인ㆍ할증) 미적용 ※기타 자세한 사항은 상품요약서 참조",1588-3131
DB생명,(무)DB 기본형 급여 실손의료비보장보험(계약전환용)(갱신형),주계약,질병급여,피보험자가 질병으로 인하여 의료기관에 입원 또는 통원하여 급여 치료를 받거나 급여 처방조제를 받은 경우에 보장,용어해설 참조,5689  원,"7,254  원",2.50 %,,,,,,,실손의료보험_상품비교_20260608162243713.xls,DB생명,(무)DB 기본형 급여 실손의료비보장보험(계약전환용)(갱신형),주계약,질병급여,피보험자가 질병으로 인하여 의료기관에 입원 또는 통원하여 급여 치료를 받거나 급여 처방조제를 받은 경우에 보장,용어해설 참조,5689  원,"7,254  원",2.50 %,110.4 %,110.6 %,-,-,-,-,,갱신형,비유니버셜,대면채널,2026-05-06,"○ 가입연령 : [최초계약] 0세~최고 99세 ○ 보험기간 : 1년 만기 ○ 납입기간 : 전기납 ○ 보장내용 변경주기 : 5년 ○ 재가입 종료나이 : 100세 ○ 보험료 및 보험가격지수 예시기준  : 40세, 상해 1급, 주계약 “상해급여 입ㆍ통원 합산 연간 5,000만원 한도(단, 통원 회당 20만원 한도), 질병급여 입ㆍ통원 합산 연간 5,000만원 한도(단, 통원 회당 20만원 한도)”, 중증 비급여특약 “상해비급여 입ㆍ통원 합산 연간 5,000만원 한도(단, 통원 회당 20만원(연간 100회) 한도), 질병비급여 입ㆍ통원 합산 연간 5,000만원 한도(단, 통원 회당 20만원(연간 100회) 한도), 3대비급여 ①근골격계 이학요법치료ㆍ체외충격파치료 연간 350만원(50회 한도), ②주사료 연간 250만원(50회 한도), ③자기공명영상진단(MRI/MRA) 연간 300만원”, 비중증 비급여특약 “상해비급여 입ㆍ통원 합산 연간 1,000만원 한도(단, 통원 일당 20만원(연간 100일) 한도), 질병비급여 입ㆍ통원 합산 연간 1,000만원 한도(단, 통원 일당 20만원(연간 100일) 한도), 비급여 자기공명영상진단(MRI/MRA) 연간 200만원”, 1년 만기, 1년납, 월납, 비급여 요율상대도(보험료 할인ㆍ할증) 미적용 ※기타 자세한 사항은 상품요약서 참조",1588-3131
DB생명,(무)DB 기본형 급여 실손의료비보장보험(계약전환용)(갱신형),특약,(무)DB 중증 비급여 실손의료비보장특약(계약전환용)(갱신형)(상해비급여형),피보험자가 상해로 인하여 의료기관에 입원 또는 통원하여 산정특례 대상 질환에 대한 비급여 치료를 받거나 비급여 처방조제를 받은 경우에 보상(3대 비급여 제외),용어해설 참조,13  원,5  원,2.50 %,,,,,,,실손의료보험_상품비교_20260608162243713.xls,DB생명,(무)DB 기본형 급여 실손의료비보장보험(계약전환용)(갱신형),특약,(무)DB 중증 비급여 실손의료비보장특약(계약전환용)(갱신형)(상해비급여형),피보험자가 상해로 인하여 의료기관에 입원 또는 통원하여 산정특례 대상 질환에 대한 비급여 치료를 받거나 비급여 처방조제를 받은 경우에 보상(3대 비급여 제외),용어해설 참조,13  원,5  원,2.50 %,110.4 %,110.6 %,-,-,-,-,,갱신형,비유니버셜,대면채널,2026-05-06,"○ 가입연령 : [최초계약] 0세~최고 99세 ○ 보험기간 : 1년 만기 ○ 납입기간 : 전기납 ○ 보장내용 변경주기 : 5년 ○ 재가입 종료나이 : 100세 ○ 보험료 및 보험가격지수 예시기준  : 40세, 상해 1급, 주계약 “상해급여 입ㆍ통원 합산 연간 5,000만원 한도(단, 통원 회당 20만원 한도), 질병급여 입ㆍ통원 합산 연간 5,000만원 한도(단, 통원 회당 20만원 한도)”, 중증 비급여특약 “상해비급여 입ㆍ통원 합산 연간 5,000만원 한도(단, 통원 회당 20만원(연간 100회) 한도), 질병비급여 입ㆍ통원 합산 연간 5,000만원 한도(단, 통원 회당 20만원(연간 100회) 한도), 3대비급여 ①근골격계 이학요법치료ㆍ체외충격파치료 연간 350만원(50회 한도), ②주사료 연간 250만원(50회 한도), ③자기공명영상진단(MRI/MRA) 연간 300만원”, 비중증 비급여특약 “상해비급여 입ㆍ통원 합산 연간 1,000만원 한도(단, 통원 일당 20만원(연간 100일) 한도), 질병비급여 입ㆍ통원 합산 연간 1,000만원 한도(단, 통원 일당 20만원(연간 100일) 한도), 비급여 자기공명영상진단(MRI/MRA) 연간 200만원”, 1년 만기, 1년납, 월납, 비급여 요율상대도(보험료 할인ㆍ할증) 미적용 ※기타 자세한 사항은 상품요약서 참조",1588-3131
DB생명,(무)DB 기본형 급여 실손의료비보장보험(계약전환용)(갱신형),특약,(무)DB 중증 비급여 실손의료비보장특약(계약전환용)(갱신형)(질병비급여형),피보험자가 질병으로 인하여 의료기관에 입원 또는 통원하여 산정특례 대상 질환에 대한 비급여 치료를 받거나 비급여 처방조제를 받은 경우에 보상(3대 비급여 제외),용어해설 참조,397  원,703  원,2.50 %,,,,,,,실손의료보험_상품비교_20260608162243713.xls,DB생명,(무)DB 기본형 급여 실손의료비보장보험(계약전환용)(갱신형),특약,(무)DB 중증 비급여 실손의료비보장특약(계약전환용)(갱신형)(질병비급여형),피보험자가 질병으로 인하여 의료기관에 입원 또는 통원하여 산정특례 대상 질환에 대한 비급여 치료를 받거나 비급여 처방조제를 받은 경우에 보상(3대 비급여 제외),용어해설 참조,397  원,703  원,2.50 %,110.4 %,110.6 %,-,-,-,-,,갱신형,비유니버셜,대면채널,2026-05-06,"○ 가입연령 : [최초계약] 0세~최고 99세 ○ 보험기간 : 1년 만기 ○ 납입기간 : 전기납 ○ 보장내용 변경주기 : 5년 ○ 재가입 종료나이 : 100세 ○ 보험료 및 보험가격지수 예시기준  : 40세, 상해 1급, 주계약 “상해급여 입ㆍ통원 합산 연간 5,000만원 한도(단, 통원 회당 20만원 한도), 질병급여 입ㆍ통원 합산 연간 5,000만원 한도(단, 통원 회당 20만원 한도)”, 중증 비급여특약 “상해비급여 입ㆍ통원 합산 연간 5,000만원 한도(단, 통원 회당 20만원(연간 100회) 한도), 질병비급여 입ㆍ통원 합산 연간 5,000만원 한도(단, 통원 회당 20만원(연간 100회) 한도), 3대비급여 ①근골격계 이학요법치료ㆍ체외충격파치료 연간 350만원(50회 한도), ②주사료 연간 250만원(50회 한도), ③자기공명영상진단(MRI/MRA) 연간 300만원”, 비중증 비급여특약 “상해비급여 입ㆍ통원 합산 연간 1,000만원 한도(단, 통원 일당 20만원(연간 100일) 한도), 질병비급여 입ㆍ통원 합산 연간 1,000만원 한도(단, 통원 일당 20만원(연간 100일) 한도), 비급여 자기공명영상진단(MRI/MRA) 연간 200만원”, 1년 만기, 1년납, 월납, 비급여 요율상대도(보험료 할인ㆍ할증) 미적용 ※기타 자세한 사항은 상품요약서 참조",1588-3131
DB생명,(무)DB 기본형 급여 실손의료비보장보험(계약전환용)(갱신형),특약,(무)DB 중증 비급여 실손의료비보장특약(계약전환용)(갱신형)(3대비급여형),피보험자가 상해 또는 질병의 치료목적으로 의료기관에 입원 또는 통원하여 산정특례 대상 질환에 대한 3대비급여 치료를 받은 경우에 보상,용어해설 참조,26  원,101  원,2.50 %,,,,,,,실손의료보험_상품비교_20260608162243713.xls,DB생명,(무)DB 기본형 급여 실손의료비보장보험(계약전환용)(갱신형),특약,(무)DB 중증 비급여 실손의료비보장특약(계약전환용)(갱신형)(3대비급여형),피보험자가 상해 또는 질병의 치료목적으로 의료기관에 입원 또는 통원하여 산정특례 대상 질환에 대한 3대비급여 치료를 받은 경우에 보상,용어해설 참조,26  원,101  원,2.50 %,110.4 %,110.6 %,-,-,-,-,,갱신형,비유니버셜,대면채널,2026-05-06,"○ 가입연령 : [최초계약] 0세~최고 99세 ○ 보험기간 : 1년 만기 ○ 납입기간 : 전기납 ○ 보장내용 변경주기 : 5년 ○ 재가입 종료나이 : 100세 ○ 보험료 및 보험가격지수 예시기준  : 40세, 상해 1급, 주계약 “상해급여 입ㆍ통원 합산 연간 5,000만원 한도(단, 통원 회당 20만원 한도), 질병급여 입ㆍ통원 합산 연간 5,000만원 한도(단, 통원 회당 20만원 한도)”, 중증 비급여특약 “상해비급여 입ㆍ통원 합산 연간 5,000만원 한도(단, 통원 회당 20만원(연간 100회) 한도), 질병비급여 입ㆍ통원 합산 연간 5,000만원 한도(단, 통원 회당 20만원(연간 100회) 한도), 3대비급여 ①근골격계 이학요법치료ㆍ체외충격파치료 연간 350만원(50회 한도), ②주사료 연간 250만원(50회 한도), ③자기공명영상진단(MRI/MRA) 연간 300만원”, 비중증 비급여특약 “상해비급여 입ㆍ통원 합산 연간 1,000만원 한도(단, 통원 일당 20만원(연간 100일) 한도), 질병비급여 입ㆍ통원 합산 연간 1,000만원 한도(단, 통원 일당 20만원(연간 100일) 한도), 비급여 자기공명영상진단(MRI/MRA) 연간 200만원”, 1년 만기, 1년납, 월납, 비급여 요율상대도(보험료 할인ㆍ할증) 미적용 ※기타 자세한 사항은 상품요약서 참조",1588-3131
DB생명,(무)DB 기본형 급여 실손의료비보장보험(계약전환용)(갱신형),특약,(무)DB 비중증 비급여 실손의료비보장특약(계약전환용)(갱신형)(상해비급여형),피보험자가 상해로 인하여 의료기관에 입원 또는 통원하여 산정특례 대상 질환 외 비급여 치료를 받거나 비급여 처방조제를 받은 경우에 보상(3대 비급여 제외),용어해설 참조,694  원,343  원,2.50 %,,,,,,,실손의료보험_상품비교_20260608162243713.xls,DB생명,(무)DB 기본형 급여 실손의료비보장보험(계약전환용)(갱신형),특약,(무)DB 비중증 비급여 실손의료비보장특약(계약전환용)(갱신형)(상해비급여형),피보험자가 상해로 인하여 의료기관에 입원 또는 통원하여 산정특례 대상 질환 외 비급여 치료를 받거나 비급여 처방조제를 받은 경우에 보상(3대 비급여 제외),용어해설 참조,694  원,343  원,2.50 %,110.4 %,110.6 %,-,-,-,-,,갱신형,비유니버셜,대면채널,2026-05-06,"○ 가입연령 : [최초계약] 0세~최고 99세 ○ 보험기간 : 1년 만기 ○ 납입기간 : 전기납 ○ 보장내용 변경주기 : 5년 ○ 재가입 종료나이 : 100세 ○ 보험료 및 보험가격지수 예시기준  : 40세, 상해 1급, 주계약 “상해급여 입ㆍ통원 합산 연간 5,000만원 한도(단, 통원 회당 20만원 한도), 질병급여 입ㆍ통원 합산 연간 5,000만원 한도(단, 통원 회당 20만원 한도)”, 중증 비급여특약 “상해비급여 입ㆍ통원 합산 연간 5,000만원 한도(단, 통원 회당 20만원(연간 100회) 한도), 질병비급여 입ㆍ통원 합산 연간 5,000만원 한도(단, 통원 회당 20만원(연간 100회) 한도), 3대비급여 ①근골격계 이학요법치료ㆍ체외충격파치료 연간 350만원(50회 한도), ②주사료 연간 250만원(50회 한도), ③자기공명영상진단(MRI/MRA) 연간 300만원”, 비중증 비급여특약 “상해비급여 입ㆍ통원 합산 연간 1,000만원 한도(단, 통원 일당 20만원(연간 100일) 한도), 질병비급여 입ㆍ통원 합산 연간 1,000만원 한도(단, 통원 일당 20만원(연간 100일) 한도), 비급여 자기공명영상진단(MRI/MRA) 연간 200만원”, 1년 만기, 1년납, 월납, 비급여 요율상대도(보험료 할인ㆍ할증) 미적용 ※기타 자세한 사항은 상품요약서 참조",1588-3131
DB생명,(무)DB 기본형 급여 실손의료비보장보험(계약전환용)(갱신형),특약,(무)DB 비중증 비급여 실손의료비보장특약(계약전환용)(갱신형)(질병비급여형),피보험자가 질병으로 인하여 의료기관에 입원 또는 통원하여 산정특례 대상 질환 외 비급여 치료를 받거나 비급여 처방조제를 받은 경우에 보상(3대 비급여 제외),용어해설 참조,2157  원,"3,906  원",2.50 %,,,,,,,실손의료보험_상품비교_20260608162243713.xls,DB생명,(무)DB 기본형 급여 실손의료비보장보험(계약전환용)(갱신형),특약,(무)DB 비중증 비급여 실손의료비보장특약(계약전환용)(갱신형)(질병비급여형),피보험자가 질병으로 인하여 의료기관에 입원 또는 통원하여 산정특례 대상 질환 외 비급여 치료를 받거나 비급여 처방조제를 받은 경우에 보상(3대 비급여 제외),용어해설 참조,2157  원,"3,906  원",2.50 %,110.4 %,110.6 %,-,-,-,-,,갱신형,비유니버셜,대면채널,2026-05-06,"○ 가입연령 : [최초계약] 0세~최고 99세 ○ 보험기간 : 1년 만기 ○ 납입기간 : 전기납 ○ 보장내용 변경주기 : 5년 ○ 재가입 종료나이 : 100세 ○ 보험료 및 보험가격지수 예시기준  : 40세, 상해 1급, 주계약 “상해급여 입ㆍ통원 합산 연간 5,000만원 한도(단, 통원 회당 20만원 한도), 질병급여 입ㆍ통원 합산 연간 5,000만원 한도(단, 통원 회당 20만원 한도)”, 중증 비급여특약 “상해비급여 입ㆍ통원 합산 연간 5,000만원 한도(단, 통원 회당 20만원(연간 100회) 한도), 질병비급여 입ㆍ통원 합산 연간 5,000만원 한도(단, 통원 회당 20만원(연간 100회) 한도), 3대비급여 ①근골격계 이학요법치료ㆍ체외충격파치료 연간 350만원(50회 한도), ②주사료 연간 250만원(50회 한도), ③자기공명영상진단(MRI/MRA) 연간 300만원”, 비중증 비급여특약 “상해비급여 입ㆍ통원 합산 연간 1,000만원 한도(단, 통원 일당 20만원(연간 100일) 한도), 질병비급여 입ㆍ통원 합산 연간 1,000만원 한도(단, 통원 일당 20만원(연간 100일) 한도), 비급여 자기공명영상진단(MRI/MRA) 연간 200만원”, 1년 만기, 1년납, 월납, 비급여 요율상대도(보험료 할인ㆍ할증) 미적용 ※기타 자세한 사항은 상품요약서 참조",1588-3131
DB생명,(무)DB 기본형 급여 실손의료비보장보험(계약전환용)(갱신형),특약,(무)DB 비중증 비급여 실손의료비보장특약(계약전환용)(갱신형)(비급여 자기공명영상진단형),피보험자가 산정특례 대상 질환 외 상해 또는 질병의 치료목적으로 의료기관에 입원 또는 통원하여 비급여 자기공명영상진단을 받은 경우에 보상,용어해설 참조,904  원,699  원,2.50 %,,,,,,,실손의료보험_상품비교_20260608162243713.xls,DB생명,(무)DB 기본형 급여 실손의료비보장보험(계약전환용)(갱신형),특약,(무)DB 비중증 비급여 실손의료비보장특약(계약전환용)(갱신형)(비급여 자기공명영상진단형),피보험자가 산정특례 대상 질환 외 상해 또는 질병의 치료목적으로 의료기관에 입원 또는 통원하여 비급여 자기공명영상진단을 받은 경우에 보상,용어해설 참조,904  원,699  원,2.50 %,110.4 %,110.6 %,-,-,-,-,,갱신형,비유니버셜,대면채널,2026-05-06,"○ 가입연령 : [최초계약] 0세~최고 99세 ○ 보험기간 : 1년 만기 ○ 납입기간 : 전기납 ○ 보장내용 변경주기 : 5년 ○ 재가입 종료나이 : 100세 ○ 보험료 및 보험가격지수 예시기준  : 40세, 상해 1급, 주계약 “상해급여 입ㆍ통원 합산 연간 5,000만원 한도(단, 통원 회당 20만원 한도), 질병급여 입ㆍ통원 합산 연간 5,000만원 한도(단, 통원 회당 20만원 한도)”, 중증 비급여특약 “상해비급여 입ㆍ통원 합산 연간 5,000만원 한도(단, 통원 회당 20만원(연간 100회) 한도), 질병비급여 입ㆍ통원 합산 연간 5,000만원 한도(단, 통원 회당 20만원(연간 100회) 한도), 3대비급여 ①근골격계 이학요법치료ㆍ체외충격파치료 연간 350만원(50회 한도), ②주사료 연간 250만원(50회 한도), ③자기공명영상진단(MRI/MRA) 연간 300만원”, 비중증 비급여특약 “상해비급여 입ㆍ통원 합산 연간 1,000만원 한도(단, 통원 일당 20만원(연간 100일) 한도), 질병비급여 입ㆍ통원 합산 연간 1,000만원 한도(단, 통원 일당 20만원(연간 100일) 한도), 비급여 자기공명영상진단(MRI/MRA) 연간 200만원”, 1년 만기, 1년납, 월납, 비급여 요율상대도(보험료 할인ㆍ할증) 미적용 ※기타 자세한 사항은 상품요약서 참조",1588-3131
동양생명,(무)우리WON하는급여실손의료비보장보험(갱신형),주계약,상해급여,상품요약서참고,"5,000만원  원",974  원,639  원,2.25 %,,,,,,,실손의료보험_상품비교_20260608162243713.xls,동양생명,(무)우리WON하는급여실손의료비보장보험(갱신형),주계약,상해급여,상품요약서참고,"5,000만원  원",974  원,639  원,2.25 %,112.2 %,112.4 %,-,-,-,-,,갱신형,비유니버셜,대면채널  TM  기타,2026-05-06,"1. 가입나이: 태아~50 세 2. 보험료 및 보험가격지수 기준: 주계약+급여특약+특별약관 1(중증비급여특약)+특별약관 2(비중증비급여특약) 가입연령 40 세, 남자·여자, 상해 1 급, 상해급여 입·통원 합산 연간 5,000 만원 한도(단, 통원 회당20 만원 한도), 질병급여 입·통원 합산 연간 5,000 만원 한도(단, 통원 회당 20 만원 한도), 특별약관 1 상해비급여 입·통원 합산 연간 5,000 만원 한도(단, 통원 회당 20 만원(연간 100 회)한도), 특별약관 1 질병비급여 입·통원 합산 연간 5,000 만원 한도(단, 통원 회당 20 만원(연간 100 회) 한도), 특별약관 1 3 대비급여(근골격계 이학요법치료·체외충격파치료 연간 350 만원(50 회 한도), 주사료 연간 250 만원(50 회 한도), 자기공명영상진단 연간 300 만원), 특별약관 2 상해비급여 입·통원 합산 연간 1,000 만원 한도(단, 통원 일당 20 만원 한도), 특별약관 2 질병비급여 입·통원 합산 연간 1,000 만원 한도(단, 통원 일당 20 만원 한도), 비급여 자기공명영상진단 연간 200 만원, 1 년 만기, 1 년납, 비급여 요율상대도(보험료 할인·할증) 미적용 3. 보험기간 및 납입기간 : 1 년만기 1 년납 4. 보장내용 변경주기 : 5 년",1577-1004
동양생명,(무)우리WON하는급여실손의료비보장보험(갱신형),주계약,질병급여,상품요약서참고,"5,000만원  원",6223  원,"7,413  원",2.25 %,,,,,,,실손의료보험_상품비교_20260608162243713.xls,동양생명,(무)우리WON하는급여실손의료비보장보험(갱신형),주계약,질병급여,상품요약서참고,"5,000만원  원",6223  원,"7,413  원",2.25 %,112.2 %,112.4 %,-,-,-,-,,갱신형,비유니버셜,대면채널  TM  기타,2026-05-06,"1. 가입나이: 태아~50 세 2. 보험료 및 보험가격지수 기준: 주계약+급여특약+특별약관 1(중증비급여특약)+특별약관 2(비중증비급여특약) 가입연령 40 세, 남자·여자, 상해 1 급, 상해급여 입·통원 합산 연간 5,000 만원 한도(단, 통원 회당20 만원 한도), 질병급여 입·통원 합산 연간 5,000 만원 한도(단, 통원 회당 20 만원 한도), 특별약관 1 상해비급여 입·통원 합산 연간 5,000 만원 한도(단, 통원 회당 20 만원(연간 100 회)한도), 특별약관 1 질병비급여 입·통원 합산 연간 5,000 만원 한도(단, 통원 회당 20 만원(연간 100 회) 한도), 특별약관 1 3 대비급여(근골격계 이학요법치료·체외충격파치료 연간 350 만원(50 회 한도), 주사료 연간 250 만원(50 회 한도), 자기공명영상진단 연간 300 만원), 특별약관 2 상해비급여 입·통원 합산 연간 1,000 만원 한도(단, 통원 일당 20 만원 한도), 특별약관 2 질병비급여 입·통원 합산 연간 1,000 만원 한도(단, 통원 일당 20 만원 한도), 비급여 자기공명영상진단 연간 200 만원, 1 년 만기, 1 년납, 비급여 요율상대도(보험료 할인·할증) 미적용 3. 보험기간 및 납입기간 : 1 년만기 1 년납 4. 보장내용 변경주기 : 5 년",1577-1004
동양생명,(무)우리WON하는급여실손의료비보장보험(갱신형),특약,상해비급여(특별약관 1),상품요약서 참고,"5,000만원  원",12  원,5  원,2.25 %,,,,,,,실손의료보험_상품비교_20260608162243713.xls,동양생명,(무)우리WON하는급여실손의료비보장보험(갱신형),특약,상해비급여(특별약관 1),상품요약서 참고,"5,000만원  원",12  원,5  원,2.25 %,112.2 %,112.4 %,-,-,-,-,,갱신형,비유니버셜,대면채널  TM  기타,2026-05-06,"1. 가입나이: 태아~50 세 2. 보험료 및 보험가격지수 기준: 주계약+급여특약+특별약관 1(중증비급여특약)+특별약관 2(비중증비급여특약) 가입연령 40 세, 남자·여자, 상해 1 급, 상해급여 입·통원 합산 연간 5,000 만원 한도(단, 통원 회당20 만원 한도), 질병급여 입·통원 합산 연간 5,000 만원 한도(단, 통원 회당 20 만원 한도), 특별약관 1 상해비급여 입·통원 합산 연간 5,000 만원 한도(단, 통원 회당 20 만원(연간 100 회)한도), 특별약관 1 질병비급여 입·통원 합산 연간 5,000 만원 한도(단, 통원 회당 20 만원(연간 100 회) 한도), 특별약관 1 3 대비급여(근골격계 이학요법치료·체외충격파치료 연간 350 만원(50 회 한도), 주사료 연간 250 만원(50 회 한도), 자기공명영상진단 연간 300 만원), 특별약관 2 상해비급여 입·통원 합산 연간 1,000 만원 한도(단, 통원 일당 20 만원 한도), 특별약관 2 질병비급여 입·통원 합산 연간 1,000 만원 한도(단, 통원 일당 20 만원 한도), 비급여 자기공명영상진단 연간 200 만원, 1 년 만기, 1 년납, 비급여 요율상대도(보험료 할인·할증) 미적용 3. 보험기간 및 납입기간 : 1 년만기 1 년납 4. 보장내용 변경주기 : 5 년",1577-1004
동양생명,(무)우리WON하는급여실손의료비보장보험(갱신형),특약,질병비급여(특별약관 1),상품요약서 참고,"5,000만원  원",404  원,711  원,2.25 %,,,,,,,실손의료보험_상품비교_20260608162243713.xls,동양생명,(무)우리WON하는급여실손의료비보장보험(갱신형),특약,질병비급여(특별약관 1),상품요약서 참고,"5,000만원  원",404  원,711  원,2.25 %,112.2 %,112.4 %,-,-,-,-,,갱신형,비유니버셜,대면채널  TM  기타,2026-05-06,"1. 가입나이: 태아~50 세 2. 보험료 및 보험가격지수 기준: 주계약+급여특약+특별약관 1(중증비급여특약)+특별약관 2(비중증비급여특약) 가입연령 40 세, 남자·여자, 상해 1 급, 상해급여 입·통원 합산 연간 5,000 만원 한도(단, 통원 회당20 만원 한도), 질병급여 입·통원 합산 연간 5,000 만원 한도(단, 통원 회당 20 만원 한도), 특별약관 1 상해비급여 입·통원 합산 연간 5,000 만원 한도(단, 통원 회당 20 만원(연간 100 회)한도), 특별약관 1 질병비급여 입·통원 합산 연간 5,000 만원 한도(단, 통원 회당 20 만원(연간 100 회) 한도), 특별약관 1 3 대비급여(근골격계 이학요법치료·체외충격파치료 연간 350 만원(50 회 한도), 주사료 연간 250 만원(50 회 한도), 자기공명영상진단 연간 300 만원), 특별약관 2 상해비급여 입·통원 합산 연간 1,000 만원 한도(단, 통원 일당 20 만원 한도), 특별약관 2 질병비급여 입·통원 합산 연간 1,000 만원 한도(단, 통원 일당 20 만원 한도), 비급여 자기공명영상진단 연간 200 만원, 1 년 만기, 1 년납, 비급여 요율상대도(보험료 할인·할증) 미적용 3. 보험기간 및 납입기간 : 1 년만기 1 년납 4. 보장내용 변경주기 : 5 년",1577-1004
동양생명,(무)우리WON하는급여실손의료비보장보험(갱신형),특약,3 대비급여(특별약관 1),상품요약서 참고,특이사항 참고  원,26  원,104  원,2.25 %,,,,,,,실손의료보험_상품비교_20260608162243713.xls,동양생명,(무)우리WON하는급여실손의료비보장보험(갱신형),특약,3 대비급여(특별약관 1),상품요약서 참고,특이사항 참고  원,26  원,104  원,2.25 %,112.2 %,112.4 %,-,-,-,-,,갱신형,비유니버셜,대면채널  TM  기타,2026-05-06,"1. 가입나이: 태아~50 세 2. 보험료 및 보험가격지수 기준: 주계약+급여특약+특별약관 1(중증비급여특약)+특별약관 2(비중증비급여특약) 가입연령 40 세, 남자·여자, 상해 1 급, 상해급여 입·통원 합산 연간 5,000 만원 한도(단, 통원 회당20 만원 한도), 질병급여 입·통원 합산 연간 5,000 만원 한도(단, 통원 회당 20 만원 한도), 특별약관 1 상해비급여 입·통원 합산 연간 5,000 만원 한도(단, 통원 회당 20 만원(연간 100 회)한도), 특별약관 1 질병비급여 입·통원 합산 연간 5,000 만원 한도(단, 통원 회당 20 만원(연간 100 회) 한도), 특별약관 1 3 대비급여(근골격계 이학요법치료·체외충격파치료 연간 350 만원(50 회 한도), 주사료 연간 250 만원(50 회 한도), 자기공명영상진단 연간 300 만원), 특별약관 2 상해비급여 입·통원 합산 연간 1,000 만원 한도(단, 통원 일당 20 만원 한도), 특별약관 2 질병비급여 입·통원 합산 연간 1,000 만원 한도(단, 통원 일당 20 만원 한도), 비급여 자기공명영상진단 연간 200 만원, 1 년 만기, 1 년납, 비급여 요율상대도(보험료 할인·할증) 미적용 3. 보험기간 및 납입기간 : 1 년만기 1 년납 4. 보장내용 변경주기 : 5 년",1577-1004
동양생명,(무)우리WON하는급여실손의료비보장보험(갱신형),특약,상해비급여(특별약관 2),상품요약서 참고,"1,000만원  원",654  원,328  원,2.25 %,,,,,,,실손의료보험_상품비교_20260608162243713.xls,동양생명,(무)우리WON하는급여실손의료비보장보험(갱신형),특약,상해비급여(특별약관 2),상품요약서 참고,"1,000만원  원",654  원,328  원,2.25 %,112.2 %,112.4 %,-,-,-,-,,갱신형,비유니버셜,대면채널  TM  기타,2026-05-06,"1. 가입나이: 태아~50 세 2. 보험료 및 보험가격지수 기준: 주계약+급여특약+특별약관 1(중증비급여특약)+특별약관 2(비중증비급여특약) 가입연령 40 세, 남자·여자, 상해 1 급, 상해급여 입·통원 합산 연간 5,000 만원 한도(단, 통원 회당20 만원 한도), 질병급여 입·통원 합산 연간 5,000 만원 한도(단, 통원 회당 20 만원 한도), 특별약관 1 상해비급여 입·통원 합산 연간 5,000 만원 한도(단, 통원 회당 20 만원(연간 100 회)한도), 특별약관 1 질병비급여 입·통원 합산 연간 5,000 만원 한도(단, 통원 회당 20 만원(연간 100 회) 한도), 특별약관 1 3 대비급여(근골격계 이학요법치료·체외충격파치료 연간 350 만원(50 회 한도), 주사료 연간 250 만원(50 회 한도), 자기공명영상진단 연간 300 만원), 특별약관 2 상해비급여 입·통원 합산 연간 1,000 만원 한도(단, 통원 일당 20 만원 한도), 특별약관 2 질병비급여 입·통원 합산 연간 1,000 만원 한도(단, 통원 일당 20 만원 한도), 비급여 자기공명영상진단 연간 200 만원, 1 년 만기, 1 년납, 비급여 요율상대도(보험료 할인·할증) 미적용 3. 보험기간 및 납입기간 : 1 년만기 1 년납 4. 보장내용 변경주기 : 5 년",1577-1004
동양생명,(무)우리WON하는급여실손의료비보장보험(갱신형),특약,질병비급여(특별약관 2),상품요약서 참고,"1,000만원  원",2191  원,"3,951  원",2.25 %,,,,,,,실손의료보험_상품비교_20260608162243713.xls,동양생명,(무)우리WON하는급여실손의료비보장보험(갱신형),특약,질병비급여(특별약관 2),상품요약서 참고,"1,000만원  원",2191  원,"3,951  원",2.25 %,112.2 %,112.4 %,-,-,-,-,,갱신형,비유니버셜,대면채널  TM  기타,2026-05-06,"1. 가입나이: 태아~50 세 2. 보험료 및 보험가격지수 기준: 주계약+급여특약+특별약관 1(중증비급여특약)+특별약관 2(비중증비급여특약) 가입연령 40 세, 남자·여자, 상해 1 급, 상해급여 입·통원 합산 연간 5,000 만원 한도(단, 통원 회당20 만원 한도), 질병급여 입·통원 합산 연간 5,000 만원 한도(단, 통원 회당 20 만원 한도), 특별약관 1 상해비급여 입·통원 합산 연간 5,000 만원 한도(단, 통원 회당 20 만원(연간 100 회)한도), 특별약관 1 질병비급여 입·통원 합산 연간 5,000 만원 한도(단, 통원 회당 20 만원(연간 100 회) 한도), 특별약관 1 3 대비급여(근골격계 이학요법치료·체외충격파치료 연간 350 만원(50 회 한도), 주사료 연간 250 만원(50 회 한도), 자기공명영상진단 연간 300 만원), 특별약관 2 상해비급여 입·통원 합산 연간 1,000 만원 한도(단, 통원 일당 20 만원 한도), 특별약관 2 질병비급여 입·통원 합산 연간 1,000 만원 한도(단, 통원 일당 20 만원 한도), 비급여 자기공명영상진단 연간 200 만원, 1 년 만기, 1 년납, 비급여 요율상대도(보험료 할인·할증) 미적용 3. 보험기간 및 납입기간 : 1 년만기 1 년납 4. 보장내용 변경주기 : 5 년",1577-1004
동양생명,(무)우리WON하는급여실손의료비보장보험(갱신형),특약,비급여자기공명영상진단(특별약관 2),상품요약서 참고,200만원  원,925  원,706  원,2.25 %,,,,,,,실손의료보험_상품비교_20260608162243713.xls,동양생명,(무)우리WON하는급여실손의료비보장보험(갱신형),특약,비급여자기공명영상진단(특별약관 2),상품요약서 참고,200만원  원,925  원,706  원,2.25 %,112.2 %,112.4 %,-,-,-,-,,갱신형,비유니버셜,대면채널  TM  기타,2026-05-06,"1. 가입나이: 태아~50 세 2. 보험료 및 보험가격지수 기준: 주계약+급여특약+특별약관 1(중증비급여특약)+특별약관 2(비중증비급여특약) 가입연령 40 세, 남자·여자, 상해 1 급, 상해급여 입·통원 합산 연간 5,000 만원 한도(단, 통원 회당20 만원 한도), 질병급여 입·통원 합산 연간 5,000 만원 한도(단, 통원 회당 20 만원 한도), 특별약관 1 상해비급여 입·통원 합산 연간 5,000 만원 한도(단, 통원 회당 20 만원(연간 100 회)한도), 특별약관 1 질병비급여 입·통원 합산 연간 5,000 만원 한도(단, 통원 회당 20 만원(연간 100 회) 한도), 특별약관 1 3 대비급여(근골격계 이학요법치료·체외충격파치료 연간 350 만원(50 회 한도), 주사료 연간 250 만원(50 회 한도), 자기공명영상진단 연간 300 만원), 특별약관 2 상해비급여 입·통원 합산 연간 1,000 만원 한도(단, 통원 일당 20 만원 한도), 특별약관 2 질병비급여 입·통원 합산 연간 1,000 만원 한도(단, 통원 일당 20 만원 한도), 비급여 자기공명영상진단 연간 200 만원, 1 년 만기, 1 년납, 비급여 요율상대도(보험료 할인·할증) 미적용 3. 보험기간 및 납입기간 : 1 년만기 1 년납 4. 보장내용 변경주기 : 5 년",1577-1004
NH농협생명,"New안심케어NH실손의료비보험(갱신형,무배당)_2605",주계약,기본계약-상해급여,피보험자가 상해로 인하여 의료기관에 입원 또는 통원하여 급여주) 치료를 받거나 급여 처방조제를 받은 경우에 보상 ㈜ 「국민건강보험법」에서 정한 요양급여 또는 「의료급여법」에서 정한 의료급여,"5,000만원(단, 통원 회당 20만원 한도, 입/통원 합산)",817  원,465  원,2.00 %,,,,,,,실손의료보험_상품비교_20260608162243713.xls,NH농협생명,"New안심케어NH실손의료비보험(갱신형,무배당)_2605",주계약,기본계약-상해급여,피보험자가 상해로 인하여 의료기관에 입원 또는 통원하여 급여주) 치료를 받거나 급여 처방조제를 받은 경우에 보상 ㈜ 「국민건강보험법」에서 정한 요양급여 또는 「의료급여법」에서 정한 의료급여,"5,000만원(단, 통원 회당 20만원 한도, 입/통원 합산)",817  원,465  원,2.00 %,105.3 %,105.4 %,-,-,-,-,,갱신형,비유니버셜,대면채널  방카슈랑스,2026-05-06,"1. 가입나이 : 0~65세 2. 보험기간 : 1년 3. 가입한도 : (기본계약) 상해 질병 급여 5천만원 (추가보장계약1) 상해비급여 : 5천만원  질병비급여 : 5천만원  3대비급여 : 근골격계 이학요법치료/체외충격파 치료 350만원  주사료 250만원  자기공명영상진단 300만원 (추가보장계약2)  상해비급여 : 1천만원  질병비급여 : 1천만원  비급여자기공명영상진단 : 200만원 4. 판매채널 : 대면채널 5. 위 보험료 및 보험가격지수 예시는 40세, 월납, 최초계약, 비위험직, 남자/여자, 기본계약(상해·질병 급여) 보험가입금액 5,000만원, 추가보장계약1(중증 상해·질병 비급여) 보험가입금액 5,000만원, 추가보장계약1(중증 3대비급여) 보험가입금액 (근골격계 이학요법치료·체외충격파치료 350만원 / 주사료 250만원 / 자기공명영상진단 300만원), 추가보장계약2(비중증 상해·질병 비급여) 보험가입금액 1,000만원, 추가보장계약2(비중증 비급여 자기공명영상진단) 보험가입금액200만원, 1년 만기, 비급여 개별 할인·할증 미적용, 전기납, 월납입니다.",1544-4000
NH농협생명,"New안심케어NH실손의료비보험(갱신형,무배당)_2605",주계약,기본계약-질병급여,피보험자가 질병으로 인하여 의료기관에 입원 또는 통원하여 급여주) 치료를 받거나 급여 처방조제를 받은 경우에 보상 ㈜ 「국민건강보험법」에서 정한 요양급여 또는 「의료급여법」에서 정한 의료급여,"5,000만원(단, 통원 회당 20만원 한도, 입/통원 합산)",4874  원,"6,238  원",2.00 %,,,,,,,실손의료보험_상품비교_20260608162243713.xls,NH농협생명,"New안심케어NH실손의료비보험(갱신형,무배당)_2605",주계약,기본계약-질병급여,피보험자가 질병으로 인하여 의료기관에 입원 또는 통원하여 급여주) 치료를 받거나 급여 처방조제를 받은 경우에 보상 ㈜ 「국민건강보험법」에서 정한 요양급여 또는 「의료급여법」에서 정한 의료급여,"5,000만원(단, 통원 회당 20만원 한도, 입/통원 합산)",4874  원,"6,238  원",2.00 %,105.3 %,105.4 %,-,-,-,-,,갱신형,비유니버셜,대면채널  방카슈랑스,2026-05-06,"1. 가입나이 : 0~65세 2. 보험기간 : 1년 3. 가입한도 : (기본계약) 상해 질병 급여 5천만원 (추가보장계약1) 상해비급여 : 5천만원  질병비급여 : 5천만원  3대비급여 : 근골격계 이학요법치료/체외충격파 치료 350만원  주사료 250만원  자기공명영상진단 300만원 (추가보장계약2)  상해비급여 : 1천만원  질병비급여 : 1천만원  비급여자기공명영상진단 : 200만원 4. 판매채널 : 대면채널 5. 위 보험료 및 보험가격지수 예시는 40세, 월납, 최초계약, 비위험직, 남자/여자, 기본계약(상해·질병 급여) 보험가입금액 5,000만원, 추가보장계약1(중증 상해·질병 비급여) 보험가입금액 5,000만원, 추가보장계약1(중증 3대비급여) 보험가입금액 (근골격계 이학요법치료·체외충격파치료 350만원 / 주사료 250만원 / 자기공명영상진단 300만원), 추가보장계약2(비중증 상해·질병 비급여) 보험가입금액 1,000만원, 추가보장계약2(비중증 비급여 자기공명영상진단) 보험가입금액200만원, 1년 만기, 비급여 개별 할인·할증 미적용, 전기납, 월납입니다.",1544-4000
NH농협생명,"New안심케어NH실손의료비보험(갱신형,무배당)_2605",특약,추가보장계약1- 상해비급여,피보험자가 상해로 인하여 의료기관에 입원 또는 통원하여 산정특례 대상 질환으로 인한 비급여주) 치료를 받거나 비급여 처방조제를 받은 경우에 보상(3대 비급여 제외) (주)「국민건강보험법」 또는 「의료급여법」에 따라 보건복지부장관이 정한 비급여 대상 (「국민건강보험법」에서 정한 요양급여 또는 「의료급여법」에서 정한 의료급여 절차를 거쳤지만 급여항목이 발생하지 않은 경우로 「국민건강보험법」 또는 「의료급여법」에 따른 비급여항목 포함),용어해설 참조,11  원,4  원,2.00 %,,,,,,,실손의료보험_상품비교_20260608162243713.xls,NH농협생명,"New안심케어NH실손의료비보험(갱신형,무배당)_2605",특약,추가보장계약1- 상해비급여,피보험자가 상해로 인하여 의료기관에 입원 또는 통원하여 산정특례 대상 질환으로 인한 비급여주) 치료를 받거나 비급여 처방조제를 받은 경우에 보상(3대 비급여 제외) (주)「국민건강보험법」 또는 「의료급여법」에 따라 보건복지부장관이 정한 비급여 대상 (「국민건강보험법」에서 정한 요양급여 또는 「의료급여법」에서 정한 의료급여 절차를 거쳤지만 급여항목이 발생하지 않은 경우로 「국민건강보험법」 또는 「의료급여법」에 따른 비급여항목 포함),용어해설 참조,11  원,4  원,2.00 %,105.3 %,105.4 %,-,-,-,-,,갱신형,비유니버셜,대면채널  방카슈랑스,2026-05-06,"1. 가입나이 : 0~65세 2. 보험기간 : 1년 3. 가입한도 : (기본계약) 상해 질병 급여 5천만원 (추가보장계약1) 상해비급여 : 5천만원  질병비급여 : 5천만원  3대비급여 : 근골격계 이학요법치료/체외충격파 치료 350만원  주사료 250만원  자기공명영상진단 300만원 (추가보장계약2)  상해비급여 : 1천만원  질병비급여 : 1천만원  비급여자기공명영상진단 : 200만원 4. 판매채널 : 대면채널 5. 위 보험료 및 보험가격지수 예시는 40세, 월납, 최초계약, 비위험직, 남자/여자, 기본계약(상해·질병 급여) 보험가입금액 5,000만원, 추가보장계약1(중증 상해·질병 비급여) 보험가입금액 5,000만원, 추가보장계약1(중증 3대비급여) 보험가입금액 (근골격계 이학요법치료·체외충격파치료 350만원 / 주사료 250만원 / 자기공명영상진단 300만원), 추가보장계약2(비중증 상해·질병 비급여) 보험가입금액 1,000만원, 추가보장계약2(비중증 비급여 자기공명영상진단) 보험가입금액200만원, 1년 만기, 비급여 개별 할인·할증 미적용, 전기납, 월납입니다.",1544-4000
NH농협생명,"New안심케어NH실손의료비보험(갱신형,무배당)_2605",특약,추가보장계약1- 질병비급여,피보험자가 질병으로 인하여 의료기관에 입원 또는 통원하여 산정특례 대상 질환으로 인한 비급여 치료를 받거나 비급여 처방조제를 받은 경우에 보상(3대 비급여 제외),용어해설 참조,379  원,658  원,2.00 %,,,,,,,실손의료보험_상품비교_20260608162243713.xls,NH농협생명,"New안심케어NH실손의료비보험(갱신형,무배당)_2605",특약,추가보장계약1- 질병비급여,피보험자가 질병으로 인하여 의료기관에 입원 또는 통원하여 산정특례 대상 질환으로 인한 비급여 치료를 받거나 비급여 처방조제를 받은 경우에 보상(3대 비급여 제외),용어해설 참조,379  원,658  원,2.00 %,105.3 %,105.4 %,-,-,-,-,,갱신형,비유니버셜,대면채널  방카슈랑스,2026-05-06,"1. 가입나이 : 0~65세 2. 보험기간 : 1년 3. 가입한도 : (기본계약) 상해 질병 급여 5천만원 (추가보장계약1) 상해비급여 : 5천만원  질병비급여 : 5천만원  3대비급여 : 근골격계 이학요법치료/체외충격파 치료 350만원  주사료 250만원  자기공명영상진단 300만원 (추가보장계약2)  상해비급여 : 1천만원  질병비급여 : 1천만원  비급여자기공명영상진단 : 200만원 4. 판매채널 : 대면채널 5. 위 보험료 및 보험가격지수 예시는 40세, 월납, 최초계약, 비위험직, 남자/여자, 기본계약(상해·질병 급여) 보험가입금액 5,000만원, 추가보장계약1(중증 상해·질병 비급여) 보험가입금액 5,000만원, 추가보장계약1(중증 3대비급여) 보험가입금액 (근골격계 이학요법치료·체외충격파치료 350만원 / 주사료 250만원 / 자기공명영상진단 300만원), 추가보장계약2(비중증 상해·질병 비급여) 보험가입금액 1,000만원, 추가보장계약2(비중증 비급여 자기공명영상진단) 보험가입금액200만원, 1년 만기, 비급여 개별 할인·할증 미적용, 전기납, 월납입니다.",1544-4000
NH농협생명,"New안심케어NH실손의료비보험(갱신형,무배당)_2605",특약,추가보장계약1-3대비급여,피보험자가 상해 또는 질병의 치료목적으로 의료기관에 입원 또는 통원하여 산정특례 대상 질환으로 인한 3대비급여 치료를 받은 경우에 보상,용어해설 참조,24  원,107  원,2.00 %,,,,,,,실손의료보험_상품비교_20260608162243713.xls,NH농협생명,"New안심케어NH실손의료비보험(갱신형,무배당)_2605",특약,추가보장계약1-3대비급여,피보험자가 상해 또는 질병의 치료목적으로 의료기관에 입원 또는 통원하여 산정특례 대상 질환으로 인한 3대비급여 치료를 받은 경우에 보상,용어해설 참조,24  원,107  원,2.00 %,105.3 %,105.4 %,-,-,-,-,,갱신형,비유니버셜,대면채널  방카슈랑스,2026-05-06,"1. 가입나이 : 0~65세 2. 보험기간 : 1년 3. 가입한도 : (기본계약) 상해 질병 급여 5천만원 (추가보장계약1) 상해비급여 : 5천만원  질병비급여 : 5천만원  3대비급여 : 근골격계 이학요법치료/체외충격파 치료 350만원  주사료 250만원  자기공명영상진단 300만원 (추가보장계약2)  상해비급여 : 1천만원  질병비급여 : 1천만원  비급여자기공명영상진단 : 200만원 4. 판매채널 : 대면채널 5. 위 보험료 및 보험가격지수 예시는 40세, 월납, 최초계약, 비위험직, 남자/여자, 기본계약(상해·질병 급여) 보험가입금액 5,000만원, 추가보장계약1(중증 상해·질병 비급여) 보험가입금액 5,000만원, 추가보장계약1(중증 3대비급여) 보험가입금액 (근골격계 이학요법치료·체외충격파치료 350만원 / 주사료 250만원 / 자기공명영상진단 300만원), 추가보장계약2(비중증 상해·질병 비급여) 보험가입금액 1,000만원, 추가보장계약2(비중증 비급여 자기공명영상진단) 보험가입금액200만원, 1년 만기, 비급여 개별 할인·할증 미적용, 전기납, 월납입니다.",1544-4000
NH농협생명,"New안심케어NH실손의료비보험(갱신형,무배당)_2605",특약,추가보장계약2-상해비급여,피보험자가 상해로 인하여 의료기관에 입원 또는 통원하여 산정특례 대상 질환이 아닌 질환으로 인한 비급여주) 치료를 받거나 비급여 처방조제를 받은 경우에 보상(비급여 자기공명영상진단 제외) 주)「국민건강보험법」 또는 「의료급여법」에 따라 보건복지부장관이 정한 비급여 대상 (「국민건강보험법」에서 정한 요양급여 또는 「의료급여법」에서 정한 의료급여 절차를 거쳤지만 급여항목이 발생하지 않은 경우로 「국민건강보험법」 또는 「의료급여법」에 따른 비급여항목 포함),용어해설 참조,579  원,296  원,2.00 %,,,,,,,실손의료보험_상품비교_20260608162243713.xls,NH농협생명,"New안심케어NH실손의료비보험(갱신형,무배당)_2605",특약,추가보장계약2-상해비급여,피보험자가 상해로 인하여 의료기관에 입원 또는 통원하여 산정특례 대상 질환이 아닌 질환으로 인한 비급여주) 치료를 받거나 비급여 처방조제를 받은 경우에 보상(비급여 자기공명영상진단 제외) 주)「국민건강보험법」 또는 「의료급여법」에 따라 보건복지부장관이 정한 비급여 대상 (「국민건강보험법」에서 정한 요양급여 또는 「의료급여법」에서 정한 의료급여 절차를 거쳤지만 급여항목이 발생하지 않은 경우로 「국민건강보험법」 또는 「의료급여법」에 따른 비급여항목 포함),용어해설 참조,579  원,296  원,2.00 %,105.3 %,105.4 %,-,-,-,-,,갱신형,비유니버셜,대면채널  방카슈랑스,2026-05-06,"1. 가입나이 : 0~65세 2. 보험기간 : 1년 3. 가입한도 : (기본계약) 상해 질병 급여 5천만원 (추가보장계약1) 상해비급여 : 5천만원  질병비급여 : 5천만원  3대비급여 : 근골격계 이학요법치료/체외충격파 치료 350만원  주사료 250만원  자기공명영상진단 300만원 (추가보장계약2)  상해비급여 : 1천만원  질병비급여 : 1천만원  비급여자기공명영상진단 : 200만원 4. 판매채널 : 대면채널 5. 위 보험료 및 보험가격지수 예시는 40세, 월납, 최초계약, 비위험직, 남자/여자, 기본계약(상해·질병 급여) 보험가입금액 5,000만원, 추가보장계약1(중증 상해·질병 비급여) 보험가입금액 5,000만원, 추가보장계약1(중증 3대비급여) 보험가입금액 (근골격계 이학요법치료·체외충격파치료 350만원 / 주사료 250만원 / 자기공명영상진단 300만원), 추가보장계약2(비중증 상해·질병 비급여) 보험가입금액 1,000만원, 추가보장계약2(비중증 비급여 자기공명영상진단) 보험가입금액200만원, 1년 만기, 비급여 개별 할인·할증 미적용, 전기납, 월납입니다.",1544-4000
NH농협생명,"New안심케어NH실손의료비보험(갱신형,무배당)_2605",특약,추가보장계약2-질병비급여,피보험자가 질병으로 인하여 의료기관에 입원 또는 통원하여 산정특례 대상 질환이 아닌 질환으로 인한 비급여 치료를 받거나 비급여 처방조제를 받은 경우에 보상(비급여 자기공명영상진단 제외),용어해설 참조,2058  원,"3,654  원",2.00 %,,,,,,,실손의료보험_상품비교_20260608162243713.xls,NH농협생명,"New안심케어NH실손의료비보험(갱신형,무배당)_2605",특약,추가보장계약2-질병비급여,피보험자가 질병으로 인하여 의료기관에 입원 또는 통원하여 산정특례 대상 질환이 아닌 질환으로 인한 비급여 치료를 받거나 비급여 처방조제를 받은 경우에 보상(비급여 자기공명영상진단 제외),용어해설 참조,2058  원,"3,654  원",2.00 %,105.3 %,105.4 %,-,-,-,-,,갱신형,비유니버셜,대면채널  방카슈랑스,2026-05-06,"1. 가입나이 : 0~65세 2. 보험기간 : 1년 3. 가입한도 : (기본계약) 상해 질병 급여 5천만원 (추가보장계약1) 상해비급여 : 5천만원  질병비급여 : 5천만원  3대비급여 : 근골격계 이학요법치료/체외충격파 치료 350만원  주사료 250만원  자기공명영상진단 300만원 (추가보장계약2)  상해비급여 : 1천만원  질병비급여 : 1천만원  비급여자기공명영상진단 : 200만원 4. 판매채널 : 대면채널 5. 위 보험료 및 보험가격지수 예시는 40세, 월납, 최초계약, 비위험직, 남자/여자, 기본계약(상해·질병 급여) 보험가입금액 5,000만원, 추가보장계약1(중증 상해·질병 비급여) 보험가입금액 5,000만원, 추가보장계약1(중증 3대비급여) 보험가입금액 (근골격계 이학요법치료·체외충격파치료 350만원 / 주사료 250만원 / 자기공명영상진단 300만원), 추가보장계약2(비중증 상해·질병 비급여) 보험가입금액 1,000만원, 추가보장계약2(비중증 비급여 자기공명영상진단) 보험가입금액200만원, 1년 만기, 비급여 개별 할인·할증 미적용, 전기납, 월납입니다.",1544-4000
NH농협생명,"New안심케어NH실손의료비보험(갱신형,무배당)_2605",특약,추가보장계약2-비급여자기공명영상진단,피보험자가 상해 또는 질병의 치료목적으로 의료기관에 입원 또는 통원하여 산정특례 대상 질환이 아닌 질환으로 인한 비급여 치료를 위해 자기공명영상진단을 받은 경우에 보상,용어해설 참조,864  원,721  원,2.00 %,,,,,,,실손의료보험_상품비교_20260608162243713.xls,NH농협생명,"New안심케어NH실손의료비보험(갱신형,무배당)_2605",특약,추가보장계약2-비급여자기공명영상진단,피보험자가 상해 또는 질병의 치료목적으로 의료기관에 입원 또는 통원하여 산정특례 대상 질환이 아닌 질환으로 인한 비급여 치료를 위해 자기공명영상진단을 받은 경우에 보상,용어해설 참조,864  원,721  원,2.00 %,105.3 %,105.4 %,-,-,-,-,,갱신형,비유니버셜,대면채널  방카슈랑스,2026-05-06,"1. 가입나이 : 0~65세 2. 보험기간 : 1년 3. 가입한도 : (기본계약) 상해 질병 급여 5천만원 (추가보장계약1) 상해비급여 : 5천만원  질병비급여 : 5천만원  3대비급여 : 근골격계 이학요법치료/체외충격파 치료 350만원  주사료 250만원  자기공명영상진단 300만원 (추가보장계약2)  상해비급여 : 1천만원  질병비급여 : 1천만원  비급여자기공명영상진단 : 200만원 4. 판매채널 : 대면채널 5. 위 보험료 및 보험가격지수 예시는 40세, 월납, 최초계약, 비위험직, 남자/여자, 기본계약(상해·질병 급여) 보험가입금액 5,000만원, 추가보장계약1(중증 상해·질병 비급여) 보험가입금액 5,000만원, 추가보장계약1(중증 3대비급여) 보험가입금액 (근골격계 이학요법치료·체외충격파치료 350만원 / 주사료 250만원 / 자기공명영상진단 300만원), 추가보장계약2(비중증 상해·질병 비급여) 보험가입금액 1,000만원, 추가보장계약2(비중증 비급여 자기공명영상진단) 보험가입금액200만원, 1년 만기, 비급여 개별 할인·할증 미적용, 전기납, 월납입니다.",1544-4000
,,,붕괴침강및사태손해(실손전부보상),"붕괴,침강 및 사태로 인해 보험목적에 손해가 발생한 경우",보험가입금액 한도 실손 전부보상,,,,,,,,,,장기보장성 비교 공시 (1).xls,,,,붕괴침강및사태손해(실손전부보상),"붕괴,침강 및 사태로 인해 보험목적에 손해가 발생한 경우",보험가입금액 한도 실손 전부보상,,,,,,,,,,,,,,,,
,,,화재손해(실손전부보상),"화재(주택의 경우 폭발, 파열 포함)로 인해 건물 및 가재의 손해 및 소방, 피난 손해가 발생시※ 잔존물 제거비용: 잔존물의 해체비용, 청소비용, 상차비용(차에 싣는 비용)",보험가입금액 한도 실손 전부보상※ 잔존물 제거비용 발생 시 손해액의 10% 한도 보상,,,,,,,,,,장기보장성 비교 공시 (1).xls,,,,화재손해(실손전부보상),"화재(주택의 경우 폭발, 파열 포함)로 인해 건물 및 가재의 손해 및 소방, 피난 손해가 발생시※ 잔존물 제거비용: 잔존물의 해체비용, 청소비용, 상차비용(차에 싣는 비용)",보험가입금액 한도 실손 전부보상※ 잔존물 제거비용 발생 시 손해액의 10% 한도 보상,,,,,,,,,,,,,,,,
,,,붕괴침강및사태손해(실손전부보상),"붕괴,침강 및 사태로 인해 보험목적에 손해가 발생한 경우",보험가입금액 한도 실손 전부보상,,,,,,,,,,장기보장성 비교 공시 (1).xls,,,,붕괴침강및사태손해(실손전부보상),"붕괴,침강 및 사태로 인해 보험목적에 손해가 발생한 경우",보험가입금액 한도 실손 전부보상,,,,,,,,,,,,,,,,
,,,"임시거주비(화재,실손,4일이상,주택)","보험목적에 화재(벼락포함)로 화재손해, 소방손해, 피난손해가 발생하여 보험목적 내에 거주할 수 없게 된 경우 피보험자 본인 및 본인과 생계를 같이하고 보험목적의 주민등록상 동거중인 가족을 위해 보험목적의 약관에서 정한 복구기간 내 임시거주기간 동안 숙박시설 또는 음식점에서 지출한 비용을 보상","손해발생후 4일째부터 1일당 보험가입금액 한도로 실손 보상(사고발생일부터 90일 한도, 총 87일 한도 보상 가능)",,,,,,,,,,장기보장성 비교 공시 (1).xls,,,,"임시거주비(화재,실손,4일이상,주택)","보험목적에 화재(벼락포함)로 화재손해, 소방손해, 피난손해가 발생하여 보험목적 내에 거주할 수 없게 된 경우 피보험자 본인 및 본인과 생계를 같이하고 보험목적의 주민등록상 동거중인 가족을 위해 보험목적의 약관에서 정한 복구기간 내 임시거주기간 동안 숙박시설 또는 음식점에서 지출한 비용을 보상","손해발생후 4일째부터 1일당 보험가입금액 한도로 실손 보상(사고발생일부터 90일 한도, 총 87일 한도 보상 가능)",,,,,,,,,,,,,,,,
,,,화재손해(실손전부보상),"화재(주택의 경우 폭발, 파열 포함)로 인해 건물 및 가재의 손해 및 소방, 피난 손해가 발생시※ 잔존물 제거비용: 잔존물의 해체비용, 청소비용, 상차비용(차에 싣는 비용)",보험가입금액 한도 실손 전부보상※ 잔존물 제거비용 발생 시 손해액의 10% 한도 보상,,,,,,,,,,장기보장성 비교 공시 (1).xls,,,,화재손해(실손전부보상),"화재(주택의 경우 폭발, 파열 포함)로 인해 건물 및 가재의 손해 및 소방, 피난 손해가 발생시※ 잔존물 제거비용: 잔존물의 해체비용, 청소비용, 상차비용(차에 싣는 비용)",보험가입금액 한도 실손 전부보상※ 잔존물 제거비용 발생 시 손해액의 10% 한도 보상,,,,,,,,,,,,,,,,
,,,도난손해(주택)(실손전부형),"보험목적이 강도 또는 절도(미수 포함)로 인해 도난, 망가짐, 손상 및 파손된 손해를 입은 경우",보험가입금액 한도,,,,,,,,,,장기보장성 비교 공시 (1).xls,,,,도난손해(주택)(실손전부형),"보험목적이 강도 또는 절도(미수 포함)로 인해 도난, 망가짐, 손상 및 파손된 손해를 입은 경우",보험가입금액 한도,,,,,,,,,,,,,,,,
,,,"붕괴,침강및사태로인한재산손해(주택)(실손전부형)","붕괴, 침강 및 사태로 인해 보험목적에 손해가 발생한 경우",,,,,,,,,,,장기보장성 비교 공시 (1).xls,,,,"붕괴,침강및사태로인한재산손해(주택)(실손전부형)","붕괴, 침강 및 사태로 인해 보험목적에 손해가 발생한 경우",,,,,,,,,,,,,,,,,
,,,화재손해(실손),"화재(폭발, 파열 제외. 단,전용주택의 경우는 폭발, 파열포함)로 인해 직접손해 및 소방 ·피난손해가 발생한 경우",보험가입금액 한도,,,,,,,,,,장기보장성 비교 공시 (1).xls,,,,화재손해(실손),"화재(폭발, 파열 제외. 단,전용주택의 경우는 폭발, 파열포함)로 인해 직접손해 및 소방 ·피난손해가 발생한 경우",보험가입금액 한도,,,,,,,,,,,,,,,,
,,,"붕괴,침강및사태손해(실손보상형)","보험기간 중 붕괴, 침강 또는 사태로 인하여 보험목적에 발생하는 손해",보험가입금액한도,,,,,,,,,,장기보장성 비교 공시 (1).xls,,,,"붕괴,침강및사태손해(실손보상형)","보험기간 중 붕괴, 침강 또는 사태로 인하여 보험목적에 발생하는 손해",보험가입금액한도,,,,,,,,,,,,,,,,
,,,화재손해(실손보상형),"화재, 폭발, 파열로 인해 보험목적에 손해 및 소방손해, 피난손해가 발생한 경우",보험가입금액한도,,,,,,,,,,장기보장성 비교 공시 (1).xls,,,,화재손해(실손보상형),"화재, 폭발, 파열로 인해 보험목적에 손해 및 소방손해, 피난손해가 발생한 경우",보험가입금액한도,,,,,,,,,,,,,,,,
,,,"재산손해종합보장(실손보상형, 영위업종적용)",건물을 제외한 보험의 목적의 제3자의 고의에 의한 파손 손해 발생시,가입금액 한도(자기부담금 20만원),,,,,,,,,,장기보장성 비교 공시 (1).xls,,,,"재산손해종합보장(실손보상형, 영위업종적용)",건물을 제외한 보험의 목적의 제3자의 고의에 의한 파손 손해 발생시,가입금액 한도(자기부담금 20만원),,,,,,,,,,,,,,,,
,,,화재손해(건물)(실손)(영위업종적용),화재로 인한 직접손해 및 소방·피난손해가 발생한 경우 ※ 1사고마다 보험증권에 기재된 보험가입금액을 한도로 실제 손해액 보상,가입금액 한도,,,,,,,,,,장기보장성 비교 공시 (1).xls,,,,화재손해(건물)(실손)(영위업종적용),화재로 인한 직접손해 및 소방·피난손해가 발생한 경우 ※ 1사고마다 보험증권에 기재된 보험가입금액을 한도로 실제 손해액 보상,가입금액 한도,,,,,,,,,,,,,,,,
,,,붕괴·침강및사태로인한재산손해(실손보상),"보험기간 중에 붕괴,침강 및 사태로 인하여 보험의 목적에 발생한 손해를 실손보상",,,,,,,,,,,장기보장성 비교 공시 (1).xls,,,,붕괴·침강및사태로인한재산손해(실손보상),"보험기간 중에 붕괴,침강 및 사태로 인하여 보험의 목적에 발생한 손해를 실손보상",,,,,,,,,,,,,,,,,
,,,화재손해(실손보상),"보험기간 중 화재(벼락포함),소방,피난 손해발생시 실손보상(단, 주택의 경우 폭발, 파열로 인한 손해도 보상)",,,,,,,,,,,장기보장성 비교 공시 (1).xls,,,,화재손해(실손보상),"보험기간 중 화재(벼락포함),소방,피난 손해발생시 실손보상(단, 주택의 경우 폭발, 파열로 인한 손해도 보상)",,,,,,,,,,,,,,,,,
,,,화재손해(실손보상),"보험기간 중 화재(벼락포함),소방,피난 손해발생시 실손보상(단, 주택의 경우 폭발, 파열로 인한 손해도 보상)",,,,,,,,,,,장기보장성 비교 공시 (1).xls,,,,화재손해(실손보상),"보험기간 중 화재(벼락포함),소방,피난 손해발생시 실손보상(단, 주택의 경우 폭발, 파열로 인한 손해도 보상)",,,,,,,,,,,,,,,,,
,,,화재손해(실손보상),"보험기간 중 화재(벼락포함),소방,피난 손해발생시 실손보상(단, 주택의 경우 폭발, 파열로 인한 손해도 보상)",,,,,,,,,,,장기보장성 비교 공시 (1).xls,,,,화재손해(실손보상),"보험기간 중 화재(벼락포함),소방,피난 손해발생시 실손보상(단, 주택의 경우 폭발, 파열로 인한 손해도 보상)",,,,,,,,,,,,,,,,,
,,,"붕괴, 침강 및 사태손해(실손보상, 동산제외)","붕괴, 침강 및 사태로 보험목적에 생긴 손해",보험가입금액(1억)한도 내 실손보상,,,,,,,,,,장기보장성 비교 공시 (1).xls,,,,"붕괴, 침강 및 사태손해(실손보상, 동산제외)","붕괴, 침강 및 사태로 보험목적에 생긴 손해",보험가입금액(1억)한도 내 실손보상,,,,,,,,,,,,,,,,
,,,주택(화재)건물재조달차액지원(실손),보험목적(보험에 가입한 물건 중 주택건물을 말합니다)이 화재로 입은 손해,손해가 생긴 때와 곳에서의 「재조달가액」과 「보험가액」의 차액을 보험가입금액(1억)한도 내 실손보상,,,,,,,,,,장기보장성 비교 공시 (1).xls,,,,주택(화재)건물재조달차액지원(실손),보험목적(보험에 가입한 물건 중 주택건물을 말합니다)이 화재로 입은 손해,손해가 생긴 때와 곳에서의 「재조달가액」과 「보험가액」의 차액을 보험가입금액(1억)한도 내 실손보상,,,,,,,,,,,,,,,,
,,,"주택임시거주비(화재,붕괴,침강,사태)(1일이상)(실손)","보험목적인 주택에서 발생한 화재(폭발포함),붕괴,침강,사태로 인하여 보험목적 내에서 거주할 수 없게 된 경우, 보험목적의 수리기간동안 지출한 숙박비 및 식비를 지급",1일당 보험가입금액(10만)한도 내 실손보상(사고일로부터 90일한도),,,,,,,,,,장기보장성 비교 공시 (1).xls,,,,"주택임시거주비(화재,붕괴,침강,사태)(1일이상)(실손)","보험목적인 주택에서 발생한 화재(폭발포함),붕괴,침강,사태로 인하여 보험목적 내에서 거주할 수 없게 된 경우, 보험목적의 수리기간동안 지출한 숙박비 및 식비를 지급",1일당 보험가입금액(10만)한도 내 실손보상(사고일로부터 90일한도),,,,,,,,,,,,,,,,
,,,화재(폭발포함)배상책임Ⅱ(실손),"보험증권에 목적물(보험증권상의 소재지의 보장지역(면적) 내에서 피보험자가 소유, 사용 또는 관리하는 물건)에서 발생한 화재(폭발포함)로 인해 타인의 신체 및 재물에 손해에 대한 법률상의 손해배상책임을 부담함으로써 입은 손해","보험가입금액(대인 1억, 대물 1억) 한도내 실손보상",,,,,,,,,,장기보장성 비교 공시 (1).xls,,,,화재(폭발포함)배상책임Ⅱ(실손),"보험증권에 목적물(보험증권상의 소재지의 보장지역(면적) 내에서 피보험자가 소유, 사용 또는 관리하는 물건)에서 발생한 화재(폭발포함)로 인해 타인의 신체 및 재물에 손해에 대한 법률상의 손해배상책임을 부담함으로써 입은 손해","보험가입금액(대인 1억, 대물 1억) 한도내 실손보상",,,,,,,,,,,,,,,,
,,,화재손해(실손보상),"① 화재에 따른 직접손해② 화재에 따른 소방손해(화재진압과정에서 발생하는 손해)③ 화재에 따른 피난손해(피난지에서 5일동안 생긴 위 ①, ②의 손해)④ 잔존물 제거비용(화재발생 후 사고현장에서 잔존물의 해체비용, 청소비용, 차에 싣는 비용을 화재손해액의 10%이내에서 실비지급. 단, 화재손해 및 잔존물제거비용의 합계액은 이 담보의 보험가입금액을 한도로 지급)",보험가입금액(1억)한도 내 실손보상,,,,,,,,,,장기보장성 비교 공시 (1).xls,,,,화재손해(실손보상),"① 화재에 따른 직접손해② 화재에 따른 소방손해(화재진압과정에서 발생하는 손해)③ 화재에 따른 피난손해(피난지에서 5일동안 생긴 위 ①, ②의 손해)④ 잔존물 제거비용(화재발생 후 사고현장에서 잔존물의 해체비용, 청소비용, 차에 싣는 비용을 화재손해액의 10%이내에서 실비지급. 단, 화재손해 및 잔존물제거비용의 합계액은 이 담보의 보험가입금액을 한도로 지급)",보험가입금액(1억)한도 내 실손보상,,,,,,,,,,,,,,,,
,,,가족화재벌금(실손),"피보험자 본인 및 가족이 보험기간 중에 형법 제170조 또는 제171조에서 정한 실화, 업무상실화, 중실화에 따른 벌금형이 확정된 경우",보험가입금액(2천만)한도 내 실손보상,,,,,,,,,,장기보장성 비교 공시 (1).xls,,,,가족화재벌금(실손),"피보험자 본인 및 가족이 보험기간 중에 형법 제170조 또는 제171조에서 정한 실화, 업무상실화, 중실화에 따른 벌금형이 확정된 경우",보험가입금액(2천만)한도 내 실손보상,,,,,,,,,,,,,,,,
,,,배상책임종합보장(실손),"피보험자가 소유, 사용, 관리하는 보험증권에 기재된 시설 및 그 시설의 용도에 따른 업무수행으로 생긴 우연한 사고로 타인의 신체에 장해를 입히거나 재물에 손해를 입혀 법률상 손해배상책임을 부담함으로써 입은 실손해액 지급",보험가입금액(1억)한도 내 실손보상,,,,,,,,,,장기보장성 비교 공시 (1).xls,,,,배상책임종합보장(실손),"피보험자가 소유, 사용, 관리하는 보험증권에 기재된 시설 및 그 시설의 용도에 따른 업무수행으로 생긴 우연한 사고로 타인의 신체에 장해를 입히거나 재물에 손해를 입혀 법률상 손해배상책임을 부담함으로써 입은 실손해액 지급",보험가입금액(1억)한도 내 실손보상,,,,,,,,,,,,,,,,
,,,일반·공장(재산손해)건물재조달차액지원(실손),재산손해종합보장에서 정한 위험으로 보험의 목적(건물)에 손해가 발생하는 경우,손해가 생긴 때와 곳에서의 「재조달가액」과 「보험가액」의 차액을 보험가입금액(1억)한도 내 실손보상,,,,,,,,,,장기보장성 비교 공시 (1).xls,,,,일반·공장(재산손해)건물재조달차액지원(실손),재산손해종합보장에서 정한 위험으로 보험의 목적(건물)에 손해가 발생하는 경우,손해가 생긴 때와 곳에서의 「재조달가액」과 「보험가액」의 차액을 보험가입금액(1억)한도 내 실손보상,,,,,,,,,,,,,,,,
,,,재산손해종합보장(실손보상),보험의 목적에 급격하고 우연하게 발생한 직접적인 재산손해,보험가입금액(1억)한도 내 실손보상,,,,,,,,,,장기보장성 비교 공시 (1).xls,,,,재산손해종합보장(실손보상),보험의 목적에 급격하고 우연하게 발생한 직접적인 재산손해,보험가입금액(1억)한도 내 실손보상,,,,,,,,,,,,,,,,
,,,화재(폭발포함)배상책임Ⅱ(실손),"보험증권에 목적물(보험증권상의 소재지의 보장지역(면적) 내에서 피보험자가 소유, 사용 또는 관리하는 물건)에서 발생한 화재(폭발포함)로 인해 타인의 신체 및 재물에 손해에 대한 법률상의 손해배상책임을 부담함으로써 입은 손해","보험가입금액(대인 1억, 대물 1억) 한도내 실손보상",,,,,,,,,,장기보장성 비교 공시 (1).xls,,,,화재(폭발포함)배상책임Ⅱ(실손),"보험증권에 목적물(보험증권상의 소재지의 보장지역(면적) 내에서 피보험자가 소유, 사용 또는 관리하는 물건)에서 발생한 화재(폭발포함)로 인해 타인의 신체 및 재물에 손해에 대한 법률상의 손해배상책임을 부담함으로써 입은 손해","보험가입금액(대인 1억, 대물 1억) 한도내 실손보상",,,,,,,,,,,,,,,,
,,,"붕괴, 침강 및 사태손해(실손보상, 동산제외)","붕괴, 침강 및 사태로 보험목적에 생긴 손해",보험가입금액(1억)한도 내 실손보상,,,,,,,,,,장기보장성 비교 공시 (1).xls,,,,"붕괴, 침강 및 사태손해(실손보상, 동산제외)","붕괴, 침강 및 사태로 보험목적에 생긴 손해",보험가입금액(1억)한도 내 실손보상,,,,,,,,,,,,,,,,
,,,주택(화재)건물재조달차액지원(실손),보험목적(보험에 가입한 물건 중 주택건물을 말합니다)이 화재로 입은 손해,손해가 생긴 때와 곳에서의 「재조달가액」과 「보험가액」의 차액을 보험가입금액(1억)한도 내 실손보상,,,,,,,,,,장기보장성 비교 공시 (1).xls,,,,주택(화재)건물재조달차액지원(실손),보험목적(보험에 가입한 물건 중 주택건물을 말합니다)이 화재로 입은 손해,손해가 생긴 때와 곳에서의 「재조달가액」과 「보험가액」의 차액을 보험가입금액(1억)한도 내 실손보상,,,,,,,,,,,,,,,,
,,,"주택임시거주비(화재,붕괴,침강,사태)(1일이상)(실손)","보험목적인 주택에서 발생한 화재(폭발포함),붕괴,침강,사태로 인하여 보험목적 내에서 거주할 수 없게 된 경우, 보험목적의 수리기간동안 지출한 숙박비 및 식비를 지급",1일당 보험가입금액(10만)한도 내 실손보상(사고일로부터 90일한도),,,,,,,,,,장기보장성 비교 공시 (1).xls,,,,"주택임시거주비(화재,붕괴,침강,사태)(1일이상)(실손)","보험목적인 주택에서 발생한 화재(폭발포함),붕괴,침강,사태로 인하여 보험목적 내에서 거주할 수 없게 된 경우, 보험목적의 수리기간동안 지출한 숙박비 및 식비를 지급",1일당 보험가입금액(10만)한도 내 실손보상(사고일로부터 90일한도),,,,,,,,,,,,,,,,
,,,화재(폭발포함)배상책임Ⅱ(실손),"보험증권에 목적물(보험증권상의 소재지의 보장지역(면적) 내에서 피보험자가 소유, 사용 또는 관리하는 물건)에서 발생한 화재(폭발포함)로 인해 타인의 신체 및 재물에 손해에 대한 법률상의 손해배상책임을 부담함으로써 입은 손해","보험가입금액(대인 1억, 대물 1억) 한도내 실손보상",,,,,,,,,,장기보장성 비교 공시 (1).xls,,,,화재(폭발포함)배상책임Ⅱ(실손),"보험증권에 목적물(보험증권상의 소재지의 보장지역(면적) 내에서 피보험자가 소유, 사용 또는 관리하는 물건)에서 발생한 화재(폭발포함)로 인해 타인의 신체 및 재물에 손해에 대한 법률상의 손해배상책임을 부담함으로써 입은 손해","보험가입금액(대인 1억, 대물 1억) 한도내 실손보상",,,,,,,,,,,,,,,,
,,,화재손해(실손보상),"① 화재에 따른 직접손해② 화재에 따른 소방손해(화재진압과정에서 발생하는 손해)③ 화재에 따른 피난손해(피난지에서 5일동안 생긴 위 ①, ②의 손해)④ 잔존물 제거비용(화재발생 후 사고현장에서 잔존물의 해체비용, 청소비용, 차에 싣는 비용을 화재손해액의 10%이내에서 실비지급. 단, 화재손해 및 잔존물제거비용의 합계액은 이 담보의 보험가입금액을 한도로 지급)",보험가입금액(1억)한도 내 실손보상,,,,,,,,,,장기보장성 비교 공시 (1).xls,,,,화재손해(실손보상),"① 화재에 따른 직접손해② 화재에 따른 소방손해(화재진압과정에서 발생하는 손해)③ 화재에 따른 피난손해(피난지에서 5일동안 생긴 위 ①, ②의 손해)④ 잔존물 제거비용(화재발생 후 사고현장에서 잔존물의 해체비용, 청소비용, 차에 싣는 비용을 화재손해액의 10%이내에서 실비지급. 단, 화재손해 및 잔존물제거비용의 합계액은 이 담보의 보험가입금액을 한도로 지급)",보험가입금액(1억)한도 내 실손보상,,,,,,,,,,,,,,,,
,,,"붕괴침강및사태손해(실손보상,건물)","보험기간 중 붕괴, 침강 및 사태로 인해 보험증권에 기재된 보험목적에 손해가 발생한 경우","손해액(단, 보험가입금액 및 보험가액 한도)",,,,,,,,,,장기보장성 비교 공시 (1).xls,,,,"붕괴침강및사태손해(실손보상,건물)","보험기간 중 붕괴, 침강 및 사태로 인해 보험증권에 기재된 보험목적에 손해가 발생한 경우","손해액(단, 보험가입금액 및 보험가액 한도)",,,,,,,,,,,,,,,,
,,,"화재손해(실손보상,가재)","보험기간 중 화재(폭발, 파열 포함)로 인해 보험증권에 기재된 보험목적에 아래의 손해가 발생한 경우 1. 화재에 따른 직접손해 2. 화재에 따른 소방손해(화재진압과정에서 발생하는 손해) 3. 화재에 따른 피난손해(피난지에서 5일 동안에 보험목적에 생긴 위 제1호 및 제2호의 손해를 포함합니다) ※ 한 번의 사고에 대하여 지급액이 보험가입금액 이상인 때에는 이 특별약관은 소멸","손해액(단, 보험가입금액 및 보험가액 한도)",,,,,,,,,,장기보장성 비교 공시 (1).xls,,,,"화재손해(실손보상,가재)","보험기간 중 화재(폭발, 파열 포함)로 인해 보험증권에 기재된 보험목적에 아래의 손해가 발생한 경우 1. 화재에 따른 직접손해 2. 화재에 따른 소방손해(화재진압과정에서 발생하는 손해) 3. 화재에 따른 피난손해(피난지에서 5일 동안에 보험목적에 생긴 위 제1호 및 제2호의 손해를 포함합니다) ※ 한 번의 사고에 대하여 지급액이 보험가입금액 이상인 때에는 이 특별약관은 소멸","손해액(단, 보험가입금액 및 보험가액 한도)",,,,,,,,,,,,,,,,
,,,"화재손해(실손보상,건물)",,,,,,,,,,,,장기보장성 비교 공시 (1).xls,,,,"화재손해(실손보상,건물)",,,,,,,,,,,,,,,,,,
,,,구내폭발·파열손해(실손)보장,"보험목적이 있는 구내에서 생긴 폭발, 파열로 보험목적에 손해가 발생한 경우",,,,,,,,,,,장기보장성 비교 공시 (1).xls,,,,구내폭발·파열손해(실손)보장,"보험목적이 있는 구내에서 생긴 폭발, 파열로 보험목적에 손해가 발생한 경우",,,,,,,,,,,,,,,,,
,,,"붕괴, 침강 및 사태로 인한 재산손해(실손)보장","붕괴, 침강 및 사태로 인하여 보험목적에 손해가 발생한 경우",,,,,,,,,,,장기보장성 비교 공시 (1).xls,,,,"붕괴, 침강 및 사태로 인한 재산손해(실손)보장","붕괴, 침강 및 사태로 인하여 보험목적에 손해가 발생한 경우",,,,,,,,,,,,,,,,,
,,,화재손해(보험가입금액 한도내 실손)보장,"보험에 가입한 물건이 화재(벼락포함)로 입은 손해, 소방손해, 피난손해를 보상",가입금액한도(실손보상),,,,,,,,,,장기보장성 비교 공시 (1).xls,,,,화재손해(보험가입금액 한도내 실손)보장,"보험에 가입한 물건이 화재(벼락포함)로 입은 손해, 소방손해, 피난손해를 보상",가입금액한도(실손보상),,,,,,,,,,,,,,,,
,,,"대인형사합의실손비Ⅲ(운전자용,비탑승중포함)",자동차 운전 중 및 운전 후 비탑승 상태에서 발생한 급격하고도 우연한 자동차사고로 타인에게 손해를 입힌 경우,"1인당 지급, 실손 보상2억원 한도42일~69일진단 :3천만원한도70일~139일진단 :1억원한도140일이상진단 :1.5억원한도2억원 한도",,,,,,,,,,장기보장성 비교 공시 (2).xls,,,,"대인형사합의실손비Ⅲ(운전자용,비탑승중포함)",자동차 운전 중 및 운전 후 비탑승 상태에서 발생한 급격하고도 우연한 자동차사고로 타인에게 손해를 입힌 경우,"1인당 지급, 실손 보상2억원 한도42일~69일진단 :3천만원한도70일~139일진단 :1억원한도140일이상진단 :1.5억원한도2억원 한도",,,,,,,,,,,,,,,,
,,,"자동차사고대물벌금(실손,운전자용)",자동차 운전 중 발생한 급격하고도 우연한 자동차사고로 벌금형이 확정된 경우,1사고당 500만원을 한도로 실손보상,,,,,,,,,,장기보장성 비교 공시 (2).xls,,,,"자동차사고대물벌금(실손,운전자용)",자동차 운전 중 발생한 급격하고도 우연한 자동차사고로 벌금형이 확정된 경우,1사고당 500만원을 한도로 실손보상,,,,,,,,,,,,,,,,
,,,"자동차사고대인벌금Ⅱ(스쿨존사고외2천만원한도,실손,운전자용,비탑승중포함)",자동차 운전 중 및 운전 후 비탑승 상태에서 발생한 급격하고도 우연한 자동차사고로 타인의 신체에 상해를 입힘으로써 신체 상해와 관련하여 벌금액을 받은 경우,"1사고당 2,000만원을 한도로 실손보상, 단 스쿨존사고 1사고당 3,000만원 한도",,,,,,,,,,장기보장성 비교 공시 (2).xls,,,,"자동차사고대인벌금Ⅱ(스쿨존사고외2천만원한도,실손,운전자용,비탑승중포함)",자동차 운전 중 및 운전 후 비탑승 상태에서 발생한 급격하고도 우연한 자동차사고로 타인의 신체에 상해를 입힘으로써 신체 상해와 관련하여 벌금액을 받은 경우,"1사고당 2,000만원을 한도로 실손보상, 단 스쿨존사고 1사고당 3,000만원 한도",,,,,,,,,,,,,,,,
,,,"자동차사고변호사선임비용Ⅴ(경찰조사포함)(실손,운전자용,비탑승중포함)",자동차 운전 중 및 운전 후 비탑승 상태에서 발생한 급격하고도 우연한 자동차사고로 타인의 신체에 상해를 입힘으로써 변호사를 선임하게 된 경우,보험가입금액 한도로 실손보상,,,,,,,,,,장기보장성 비교 공시 (2).xls,,,,"자동차사고변호사선임비용Ⅴ(경찰조사포함)(실손,운전자용,비탑승중포함)",자동차 운전 중 및 운전 후 비탑승 상태에서 발생한 급격하고도 우연한 자동차사고로 타인의 신체에 상해를 입힘으로써 변호사를 선임하게 된 경우,보험가입금액 한도로 실손보상,,,,,,,,,,,,,,,,
,,,"대인형사합의실손비Ⅲ(운전자용,비탑승중포함)",자동차 운전 중 및 운전 후 비탑승 상태에서 발생한 급격하고도 우연한 자동차사고로 타인에게 손해를 입힌 경우,"1인당 지급, 실손 보상2억원 한도42일~69일진단 :3천만원한도70일~139일진단 :1억원한도140일이상진단 :1.5억원한도2억원 한도",,,,,,,,,,장기보장성 비교 공시 (2).xls,,,,"대인형사합의실손비Ⅲ(운전자용,비탑승중포함)",자동차 운전 중 및 운전 후 비탑승 상태에서 발생한 급격하고도 우연한 자동차사고로 타인에게 손해를 입힌 경우,"1인당 지급, 실손 보상2억원 한도42일~69일진단 :3천만원한도70일~139일진단 :1억원한도140일이상진단 :1.5억원한도2억원 한도",,,,,,,,,,,,,,,,
,,,"자동차사고대물벌금(실손,운전자용)",자동차 운전 중 발생한 급격하고도 우연한 자동차사고로 벌금형이 확정된 경우,1사고당 500만원을 한도로 실손보상,,,,,,,,,,장기보장성 비교 공시 (2).xls,,,,"자동차사고대물벌금(실손,운전자용)",자동차 운전 중 발생한 급격하고도 우연한 자동차사고로 벌금형이 확정된 경우,1사고당 500만원을 한도로 실손보상,,,,,,,,,,,,,,,,
,,,"자동차사고대인벌금Ⅱ(스쿨존사고외2천만원한도,실손,운전자용,비탑승중포함)",자동차 운전 중 및 운전 후 비탑승 상태에서 발생한 급격하고도 우연한 자동차사고로 타인의 신체에 상해를 입힘으로써 신체 상해와 관련하여 벌금액을 받은 경우,"1사고당 2,000만원을 한도로 실손보상, 단 스쿨존사고 1사고당 3,000만원 한도",,,,,,,,,,장기보장성 비교 공시 (2).xls,,,,"자동차사고대인벌금Ⅱ(스쿨존사고외2천만원한도,실손,운전자용,비탑승중포함)",자동차 운전 중 및 운전 후 비탑승 상태에서 발생한 급격하고도 우연한 자동차사고로 타인의 신체에 상해를 입힘으로써 신체 상해와 관련하여 벌금액을 받은 경우,"1사고당 2,000만원을 한도로 실손보상, 단 스쿨존사고 1사고당 3,000만원 한도",,,,,,,,,,,,,,,,
,,,"자동차사고변호사선임비용Ⅴ(경찰조사포함)(실손,운전자용,비탑승중포함)",자동차 운전 중 및 운전 후 비탑승 상태에서 발생한 급격하고도 우연한 자동차사고로 타인의 신체에 상해를 입힘으로써 변호사를 선임하게 된 경우,보험가입금액 한도로 실손보상,,,,,,,,,,장기보장성 비교 공시 (2).xls,,,,"자동차사고변호사선임비용Ⅴ(경찰조사포함)(실손,운전자용,비탑승중포함)",자동차 운전 중 및 운전 후 비탑승 상태에서 발생한 급격하고도 우연한 자동차사고로 타인의 신체에 상해를 입힘으로써 변호사를 선임하게 된 경우,보험가입금액 한도로 실손보상,,,,,,,,,,,,,,,,
,,,"대인형사합의실손비Ⅲ(운전자용,비탑승중포함)",자동차 운전 중 및 운전 후 비탑승 상태에서 발생한 사고로 타인에게 다음 중 어느 하나에 해당하는 손해를 입힌 경우 형사합의금으로 지급한 금액 실손보상 / 사망하게 하거나 일반교통사고로 중상해를 입혀 관련법령에 따라 공소제기되거나 자배법에서 정한 부상등급 1-3급 부상을 입힌 경우 1인당 보험가입금액 한도 / 중대법규위반사고로 피해자가 42일이상 치료를 요한다는 진단을 받은 경우(운전 중 사고를 원인으로 한 경우에 한함) 진단주수별 약관에 정한 금액 한도 / 일반교통사고로 자배법에서 정한 부상등급 1-3급 외에 해당하는 부상을 입히고 경찰서 또는 검찰청에 제출된 의사 진단서 또는 소견서 상 중상해이며 경찰조사 후 불송치되거나 검찰에 의해 불기소된 경우 1인당 약관에 정한 금액 한도※ 비탑승 상태에서 발생한 사고 중 주정차한 이후에 발생한 사고는 사망한 경우 또는 중상해로 공소제기된 경우에 한하여 보상,"1인당 지급, 실손 보상사망 : 2억원 한도42일~69일진단 :3천만원한도70일~139일진단 :1억원한도140일이상진단 :1억5천만원한도중상해 : 2억원 한도",,,,,,,,,,장기보장성 비교 공시 (2).xls,,,,"대인형사합의실손비Ⅲ(운전자용,비탑승중포함)",자동차 운전 중 및 운전 후 비탑승 상태에서 발생한 사고로 타인에게 다음 중 어느 하나에 해당하는 손해를 입힌 경우 형사합의금으로 지급한 금액 실손보상 / 사망하게 하거나 일반교통사고로 중상해를 입혀 관련법령에 따라 공소제기되거나 자배법에서 정한 부상등급 1-3급 부상을 입힌 경우 1인당 보험가입금액 한도 / 중대법규위반사고로 피해자가 42일이상 치료를 요한다는 진단을 받은 경우(운전 중 사고를 원인으로 한 경우에 한함) 진단주수별 약관에 정한 금액 한도 / 일반교통사고로 자배법에서 정한 부상등급 1-3급 외에 해당하는 부상을 입히고 경찰서 또는 검찰청에 제출된 의사 진단서 또는 소견서 상 중상해이며 경찰조사 후 불송치되거나 검찰에 의해 불기소된 경우 1인당 약관에 정한 금액 한도※ 비탑승 상태에서 발생한 사고 중 주정차한 이후에 발생한 사고는 사망한 경우 또는 중상해로 공소제기된 경우에 한하여 보상,"1인당 지급, 실손 보상사망 : 2억원 한도42일~69일진단 :3천만원한도70일~139일진단 :1억원한도140일이상진단 :1억5천만원한도중상해 : 2억원 한도",,,,,,,,,,,,,,,,
,,,"심급별자동차사고변호사선임비용(실손,운전자용,비탑승중포함)","자동차를 운전 중 및 운전 후 비탑승 상태에서 발생한 사고로 타인의 신체에 상해를 입힘으로써 다음 중 어느 하나에 해당되어 변호사선임비용을  부담하게 된 경우 사고 1회당 제기된 소송의 심급별로 실제로 부담한 변호사 선임에 따른 비용의 50%를 지급1. 구속영장에 의하여 구속된 경우2. 검사에 의하여 공소 제기(단, 약식기소는 제외)된 경우3. 검사에 의해 약식기소 되었으나 법원에 의해 보통의 심판절차인 공판절차에 의해 재판이 진행하게 된 경우 4. 검사에 의해 약식기소 되었으나 형사소송법 제453조에 의거하여 검사 또는 피보험자가 법원의 약식명령에 대하여 정식재판을 청구하는 경우5. 경찰 조사 후 불송치된 경우6. 검찰에 의해 약식기소 또는 불기소된 경우(단, 위 3. 및 4.에 해당하는 경우는 제외함) ※ 5. 및 6.에 해당하는 경우는 1)~4)중 어느 하나에 해당하는 경우에 한함. 1) 타인을 사망하게 한 경우2) “중대법규위반 교통사고”로 타인의 신체에 상해를 입힌 경우(단, 자동차 운전 중 발생한 자동차사고를 원인으로 한 경우에 한함.)3) “중대법규위반 교통사고”에 해당하지 않는 자동차사고로 타인의 신체에 상해를 입힘으로써 피해자에게 자동차사고 부상등급표에 정한 부상등급 1급, 2급 또는 3급에 해당하는 부상을 입힌 경우 4) “중대법규위반 교통사고”에 해당하지 않는 자동차사고로 타인의 신체에 상해를 입힘으로써 피해자에게 자동차사고 부상등급표에 정한 부상등급 1급, 2급 또는 3급 외에 해당하는 중상해를 입힌 경우(단, 자동차 운전 중 발생한 자동차사고를 원인으로 한 경우에 한하며 경찰서 또는 검찰청에 제출된 의사 진단서 또는 소견서 상 중상해인 경우에 한함)※ 비탑승 상태에서 발생한 사고 중 주정차한 이후에 발생한 사고는 타인이 사망한 경우 이외에는 1. 내지 4.에 해당하는 경우에 한하여 보상",1사고당 제기된 소송의 심급별 변호사선임비용 50% 실손보상(심급별 500만원 한도),,,,,,,,,,장기보장성 비교 공시 (2).xls,,,,"심급별자동차사고변호사선임비용(실손,운전자용,비탑승중포함)","자동차를 운전 중 및 운전 후 비탑승 상태에서 발생한 사고로 타인의 신체에 상해를 입힘으로써 다음 중 어느 하나에 해당되어 변호사선임비용을  부담하게 된 경우 사고 1회당 제기된 소송의 심급별로 실제로 부담한 변호사 선임에 따른 비용의 50%를 지급1. 구속영장에 의하여 구속된 경우2. 검사에 의하여 공소 제기(단, 약식기소는 제외)된 경우3. 검사에 의해 약식기소 되었으나 법원에 의해 보통의 심판절차인 공판절차에 의해 재판이 진행하게 된 경우 4. 검사에 의해 약식기소 되었으나 형사소송법 제453조에 의거하여 검사 또는 피보험자가 법원의 약식명령에 대하여 정식재판을 청구하는 경우5. 경찰 조사 후 불송치된 경우6. 검찰에 의해 약식기소 또는 불기소된 경우(단, 위 3. 및 4.에 해당하는 경우는 제외함) ※ 5. 및 6.에 해당하는 경우는 1)~4)중 어느 하나에 해당하는 경우에 한함. 1) 타인을 사망하게 한 경우2) “중대법규위반 교통사고”로 타인의 신체에 상해를 입힌 경우(단, 자동차 운전 중 발생한 자동차사고를 원인으로 한 경우에 한함.)3) “중대법규위반 교통사고”에 해당하지 않는 자동차사고로 타인의 신체에 상해를 입힘으로써 피해자에게 자동차사고 부상등급표에 정한 부상등급 1급, 2급 또는 3급에 해당하는 부상을 입힌 경우 4) “중대법규위반 교통사고”에 해당하지 않는 자동차사고로 타인의 신체에 상해를 입힘으로써 피해자에게 자동차사고 부상등급표에 정한 부상등급 1급, 2급 또는 3급 외에 해당하는 중상해를 입힌 경우(단, 자동차 운전 중 발생한 자동차사고를 원인으로 한 경우에 한하며 경찰서 또는 검찰청에 제출된 의사 진단서 또는 소견서 상 중상해인 경우에 한함)※ 비탑승 상태에서 발생한 사고 중 주정차한 이후에 발생한 사고는 타인이 사망한 경우 이외에는 1. 내지 4.에 해당하는 경우에 한하여 보상",1사고당 제기된 소송의 심급별 변호사선임비용 50% 실손보상(심급별 500만원 한도),,,,,,,,,,,,,,,,
,,,"자동차사고대물벌금(실손,운전자용)","자동차 운전 중 자동차사고로 도로교통법 제151조(벌칙)에 따른 벌금형이 확정된 경우(음주, 무면허상태에서 운전 중 발생한 사고 제외)",1사고당 500만원한도,,,,,,,,,,장기보장성 비교 공시 (2).xls,,,,"자동차사고대물벌금(실손,운전자용)","자동차 운전 중 자동차사고로 도로교통법 제151조(벌칙)에 따른 벌금형이 확정된 경우(음주, 무면허상태에서 운전 중 발생한 사고 제외)",1사고당 500만원한도,,,,,,,,,,,,,,,,
,,,"자동차사고대인벌금Ⅱ(스쿨존사고외2천만원한도,실손,운전자용,비탑승중포함)","자동차 운전 중 및 운전 후 비탑승중 상테에서 발생한 사고로 타인의 신체에 상해를 입힘으로써 신체상해와 관련하여 받은 벌금액(확정판결에 의해 정해진 벌금액)을 1사고당 2,000만원을 한도로 실손보상. 단, 어린이 보호구역에서 어린이 치사상의 가중처벌에 따른 벌금형이 확정된 경우 벌금액을 1사고당 3,000만원을 한도로 실손보상",타인의 신체에 상해를 입힘으로써 신체상해와 관련하여 받은 벌금액 : 2천만원한도특정범죄 가중처벌 등에 관한 법률 제5조의13에 따른 벌금액 : 3천만원한도,,,,,,,,,,장기보장성 비교 공시 (2).xls,,,,"자동차사고대인벌금Ⅱ(스쿨존사고외2천만원한도,실손,운전자용,비탑승중포함)","자동차 운전 중 및 운전 후 비탑승중 상테에서 발생한 사고로 타인의 신체에 상해를 입힘으로써 신체상해와 관련하여 받은 벌금액(확정판결에 의해 정해진 벌금액)을 1사고당 2,000만원을 한도로 실손보상. 단, 어린이 보호구역에서 어린이 치사상의 가중처벌에 따른 벌금형이 확정된 경우 벌금액을 1사고당 3,000만원을 한도로 실손보상",타인의 신체에 상해를 입힘으로써 신체상해와 관련하여 받은 벌금액 : 2천만원한도특정범죄 가중처벌 등에 관한 법률 제5조의13에 따른 벌금액 : 3천만원한도,,,,,,,,,,,,,,,,
,,,"대인형사합의실손비Ⅲ(운전자용,비탑승중포함)",자동차 운전 중 및 운전 후 비탑승 상태에서 발생한 사고로 타인에게 다음 중 어느 하나에 해당하는 손해를 입힌 경우 형사합의금으로 지급한 금액 실손보상 / 사망하게 하거나 일반교통사고로 중상해를 입혀 관련법령에 따라 공소제기되거나 자배법에서 정한 부상등급 1-3급 부상을 입힌 경우 1인당 보험가입금액 한도 / 중대법규위반사고로 피해자가 42일이상 치료를 요한다는 진단을 받은 경우(운전 중 사고를 원인으로 한 경우에 한함) 진단주수별 약관에 정한 금액 한도 / 일반교통사고로 자배법에서 정한 부상등급 1-3급 외에 해당하는 부상을 입히고 경찰서 또는 검찰청에 제출된 의사 진단서 또는 소견서 상 중상해이며 경찰조사 후 불송치되거나 검찰에 의해 불기소된 경우 1인당 약관에 정한 금액 한도※ 비탑승 상태에서 발생한 사고 중 주정차한 이후에 발생한 사고는 사망한 경우 또는 중상해로 공소제기된 경우에 한하여 보상,"1인당 지급, 실손 보상사망 : 2억원 한도42일~69일진단 :3천만원한도70일~139일진단 :1억원한도140일이상진단 :1억5천만원한도중상해 : 2억원 한도",,,,,,,,,,장기보장성 비교 공시 (2).xls,,,,"대인형사합의실손비Ⅲ(운전자용,비탑승중포함)",자동차 운전 중 및 운전 후 비탑승 상태에서 발생한 사고로 타인에게 다음 중 어느 하나에 해당하는 손해를 입힌 경우 형사합의금으로 지급한 금액 실손보상 / 사망하게 하거나 일반교통사고로 중상해를 입혀 관련법령에 따라 공소제기되거나 자배법에서 정한 부상등급 1-3급 부상을 입힌 경우 1인당 보험가입금액 한도 / 중대법규위반사고로 피해자가 42일이상 치료를 요한다는 진단을 받은 경우(운전 중 사고를 원인으로 한 경우에 한함) 진단주수별 약관에 정한 금액 한도 / 일반교통사고로 자배법에서 정한 부상등급 1-3급 외에 해당하는 부상을 입히고 경찰서 또는 검찰청에 제출된 의사 진단서 또는 소견서 상 중상해이며 경찰조사 후 불송치되거나 검찰에 의해 불기소된 경우 1인당 약관에 정한 금액 한도※ 비탑승 상태에서 발생한 사고 중 주정차한 이후에 발생한 사고는 사망한 경우 또는 중상해로 공소제기된 경우에 한하여 보상,"1인당 지급, 실손 보상사망 : 2억원 한도42일~69일진단 :3천만원한도70일~139일진단 :1억원한도140일이상진단 :1억5천만원한도중상해 : 2억원 한도",,,,,,,,,,,,,,,,
,,,"심급별자동차사고변호사선임비용(실손,운전자용,비탑승중포함)","자동차를 운전 중 및 운전 후 비탑승 상태에서 발생한 사고로 타인의 신체에 상해를 입힘으로써 다음 중 어느 하나에 해당되어 변호사선임비용을  부담하게 된 경우 사고 1회당 제기된 소송의 심급별로 실제로 부담한 변호사 선임에 따른 비용의 50%를 지급1. 구속영장에 의하여 구속된 경우2. 검사에 의하여 공소 제기(단, 약식기소는 제외)된 경우3. 검사에 의해 약식기소 되었으나 법원에 의해 보통의 심판절차인 공판절차에 의해 재판이 진행하게 된 경우 4. 검사에 의해 약식기소 되었으나 형사소송법 제453조에 의거하여 검사 또는 피보험자가 법원의 약식명령에 대하여 정식재판을 청구하는 경우5. 경찰 조사 후 불송치된 경우6. 검찰에 의해 약식기소 또는 불기소된 경우(단, 위 3. 및 4.에 해당하는 경우는 제외함) ※ 5. 및 6.에 해당하는 경우는 1)~4)중 어느 하나에 해당하는 경우에 한함. 1) 타인을 사망하게 한 경우2) “중대법규위반 교통사고”로 타인의 신체에 상해를 입힌 경우(단, 자동차 운전 중 발생한 자동차사고를 원인으로 한 경우에 한함.)3) “중대법규위반 교통사고”에 해당하지 않는 자동차사고로 타인의 신체에 상해를 입힘으로써 피해자에게 자동차사고 부상등급표에 정한 부상등급 1급, 2급 또는 3급에 해당하는 부상을 입힌 경우 4) “중대법규위반 교통사고”에 해당하지 않는 자동차사고로 타인의 신체에 상해를 입힘으로써 피해자에게 자동차사고 부상등급표에 정한 부상등급 1급, 2급 또는 3급 외에 해당하는 중상해를 입힌 경우(단, 자동차 운전 중 발생한 자동차사고를 원인으로 한 경우에 한하며 경찰서 또는 검찰청에 제출된 의사 진단서 또는 소견서 상 중상해인 경우에 한함)※ 비탑승 상태에서 발생한 사고 중 주정차한 이후에 발생한 사고는 타인이 사망한 경우 이외에는 1. 내지 4.에 해당하는 경우에 한하여 보상",1사고당 제기된 소송의 심급별 변호사선임비용 50% 실손보상(심급별 500만원 한도),,,,,,,,,,장기보장성 비교 공시 (2).xls,,,,"심급별자동차사고변호사선임비용(실손,운전자용,비탑승중포함)","자동차를 운전 중 및 운전 후 비탑승 상태에서 발생한 사고로 타인의 신체에 상해를 입힘으로써 다음 중 어느 하나에 해당되어 변호사선임비용을  부담하게 된 경우 사고 1회당 제기된 소송의 심급별로 실제로 부담한 변호사 선임에 따른 비용의 50%를 지급1. 구속영장에 의하여 구속된 경우2. 검사에 의하여 공소 제기(단, 약식기소는 제외)된 경우3. 검사에 의해 약식기소 되었으나 법원에 의해 보통의 심판절차인 공판절차에 의해 재판이 진행하게 된 경우 4. 검사에 의해 약식기소 되었으나 형사소송법 제453조에 의거하여 검사 또는 피보험자가 법원의 약식명령에 대하여 정식재판을 청구하는 경우5. 경찰 조사 후 불송치된 경우6. 검찰에 의해 약식기소 또는 불기소된 경우(단, 위 3. 및 4.에 해당하는 경우는 제외함) ※ 5. 및 6.에 해당하는 경우는 1)~4)중 어느 하나에 해당하는 경우에 한함. 1) 타인을 사망하게 한 경우2) “중대법규위반 교통사고”로 타인의 신체에 상해를 입힌 경우(단, 자동차 운전 중 발생한 자동차사고를 원인으로 한 경우에 한함.)3) “중대법규위반 교통사고”에 해당하지 않는 자동차사고로 타인의 신체에 상해를 입힘으로써 피해자에게 자동차사고 부상등급표에 정한 부상등급 1급, 2급 또는 3급에 해당하는 부상을 입힌 경우 4) “중대법규위반 교통사고”에 해당하지 않는 자동차사고로 타인의 신체에 상해를 입힘으로써 피해자에게 자동차사고 부상등급표에 정한 부상등급 1급, 2급 또는 3급 외에 해당하는 중상해를 입힌 경우(단, 자동차 운전 중 발생한 자동차사고를 원인으로 한 경우에 한하며 경찰서 또는 검찰청에 제출된 의사 진단서 또는 소견서 상 중상해인 경우에 한함)※ 비탑승 상태에서 발생한 사고 중 주정차한 이후에 발생한 사고는 타인이 사망한 경우 이외에는 1. 내지 4.에 해당하는 경우에 한하여 보상",1사고당 제기된 소송의 심급별 변호사선임비용 50% 실손보상(심급별 500만원 한도),,,,,,,,,,,,,,,,
,,,"자동차사고대물벌금(실손,운전자용)","자동차 운전 중 자동차사고로 도로교통법 제151조(벌칙)에 따른 벌금형이 확정된 경우(음주, 무면허상태에서 운전 중 발생한 사고 제외)",1사고당 500만원한도,,,,,,,,,,장기보장성 비교 공시 (2).xls,,,,"자동차사고대물벌금(실손,운전자용)","자동차 운전 중 자동차사고로 도로교통법 제151조(벌칙)에 따른 벌금형이 확정된 경우(음주, 무면허상태에서 운전 중 발생한 사고 제외)",1사고당 500만원한도,,,,,,,,,,,,,,,,
,,,"자동차사고대인벌금Ⅱ(스쿨존사고외2천만원한도,실손,운전자용,비탑승중포함)","자동차 운전 중 및 운전 후 비탑승중 상테에서 발생한 사고로 타인의 신체에 상해를 입힘으로써 신체상해와 관련하여 받은 벌금액(확정판결에 의해 정해진 벌금액)을 1사고당 2,000만원을 한도로 실손보상. 단, 어린이 보호구역에서 어린이 치사상의 가중처벌에 따른 벌금형이 확정된 경우 벌금액을 1사고당 3,000만원을 한도로 실손보상",타인의 신체에 상해를 입힘으로써 신체상해와 관련하여 받은 벌금액 : 2천만원한도특정범죄 가중처벌 등에 관한 법률 제5조의13에 따른 벌금액 : 3천만원한도,,,,,,,,,,장기보장성 비교 공시 (2).xls,,,,"자동차사고대인벌금Ⅱ(스쿨존사고외2천만원한도,실손,운전자용,비탑승중포함)","자동차 운전 중 및 운전 후 비탑승중 상테에서 발생한 사고로 타인의 신체에 상해를 입힘으로써 신체상해와 관련하여 받은 벌금액(확정판결에 의해 정해진 벌금액)을 1사고당 2,000만원을 한도로 실손보상. 단, 어린이 보호구역에서 어린이 치사상의 가중처벌에 따른 벌금형이 확정된 경우 벌금액을 1사고당 3,000만원을 한도로 실손보상",타인의 신체에 상해를 입힘으로써 신체상해와 관련하여 받은 벌금액 : 2천만원한도특정범죄 가중처벌 등에 관한 법률 제5조의13에 따른 벌금액 : 3천만원한도,,,,,,,,,,,,,,,,
,,,심급별 자동차사고변호사선임비용Ⅲ(특정사고경찰조사포함)(비탑승중포함Ⅲ)(실손),"피보험자가 보험기간 중 ①자동차 운전중, ②운전 후 비탑승 상태(운전 중 상태에서 벗어난 직후), ③피보험자가 소유, 사용, 관리하는 자동차를 주정차 후(위 ②의 사고 제외) 대인사고로 약관상의 보장항목에 해당하는 사유로 변호사선임비용을 부담한 경우",보험가입금액(1500만원),,,,,,,,,,장기보장성 비교 공시 (2).xls,,,,심급별 자동차사고변호사선임비용Ⅲ(특정사고경찰조사포함)(비탑승중포함Ⅲ)(실손),"피보험자가 보험기간 중 ①자동차 운전중, ②운전 후 비탑승 상태(운전 중 상태에서 벗어난 직후), ③피보험자가 소유, 사용, 관리하는 자동차를 주정차 후(위 ②의 사고 제외) 대인사고로 약관상의 보장항목에 해당하는 사유로 변호사선임비용을 부담한 경우",보험가입금액(1500만원),,,,,,,,,,,,,,,,
,,,"자동차사고벌금(대물,실손)",피보험자가 보험기간중에 자동차 운전중 대물사고로 도로교통법 151조에 의하여 벌금 확정판결을 받은 경우,보험가입금액(500만원),,,,,,,,,,장기보장성 비교 공시 (2).xls,,,,"자동차사고벌금(대물,실손)",피보험자가 보험기간중에 자동차 운전중 대물사고로 도로교통법 151조에 의하여 벌금 확정판결을 받은 경우,보험가입금액(500만원),,,,,,,,,,,,,,,,
,,,자동차사고벌금(비탑승중포함Ⅲ)(실손),"피보험자가 보험기간 중에 ①자동차 운전중, ②운전 후 비탑승 상태(운전 중 상태에서 벗어난 직후), ③피보험자가 소유, 사용, 관리하는 자동차를 주정차 후(위 ②의 사고 제외) 발생한 대인사고로 벌금 확정판결을 받은 경우",보험가입금액(3000만원),,,,,,,,,,장기보장성 비교 공시 (2).xls,,,,자동차사고벌금(비탑승중포함Ⅲ)(실손),"피보험자가 보험기간 중에 ①자동차 운전중, ②운전 후 비탑승 상태(운전 중 상태에서 벗어난 직후), ③피보험자가 소유, 사용, 관리하는 자동차를 주정차 후(위 ②의 사고 제외) 발생한 대인사고로 벌금 확정판결을 받은 경우",보험가입금액(3000만원),,,,,,,,,,,,,,,,
,,,심급별 자동차사고변호사선임비용Ⅲ(특정사고경찰조사포함)(비탑승중포함Ⅲ)(실손),"피보험자가 보험기간 중 ①자동차 운전중, ②운전 후 비탑승 상태(운전 중 상태에서 벗어난 직후), ③피보험자가 소유, 사용, 관리하는 자동차를 주정차 후(위 ②의 사고 제외) 대인사고로 약관상의 보장항목에 해당하는 사유로 변호사선임비용을 부담한 경우",보험가입금액(1500만원),,,,,,,,,,장기보장성 비교 공시 (2).xls,,,,심급별 자동차사고변호사선임비용Ⅲ(특정사고경찰조사포함)(비탑승중포함Ⅲ)(실손),"피보험자가 보험기간 중 ①자동차 운전중, ②운전 후 비탑승 상태(운전 중 상태에서 벗어난 직후), ③피보험자가 소유, 사용, 관리하는 자동차를 주정차 후(위 ②의 사고 제외) 대인사고로 약관상의 보장항목에 해당하는 사유로 변호사선임비용을 부담한 경우",보험가입금액(1500만원),,,,,,,,,,,,,,,,
,,,"자동차사고벌금(대물,실손)",피보험자가 보험기간중에 자동차 운전중 대물사고로 도로교통법 151조에 의하여 벌금 확정판결을 받은 경우,보험가입금액(500만원),,,,,,,,,,장기보장성 비교 공시 (2).xls,,,,"자동차사고벌금(대물,실손)",피보험자가 보험기간중에 자동차 운전중 대물사고로 도로교통법 151조에 의하여 벌금 확정판결을 받은 경우,보험가입금액(500만원),,,,,,,,,,,,,,,,
,,,자동차사고벌금(비탑승중포함Ⅲ)(실손),"피보험자가 보험기간 중에 ①자동차 운전중, ②운전 후 비탑승 상태(운전 중 상태에서 벗어난 직후), ③피보험자가 소유, 사용, 관리하는 자동차를 주정차 후(위 ②의 사고 제외) 발생한 대인사고로 벌금 확정판결을 받은 경우",보험가입금액(3000만원),,,,,,,,,,장기보장성 비교 공시 (2).xls,,,,자동차사고벌금(비탑승중포함Ⅲ)(실손),"피보험자가 보험기간 중에 ①자동차 운전중, ②운전 후 비탑승 상태(운전 중 상태에서 벗어난 직후), ③피보험자가 소유, 사용, 관리하는 자동차를 주정차 후(위 ②의 사고 제외) 발생한 대인사고로 벌금 확정판결을 받은 경우",보험가입금액(3000만원),,,,,,,,,,,,,,,,
,,,심급별 자동차사고변호사선임비용Ⅲ(특정사고경찰조사포함)(비탑승중포함Ⅲ)(실손),"피보험자가 보험기간 중 ①자동차 운전중, ②운전 후 비탑승 상태(운전 중 상태에서 벗어난 직후), ③피보험자가 소유, 사용, 관리하는 자동차를 주정차 후(위 ②의 사고 제외) 대인사고로 약관상의 보장항목에 해당하는 사유로 변호사선임비용을 부담한 경우",보험가입금액(1500만원),,,,,,,,,,장기보장성 비교 공시 (2).xls,,,,심급별 자동차사고변호사선임비용Ⅲ(특정사고경찰조사포함)(비탑승중포함Ⅲ)(실손),"피보험자가 보험기간 중 ①자동차 운전중, ②운전 후 비탑승 상태(운전 중 상태에서 벗어난 직후), ③피보험자가 소유, 사용, 관리하는 자동차를 주정차 후(위 ②의 사고 제외) 대인사고로 약관상의 보장항목에 해당하는 사유로 변호사선임비용을 부담한 경우",보험가입금액(1500만원),,,,,,,,,,,,,,,,
,,,"자동차사고벌금(대물,실손)",피보험자가 보험기간중에 자동차 운전중 대물사고로 도로교통법 151조에 의하여 벌금 확정판결을 받은 경우,보험가입금액(500만원),,,,,,,,,,장기보장성 비교 공시 (2).xls,,,,"자동차사고벌금(대물,실손)",피보험자가 보험기간중에 자동차 운전중 대물사고로 도로교통법 151조에 의하여 벌금 확정판결을 받은 경우,보험가입금액(500만원),,,,,,,,,,,,,,,,
,,,자동차사고벌금(비탑승중포함Ⅲ)(실손),"피보험자가 보험기간 중에 ①자동차 운전중, ②운전 후 비탑승 상태(운전 중 상태에서 벗어난 직후), ③피보험자가 소유, 사용, 관리하는 자동차를 주정차 후(위 ②의 사고 제외) 발생한 대인사고로 벌금 확정판결을 받은 경우",보험가입금액(3000만원),,,,,,,,,,장기보장성 비교 공시 (2).xls,,,,자동차사고벌금(비탑승중포함Ⅲ)(실손),"피보험자가 보험기간 중에 ①자동차 운전중, ②운전 후 비탑승 상태(운전 중 상태에서 벗어난 직후), ③피보험자가 소유, 사용, 관리하는 자동차를 주정차 후(위 ②의 사고 제외) 발생한 대인사고로 벌금 확정판결을 받은 경우",보험가입금액(3000만원),,,,,,,,,,,,,,,,
,,,심급별 자동차사고변호사선임비용Ⅲ(특정사고경찰조사포함)(비탑승중포함Ⅲ)(실손),"피보험자가 보험기간 중 ①자동차 운전중, ②운전 후 비탑승 상태(운전 중 상태에서 벗어난 직후), ③피보험자가 소유, 사용, 관리하는 자동차를 주정차 후(위 ②의 사고 제외) 대인사고로 약관상의 보장항목에 해당하는 사유로 변호사선임비용을 부담한 경우",보험가입금액(1500만원),,,,,,,,,,장기보장성 비교 공시 (2).xls,,,,심급별 자동차사고변호사선임비용Ⅲ(특정사고경찰조사포함)(비탑승중포함Ⅲ)(실손),"피보험자가 보험기간 중 ①자동차 운전중, ②운전 후 비탑승 상태(운전 중 상태에서 벗어난 직후), ③피보험자가 소유, 사용, 관리하는 자동차를 주정차 후(위 ②의 사고 제외) 대인사고로 약관상의 보장항목에 해당하는 사유로 변호사선임비용을 부담한 경우",보험가입금액(1500만원),,,,,,,,,,,,,,,,
,,,"자동차사고벌금(대물,실손)",피보험자가 보험기간중에 자동차 운전중 대물사고로 도로교통법 151조에 의하여 벌금 확정판결을 받은 경우,보험가입금액(500만원),,,,,,,,,,장기보장성 비교 공시 (2).xls,,,,"자동차사고벌금(대물,실손)",피보험자가 보험기간중에 자동차 운전중 대물사고로 도로교통법 151조에 의하여 벌금 확정판결을 받은 경우,보험가입금액(500만원),,,,,,,,,,,,,,,,
,,,자동차사고벌금(비탑승중포함Ⅲ)(실손),"피보험자가 보험기간 중에 ①자동차 운전중, ②운전 후 비탑승 상태(운전 중 상태에서 벗어난 직후), ③피보험자가 소유, 사용, 관리하는 자동차를 주정차 후(위 ②의 사고 제외) 발생한 대인사고로 벌금 확정판결을 받은 경우",보험가입금액(3000만원),,,,,,,,,,장기보장성 비교 공시 (2).xls,,,,자동차사고벌금(비탑승중포함Ⅲ)(실손),"피보험자가 보험기간 중에 ①자동차 운전중, ②운전 후 비탑승 상태(운전 중 상태에서 벗어난 직후), ③피보험자가 소유, 사용, 관리하는 자동차를 주정차 후(위 ②의 사고 제외) 발생한 대인사고로 벌금 확정판결을 받은 경우",보험가입금액(3000만원),,,,,,,,,,,,,,,,
,,,심급별 자동차사고변호사선임비용Ⅲ(특정사고경찰조사포함)(비탑승중포함Ⅲ)(실손),"피보험자가 보험기간 중 ①자동차 운전중, ②운전 후 비탑승 상태(운전 중 상태에서 벗어난 직후), ③피보험자가 소유, 사용, 관리하는 자동차를 주정차 후(위 ②의 사고 제외) 대인사고로 약관상의 보장항목에 해당하는 사유로 변호사선임비용을 부담한 경우",보험가입금액(1500만원),,,,,,,,,,장기보장성 비교 공시 (2).xls,,,,심급별 자동차사고변호사선임비용Ⅲ(특정사고경찰조사포함)(비탑승중포함Ⅲ)(실손),"피보험자가 보험기간 중 ①자동차 운전중, ②운전 후 비탑승 상태(운전 중 상태에서 벗어난 직후), ③피보험자가 소유, 사용, 관리하는 자동차를 주정차 후(위 ②의 사고 제외) 대인사고로 약관상의 보장항목에 해당하는 사유로 변호사선임비용을 부담한 경우",보험가입금액(1500만원),,,,,,,,,,,,,,,,
,,,"자동차사고벌금(대물,실손)",피보험자가 보험기간중에 자동차 운전중 대물사고로 도로교통법 151조에 의하여 벌금 확정판결을 받은 경우,보험가입금액(500만원),,,,,,,,,,장기보장성 비교 공시 (2).xls,,,,"자동차사고벌금(대물,실손)",피보험자가 보험기간중에 자동차 운전중 대물사고로 도로교통법 151조에 의하여 벌금 확정판결을 받은 경우,보험가입금액(500만원),,,,,,,,,,,,,,,,
,,,자동차사고벌금(비탑승중포함Ⅲ)(실손),"피보험자가 보험기간 중에 ①자동차 운전중, ②운전 후 비탑승 상태(운전 중 상태에서 벗어난 직후), ③피보험자가 소유, 사용, 관리하는 자동차를 주정차 후(위 ②의 사고 제외) 발생한 대인사고로 벌금 확정판결을 받은 경우",보험가입금액(3000만원),,,,,,,,,,장기보장성 비교 공시 (2).xls,,,,자동차사고벌금(비탑승중포함Ⅲ)(실손),"피보험자가 보험기간 중에 ①자동차 운전중, ②운전 후 비탑승 상태(운전 중 상태에서 벗어난 직후), ③피보험자가 소유, 사용, 관리하는 자동차를 주정차 후(위 ②의 사고 제외) 발생한 대인사고로 벌금 확정판결을 받은 경우",보험가입금액(3000만원),,,,,,,,,,,,,,,,
,,,"이륜자동차 운전중 교통사고처리지원금Ⅲ(실손, 동승자제외)(중상해보장확대)","피보험자가 보험기간중 이륜자동차 운전중 발생한 사고로 피해자를 사망, 중상해 또는 중대법규위반으로 인한 피해자 부상(42일이상 진단)에 이르게 한 경우, 매 사고마다 실제 발생한 피해자 각각에 대한 형사합의금에 대하여 보상한도액(단, 약관에서 정한 기준에 따름)을 한도로 실제 비용을 보상",보험가입금액(2억원),,,,,,,,,,장기보장성 비교 공시 (2).xls,,,,"이륜자동차 운전중 교통사고처리지원금Ⅲ(실손, 동승자제외)(중상해보장확대)","피보험자가 보험기간중 이륜자동차 운전중 발생한 사고로 피해자를 사망, 중상해 또는 중대법규위반으로 인한 피해자 부상(42일이상 진단)에 이르게 한 경우, 매 사고마다 실제 발생한 피해자 각각에 대한 형사합의금에 대하여 보상한도액(단, 약관에서 정한 기준에 따름)을 한도로 실제 비용을 보상",보험가입금액(2억원),,,,,,,,,,,,,,,,
,,,"자동차사고벌금(대물,실손)",피보험자가 보험기간중에 자동차 운전중 대물사고로 도로교통법 151조에 의하여 벌금 확정판결을 받은 경우,보험가입금액(500만원),,,,,,,,,,장기보장성 비교 공시 (2).xls,,,,"자동차사고벌금(대물,실손)",피보험자가 보험기간중에 자동차 운전중 대물사고로 도로교통법 151조에 의하여 벌금 확정판결을 받은 경우,보험가입금액(500만원),,,,,,,,,,,,,,,,
,,,자동차사고벌금(비탑승중포함Ⅲ)(실손),"피보험자가 보험기간 중에 ①자동차 운전중, ②운전 후 비탑승 상태(운전 중 상태에서 벗어난 직후), ③피보험자가 소유, 사용, 관리하는 자동차를 주정차 후(위 ②의 사고 제외) 발생한 대인사고로 벌금 확정판결을 받은 경우",보험가입금액(3천만원),,,,,,,,,,장기보장성 비교 공시 (2).xls,,,,자동차사고벌금(비탑승중포함Ⅲ)(실손),"피보험자가 보험기간 중에 ①자동차 운전중, ②운전 후 비탑승 상태(운전 중 상태에서 벗어난 직후), ③피보험자가 소유, 사용, 관리하는 자동차를 주정차 후(위 ②의 사고 제외) 발생한 대인사고로 벌금 확정판결을 받은 경우",보험가입금액(3천만원),,,,,,,,,,,,,,,,
,,,"PM운전중 교통사고처리지원금(실손, 동승자제외)","피보험자가 보험기간중 PM 운전중 발생한 사고로 피해자를 사망, 중상해 또는 중대법규위반으로 인한 피해자 부상(42일이상 진단)에 이르게 한 경우, 매 사고마다 실제 발생한 피해자 각각에 대한 형사합의금에 대하여 보상한도액(단, 약관에서 정한 기준에 따름)을 한도로 실제 비용을 보상",보험가입금액(3천만원),,,,,,,,,,장기보장성 비교 공시 (2).xls,,,,"PM운전중 교통사고처리지원금(실손, 동승자제외)","피보험자가 보험기간중 PM 운전중 발생한 사고로 피해자를 사망, 중상해 또는 중대법규위반으로 인한 피해자 부상(42일이상 진단)에 이르게 한 경우, 매 사고마다 실제 발생한 피해자 각각에 대한 형사합의금에 대하여 보상한도액(단, 약관에서 정한 기준에 따름)을 한도로 실제 비용을 보상",보험가입금액(3천만원),,,,,,,,,,,,,,,,
,,,"이륜자동차 운전중 교통사고처리지원금Ⅲ(실손, 동승자제외)(중상해보장확대)",피보험자가 보험기간 중에 이륜자동차를 운전하던 중 사고로 피해자에게 약관 상의 상해를 입혀 피보험자가 형사합의금을 지급한 경우,보험가입금액(2억원),,,,,,,,,,장기보장성 비교 공시 (2).xls,,,,"이륜자동차 운전중 교통사고처리지원금Ⅲ(실손, 동승자제외)(중상해보장확대)",피보험자가 보험기간 중에 이륜자동차를 운전하던 중 사고로 피해자에게 약관 상의 상해를 입혀 피보험자가 형사합의금을 지급한 경우,보험가입금액(2억원),,,,,,,,,,,,,,,,
,,,"자동차사고벌금(대물,실손)",피보험자가 보험기간중에 자동차 운전중 대물사고로 도로교통법 151조에 의하여 벌금 확정판결을 받은 경우,보험가입금액(500만원),,,,,,,,,,장기보장성 비교 공시 (2).xls,,,,"자동차사고벌금(대물,실손)",피보험자가 보험기간중에 자동차 운전중 대물사고로 도로교통법 151조에 의하여 벌금 확정판결을 받은 경우,보험가입금액(500만원),,,,,,,,,,,,,,,,
,,,자동차사고벌금(비탑승중포함Ⅲ)(실손),"피보험자가 보험기간 중에 ①자동차 운전중, ②운전 후 비탑승 상태(운전 중 상태에서 벗어난 직후), ③피보험자가 소유, 사용, 관리하는 자동차를 주정차 후(위 ②의 사고 제외) 발생한 대인사고로 벌금 확정판결을 받은 경우","보험가입금액(3,000만원)",,,,,,,,,,장기보장성 비교 공시 (2).xls,,,,자동차사고벌금(비탑승중포함Ⅲ)(실손),"피보험자가 보험기간 중에 ①자동차 운전중, ②운전 후 비탑승 상태(운전 중 상태에서 벗어난 직후), ③피보험자가 소유, 사용, 관리하는 자동차를 주정차 후(위 ②의 사고 제외) 발생한 대인사고로 벌금 확정판결을 받은 경우","보험가입금액(3,000만원)",,,,,,,,,,,,,,,,
,,,심급별 자동차사고변호사선임비용Ⅲ(특정사고경찰조사포함)(비탑승중포함Ⅲ)(실손),"피보험자가 보험기간 중 ①자동차 운전중, ②운전 후 비탑승 상태(운전 중 상태에서 벗어난 직후), ③피보험자가 소유, 사용, 관리하는 자동차를 주정차 후(위 ②의 사고 제외) 대인사고로 약관상의 보장항목에 해당하는 사유로 변호사선임비용을 부담한 경우",보험가입금액(1500만원),,,,,,,,,,장기보장성 비교 공시 (2).xls,,,,심급별 자동차사고변호사선임비용Ⅲ(특정사고경찰조사포함)(비탑승중포함Ⅲ)(실손),"피보험자가 보험기간 중 ①자동차 운전중, ②운전 후 비탑승 상태(운전 중 상태에서 벗어난 직후), ③피보험자가 소유, 사용, 관리하는 자동차를 주정차 후(위 ②의 사고 제외) 대인사고로 약관상의 보장항목에 해당하는 사유로 변호사선임비용을 부담한 경우",보험가입금액(1500만원),,,,,,,,,,,,,,,,
,,,자가용운전자 교통사고처리지원금Ⅱ(비탑승중포함Ⅲ)(실손),"피보험자가 보험기간 중에 ①자동차 운전중, ②운전 후 비탑승 상태(운전 중 상태에서 벗어난 직후), ③피보험자가 소유, 사용, 관리하는 자동차를 주정차 후(위 ②의 사고 제외) 사고로 피해자에게 약관 상의 상해를 입혀 피보험자가 형사합의금을 지급한 경우",보험가입금액(2억원),,,,,,,,,,장기보장성 비교 공시 (2).xls,,,,자가용운전자 교통사고처리지원금Ⅱ(비탑승중포함Ⅲ)(실손),"피보험자가 보험기간 중에 ①자동차 운전중, ②운전 후 비탑승 상태(운전 중 상태에서 벗어난 직후), ③피보험자가 소유, 사용, 관리하는 자동차를 주정차 후(위 ②의 사고 제외) 사고로 피해자에게 약관 상의 상해를 입혀 피보험자가 형사합의금을 지급한 경우",보험가입금액(2억원),,,,,,,,,,,,,,,,
,,,"자동차사고벌금(대물, 실손)",피보험자가 보험기간중에 자동차 운전중 대물사고로 도로교통법 151조에 의하여 벌금 확정판결을 받은 경우,보험가입금액(5백만원),,,,,,,,,,장기보장성 비교 공시 (2).xls,,,,"자동차사고벌금(대물, 실손)",피보험자가 보험기간중에 자동차 운전중 대물사고로 도로교통법 151조에 의하여 벌금 확정판결을 받은 경우,보험가입금액(5백만원),,,,,,,,,,,,,,,,
,,,자동차사고벌금(비탑승중포함Ⅲ)(실손),"피보험자가 보험기간 중에 ①자동차 운전중, ②운전 후 비탑승 상태(운전 중 상태에서 벗어난 직후), ③피보험자가 소유, 사용, 관리하는 자동차를 주정차 후(위 ②의 사고 제외) 발생한 대인사고로 벌금 확정판결을 받은 경우",보험가입금액(3000만원),,,,,,,,,,장기보장성 비교 공시 (2).xls,,,,자동차사고벌금(비탑승중포함Ⅲ)(실손),"피보험자가 보험기간 중에 ①자동차 운전중, ②운전 후 비탑승 상태(운전 중 상태에서 벗어난 직후), ③피보험자가 소유, 사용, 관리하는 자동차를 주정차 후(위 ②의 사고 제외) 발생한 대인사고로 벌금 확정판결을 받은 경우",보험가입금액(3000만원),,,,,,,,,,,,,,,,
,,,골프활동중배상책임(실손),"보험기간중 피보험자가 골프시설구내에서 골프의 연습,경기 또는 지도중에 타인의 신체 및 재물에 대한 법률상 배상책임을 부담함으로써 입은 손해를 가입금액한도로 보상(본인부담금 2만원)",2000만원,,,,,,,,,,장기보장성 비교 공시 (7).xls,,,,골프활동중배상책임(실손),"보험기간중 피보험자가 골프시설구내에서 골프의 연습,경기 또는 지도중에 타인의 신체 및 재물에 대한 법률상 배상책임을 부담함으로써 입은 손해를 가입금액한도로 보상(본인부담금 2만원)",2000만원,,,,,,,,,,,,,,,,
,,,"알바트로스비용(깔때기홀제외)(정규홀,실손)","피보험자가 보험기간 중에 골프장에서 골프경기 중 알바트로스을 행한 경우 1회에 한하여 알바트로스를 행한 날로부터 1개월(단, 축하라운드의 경우 3개월) 이내 소요된 금액(약관에서 정한 항목 내)을 보험 가입금액을 한도로 지급(18홀 이상을 보유한 국내 소재의 회원제골프장 및 정규대중골프장에 한함)",100만원,,,,,,,,,,장기보장성 비교 공시 (7).xls,,,,"알바트로스비용(깔때기홀제외)(정규홀,실손)","피보험자가 보험기간 중에 골프장에서 골프경기 중 알바트로스을 행한 경우 1회에 한하여 알바트로스를 행한 날로부터 1개월(단, 축하라운드의 경우 3개월) 이내 소요된 금액(약관에서 정한 항목 내)을 보험 가입금액을 한도로 지급(18홀 이상을 보유한 국내 소재의 회원제골프장 및 정규대중골프장에 한함)",100만원,,,,,,,,,,,,,,,,
,,,"홀인원비용(깔때기홀제외)(정규홀,실손)(연간1회한)","피보험자가 보험기간 중에 골프장에서 골프경기 중 홀인원을 행한 경우 연간 1회에 한하여 홀인원을 행한 날부터 1개월(단, 축하라운드의 경우 3개월) 이내에 소요된 금액(약관에서 정한 항목 내)을 보험가입금액을 한도로 지급(18홀 이상을 보유한 국내 소재의 회원제골프장 및 정규대중골프장에 한함)",,,,,,,,,,,장기보장성 비교 공시 (7).xls,,,,"홀인원비용(깔때기홀제외)(정규홀,실손)(연간1회한)","피보험자가 보험기간 중에 골프장에서 골프경기 중 홀인원을 행한 경우 연간 1회에 한하여 홀인원을 행한 날부터 1개월(단, 축하라운드의 경우 3개월) 이내에 소요된 금액(약관에서 정한 항목 내)을 보험가입금액을 한도로 지급(18홀 이상을 보유한 국내 소재의 회원제골프장 및 정규대중골프장에 한함)",,,,,,,,,,,,,,,,,
,,,주택(화재)건물재조달차액지원(실손),특약보험기간 중 보험목적인 건물이 화재(폭발포함)로 입은 손해 중 재조달차액(보험가액과 재조달가액에 따라 계산한 손해액의 차액)을 보상,보험가입금액(1억)한도 내 실손보상,,,,,,,,,,장기보장성 비교 공시 (7).xls,,,,주택(화재)건물재조달차액지원(실손),특약보험기간 중 보험목적인 건물이 화재(폭발포함)로 입은 손해 중 재조달차액(보험가액과 재조달가액에 따라 계산한 손해액의 차액)을 보상,보험가입금액(1억)한도 내 실손보상,,,,,,,,,,,,,,,,
,,,"주택임시거주비Ⅱ(화재,붕괴,침강,사태)(1일이상)(실손)","특약보험기간 중 보험목적에 화재,붕괴,침강 및 사태가 발생하여 보험목적 내에 거주할 수 없게 된 경우 원상복구를 위한 기간 중 발생한 임시거주비를 보상",1일당 보험가입금액(10만)한도 내 실손보상(사고일로부터 90일한도),,,,,,,,,,장기보장성 비교 공시 (7).xls,,,,"주택임시거주비Ⅱ(화재,붕괴,침강,사태)(1일이상)(실손)","특약보험기간 중 보험목적에 화재,붕괴,침강 및 사태가 발생하여 보험목적 내에 거주할 수 없게 된 경우 원상복구를 위한 기간 중 발생한 임시거주비를 보상",1일당 보험가입금액(10만)한도 내 실손보상(사고일로부터 90일한도),,,,,,,,,,,,,,,,
,,,화재(폭발포함)배상책임(실손),특약보험기간 중 목적물에서 발생한 화재 또는 폭발사고로 인하여 상해를 입히거나  타인의 재물을 망그러뜨려 법률상 배상책임을 부담함으로써 입은 손해,"보험가입금액(대인 1억, 대물 1억) 한도내 실손보상",,,,,,,,,,장기보장성 비교 공시 (7).xls,,,,화재(폭발포함)배상책임(실손),특약보험기간 중 목적물에서 발생한 화재 또는 폭발사고로 인하여 상해를 입히거나  타인의 재물을 망그러뜨려 법률상 배상책임을 부담함으로써 입은 손해,"보험가입금액(대인 1억, 대물 1억) 한도내 실손보상",,,,,,,,,,,,,,,,
,,,화재손해(실손),"① 화재, 폭발 및 파열에 따른 손해② 화재, 폭발 및 파열에 따른 소방손해③ 화재, 폭발 및 파열에 따른 피난손해(피난지에서 5일동안 생긴 위 ①, ②의 손해)④ 잔존물 제거비용",보험가입금액(1억)한도 내 실손보상,,,,,,,,,,장기보장성 비교 공시 (7).xls,,,,화재손해(실손),"① 화재, 폭발 및 파열에 따른 손해② 화재, 폭발 및 파열에 따른 소방손해③ 화재, 폭발 및 파열에 따른 피난손해(피난지에서 5일동안 생긴 위 ①, ②의 손해)④ 잔존물 제거비용",보험가입금액(1억)한도 내 실손보상,,,,,,,,,,,,,,,,
,,,"대인형사합의실손비Ⅲ(운전자용,비탑승중포함)",자동차 운전 중 및 운전 후 비탑승 상태에서 발생한 사고로 타인에게 다음 중 어느 하나에 해당하는 손해를 입힌 경우 형사합의금으로 지급한 금액 실손보상 / 사망하게 하거나 일반교통사고로 중상해를 입혀 관련법령에 따라 공소제기되거나 자배법에서 정한 부상등급 1-3급 부상을 입힌 경우 1인당 보험가입금액 한도 / 중대법규위반사고로 피해자가 42일이상 치료를 요한다는 진단을 받은 경우(운전 중 사고를 원인으로 한 경우에 한함) 진단주수별 약관에 정한 금액 한도 / 일반교통사고로 자배법에서 정한 부상등급 1-3급 외에 해당하는 부상을 입히고 경찰서 또는 검찰청에 제출된 의사 진단서 또는 소견서 상 중상해이며 경찰조사 후 불송치되거나 검찰에 의해 불기소된 경우 1인당 약관에 정한 금액 한도※ 비탑승 상태에서 발생한 사고 중 주정차한 이후에 발생한 사고는 사망한 경우 또는 중상해로 공소제기된 경우에 한하여 보상,"1인당 지급, 실손 보상사망 : 2억원 한도42일~69일진단 :3천만원한도70일~139일진단 :1억원한도140일이상진단 :1억5천만원한도중상해 : 2억원 한도",,,,,,,,,,장기보장성 비교 공시 (9).xls,,,,"대인형사합의실손비Ⅲ(운전자용,비탑승중포함)",자동차 운전 중 및 운전 후 비탑승 상태에서 발생한 사고로 타인에게 다음 중 어느 하나에 해당하는 손해를 입힌 경우 형사합의금으로 지급한 금액 실손보상 / 사망하게 하거나 일반교통사고로 중상해를 입혀 관련법령에 따라 공소제기되거나 자배법에서 정한 부상등급 1-3급 부상을 입힌 경우 1인당 보험가입금액 한도 / 중대법규위반사고로 피해자가 42일이상 치료를 요한다는 진단을 받은 경우(운전 중 사고를 원인으로 한 경우에 한함) 진단주수별 약관에 정한 금액 한도 / 일반교통사고로 자배법에서 정한 부상등급 1-3급 외에 해당하는 부상을 입히고 경찰서 또는 검찰청에 제출된 의사 진단서 또는 소견서 상 중상해이며 경찰조사 후 불송치되거나 검찰에 의해 불기소된 경우 1인당 약관에 정한 금액 한도※ 비탑승 상태에서 발생한 사고 중 주정차한 이후에 발생한 사고는 사망한 경우 또는 중상해로 공소제기된 경우에 한하여 보상,"1인당 지급, 실손 보상사망 : 2억원 한도42일~69일진단 :3천만원한도70일~139일진단 :1억원한도140일이상진단 :1억5천만원한도중상해 : 2억원 한도",,,,,,,,,,,,,,,,
,,,"심급별자동차사고변호사선임비용(실손,운전자용,비탑승중포함)","자동차를 운전 중 및 운전 후 비탑승 상태에서 발생한 사고로 타인의 신체에 상해를 입힘으로써 다음 중 어느 하나에 해당되어 변호사선임비용을  부담하게 된 경우 사고 1회당 제기된 소송의 심급별로 실제로 부담한 변호사 선임에 따른 비용의 50%를 지급1. 구속영장에 의하여 구속된 경우2. 검사에 의하여 공소 제기(단, 약식기소는 제외)된 경우3. 검사에 의해 약식기소 되었으나 법원에 의해 보통의 심판절차인 공판절차에 의해 재판이 진행하게 된 경우 4. 검사에 의해 약식기소 되었으나 형사소송법 제453조에 의거하여 검사 또는 피보험자가 법원의 약식명령에 대하여 정식재판을 청구하는 경우5. 경찰 조사 후 불송치된 경우6. 검찰에 의해 약식기소 또는 불기소된 경우(단, 위 3. 및 4.에 해당하는 경우는 제외함) ※ 5. 및 6.에 해당하는 경우는 1)~4)중 어느 하나에 해당하는 경우에 한함. 1) 타인을 사망하게 한 경우2) “중대법규위반 교통사고”로 타인의 신체에 상해를 입힌 경우(단, 자동차 운전 중 발생한 자동차사고를 원인으로 한 경우에 한함.)3) “중대법규위반 교통사고”에 해당하지 않는 자동차사고로 타인의 신체에 상해를 입힘으로써 피해자에게 자동차사고 부상등급표에 정한 부상등급 1급, 2급 또는 3급에 해당하는 부상을 입힌 경우 4) “중대법규위반 교통사고”에 해당하지 않는 자동차사고로 타인의 신체에 상해를 입힘으로써 피해자에게 자동차사고 부상등급표에 정한 부상등급 1급, 2급 또는 3급 외에 해당하는 중상해를 입힌 경우(단, 자동차 운전 중 발생한 자동차사고를 원인으로 한 경우에 한하며 경찰서 또는 검찰청에 제출된 의사 진단서 또는 소견서 상 중상해인 경우에 한함)※ 비탑승 상태에서 발생한 사고 중 주정차한 이후에 발생한 사고는 타인이 사망한 경우 이외에는 1. 내지 4.에 해당하는 경우에 한하여 보상",1사고당 제기된 소송의 심급별 변호사선임비용 50% 실손보상(심급별 500만원 한도),,,,,,,,,,장기보장성 비교 공시 (9).xls,,,,"심급별자동차사고변호사선임비용(실손,운전자용,비탑승중포함)","자동차를 운전 중 및 운전 후 비탑승 상태에서 발생한 사고로 타인의 신체에 상해를 입힘으로써 다음 중 어느 하나에 해당되어 변호사선임비용을  부담하게 된 경우 사고 1회당 제기된 소송의 심급별로 실제로 부담한 변호사 선임에 따른 비용의 50%를 지급1. 구속영장에 의하여 구속된 경우2. 검사에 의하여 공소 제기(단, 약식기소는 제외)된 경우3. 검사에 의해 약식기소 되었으나 법원에 의해 보통의 심판절차인 공판절차에 의해 재판이 진행하게 된 경우 4. 검사에 의해 약식기소 되었으나 형사소송법 제453조에 의거하여 검사 또는 피보험자가 법원의 약식명령에 대하여 정식재판을 청구하는 경우5. 경찰 조사 후 불송치된 경우6. 검찰에 의해 약식기소 또는 불기소된 경우(단, 위 3. 및 4.에 해당하는 경우는 제외함) ※ 5. 및 6.에 해당하는 경우는 1)~4)중 어느 하나에 해당하는 경우에 한함. 1) 타인을 사망하게 한 경우2) “중대법규위반 교통사고”로 타인의 신체에 상해를 입힌 경우(단, 자동차 운전 중 발생한 자동차사고를 원인으로 한 경우에 한함.)3) “중대법규위반 교통사고”에 해당하지 않는 자동차사고로 타인의 신체에 상해를 입힘으로써 피해자에게 자동차사고 부상등급표에 정한 부상등급 1급, 2급 또는 3급에 해당하는 부상을 입힌 경우 4) “중대법규위반 교통사고”에 해당하지 않는 자동차사고로 타인의 신체에 상해를 입힘으로써 피해자에게 자동차사고 부상등급표에 정한 부상등급 1급, 2급 또는 3급 외에 해당하는 중상해를 입힌 경우(단, 자동차 운전 중 발생한 자동차사고를 원인으로 한 경우에 한하며 경찰서 또는 검찰청에 제출된 의사 진단서 또는 소견서 상 중상해인 경우에 한함)※ 비탑승 상태에서 발생한 사고 중 주정차한 이후에 발생한 사고는 타인이 사망한 경우 이외에는 1. 내지 4.에 해당하는 경우에 한하여 보상",1사고당 제기된 소송의 심급별 변호사선임비용 50% 실손보상(심급별 500만원 한도),,,,,,,,,,,,,,,,
,,,"자동차사고대물벌금(실손,운전자용)","자동차 운전 중 자동차사고로 도로교통법 제151조(벌칙)에 따른 벌금형이 확정된 경우(음주, 무면허상태에서 운전 중 발생한 사고 제외)",1사고당 500만원을 한도로 실손보상,,,,,,,,,,장기보장성 비교 공시 (9).xls,,,,"자동차사고대물벌금(실손,운전자용)","자동차 운전 중 자동차사고로 도로교통법 제151조(벌칙)에 따른 벌금형이 확정된 경우(음주, 무면허상태에서 운전 중 발생한 사고 제외)",1사고당 500만원을 한도로 실손보상,,,,,,,,,,,,,,,,
,,,"자동차사고대인벌금Ⅱ(스쿨존사고외2천만원한도,실손,운전자용,비탑승중포함)","자동차 운전 중 및 운전 후 비탑승중 상테에서 발생한 사고로 타인의 신체에 상해를 입힘으로써 신체상해와 관련하여 받은 벌금액(확정판결에 의해 정해진 벌금액)을 1사고당 2,000만원을 한도로 실손보상. 단, 어린이 보호구역에서 어린이 치사상의 가중처벌에 따른 벌금형이 확정된 경우 벌금액을 1사고당 3,000만원을 한도로 실손보상","1사고당 2,000만원을 한도로 실손보상, 단 스쿨존사고 1사고당 3,000만원 한도",,,,,,,,,,장기보장성 비교 공시 (9).xls,,,,"자동차사고대인벌금Ⅱ(스쿨존사고외2천만원한도,실손,운전자용,비탑승중포함)","자동차 운전 중 및 운전 후 비탑승중 상테에서 발생한 사고로 타인의 신체에 상해를 입힘으로써 신체상해와 관련하여 받은 벌금액(확정판결에 의해 정해진 벌금액)을 1사고당 2,000만원을 한도로 실손보상. 단, 어린이 보호구역에서 어린이 치사상의 가중처벌에 따른 벌금형이 확정된 경우 벌금액을 1사고당 3,000만원을 한도로 실손보상","1사고당 2,000만원을 한도로 실손보상, 단 스쿨존사고 1사고당 3,000만원 한도",,,,,,,,,,,,,,,,
,,,"대인형사합의실손비Ⅲ(운전자용,비탑승중포함)",자동차 운전 중 및 운전 후 비탑승 상태에서 발생한 사고로 타인에게 다음 중 어느 하나에 해당하는 손해를 입힌 경우 형사합의금으로 지급한 금액 실손보상 / 사망하게 하거나 일반교통사고로 중상해를 입혀 관련법령에 따라 공소제기되거나 자배법에서 정한 부상등급 1-3급 부상을 입힌 경우 1인당 보험가입금액 한도 / 중대법규위반사고로 피해자가 42일이상 치료를 요한다는 진단을 받은 경우(운전 중 사고를 원인으로 한 경우에 한함) 진단주수별 약관에 정한 금액 한도 / 일반교통사고로 자배법에서 정한 부상등급 1-3급 외에 해당하는 부상을 입히고 경찰서 또는 검찰청에 제출된 의사 진단서 또는 소견서 상 중상해이며 경찰조사 후 불송치되거나 검찰에 의해 불기소된 경우 1인당 약관에 정한 금액 한도※ 비탑승 상태에서 발생한 사고 중 주정차한 이후에 발생한 사고는 사망한 경우 또는 중상해로 공소제기된 경우에 한하여 보상,"1인당 지급, 실손 보상사망 : 2억원 한도42일~69일진단 :3천만원한도70일~139일진단 :1억원한도140일이상진단 :1억5천만원한도중상해 : 2억원 한도",,,,,,,,,,장기보장성 비교 공시 (9).xls,,,,"대인형사합의실손비Ⅲ(운전자용,비탑승중포함)",자동차 운전 중 및 운전 후 비탑승 상태에서 발생한 사고로 타인에게 다음 중 어느 하나에 해당하는 손해를 입힌 경우 형사합의금으로 지급한 금액 실손보상 / 사망하게 하거나 일반교통사고로 중상해를 입혀 관련법령에 따라 공소제기되거나 자배법에서 정한 부상등급 1-3급 부상을 입힌 경우 1인당 보험가입금액 한도 / 중대법규위반사고로 피해자가 42일이상 치료를 요한다는 진단을 받은 경우(운전 중 사고를 원인으로 한 경우에 한함) 진단주수별 약관에 정한 금액 한도 / 일반교통사고로 자배법에서 정한 부상등급 1-3급 외에 해당하는 부상을 입히고 경찰서 또는 검찰청에 제출된 의사 진단서 또는 소견서 상 중상해이며 경찰조사 후 불송치되거나 검찰에 의해 불기소된 경우 1인당 약관에 정한 금액 한도※ 비탑승 상태에서 발생한 사고 중 주정차한 이후에 발생한 사고는 사망한 경우 또는 중상해로 공소제기된 경우에 한하여 보상,"1인당 지급, 실손 보상사망 : 2억원 한도42일~69일진단 :3천만원한도70일~139일진단 :1억원한도140일이상진단 :1억5천만원한도중상해 : 2억원 한도",,,,,,,,,,,,,,,,
,,,"심급별자동차사고변호사선임비용(실손,운전자용,비탑승중포함)","자동차를 운전 중 및 운전 후 비탑승 상태에서 발생한 사고로 타인의 신체에 상해를 입힘으로써 다음 중 어느 하나에 해당되어 변호사선임비용을  부담하게 된 경우 사고 1회당 제기된 소송의 심급별로 실제로 부담한 변호사 선임에 따른 비용의 50%를 지급1. 구속영장에 의하여 구속된 경우2. 검사에 의하여 공소 제기(단, 약식기소는 제외)된 경우3. 검사에 의해 약식기소 되었으나 법원에 의해 보통의 심판절차인 공판절차에 의해 재판이 진행하게 된 경우 4. 검사에 의해 약식기소 되었으나 형사소송법 제453조에 의거하여 검사 또는 피보험자가 법원의 약식명령에 대하여 정식재판을 청구하는 경우5. 경찰 조사 후 불송치된 경우6. 검찰에 의해 약식기소 또는 불기소된 경우(단, 위 3. 및 4.에 해당하는 경우는 제외함) ※ 5. 및 6.에 해당하는 경우는 1)~4)중 어느 하나에 해당하는 경우에 한함. 1) 타인을 사망하게 한 경우2) “중대법규위반 교통사고”로 타인의 신체에 상해를 입힌 경우(단, 자동차 운전 중 발생한 자동차사고를 원인으로 한 경우에 한함.)3) “중대법규위반 교통사고”에 해당하지 않는 자동차사고로 타인의 신체에 상해를 입힘으로써 피해자에게 자동차사고 부상등급표에 정한 부상등급 1급, 2급 또는 3급에 해당하는 부상을 입힌 경우 4) “중대법규위반 교통사고”에 해당하지 않는 자동차사고로 타인의 신체에 상해를 입힘으로써 피해자에게 자동차사고 부상등급표에 정한 부상등급 1급, 2급 또는 3급 외에 해당하는 중상해를 입힌 경우(단, 자동차 운전 중 발생한 자동차사고를 원인으로 한 경우에 한하며 경찰서 또는 검찰청에 제출된 의사 진단서 또는 소견서 상 중상해인 경우에 한함)※ 비탑승 상태에서 발생한 사고 중 주정차한 이후에 발생한 사고는 타인이 사망한 경우 이외에는 1. 내지 4.에 해당하는 경우에 한하여 보상",1사고당 제기된 소송의 심급별 변호사선임비용 50% 실손보상(심급별 500만원 한도),,,,,,,,,,장기보장성 비교 공시 (9).xls,,,,"심급별자동차사고변호사선임비용(실손,운전자용,비탑승중포함)","자동차를 운전 중 및 운전 후 비탑승 상태에서 발생한 사고로 타인의 신체에 상해를 입힘으로써 다음 중 어느 하나에 해당되어 변호사선임비용을  부담하게 된 경우 사고 1회당 제기된 소송의 심급별로 실제로 부담한 변호사 선임에 따른 비용의 50%를 지급1. 구속영장에 의하여 구속된 경우2. 검사에 의하여 공소 제기(단, 약식기소는 제외)된 경우3. 검사에 의해 약식기소 되었으나 법원에 의해 보통의 심판절차인 공판절차에 의해 재판이 진행하게 된 경우 4. 검사에 의해 약식기소 되었으나 형사소송법 제453조에 의거하여 검사 또는 피보험자가 법원의 약식명령에 대하여 정식재판을 청구하는 경우5. 경찰 조사 후 불송치된 경우6. 검찰에 의해 약식기소 또는 불기소된 경우(단, 위 3. 및 4.에 해당하는 경우는 제외함) ※ 5. 및 6.에 해당하는 경우는 1)~4)중 어느 하나에 해당하는 경우에 한함. 1) 타인을 사망하게 한 경우2) “중대법규위반 교통사고”로 타인의 신체에 상해를 입힌 경우(단, 자동차 운전 중 발생한 자동차사고를 원인으로 한 경우에 한함.)3) “중대법규위반 교통사고”에 해당하지 않는 자동차사고로 타인의 신체에 상해를 입힘으로써 피해자에게 자동차사고 부상등급표에 정한 부상등급 1급, 2급 또는 3급에 해당하는 부상을 입힌 경우 4) “중대법규위반 교통사고”에 해당하지 않는 자동차사고로 타인의 신체에 상해를 입힘으로써 피해자에게 자동차사고 부상등급표에 정한 부상등급 1급, 2급 또는 3급 외에 해당하는 중상해를 입힌 경우(단, 자동차 운전 중 발생한 자동차사고를 원인으로 한 경우에 한하며 경찰서 또는 검찰청에 제출된 의사 진단서 또는 소견서 상 중상해인 경우에 한함)※ 비탑승 상태에서 발생한 사고 중 주정차한 이후에 발생한 사고는 타인이 사망한 경우 이외에는 1. 내지 4.에 해당하는 경우에 한하여 보상",1사고당 제기된 소송의 심급별 변호사선임비용 50% 실손보상(심급별 500만원 한도),,,,,,,,,,,,,,,,
,,,"자동차사고대물벌금(실손,운전자용)","자동차 운전 중 자동차사고로 도로교통법 제151조(벌칙)에 따른 벌금형이 확정된 경우(음주, 무면허상태에서 운전 중 발생한 사고 제외)",1사고당 500만원을 한도로 실손보상,,,,,,,,,,장기보장성 비교 공시 (9).xls,,,,"자동차사고대물벌금(실손,운전자용)","자동차 운전 중 자동차사고로 도로교통법 제151조(벌칙)에 따른 벌금형이 확정된 경우(음주, 무면허상태에서 운전 중 발생한 사고 제외)",1사고당 500만원을 한도로 실손보상,,,,,,,,,,,,,,,,
,,,"자동차사고대인벌금Ⅱ(스쿨존사고외2천만원한도,실손,운전자용,비탑승중포함)","자동차 운전 중 및 운전 후 비탑승중 상테에서 발생한 사고로 타인의 신체에 상해를 입힘으로써 신체상해와 관련하여 받은 벌금액(확정판결에 의해 정해진 벌금액)을 1사고당 2,000만원을 한도로 실손보상. 단, 어린이 보호구역에서 어린이 치사상의 가중처벌에 따른 벌금형이 확정된 경우 벌금액을 1사고당 3,000만원을 한도로 실손보상","1사고당 2,000만원을 한도로 실손보상, 단 스쿨존사고 1사고당 3,000만원 한도",,,,,,,,,,장기보장성 비교 공시 (9).xls,,,,"자동차사고대인벌금Ⅱ(스쿨존사고외2천만원한도,실손,운전자용,비탑승중포함)","자동차 운전 중 및 운전 후 비탑승중 상테에서 발생한 사고로 타인의 신체에 상해를 입힘으로써 신체상해와 관련하여 받은 벌금액(확정판결에 의해 정해진 벌금액)을 1사고당 2,000만원을 한도로 실손보상. 단, 어린이 보호구역에서 어린이 치사상의 가중처벌에 따른 벌금형이 확정된 경우 벌금액을 1사고당 3,000만원을 한도로 실손보상","1사고당 2,000만원을 한도로 실손보상, 단 스쿨존사고 1사고당 3,000만원 한도",,,,,,,,,,,,,,,,
,,,"두번째홀인원비용(실손,1회한)","약관에서 정한 골프장에서 골프경기 중 두 번째 홀인원을 행한 후 두 번째 홀인원을 행한 날부터 1개월 이내에 소요된 비용(약관에서 정한 비용에 한하며, 축하라운드 비용은 3개월 이내에 소요된 금액)보상","보험가입금액 한도 실손보상 (최초1회에 한하며, 깔때기홀은 제외)",,,,,,,,,,장기보장성 비교 공시 (9).xls,,,,"두번째홀인원비용(실손,1회한)","약관에서 정한 골프장에서 골프경기 중 두 번째 홀인원을 행한 후 두 번째 홀인원을 행한 날부터 1개월 이내에 소요된 비용(약관에서 정한 비용에 한하며, 축하라운드 비용은 3개월 이내에 소요된 금액)보상","보험가입금액 한도 실손보상 (최초1회에 한하며, 깔때기홀은 제외)",,,,,,,,,,,,,,,,
,,,"알바트로스비용(실손,1회한)","약관에서 정한 골프장에서 골프경기 중 알바트로스를 행한 경우 알바트로스를 행한 날부터 1개월 이내에 소요된 비용 (약관에서 정한 비용에 한하며, 축하라운드 비용은 3개월 이내에 소요된 금액) 보상",,,,,,,,,,,장기보장성 비교 공시 (9).xls,,,,"알바트로스비용(실손,1회한)","약관에서 정한 골프장에서 골프경기 중 알바트로스를 행한 경우 알바트로스를 행한 날부터 1개월 이내에 소요된 비용 (약관에서 정한 비용에 한하며, 축하라운드 비용은 3개월 이내에 소요된 금액) 보상",,,,,,,,,,,,,,,,,
,,,"홀인원비용(실손,1회한)","약관에서 정한 골프장에서 골프경기 중 홀인원을 행한 후 홀인원을 행한 날부터 1개월 이내에 소요된 비용(약관에서 정한 비용에 한하며, 축하라운드 비용은 3개월 이내에 소요된 금액) 보상",,,,,,,,,,,장기보장성 비교 공시 (9).xls,,,,"홀인원비용(실손,1회한)","약관에서 정한 골프장에서 골프경기 중 홀인원을 행한 후 홀인원을 행한 날부터 1개월 이내에 소요된 비용(약관에서 정한 비용에 한하며, 축하라운드 비용은 3개월 이내에 소요된 금액) 보상",,,,,,,,,,,,,,,,,
,,,"임시거주비(화재/붕괴/침강/사태,실손,1일이상,주택)","보험목적에 화재(벼락을 포함)로 인한 직접손해, 소방손해, 피난손해와 붕괴, 침강 및 사태로 인한 손해가 발생함으로써 보험목적 내에 거주할 수 없게 된 경우에 보험목적 원상복구를 위한 복구기간 내 임시거주기간 동안 임시거주비 보상※ '복구기간 내 임시거주기간'은 추정복구기간(보험목적을 손해발생 직전 상태로 복구하기 위해 통상적으로 필요하다고 인정되는 기간)과 약정복구기간(보험목적이 손해를 입었던 때로부터 90일) 내 임시거주기간 중 짧은 기간으로 합니다.※ 임시거주비는 피보험자가 본인 및 본인과 생계를 같이하고 보험목적의 주민등록상 동거중인 가족을 위해 복구기간 내 임시거주기간동안 숙박시설 또는 음식점에서 실제로 지출한 숙박비 및 식대를 말합니다.",1사고마다 손해발생 후 1일째부터 1일당 10만원을 한도 실손보상(사고발생일부터 90일 한도),,,,,,,,,,장기보장성 비교 공시.xls,,,,"임시거주비(화재/붕괴/침강/사태,실손,1일이상,주택)","보험목적에 화재(벼락을 포함)로 인한 직접손해, 소방손해, 피난손해와 붕괴, 침강 및 사태로 인한 손해가 발생함으로써 보험목적 내에 거주할 수 없게 된 경우에 보험목적 원상복구를 위한 복구기간 내 임시거주기간 동안 임시거주비 보상※ '복구기간 내 임시거주기간'은 추정복구기간(보험목적을 손해발생 직전 상태로 복구하기 위해 통상적으로 필요하다고 인정되는 기간)과 약정복구기간(보험목적이 손해를 입었던 때로부터 90일) 내 임시거주기간 중 짧은 기간으로 합니다.※ 임시거주비는 피보험자가 본인 및 본인과 생계를 같이하고 보험목적의 주민등록상 동거중인 가족을 위해 복구기간 내 임시거주기간동안 숙박시설 또는 음식점에서 실제로 지출한 숙박비 및 식대를 말합니다.",1사고마다 손해발생 후 1일째부터 1일당 10만원을 한도 실손보상(사고발생일부터 90일 한도),,,,,,,,,,,,,,,,
,,,화재손해(실손전부보상),"화재(주택의 경우 폭발, 파열 포함)로 인해 건물 및 가재의 직접손해 및 소방손해, 피난 손해가 발생시※ 잔존물 제거비용: 잔존물의 해체비용, 청소비용, 상차비용(차에 싣는 비용)",보험가입금액 한도 실손 전부보상※ 잔존물 제거비용 발생 시 손해액의 10% 한도 보상,,,,,,,,,,장기보장성 비교 공시.xls,,,,화재손해(실손전부보상),"화재(주택의 경우 폭발, 파열 포함)로 인해 건물 및 가재의 직접손해 및 소방손해, 피난 손해가 발생시※ 잔존물 제거비용: 잔존물의 해체비용, 청소비용, 상차비용(차에 싣는 비용)",보험가입금액 한도 실손 전부보상※ 잔존물 제거비용 발생 시 손해액의 10% 한도 보상,,,,,,,,,,,,,,,,
,,,화재손해(실손보상),"보험기간 중 화재(벼락포함),소방,피난 손해발생시 실손보상(단, 주택의 경우 폭발, 파열로 인한 손해도 보상)",,,,,,,,,,,장기보장성 비교 공시.xls,,,,화재손해(실손보상),"보험기간 중 화재(벼락포함),소방,피난 손해발생시 실손보상(단, 주택의 경우 폭발, 파열로 인한 손해도 보상)",,,,,,,,,,,,,,,,,
,,,화재손해(실손),화재 및 구내에서 생긴 폭발·파열로 직접손해 및 소방·피난손해가 발생한 경우,가입금액한도(실손보상),,,,,,,,,,장기보장성 비교 공시.xls,,,,화재손해(실손),화재 및 구내에서 생긴 폭발·파열로 직접손해 및 소방·피난손해가 발생한 경우,가입금액한도(실손보상),,,,,,,,,,,,,,,,
