보험회사,상품명,구분,담보명(급부명),지급사유,지급금액,가입금액,기준보험료,가입보험료,적용이율,갱신구분,판매채널,기준일자,상세안내,연락처,source_file,원본_열_0,원본_열_1,원본_열_2,원본_열_3,원본_열_4,원본_열_5,원본_열_6,원본_열_7,원본_열_8,원본_열_9,원본_열_10,원본_열_11,원본_열_12,원본_열_13,원본_열_14,원본_열_15,원본_열_16,원본_열_17,원본_열_18,원본_열_19,원본_열_20,원본_열_21,원본_열_22,원본_열_23,원본_열_24,원본_열_25,원본_열_26,원본_열_27,원본_열_28,원본_열_29
특약,재해장해특약 무배당 (월납),특약,재해장해특약 무배당,피보험자가 보험기간 중 발생한 재해를 원인으로 장해분류표에서 정한 각 장해지급률 중 3%이상 100%이하에 해당하는 장해상태가 되었을 때,"1,000만원 × 장해지급률","1,000만원","3,710 원","3,240 원",2.25 %,-,-,-,비갱신형,비유니버셜,file_10.xls,iM라이프,THE당당한인생종신보험S 무배당 2601 (해약환급금 일부지급형),특약,재해장해특약 무배당,피보험자가 보험기간 중 발생한 재해를 원인으로 장해분류표에서 정한 각 장해지급률 중 3%이상 100%이하에 해당하는 장해상태가 되었을 때,"1,000만원 × 장해지급률","1,000만원",3710  원,"3,240  원",2.25 %,-,-,159.3 %,170 %,-,-,-,-,체증형,무해지/저해지환급,-,-,-,-,비갱신형,비유니버셜,대면채널,2026-01-01,"1. 가입나이: 만15세 ~ 최고 70세 ※성별 및 납입기간별로 상이 2. 보험기간: 종신 3. 납입기간: 5/7년납 4. 보험료 및 보험가격지수 예시 기준: 40세, 종신, 7년납, 월납, 가입금액 1억원 기준 5. 선택특약 예시 기준  - 납입보험료환급특약 무배당: 40세, 7년만기, 7년납, 월납, 가입금액 주계약 보험료 기준  - 재해장해특약 무배당: 40세, 80세만기, 5년납, 월납, 가입금액 1,000만원 기준  - 재해사망특약 무배당: 40세, 80세만기, 7년납, 월납, 가입금액 1,000만원 기준 6. 적용이율: 10년이내 연복리 2.25%, 10년초과 연복리 1.0%",1588-4770
특약,재해사망특약 무배당 (월납),특약,재해사망특약 무배당,피보험자가 보험기간 중 재해로 인하여 사망하였을 때,"1,000만원","1,000만원","2,530 원","1,160 원",2.25 %,-,-,-,비갱신형,비유니버셜,file_10.xls,iM라이프,THE당당한인생종신보험S 무배당 2601 (해약환급금 일부지급형),특약,재해사망특약 무배당,피보험자가 보험기간 중 재해로 인하여 사망하였을 때,"1,000만원","1,000만원",2530  원,"1,160  원",2.25 %,-,-,159.3 %,170 %,-,-,-,-,체증형,무해지/저해지환급,-,-,-,-,비갱신형,비유니버셜,대면채널,2026-01-01,"1. 가입나이: 만15세 ~ 최고 70세 ※성별 및 납입기간별로 상이 2. 보험기간: 종신 3. 납입기간: 5/7년납 4. 보험료 및 보험가격지수 예시 기준: 40세, 종신, 7년납, 월납, 가입금액 1억원 기준 5. 선택특약 예시 기준  - 납입보험료환급특약 무배당: 40세, 7년만기, 7년납, 월납, 가입금액 주계약 보험료 기준  - 재해장해특약 무배당: 40세, 80세만기, 5년납, 월납, 가입금액 1,000만원 기준  - 재해사망특약 무배당: 40세, 80세만기, 7년납, 월납, 가입금액 1,000만원 기준 6. 적용이율: 10년이내 연복리 2.25%, 10년초과 연복리 1.0%",1588-4770
특약,재해사망특약 무배당 (월납),주계약,사망보험금,피보험자가 보험기간 중 사망하였을 경우,"계약일부터 1년경과시점 계약해당일 전일까지 : 10,000만원(다만, 계약일부터 2년 미만에 재해 이외의 원인으로 사망시 상기금액의 50%감액 지급) / 1년경과시점 계약해당일부터 61년경과시점 계약해당일 전일까지 : 10,000만원 + 1년경과시점 계약해당일부터 매년 계약해당일에 ‘1,000만원’만큼 더한 금액 (다만, 계약일부터 2년 미만에 재해 이외의 원인으로 사망시 상기금액의 50%감액 지급)/ 61년경과시점 계약해당일 이후 : 70,000만원","10,000만원","1,269,000 원","1,272,000 원",2.50 %,-,-,-,비갱신형,비유니버셜,file_10.xls,iM라이프,iM Plus세븐UP골드간편종신보험 무배당 2601 (해약환급금 일부지급형),주계약,사망보험금,피보험자가 보험기간 중 사망하였을 경우,"계약일부터 1년경과시점 계약해당일 전일까지 : 10,000만원(다만, 계약일부터 2년 미만에 재해 이외의 원인으로 사망시 상기금액의 50%감액 지급) / 1년경과시점 계약해당일부터 61년경과시점 계약해당일 전일까지 : 10,000만원 + 1년경과시점 계약해당일부터 매년 계약해당일에 ‘1,000만원’만큼 더한 금액 (다만, 계약일부터 2년 미만에 재해 이외의 원인으로 사망시 상기금액의 50%감액 지급)/ 61년경과시점 계약해당일 이후 : 70,000만원","10,000만원",1269000  원,"1,272,000  원",2.50 %,-,-,104.9 %,108.9 %,-,-,-,-,체증형,무해지/저해지환급,-,-,-,-,비갱신형,비유니버셜,대면채널,2026-01-01,"1. 가입나이: 만15세 ~ 최고63세 ※ 성별별로 상이 2. 보험기간: 종신 3. 납입기간: 20년납 4. 보험료 및 보험가격지수 예시 기준: 40세, 종신, 20년납, 월납, 가입금액 1억원 5. 선택특약 예시 기준: 41세, 10년만기, 전기납, 월납, 가입금액 1천만원(단, 간편든든소액암진단특약 무배당은 500만원) 6. 적용이율 : 10년이내 연복리 2.50%, 10년초과 연복리 1.50%",1588-4770
특약,무배당 재해사망특약I (월납),특약,무배당 재해사망특약I,피보험자가 보험기간 중 재해로 인하여 사망하였을 때,"1,000만원","1,000만원",410 원,130 원,2.70 %,-,-,-,비갱신형,비유니버셜,file_11.xls,KB라이프생명,KB 경영인정기보험III 무배당(해약환급금 일부지급형)(일반심사형),특약,무배당 재해사망특약I,피보험자가 보험기간 중 재해로 인하여 사망하였을 때,"1,000만원","1,000만원",410  원,130  원,2.70 %,-,-,133.6 %,168.8 %,-,-,-,-,체증형,순수보장,-,-,-,-,비갱신형,비유니버셜,대면채널,2026-01-01,"1. 가입나이 : 남자(23~70세), 여자(24~70세) 2. 보험기간 : 90세만기 3. 납입기간 : 전기납 4. 가입금액 : 5천만원 ~ 5. 보험료(주계약) 기준 : 40세, 가입금액 1억원, 90세만기, 전기납, 월납 기준 6. 보험료(특약) 기준 : 40세, 80세만기, 전기납, 월납, 특약가입금액 1,000만원 7. 보험가격지수 예시기준 : 40세, 가입금액 1억원, 90세만기, 전기납, 월납 기준 8. 적용이율 : 10년이내 연복리 2.70%, 10년초과 연복리 1.00%",1588-3374
특약,무배당 재해장해보장특약I (월납),특약,무배당 재해장해보장특약I,피보험자가 보험기간 중 재해로 인하여 장해분류표에서 정한 장해지급률 중 3%이상이며 100%이하에 해당하는 장해상태가 되었을 때,"1,000만원 x 장해지급률","1,000만원",430 원,350 원,2.70 %,-,-,-,비갱신형,비유니버셜,file_11.xls,KB라이프생명,KB 경영인정기보험III 무배당(해약환급금 일부지급형)(일반심사형),특약,무배당 재해장해보장특약I,피보험자가 보험기간 중 재해로 인하여 장해분류표에서 정한 장해지급률 중 3%이상이며 100%이하에 해당하는 장해상태가 되었을 때,"1,000만원 x 장해지급률","1,000만원",430  원,350  원,2.70 %,-,-,133.6 %,168.8 %,-,-,-,-,체증형,순수보장,-,-,-,-,비갱신형,비유니버셜,대면채널,2026-01-01,"1. 가입나이 : 남자(23~70세), 여자(24~70세) 2. 보험기간 : 90세만기 3. 납입기간 : 전기납 4. 가입금액 : 5천만원 ~ 5. 보험료(주계약) 기준 : 40세, 가입금액 1억원, 90세만기, 전기납, 월납 기준 6. 보험료(특약) 기준 : 40세, 80세만기, 전기납, 월납, 특약가입금액 1,000만원 7. 보험가격지수 예시기준 : 40세, 가입금액 1억원, 90세만기, 전기납, 월납 기준 8. 적용이율 : 10년이내 연복리 2.70%, 10년초과 연복리 1.00%",1588-3374
교보생명,교보e상해케어보험 23.11 (무배당) (월납),주계약,강력범죄위로금,피보험자가 보험기간 중 “강력범죄”를 직접적인 원인으로 “신체피해로 전치 1개월을 초과하는 상해”가 발생하였을 경우 (동일사고에 의한 경우 1회에 한함),300만원(사고 1회당),"1,000만원","1,100 원",710 원,2.00 %,비갱신형,CM,2026-01-01,"■필수기재사항 1. 가입나이 : 20 ~ 60세 2. 보험기간 : 1년 3. 납입기간 : 전기납 ■선택기재사항 1. 보험료 예시기준 : 보험가입금액 1,000만원, 40세, 1년만기, 전기납, 월납",1588-1001,file_12.xls,교보생명,교보e상해케어보험 23.11 (무배당),주계약,강력범죄위로금,피보험자가 보험기간 중 “강력범죄”를 직접적인 원인으로 “신체피해로 전치 1개월을 초과하는 상해”가 발생하였을 경우 (동일사고에 의한 경우 1회에 한함),300만원(사고 1회당),"1,000만원",1100  원,710  원,2.00 %,-,-,92.5 %,85.6 %,-,-,-,-,기타,순수보장,비갱신형,비유니버셜,CM,2026-01-01,"■필수기재사항 1. 가입나이 : 20 ~ 60세 2. 보험기간 : 1년 3. 납입기간 : 전기납 ■선택기재사항 1. 보험료 예시기준 : 보험가입금액 1,000만원, 40세, 1년만기, 전기납, 월납",1588-1001,,,,
교보생명,교보e상해케어보험 23.11 (무배당) (월납),주계약,깁스치료비,피보험자가 보험기간 중 질병 또는 재해로 “깁스(Cast)치료”를 받았을 경우,10만원(깁스치료 1회당),"1,000만원","1,100 원",710 원,2.00 %,비갱신형,CM,2026-01-01,"■필수기재사항 1. 가입나이 : 20 ~ 60세 2. 보험기간 : 1년 3. 납입기간 : 전기납 ■선택기재사항 1. 보험료 예시기준 : 보험가입금액 1,000만원, 40세, 1년만기, 전기납, 월납",1588-1001,file_12.xls,교보생명,교보e상해케어보험 23.11 (무배당),주계약,깁스치료비,피보험자가 보험기간 중 질병 또는 재해로 “깁스(Cast)치료”를 받았을 경우,10만원(깁스치료 1회당),"1,000만원",1100  원,710  원,2.00 %,-,-,92.5 %,85.6 %,-,-,-,-,기타,순수보장,비갱신형,비유니버셜,CM,2026-01-01,"■필수기재사항 1. 가입나이 : 20 ~ 60세 2. 보험기간 : 1년 3. 납입기간 : 전기납 ■선택기재사항 1. 보험료 예시기준 : 보험가입금액 1,000만원, 40세, 1년만기, 전기납, 월납",1588-1001,,,,
교보생명,교보e상해케어보험 23.11 (무배당) (월납),주계약,재해골절치료비,"피보험자가 보험기간 중 재해를 직접적인 원인으로 골절[치아파절(깨짐, 부러짐) 제외]이 발생하였을 경우",10만원(골절발생 1회당),"1,000만원","1,100 원",710 원,2.00 %,비갱신형,CM,2026-01-01,"■필수기재사항 1. 가입나이 : 20 ~ 60세 2. 보험기간 : 1년 3. 납입기간 : 전기납 ■선택기재사항 1. 보험료 예시기준 : 보험가입금액 1,000만원, 40세, 1년만기, 전기납, 월납",1588-1001,file_12.xls,교보생명,교보e상해케어보험 23.11 (무배당),주계약,재해골절치료비,"피보험자가 보험기간 중 재해를 직접적인 원인으로 골절[치아파절(깨짐, 부러짐) 제외]이 발생하였을 경우",10만원(골절발생 1회당),"1,000만원",1100  원,710  원,2.00 %,-,-,92.5 %,85.6 %,-,-,-,-,기타,순수보장,비갱신형,비유니버셜,CM,2026-01-01,"■필수기재사항 1. 가입나이 : 20 ~ 60세 2. 보험기간 : 1년 3. 납입기간 : 전기납 ■선택기재사항 1. 보험료 예시기준 : 보험가입금액 1,000만원, 40세, 1년만기, 전기납, 월납",1588-1001,,,,
교보생명,교보e상해케어보험 23.11 (무배당) (월납),주계약,응급실내원비,"피보험자가 보험기간 중 “응급환자”로 응급실에 내원하여 진료를 받았을 경우(다만, 1일 1회에 한함)",1만원(내원 1회당),"1,000만원","1,100 원",710 원,2.00 %,비갱신형,CM,2026-01-01,"■필수기재사항 1. 가입나이 : 20 ~ 60세 2. 보험기간 : 1년 3. 납입기간 : 전기납 ■선택기재사항 1. 보험료 예시기준 : 보험가입금액 1,000만원, 40세, 1년만기, 전기납, 월납",1588-1001,file_12.xls,교보생명,교보e상해케어보험 23.11 (무배당),주계약,응급실내원비,"피보험자가 보험기간 중 “응급환자”로 응급실에 내원하여 진료를 받았을 경우(다만, 1일 1회에 한함)",1만원(내원 1회당),"1,000만원",1100  원,710  원,2.00 %,-,-,92.5 %,85.6 %,-,-,-,-,기타,순수보장,비갱신형,비유니버셜,CM,2026-01-01,"■필수기재사항 1. 가입나이 : 20 ~ 60세 2. 보험기간 : 1년 3. 납입기간 : 전기납 ■선택기재사항 1. 보험료 예시기준 : 보험가입금액 1,000만원, 40세, 1년만기, 전기납, 월납",1588-1001,,,,
교보생명,교보e상해케어보험 23.11 (무배당) (월납),주계약,재해입원비,피보험자가 보험기간 중 재해로 인한 직접적인 치료를 목적으로 1일 이상 입원하였을 경우,입원일수 1일당 1만원(1회 입원당지급일수 120일 한도),"1,000만원","1,100 원",710 원,2.00 %,비갱신형,CM,2026-01-01,"■필수기재사항 1. 가입나이 : 20 ~ 60세 2. 보험기간 : 1년 3. 납입기간 : 전기납 ■선택기재사항 1. 보험료 예시기준 : 보험가입금액 1,000만원, 40세, 1년만기, 전기납, 월납",1588-1001,file_12.xls,교보생명,교보e상해케어보험 23.11 (무배당),주계약,재해입원비,피보험자가 보험기간 중 재해로 인한 직접적인 치료를 목적으로 1일 이상 입원하였을 경우,입원일수 1일당 1만원(1회 입원당지급일수 120일 한도),"1,000만원",1100  원,710  원,2.00 %,-,-,92.5 %,85.6 %,-,-,-,-,기타,순수보장,비갱신형,비유니버셜,CM,2026-01-01,"■필수기재사항 1. 가입나이 : 20 ~ 60세 2. 보험기간 : 1년 3. 납입기간 : 전기납 ■선택기재사항 1. 보험료 예시기준 : 보험가입금액 1,000만원, 40세, 1년만기, 전기납, 월납",1588-1001,,,,
교보생명,교보e상해케어보험 23.11 (무배당) (월납),주계약,재해수술비,피보험자가 보험기간 중 재해를 직접적인 원인으로 수술을 받았을 경우,10만원(수술 1회당),"1,000만원","1,100 원",710 원,2.00 %,비갱신형,CM,2026-01-01,"■필수기재사항 1. 가입나이 : 20 ~ 60세 2. 보험기간 : 1년 3. 납입기간 : 전기납 ■선택기재사항 1. 보험료 예시기준 : 보험가입금액 1,000만원, 40세, 1년만기, 전기납, 월납",1588-1001,file_12.xls,교보생명,교보e상해케어보험 23.11 (무배당),주계약,재해수술비,피보험자가 보험기간 중 재해를 직접적인 원인으로 수술을 받았을 경우,10만원(수술 1회당),"1,000만원",1100  원,710  원,2.00 %,-,-,92.5 %,85.6 %,-,-,-,-,기타,순수보장,비갱신형,비유니버셜,CM,2026-01-01,"■필수기재사항 1. 가입나이 : 20 ~ 60세 2. 보험기간 : 1년 3. 납입기간 : 전기납 ■선택기재사항 1. 보험료 예시기준 : 보험가입금액 1,000만원, 40세, 1년만기, 전기납, 월납",1588-1001,,,,
교보생명,교보e상해케어보험 23.11 (무배당) (월납),주계약,특정외모상해수술비,"피보험자가 보험기간 중 “특정외모상해”로 진단확정되고, “특정외모상해”의 직접적인 치료를 목적으로 수술을 받았을 경우 ※ 다만, 연간 1회에 한함",30만원 (수술 1회당),"1,000만원","1,100 원",710 원,2.00 %,비갱신형,CM,2026-01-01,"■필수기재사항 1. 가입나이 : 20 ~ 60세 2. 보험기간 : 1년 3. 납입기간 : 전기납 ■선택기재사항 1. 보험료 예시기준 : 보험가입금액 1,000만원, 40세, 1년만기, 전기납, 월납",1588-1001,file_12.xls,교보생명,교보e상해케어보험 23.11 (무배당),주계약,특정외모상해수술비,"피보험자가 보험기간 중 “특정외모상해”로 진단확정되고, “특정외모상해”의 직접적인 치료를 목적으로 수술을 받았을 경우 ※ 다만, 연간 1회에 한함",30만원 (수술 1회당),"1,000만원",1100  원,710  원,2.00 %,-,-,92.5 %,85.6 %,-,-,-,-,기타,순수보장,비갱신형,비유니버셜,CM,2026-01-01,"■필수기재사항 1. 가입나이 : 20 ~ 60세 2. 보험기간 : 1년 3. 납입기간 : 전기납 ■선택기재사항 1. 보험료 예시기준 : 보험가입금액 1,000만원, 40세, 1년만기, 전기납, 월납",1588-1001,,,,
KB라이프생명,KB 골든라이프 안심보험 무배당(상해보장형) (월납),주계약,재해사망보험금,피보험자가 보험기간 중 보장개시일 이후에 재해분류표에서 정하는 재해로 인하여 사망하였을 때,6억원,3000만원,"3,032,040 원","2,128,770 원",3.40 %,비갱신형,방카슈랑스,2026-01-19,"1. 가입나이: 만15세 ~ 최대 75세 2. 보험기간: 110세만기 3. 납입기간 : 3년, 4년, 5년, 7년, 10년납 4. 보험료(주계약) 기준 : 40세, 110세만기, 10년납, 월납, 가입금액 : 3,000만원 5. 보험가격지수 기준 : 40세, 110세만기, 10년납, 월납, 가입금액 : 3,000만원 6. 적용이율: 10년 이내 3.40%, 10년 이후 2.0%",1588-3374,file_12.xls,KB라이프생명,KB 골든라이프 안심보험 무배당(상해보장형),주계약,재해사망보험금,피보험자가 보험기간 중 보장개시일 이후에 재해분류표에서 정하는 재해로 인하여 사망하였을 때,6억원,3000만원,3032040  원,"2,128,770  원",3.40 %,-,-,93.4 %,92.1 %,-,-,-,-,기타,순수보장,비갱신형,비유니버셜,방카슈랑스,2026-01-19,"1. 가입나이: 만15세 ~ 최대 75세 2. 보험기간: 110세만기 3. 납입기간 : 3년, 4년, 5년, 7년, 10년납 4. 보험료(주계약) 기준 : 40세, 110세만기, 10년납, 월납, 가입금액 : 3,000만원 5. 보험가격지수 기준 : 40세, 110세만기, 10년납, 월납, 가입금액 : 3,000만원 6. 적용이율: 10년 이내 3.40%, 10년 이후 2.0%",1588-3374,,,,
KB라이프생명,KB 골든라이프 안심보험 무배당(상해보장형) (월납),주계약,고도장해보험금,피보험자가 보험기간 중 보장개시일 이후에 동일한 재해 또는 재해 이외의 동일한 원인으로 인하여 장해분류표 중 여러 신체부위의 장해지급률을 더하여 80%이상인 장해상태가 되었을 때,"9억원 (다만, 계약일로부터 1년이 되는 계약해당일의 전날까지 재해 이외의 동일한 원인으로 80%이상인 장해상태가 되었을 때는 4.5억원)",3000만원,"3,032,040 원","2,128,770 원",3.40 %,비갱신형,방카슈랑스,2026-01-19,"1. 가입나이: 만15세 ~ 최대 75세 2. 보험기간: 110세만기 3. 납입기간 : 3년, 4년, 5년, 7년, 10년납 4. 보험료(주계약) 기준 : 40세, 110세만기, 10년납, 월납, 가입금액 : 3,000만원 5. 보험가격지수 기준 : 40세, 110세만기, 10년납, 월납, 가입금액 : 3,000만원 6. 적용이율: 10년 이내 3.40%, 10년 이후 2.0%",1588-3374,file_12.xls,KB라이프생명,KB 골든라이프 안심보험 무배당(상해보장형),주계약,고도장해보험금,피보험자가 보험기간 중 보장개시일 이후에 동일한 재해 또는 재해 이외의 동일한 원인으로 인하여 장해분류표 중 여러 신체부위의 장해지급률을 더하여 80%이상인 장해상태가 되었을 때,"9억원 (다만, 계약일로부터 1년이 되는 계약해당일의 전날까지 재해 이외의 동일한 원인으로 80%이상인 장해상태가 되었을 때는 4.5억원)",3000만원,3032040  원,"2,128,770  원",3.40 %,-,-,93.4 %,92.1 %,-,-,-,-,기타,순수보장,비갱신형,비유니버셜,방카슈랑스,2026-01-19,"1. 가입나이: 만15세 ~ 최대 75세 2. 보험기간: 110세만기 3. 납입기간 : 3년, 4년, 5년, 7년, 10년납 4. 보험료(주계약) 기준 : 40세, 110세만기, 10년납, 월납, 가입금액 : 3,000만원 5. 보험가격지수 기준 : 40세, 110세만기, 10년납, 월납, 가입금액 : 3,000만원 6. 적용이율: 10년 이내 3.40%, 10년 이후 2.0%",1588-3374,,,,
한화생명,한화생명 스마트V상해보험 무배당 (월납),주계약,고도장해보험금,"피보험자가 보험기간 중 발생한 동일한 재해 또는 재해 이외의 동일한 원인으로 인하여 장해분류표 중 여러 신체부위의 장해지급률을 더하여 80% 이상인 장해상태가 되었을 경우(최초 1회한)(1년 미만 50%(단, 재해로 인한 장해상태가 되었을 경우 제외) 지급)",3억원,"1,000만원","2,557,400 원","1,922,200 원",3.25 %,비갱신형,방카슈랑스,2026-02-01,"1. 가입나이 : 만 15세 ~ 80세 2. 가입한도 : [70세 이하] 10만원 ~ 3,000만원  [71세 이상] 10만원 ~ 1,000만원  (단, 위험직급별 가입한도 이내) 3. 보험기간 : 110세 만기 4. 보험종류 : 1형(기본형), 2형(보장강화형) 5. 보험가격지수 기준 : 1형(기본형), 주계약 가입금액 3,000만원, 40세, 110세만기, 20년납 6. 주계약 보험료 기준 : 1형(기본형), 주계약 가입금액 1,000만원, 40세, 110세만기, 5년납",1588-6363,file_15.xls,한화생명,한화생명 스마트V상해보험 무배당,주계약,고도장해보험금,"피보험자가 보험기간 중 발생한 동일한 재해 또는 재해 이외의 동일한 원인으로 인하여 장해분류표 중 여러 신체부위의 장해지급률을 더하여 80% 이상인 장해상태가 되었을 경우(최초 1회한)(1년 미만 50%(단, 재해로 인한 장해상태가 되었을 경우 제외) 지급)",3억원,"1,000만원",2557400  원,"1,922,200  원",3.25 %,-,-,105.3 %,105.5 %,-,-,-,-,보험기간(1년 초과),무해지/저해지환급,비갱신형,비유니버셜,방카슈랑스,2026-02-01,"1. 가입나이 : 만 15세 ~ 80세 2. 가입한도 : [70세 이하] 10만원 ~ 3,000만원  [71세 이상] 10만원 ~ 1,000만원  (단, 위험직급별 가입한도 이내) 3. 보험기간 : 110세 만기 4. 보험종류 : 1형(기본형), 2형(보장강화형) 5. 보험가격지수 기준 : 1형(기본형), 주계약 가입금액 3,000만원, 40세, 110세만기, 20년납 6. 주계약 보험료 기준 : 1형(기본형), 주계약 가입금액 1,000만원, 40세, 110세만기, 5년납",1588-6363,,,,
한화생명,한화생명 포켓골절보험 무배당 (일시납),주계약,재해골절진단자금,피보험자가 보험기간 중 발생한 재해를 직접적인 원인으로 보험기간 중 '재해골절'로 진단이 확정되었을 경우,5만원(1회당),5만원,"1,176 원",851 원,2.75 %,비갱신형,CM,2026-01-01,"1. 가입나이 : 만 19세 ~ 65세 2. 납입주기 : 일시납 3. 가입한도 : 보험가입금액 5만원 4. 보험기간 : 1년만기 5. 보험가격지수 기준 : 만기환급형, 40세, 1년만기, 일시납, 주계약가입금액 5만원 6. 보험료 기준 : 40세, 1년만기, 일시납, 주계약가입금액 5만원 7. 확정이율 : 2.75% * 특약 : 부가가능 특약 無",1588-6363,file_15.xls,한화생명,한화생명 포켓골절보험 무배당,주계약,재해골절진단자금,피보험자가 보험기간 중 발생한 재해를 직접적인 원인으로 보험기간 중 '재해골절'로 진단이 확정되었을 경우,5만원(1회당),5만원,1176  원,851  원,2.75 %,-,-,78.3 %,72.4 %,-,-,-,-,보험기간(1년 이하),무해지/저해지환급,비갱신형,비유니버셜,CM,2026-01-01,"1. 가입나이 : 만 19세 ~ 65세 2. 납입주기 : 일시납 3. 가입한도 : 보험가입금액 5만원 4. 보험기간 : 1년만기 5. 보험가격지수 기준 : 만기환급형, 40세, 1년만기, 일시납, 주계약가입금액 5만원 6. 보험료 기준 : 40세, 1년만기, 일시납, 주계약가입금액 5만원 7. 확정이율 : 2.75% * 특약 : 부가가능 특약 無",1588-6363,,,,
한화생명,한화생명 간편가입 포켓골절보험 무배당 (일시납),주계약,재해골절진단자금,피보험자가 보험기간 중 발생한 재해를 직접적인 원인으로 보험기간 중 '재해골절'로 진단이 확정되었을 경우,5만원(1회당),5만원,"1,822 원","1,400 원",2.75 %,비갱신형,CM,2026-01-01,"1. 가입나이 : 만 19세 ~ 65세 2. 납입주기 : 일시납 3. 가입한도 : 보험가입금액 5만원 4. 보험기간 : 1년만기 5. 보험가격지수 기준 : 만기환급형, 40세, 1년만기, 일시납, 주계약가입금액 5만원 6. 보험료 기준 : 40세, 1년만기, 일시납, 주계약가입금액 5만원 7. 확정이율 : 2.75% * 특약 : 부가가능 특약 無",1588-6363,file_15.xls,한화생명,한화생명 간편가입 포켓골절보험 무배당,주계약,재해골절진단자금,피보험자가 보험기간 중 발생한 재해를 직접적인 원인으로 보험기간 중 '재해골절'로 진단이 확정되었을 경우,5만원(1회당),5만원,1822  원,"1,400  원",2.75 %,-,-,78.3 %,72.5 %,-,-,-,-,보험기간(1년 이하),무해지/저해지환급,비갱신형,비유니버셜,CM,2026-01-01,"1. 가입나이 : 만 19세 ~ 65세 2. 납입주기 : 일시납 3. 가입한도 : 보험가입금액 5만원 4. 보험기간 : 1년만기 5. 보험가격지수 기준 : 만기환급형, 40세, 1년만기, 일시납, 주계약가입금액 5만원 6. 보험료 기준 : 40세, 1년만기, 일시납, 주계약가입금액 5만원 7. 확정이율 : 2.75% * 특약 : 부가가능 특약 無",1588-6363,,,,
ABL생명,(무)더나은안심보험_2형(상해보장형) (월납),주계약,고도장해보험금,"피보험자가 보험기간 중 「동일한 재해 또는 재해 이외의 동일한 원인」으로 인하여 장해분류표 중 여러 신체부위의 장해지급률을 더하여 80%이상인 장해 상태가 되었을 때(다만, 최초 1회에 한하여 지급)","30,000만원 (다만, 계약일로부터 1년이 지난 보험계약해당일 전일 이전에 재해 이외의 원인으로 지급사유가 발생하였을 경우 상기금액의 50%를 지급)","1,000만원 원","424,400 원","184,400 원",3.00 %,비갱신형,방카슈랑스,2026-01-01,"1. 가입나이 : (1형 장해보장형) 만15세 ~ 최대 75세 (성별, 납입기간별 상이)  (2형 상해보장형) 만15세 ~ 최대 75세 (성별, 납입기간별 상이) 2. 가입한도 : (1형 장해보장형) 65세 이하 - 100만원 ~ 7,000만원  66세 이상 - 100만원 ~ 4,000만원  (2형 상해보장형) 70세 이하 - 100만원 ~ 3,000만원  71세 이상 - 100만원 ~ 2,000만원 3. 보험종류  - 1형(장해보장형) - 기본형  - 2형(상해보장형) - 기본형 4. 보험기간 : 100세/110세 만기 5. 납입기간 : 5/7/10/15/20년납 6. 적용이율 : 가입 후 경과기간 10년 이내 3.00% / 10년 초과 2.00% 7. 보험료 예시기준 : 2형(상해보장형), 기본형, 가입금액 1,000만원, 40세, 100세만기, 20년납, 월납 8. 보험가격지수 예시기준 : 2형(상해보장형), 기본형, 가입금액 3,000만원, 40세, 100세만기, 20년납, 월납",0215886500,file_15.xls,ABL생명,(무)더나은안심보험_2형(상해보장형),주계약,고도장해보험금,"피보험자가 보험기간 중 「동일한 재해 또는 재해 이외의 동일한 원인」으로 인하여 장해분류표 중 여러 신체부위의 장해지급률을 더하여 80%이상인 장해 상태가 되었을 때(다만, 최초 1회에 한하여 지급)","30,000만원 (다만, 계약일로부터 1년이 지난 보험계약해당일 전일 이전에 재해 이외의 원인으로 지급사유가 발생하였을 경우 상기금액의 50%를 지급)","1,000만원 원",424400  원,"184,400  원",3.00 %,-,-,93.4 %,89.0 %,-,-,-,-,보험기간(1년 초과),순수보장,비갱신형,비유니버셜,방카슈랑스,2026-01-01,"1. 가입나이 : (1형 장해보장형) 만15세 ~ 최대 75세 (성별, 납입기간별 상이)  (2형 상해보장형) 만15세 ~ 최대 75세 (성별, 납입기간별 상이) 2. 가입한도 : (1형 장해보장형) 65세 이하 - 100만원 ~ 7,000만원  66세 이상 - 100만원 ~ 4,000만원  (2형 상해보장형) 70세 이하 - 100만원 ~ 3,000만원  71세 이상 - 100만원 ~ 2,000만원 3. 보험종류  - 1형(장해보장형) - 기본형  - 2형(상해보장형) - 기본형 4. 보험기간 : 100세/110세 만기 5. 납입기간 : 5/7/10/15/20년납 6. 적용이율 : 가입 후 경과기간 10년 이내 3.00% / 10년 초과 2.00% 7. 보험료 예시기준 : 2형(상해보장형), 기본형, 가입금액 1,000만원, 40세, 100세만기, 20년납, 월납 8. 보험가격지수 예시기준 : 2형(상해보장형), 기본형, 가입금액 3,000만원, 40세, 100세만기, 20년납, 월납",0215886500,,,,
ABL생명,(무)더나은안심보험_2형(상해보장형) (월납),주계약,재해사망보험금,피보험자가 보험기간 중 재해로 사망하였을 때,"20,000만원","1,000만원 원","424,400 원","184,400 원",3.00 %,비갱신형,방카슈랑스,2026-01-01,"1. 가입나이 : (1형 장해보장형) 만15세 ~ 최대 75세 (성별, 납입기간별 상이)  (2형 상해보장형) 만15세 ~ 최대 75세 (성별, 납입기간별 상이) 2. 가입한도 : (1형 장해보장형) 65세 이하 - 100만원 ~ 7,000만원  66세 이상 - 100만원 ~ 4,000만원  (2형 상해보장형) 70세 이하 - 100만원 ~ 3,000만원  71세 이상 - 100만원 ~ 2,000만원 3. 보험종류  - 1형(장해보장형) - 기본형  - 2형(상해보장형) - 기본형 4. 보험기간 : 100세/110세 만기 5. 납입기간 : 5/7/10/15/20년납 6. 적용이율 : 가입 후 경과기간 10년 이내 3.00% / 10년 초과 2.00% 7. 보험료 예시기준 : 2형(상해보장형), 기본형, 가입금액 1,000만원, 40세, 100세만기, 20년납, 월납 8. 보험가격지수 예시기준 : 2형(상해보장형), 기본형, 가입금액 3,000만원, 40세, 100세만기, 20년납, 월납",0215886500,file_15.xls,ABL생명,(무)더나은안심보험_2형(상해보장형),주계약,재해사망보험금,피보험자가 보험기간 중 재해로 사망하였을 때,"20,000만원","1,000만원 원",424400  원,"184,400  원",3.00 %,-,-,93.4 %,89.0 %,-,-,-,-,보험기간(1년 초과),순수보장,비갱신형,비유니버셜,방카슈랑스,2026-01-01,"1. 가입나이 : (1형 장해보장형) 만15세 ~ 최대 75세 (성별, 납입기간별 상이)  (2형 상해보장형) 만15세 ~ 최대 75세 (성별, 납입기간별 상이) 2. 가입한도 : (1형 장해보장형) 65세 이하 - 100만원 ~ 7,000만원  66세 이상 - 100만원 ~ 4,000만원  (2형 상해보장형) 70세 이하 - 100만원 ~ 3,000만원  71세 이상 - 100만원 ~ 2,000만원 3. 보험종류  - 1형(장해보장형) - 기본형  - 2형(상해보장형) - 기본형 4. 보험기간 : 100세/110세 만기 5. 납입기간 : 5/7/10/15/20년납 6. 적용이율 : 가입 후 경과기간 10년 이내 3.00% / 10년 초과 2.00% 7. 보험료 예시기준 : 2형(상해보장형), 기본형, 가입금액 1,000만원, 40세, 100세만기, 20년납, 월납 8. 보험가격지수 예시기준 : 2형(상해보장형), 기본형, 가입금액 3,000만원, 40세, 100세만기, 20년납, 월납",0215886500,,,,
삼성생명,삼성 슬기로운 취미생활 상해보험(2501)(무배당) (월납),주계약,재해골절수술보험금,"보험기간 중 재해로 인하여 ""재해 골절"" 상태가 되고, ""재해골절""의 직접적인 치료를 목적 으로 ""재해골절수술""을 받았을 때 (치아의 파절 제외) (단, 보험연도 기준 연 3회한)",1회당 5만원,"1,000만원",900 원,900 원,2.00 %,비갱신형,대면채널,2025-01-14,"□ 필수기재사항 1. 가입나이 : -1종(골절수술보장형), 2종(스포츠안심보장형) : 20세~만64세  -3종(어린이골절수술보장형): 0세~ 만13세 2. 보험기간 : 1년 3. 보험료 예시기준 : 주보험 1종 보험가입금액 1,000만원, 40세, 남자, 1년만기, 일시납 □ 선택기재사항 1. 보험료 납입기간 : 일시납 2. 보험가격지수 예시 기준 : 주보험 1종 보험가입금액 1,000만원, 40세, 1년만기, 일시납",1588-3114,file_15.xls,삼성생명,삼성 슬기로운 취미생활 상해보험(2501)(무배당),주계약,재해골절수술보험금,"보험기간 중 재해로 인하여 ""재해 골절"" 상태가 되고, ""재해골절""의 직접적인 치료를 목적 으로 ""재해골절수술""을 받았을 때 (치아의 파절 제외) (단, 보험연도 기준 연 3회한)",1회당 5만원,"1,000만원",900  원,900  원,2.00 %,-,-,95.9 %,76.0 %,-,-,-,-,보험기간(1년 초과),순수보장,비갱신형,비유니버셜,대면채널,2025-01-14,"□ 필수기재사항 1. 가입나이 : -1종(골절수술보장형), 2종(스포츠안심보장형) : 20세~만64세  -3종(어린이골절수술보장형): 0세~ 만13세 2. 보험기간 : 1년 3. 보험료 예시기준 : 주보험 1종 보험가입금액 1,000만원, 40세, 남자, 1년만기, 일시납 □ 선택기재사항 1. 보험료 납입기간 : 일시납 2. 보험가격지수 예시 기준 : 주보험 1종 보험가입금액 1,000만원, 40세, 1년만기, 일시납",1588-3114,,,,
삼성생명,삼성 슬기로운 취미생활 상해보험(2501)(무배당) (월납),주계약,5대재해골절수술보험금,"보험기간 중 재해로 인하여 ""5대 재해골절"" 상태가 되고, ""5대재해골절""의 직접적인 치료 를 목적으로 ""5대재해골절수술""을 받았을 때 (치아의 파절 및 비골의 골절 제외) (단, 최대 3회한)",1회당 25만원,"1,000만원",900 원,900 원,2.00 %,비갱신형,대면채널,2025-01-14,"□ 필수기재사항 1. 가입나이 : -1종(골절수술보장형), 2종(스포츠안심보장형) : 20세~만64세  -3종(어린이골절수술보장형): 0세~ 만13세 2. 보험기간 : 1년 3. 보험료 예시기준 : 주보험 1종 보험가입금액 1,000만원, 40세, 남자, 1년만기, 일시납 □ 선택기재사항 1. 보험료 납입기간 : 일시납 2. 보험가격지수 예시 기준 : 주보험 1종 보험가입금액 1,000만원, 40세, 1년만기, 일시납",1588-3114,file_15.xls,삼성생명,삼성 슬기로운 취미생활 상해보험(2501)(무배당),주계약,5대재해골절수술보험금,"보험기간 중 재해로 인하여 ""5대 재해골절"" 상태가 되고, ""5대재해골절""의 직접적인 치료 를 목적으로 ""5대재해골절수술""을 받았을 때 (치아의 파절 및 비골의 골절 제외) (단, 최대 3회한)",1회당 25만원,"1,000만원",900  원,900  원,2.00 %,-,-,95.9 %,76.0 %,-,-,-,-,보험기간(1년 초과),순수보장,비갱신형,비유니버셜,대면채널,2025-01-14,"□ 필수기재사항 1. 가입나이 : -1종(골절수술보장형), 2종(스포츠안심보장형) : 20세~만64세  -3종(어린이골절수술보장형): 0세~ 만13세 2. 보험기간 : 1년 3. 보험료 예시기준 : 주보험 1종 보험가입금액 1,000만원, 40세, 남자, 1년만기, 일시납 □ 선택기재사항 1. 보험료 납입기간 : 일시납 2. 보험가격지수 예시 기준 : 주보험 1종 보험가입금액 1,000만원, 40세, 1년만기, 일시납",1588-3114,,,,
삼성생명,삼성 마음모아 미니상해보험(2403)(무배당) (월납),주계약,재해골절(치아파절제외) 진단보험금,"재해로 인하여 ""재해골절""상태가 되었을 때(발생 1회당) ※ 동일한 재해로 인하여 2가지 이상의 골절(복합골절)시 1회만 지급",10만원,"1,000만원","4,800 원","4,000 원",2.00 %,비갱신형,CM,2024-03-04,"□ 필수기재사항  1. 가입 나이 : 20세 ~ 만 64세  2. 보험 기간 : 1년  3. 보험료 예시 기준 : 납입기간 일시납, 40세, 가입금액 1,000만원 □ 선택기재사항  1. 가입한도  - 보험가입금액 : 500만원 ~ 1,000만원  2. 보험가격지수 예시기준  - 납입기간 일시납, 40세, 가입금액 1,000만원",1588-3114,file_15.xls,삼성생명,삼성 마음모아 미니상해보험(2403)(무배당),주계약,재해골절(치아파절제외) 진단보험금,"재해로 인하여 ""재해골절""상태가 되었을 때(발생 1회당) ※ 동일한 재해로 인하여 2가지 이상의 골절(복합골절)시 1회만 지급",10만원,"1,000만원",4800  원,"4,000  원",2.00 %,-,-,85.2 %,78.8 %,-,-,-,-,보험기간(1년 이하),순수보장,비갱신형,비유니버셜,CM,2024-03-04,"□ 필수기재사항  1. 가입 나이 : 20세 ~ 만 64세  2. 보험 기간 : 1년  3. 보험료 예시 기준 : 납입기간 일시납, 40세, 가입금액 1,000만원 □ 선택기재사항  1. 가입한도  - 보험가입금액 : 500만원 ~ 1,000만원  2. 보험가격지수 예시기준  - 납입기간 일시납, 40세, 가입금액 1,000만원",1588-3114,,,,
삼성생명,삼성 마음모아 미니상해보험(2403)(무배당) (월납),주계약,깁스치료(부목제외) 보험금,"재해 또는 재해 이외의 원인으로 ""깁스(Cast)치료""를 받았을 때(1회당)",10만원,"1,000만원","4,800 원","4,000 원",2.00 %,비갱신형,CM,2024-03-04,"□ 필수기재사항  1. 가입 나이 : 20세 ~ 만 64세  2. 보험 기간 : 1년  3. 보험료 예시 기준 : 납입기간 일시납, 40세, 가입금액 1,000만원 □ 선택기재사항  1. 가입한도  - 보험가입금액 : 500만원 ~ 1,000만원  2. 보험가격지수 예시기준  - 납입기간 일시납, 40세, 가입금액 1,000만원",1588-3114,file_15.xls,삼성생명,삼성 마음모아 미니상해보험(2403)(무배당),주계약,깁스치료(부목제외) 보험금,"재해 또는 재해 이외의 원인으로 ""깁스(Cast)치료""를 받았을 때(1회당)",10만원,"1,000만원",4800  원,"4,000  원",2.00 %,-,-,85.2 %,78.8 %,-,-,-,-,보험기간(1년 이하),순수보장,비갱신형,비유니버셜,CM,2024-03-04,"□ 필수기재사항  1. 가입 나이 : 20세 ~ 만 64세  2. 보험 기간 : 1년  3. 보험료 예시 기준 : 납입기간 일시납, 40세, 가입금액 1,000만원 □ 선택기재사항  1. 가입한도  - 보험가입금액 : 500만원 ~ 1,000만원  2. 보험가격지수 예시기준  - 납입기간 일시납, 40세, 가입금액 1,000만원",1588-3114,,,,
삼성생명,삼성 s교통상해보험(2501)(무배당) (월납),주계약,교통재해사망보험금,"보험기간 중 교통재해분류표에서 정하는 ""교통재해""로 인하여 사망하였을 경우","3,000만원","3,000만원","5,700 원","3,300 원",2.00 %,비갱신형,대면채널,2025-01-14,"□ 필수기재사항 1. 가입나이 : 최저 만15세~만64세 2. 보험기간 : 1년만기 3. 보험료 예시기준(비위험)  - 주계약 : 가입금액 3,000만원, 1년만기, 일시납  - 특약 : 가입금액 3,000만원, 1년만기, 일시납 □ 선택기재사항 1. 보험료 납입기간 : 일시납 2. 보험가격지수 예시기준  - 주계약 1종(교통재해사망보장형) 가입금액 3,000만원,  40세, 비위험, 1년만기, 일시납 ※ 교통재해장해특약(무배당)은 주보험 1종(교통재해사망보장형) 선택시 부가 가능 ※ 일반자동차탑승중교통재해장해특약(무배당)은 주보험 2종(일반자동차탑승중교통재해사망보장형) 선택시 부가 가능 ※ 대중교통재해장해특약(무배당)은 주보험 3종(대중교통재해사망보장형) 선택시 부가 가능",1588-3114,file_15.xls,삼성생명,삼성 s교통상해보험(2501)(무배당),주계약,교통재해사망보험금,"보험기간 중 교통재해분류표에서 정하는 ""교통재해""로 인하여 사망하였을 경우","3,000만원","3,000만원",5700  원,"3,300  원",2.00 %,-,-,134.9 %,216.7 %,-,-,-,-,보험기간(1년 이하),순수보장,비갱신형,비유니버셜,대면채널,2025-01-14,"□ 필수기재사항 1. 가입나이 : 최저 만15세~만64세 2. 보험기간 : 1년만기 3. 보험료 예시기준(비위험)  - 주계약 : 가입금액 3,000만원, 1년만기, 일시납  - 특약 : 가입금액 3,000만원, 1년만기, 일시납 □ 선택기재사항 1. 보험료 납입기간 : 일시납 2. 보험가격지수 예시기준  - 주계약 1종(교통재해사망보장형) 가입금액 3,000만원,  40세, 비위험, 1년만기, 일시납 ※ 교통재해장해특약(무배당)은 주보험 1종(교통재해사망보장형) 선택시 부가 가능 ※ 일반자동차탑승중교통재해장해특약(무배당)은 주보험 2종(일반자동차탑승중교통재해사망보장형) 선택시 부가 가능 ※ 대중교통재해장해특약(무배당)은 주보험 3종(대중교통재해사망보장형) 선택시 부가 가능",1588-3114,,,,
삼성생명,삼성 s교통상해보험(2501)(무배당) (월납),주계약,일반자동차탑승중교통재해사망보험금,"보험기간 중 ""일반자동차탑승중교통사고""로 인하여 사망하였을 경우","3,000만원","3,000만원","2,700 원","2,100 원",2.00 %,비갱신형,대면채널,2025-01-14,"□ 필수기재사항 1. 가입나이 : 최저 만15세~만64세 2. 보험기간 : 1년만기 3. 보험료 예시기준(비위험)  - 주계약 : 가입금액 3,000만원, 1년만기, 일시납  - 특약 : 가입금액 3,000만원, 1년만기, 일시납 □ 선택기재사항 1. 보험료 납입기간 : 일시납 2. 보험가격지수 예시기준  - 주계약 1종(교통재해사망보장형) 가입금액 3,000만원,  40세, 비위험, 1년만기, 일시납 ※ 교통재해장해특약(무배당)은 주보험 1종(교통재해사망보장형) 선택시 부가 가능 ※ 일반자동차탑승중교통재해장해특약(무배당)은 주보험 2종(일반자동차탑승중교통재해사망보장형) 선택시 부가 가능 ※ 대중교통재해장해특약(무배당)은 주보험 3종(대중교통재해사망보장형) 선택시 부가 가능",1588-3114,file_15.xls,삼성생명,삼성 s교통상해보험(2501)(무배당),주계약,일반자동차탑승중교통재해사망보험금,"보험기간 중 ""일반자동차탑승중교통사고""로 인하여 사망하였을 경우","3,000만원","3,000만원",2700  원,"2,100  원",2.00 %,-,-,134.9 %,216.7 %,-,-,-,-,보험기간(1년 이하),순수보장,비갱신형,비유니버셜,대면채널,2025-01-14,"□ 필수기재사항 1. 가입나이 : 최저 만15세~만64세 2. 보험기간 : 1년만기 3. 보험료 예시기준(비위험)  - 주계약 : 가입금액 3,000만원, 1년만기, 일시납  - 특약 : 가입금액 3,000만원, 1년만기, 일시납 □ 선택기재사항 1. 보험료 납입기간 : 일시납 2. 보험가격지수 예시기준  - 주계약 1종(교통재해사망보장형) 가입금액 3,000만원,  40세, 비위험, 1년만기, 일시납 ※ 교통재해장해특약(무배당)은 주보험 1종(교통재해사망보장형) 선택시 부가 가능 ※ 일반자동차탑승중교통재해장해특약(무배당)은 주보험 2종(일반자동차탑승중교통재해사망보장형) 선택시 부가 가능 ※ 대중교통재해장해특약(무배당)은 주보험 3종(대중교통재해사망보장형) 선택시 부가 가능",1588-3114,,,,
삼성생명,삼성 s교통상해보험(2501)(무배당) (월납),주계약,대중교통사고사망보험금,"보험기간 중 ""대중교통사고""로 인하여 사망하였을 경우","3,000만원","3,000만원",300 원,240 원,2.00 %,비갱신형,대면채널,2025-01-14,"□ 필수기재사항 1. 가입나이 : 최저 만15세~만64세 2. 보험기간 : 1년만기 3. 보험료 예시기준(비위험)  - 주계약 : 가입금액 3,000만원, 1년만기, 일시납  - 특약 : 가입금액 3,000만원, 1년만기, 일시납 □ 선택기재사항 1. 보험료 납입기간 : 일시납 2. 보험가격지수 예시기준  - 주계약 1종(교통재해사망보장형) 가입금액 3,000만원,  40세, 비위험, 1년만기, 일시납 ※ 교통재해장해특약(무배당)은 주보험 1종(교통재해사망보장형) 선택시 부가 가능 ※ 일반자동차탑승중교통재해장해특약(무배당)은 주보험 2종(일반자동차탑승중교통재해사망보장형) 선택시 부가 가능 ※ 대중교통재해장해특약(무배당)은 주보험 3종(대중교통재해사망보장형) 선택시 부가 가능",1588-3114,file_15.xls,삼성생명,삼성 s교통상해보험(2501)(무배당),주계약,대중교통사고사망보험금,"보험기간 중 ""대중교통사고""로 인하여 사망하였을 경우","3,000만원","3,000만원",300  원,240  원,2.00 %,-,-,134.9 %,216.7 %,-,-,-,-,보험기간(1년 이하),순수보장,비갱신형,비유니버셜,대면채널,2025-01-14,"□ 필수기재사항 1. 가입나이 : 최저 만15세~만64세 2. 보험기간 : 1년만기 3. 보험료 예시기준(비위험)  - 주계약 : 가입금액 3,000만원, 1년만기, 일시납  - 특약 : 가입금액 3,000만원, 1년만기, 일시납 □ 선택기재사항 1. 보험료 납입기간 : 일시납 2. 보험가격지수 예시기준  - 주계약 1종(교통재해사망보장형) 가입금액 3,000만원,  40세, 비위험, 1년만기, 일시납 ※ 교통재해장해특약(무배당)은 주보험 1종(교통재해사망보장형) 선택시 부가 가능 ※ 일반자동차탑승중교통재해장해특약(무배당)은 주보험 2종(일반자동차탑승중교통재해사망보장형) 선택시 부가 가능 ※ 대중교통재해장해특약(무배당)은 주보험 3종(대중교통재해사망보장형) 선택시 부가 가능",1588-3114,,,,
삼성생명,삼성 s교통상해보험(2501)(무배당) (월납),특약,교통재해장해특약,"보험기간 중 교통재해분류표에서 정하는 ""교통재해""로 인하여 장해분류표 중 장해지급률이 3%이상 100%이하에 해당하는 장해상태가 되었을 경우","3,000만원 ×해당 장해지급률","3,000만원","4,500 원","3,000 원",2.00 %,비갱신형,대면채널,2025-01-14,"□ 필수기재사항 1. 가입나이 : 최저 만15세~만64세 2. 보험기간 : 1년만기 3. 보험료 예시기준(비위험)  - 주계약 : 가입금액 3,000만원, 1년만기, 일시납  - 특약 : 가입금액 3,000만원, 1년만기, 일시납 □ 선택기재사항 1. 보험료 납입기간 : 일시납 2. 보험가격지수 예시기준  - 주계약 1종(교통재해사망보장형) 가입금액 3,000만원,  40세, 비위험, 1년만기, 일시납 ※ 교통재해장해특약(무배당)은 주보험 1종(교통재해사망보장형) 선택시 부가 가능 ※ 일반자동차탑승중교통재해장해특약(무배당)은 주보험 2종(일반자동차탑승중교통재해사망보장형) 선택시 부가 가능 ※ 대중교통재해장해특약(무배당)은 주보험 3종(대중교통재해사망보장형) 선택시 부가 가능",1588-3114,file_15.xls,삼성생명,삼성 s교통상해보험(2501)(무배당),특약,교통재해장해특약,"보험기간 중 교통재해분류표에서 정하는 ""교통재해""로 인하여 장해분류표 중 장해지급률이 3%이상 100%이하에 해당하는 장해상태가 되었을 경우","3,000만원 ×해당 장해지급률","3,000만원",4500  원,"3,000  원",2.00 %,-,-,134.9 %,216.7 %,-,-,-,-,보험기간(1년 이하),순수보장,비갱신형,비유니버셜,대면채널,2025-01-14,"□ 필수기재사항 1. 가입나이 : 최저 만15세~만64세 2. 보험기간 : 1년만기 3. 보험료 예시기준(비위험)  - 주계약 : 가입금액 3,000만원, 1년만기, 일시납  - 특약 : 가입금액 3,000만원, 1년만기, 일시납 □ 선택기재사항 1. 보험료 납입기간 : 일시납 2. 보험가격지수 예시기준  - 주계약 1종(교통재해사망보장형) 가입금액 3,000만원,  40세, 비위험, 1년만기, 일시납 ※ 교통재해장해특약(무배당)은 주보험 1종(교통재해사망보장형) 선택시 부가 가능 ※ 일반자동차탑승중교통재해장해특약(무배당)은 주보험 2종(일반자동차탑승중교통재해사망보장형) 선택시 부가 가능 ※ 대중교통재해장해특약(무배당)은 주보험 3종(대중교통재해사망보장형) 선택시 부가 가능",1588-3114,,,,
삼성생명,삼성 s교통상해보험(2501)(무배당) (월납),특약,일반자동차탑승중 교통재해장해특약,보험기간 중 “일반자동차탑승중 교통사고”로 인하여 장해분류표 중 장해지급률이 3%이상 100%이하에 해당하는 장해상태가 되었을 경우,"3,000만원 ×해당 장해지급률","3,000만원","3,600 원","2,700 원",2.00 %,비갱신형,대면채널,2025-01-14,"□ 필수기재사항 1. 가입나이 : 최저 만15세~만64세 2. 보험기간 : 1년만기 3. 보험료 예시기준(비위험)  - 주계약 : 가입금액 3,000만원, 1년만기, 일시납  - 특약 : 가입금액 3,000만원, 1년만기, 일시납 □ 선택기재사항 1. 보험료 납입기간 : 일시납 2. 보험가격지수 예시기준  - 주계약 1종(교통재해사망보장형) 가입금액 3,000만원,  40세, 비위험, 1년만기, 일시납 ※ 교통재해장해특약(무배당)은 주보험 1종(교통재해사망보장형) 선택시 부가 가능 ※ 일반자동차탑승중교통재해장해특약(무배당)은 주보험 2종(일반자동차탑승중교통재해사망보장형) 선택시 부가 가능 ※ 대중교통재해장해특약(무배당)은 주보험 3종(대중교통재해사망보장형) 선택시 부가 가능",1588-3114,file_15.xls,삼성생명,삼성 s교통상해보험(2501)(무배당),특약,일반자동차탑승중 교통재해장해특약,보험기간 중 “일반자동차탑승중 교통사고”로 인하여 장해분류표 중 장해지급률이 3%이상 100%이하에 해당하는 장해상태가 되었을 경우,"3,000만원 ×해당 장해지급률","3,000만원",3600  원,"2,700  원",2.00 %,-,-,134.9 %,216.7 %,-,-,-,-,보험기간(1년 이하),순수보장,비갱신형,비유니버셜,대면채널,2025-01-14,"□ 필수기재사항 1. 가입나이 : 최저 만15세~만64세 2. 보험기간 : 1년만기 3. 보험료 예시기준(비위험)  - 주계약 : 가입금액 3,000만원, 1년만기, 일시납  - 특약 : 가입금액 3,000만원, 1년만기, 일시납 □ 선택기재사항 1. 보험료 납입기간 : 일시납 2. 보험가격지수 예시기준  - 주계약 1종(교통재해사망보장형) 가입금액 3,000만원,  40세, 비위험, 1년만기, 일시납 ※ 교통재해장해특약(무배당)은 주보험 1종(교통재해사망보장형) 선택시 부가 가능 ※ 일반자동차탑승중교통재해장해특약(무배당)은 주보험 2종(일반자동차탑승중교통재해사망보장형) 선택시 부가 가능 ※ 대중교통재해장해특약(무배당)은 주보험 3종(대중교통재해사망보장형) 선택시 부가 가능",1588-3114,,,,
삼성생명,삼성 s교통상해보험(2501)(무배당) (월납),특약,대중교통재해장해특약,보험기간 중 “대중교통사고”로 인하여 장해분류표 중 장해지급률이 3%이상 100%이하에 해당하는 장해상태가 되었을 경우,"3,000만원 ×해당 장해지급률","3,000만원",300 원,300 원,2.00 %,비갱신형,대면채널,2025-01-14,"□ 필수기재사항 1. 가입나이 : 최저 만15세~만64세 2. 보험기간 : 1년만기 3. 보험료 예시기준(비위험)  - 주계약 : 가입금액 3,000만원, 1년만기, 일시납  - 특약 : 가입금액 3,000만원, 1년만기, 일시납 □ 선택기재사항 1. 보험료 납입기간 : 일시납 2. 보험가격지수 예시기준  - 주계약 1종(교통재해사망보장형) 가입금액 3,000만원,  40세, 비위험, 1년만기, 일시납 ※ 교통재해장해특약(무배당)은 주보험 1종(교통재해사망보장형) 선택시 부가 가능 ※ 일반자동차탑승중교통재해장해특약(무배당)은 주보험 2종(일반자동차탑승중교통재해사망보장형) 선택시 부가 가능 ※ 대중교통재해장해특약(무배당)은 주보험 3종(대중교통재해사망보장형) 선택시 부가 가능",1588-3114,file_15.xls,삼성생명,삼성 s교통상해보험(2501)(무배당),특약,대중교통재해장해특약,보험기간 중 “대중교통사고”로 인하여 장해분류표 중 장해지급률이 3%이상 100%이하에 해당하는 장해상태가 되었을 경우,"3,000만원 ×해당 장해지급률","3,000만원",300  원,300  원,2.00 %,-,-,134.9 %,216.7 %,-,-,-,-,보험기간(1년 이하),순수보장,비갱신형,비유니버셜,대면채널,2025-01-14,"□ 필수기재사항 1. 가입나이 : 최저 만15세~만64세 2. 보험기간 : 1년만기 3. 보험료 예시기준(비위험)  - 주계약 : 가입금액 3,000만원, 1년만기, 일시납  - 특약 : 가입금액 3,000만원, 1년만기, 일시납 □ 선택기재사항 1. 보험료 납입기간 : 일시납 2. 보험가격지수 예시기준  - 주계약 1종(교통재해사망보장형) 가입금액 3,000만원,  40세, 비위험, 1년만기, 일시납 ※ 교통재해장해특약(무배당)은 주보험 1종(교통재해사망보장형) 선택시 부가 가능 ※ 일반자동차탑승중교통재해장해특약(무배당)은 주보험 2종(일반자동차탑승중교통재해사망보장형) 선택시 부가 가능 ※ 대중교통재해장해특약(무배당)은 주보험 3종(대중교통재해사망보장형) 선택시 부가 가능",1588-3114,,,,
주계약,재해사망보험금 (월납),주계약,재해사망보험금,피보험자가 보험기간 중 재해로 인하여 사망하였을 때,6억원,"3,000만원 원","1,149,900 원","518,100 원",3.00 %,비갱신형,대면채널  방카슈랑스  CM,2026-03-03,"1. 가입나이 : 만15세 ~ 70세(단 성별, 보험기간, 납입기간별 차등적용) 2. 보험기간 : 100세만기, 110세 만기 3. 보험료 예시기준 : 1종(50%환급형) 4형(상해보장형) 가입금액 3,000만원, 40세, 100세만기, 20년납, 월납",1588-2288,file_15.xls,흥국생명,(무)흥국생명 안심케어보험2603(해약환급금일부지급형)_1종 4형,주계약,재해사망보험금,피보험자가 보험기간 중 재해로 인하여 사망하였을 때,6억원,"3,000만원 원",1149900  원,"518,100  원",3.00 %,-,-,89.8 %,87.3 %,-,-,-,-,보험기간(1년 초과),무해지/저해지환급,비갱신형,비유니버셜,대면채널  방카슈랑스  CM,2026-03-03,"1. 가입나이 : 만15세 ~ 70세(단 성별, 보험기간, 납입기간별 차등적용) 2. 보험기간 : 100세만기, 110세 만기 3. 보험료 예시기준 : 1종(50%환급형) 4형(상해보장형) 가입금액 3,000만원, 40세, 100세만기, 20년납, 월납",1588-2288,,,,
주계약,재해장해보험금 (월납),주계약,재해장해보험금,피보험자가 보험기간 중 보장개시일 이후에 재 해로 인하여 장해분류표에서 정한 각 장해지 급률에 해당하는 장해상태가 되었을 경우,보험가입금액 x 해당 장해지급률,"3,000만원 원","1,170 원",690 원,2.75 %,갱신형,대면채널  TM,2026-03-03,"1.가입나이: 만15세~80세(단 성별, 보험기간, 납입기간별 차등적용) 2.보험기간: 20년(단, 갱신계약의 경우 1~20년), 30년(단, 갱신계약의 경우 1~30년) 3.보험료 예시기준: 가입금액 3,000만원, 20년만기, 전기납,월납, 40세 (단, 자사 최대 가입한도는 1,000만원임)",1588-2288,file_15.xls,흥국생명,(무)흥국생명 다사랑3.1.1간편건강보험(해약환급금미지급형)(갱신형),주계약,재해장해보험금,피보험자가 보험기간 중 보장개시일 이후에 재 해로 인하여 장해분류표에서 정한 각 장해지 급률에 해당하는 장해상태가 되었을 경우,보험가입금액 x 해당 장해지급률,"3,000만원 원",1170  원,690  원,2.75 %,-,-,118.7 %,104.6 %,-,-,-,-,보험기간(1년 초과),순수보장,갱신형,비유니버셜,대면채널  TM,2026-03-03,"1.가입나이: 만15세~80세(단 성별, 보험기간, 납입기간별 차등적용) 2.보험기간: 20년(단, 갱신계약의 경우 1~20년), 30년(단, 갱신계약의 경우 1~30년) 3.보험료 예시기준: 가입금액 3,000만원, 20년만기, 전기납,월납, 40세 (단, 자사 최대 가입한도는 1,000만원임)",1588-2288,,,,
주계약,재해장해보험금 (월납),특약,(무)간편한질병수술특약S(기본형)(갱신형),피보험자가 보험기간 중 보장개시일 이후에 질병으로 인하여 그 치료를 직접목적으로 하 여 수술을 받았을 때 (동일한 질병당 1회한),"1년 미만 5만원, 1년 이후 10만원",10만원 원,"2,604 원","3,282 원",2.75 %,갱신형,대면채널  TM,2026-03-03,"1.가입나이: 만15세~80세(단 성별, 보험기간, 납입기간별 차등적용) 2.보험기간: 20년(단, 갱신계약의 경우 1~20년), 30년(단, 갱신계약의 경우 1~30년) 3.보험료 예시기준: 가입금액 3,000만원, 20년만기, 전기납,월납, 40세 (단, 자사 최대 가입한도는 1,000만원임)",1588-2288,file_15.xls,흥국생명,(무)흥국생명 다사랑3.1.1간편건강보험(해약환급금미지급형)(갱신형),특약,(무)간편한질병수술특약S(기본형)(갱신형),피보험자가 보험기간 중 보장개시일 이후에 질병으로 인하여 그 치료를 직접목적으로 하 여 수술을 받았을 때 (동일한 질병당 1회한),"1년 미만 5만원, 1년 이후 10만원",10만원 원,2604  원,"3,282  원",2.75 %,-,-,118.7 %,104.6 %,-,-,-,-,보험기간(1년 초과),순수보장,갱신형,비유니버셜,대면채널  TM,2026-03-03,"1.가입나이: 만15세~80세(단 성별, 보험기간, 납입기간별 차등적용) 2.보험기간: 20년(단, 갱신계약의 경우 1~20년), 30년(단, 갱신계약의 경우 1~30년) 3.보험료 예시기준: 가입금액 3,000만원, 20년만기, 전기납,월납, 40세 (단, 자사 최대 가입한도는 1,000만원임)",1588-2288,,,,
주계약,재해장해보험금 (월납),특약,(무)간편한암진단특약S(갱신형),피보험자가 보험기간 중 암보장개시일 이후에 암으로 진단확정 되었을 때 (최초 1회에 한함),"180일 미만 100만원, 180일 이후 1,000만원 다만, 1년 미만에 유방암으로 진단확정되었을 경우 50%만 지급",1000만원 원,"7,600 원","9,100 원",2.75 %,갱신형,대면채널  TM,2026-03-03,"1.가입나이: 만15세~80세(단 성별, 보험기간, 납입기간별 차등적용) 2.보험기간: 20년(단, 갱신계약의 경우 1~20년), 30년(단, 갱신계약의 경우 1~30년) 3.보험료 예시기준: 가입금액 3,000만원, 20년만기, 전기납,월납, 40세 (단, 자사 최대 가입한도는 1,000만원임)",1588-2288,file_15.xls,흥국생명,(무)흥국생명 다사랑3.1.1간편건강보험(해약환급금미지급형)(갱신형),특약,(무)간편한암진단특약S(갱신형),피보험자가 보험기간 중 암보장개시일 이후에 암으로 진단확정 되었을 때 (최초 1회에 한함),"180일 미만 100만원, 180일 이후 1,000만원 다만, 1년 미만에 유방암으로 진단확정되었을 경우 50%만 지급",1000만원 원,7600  원,"9,100  원",2.75 %,-,-,118.7 %,104.6 %,-,-,-,-,보험기간(1년 초과),순수보장,갱신형,비유니버셜,대면채널  TM,2026-03-03,"1.가입나이: 만15세~80세(단 성별, 보험기간, 납입기간별 차등적용) 2.보험기간: 20년(단, 갱신계약의 경우 1~20년), 30년(단, 갱신계약의 경우 1~30년) 3.보험료 예시기준: 가입금액 3,000만원, 20년만기, 전기납,월납, 40세 (단, 자사 최대 가입한도는 1,000만원임)",1588-2288,,,,
주계약,재해장해보험금 (월납),특약,(무)간편한항암약물치료특약S(갱신형),"피보험자가 보험기간 중 암보장개시일 이후에 암으로 진단 확정되고, 그 암의 직접적인 치료 를 목적으로 항암약물치료를 받았을 때 (최초 1회에 한함) * 이외 보장담보는 상품요약서 참조","암항암약물치료비: 1년 미만 50만원, 1년 이후 100만원",100만원 원,195 원,285 원,2.75 %,갱신형,대면채널  TM,2026-03-03,"1.가입나이: 만15세~80세(단 성별, 보험기간, 납입기간별 차등적용) 2.보험기간: 20년(단, 갱신계약의 경우 1~20년), 30년(단, 갱신계약의 경우 1~30년) 3.보험료 예시기준: 가입금액 3,000만원, 20년만기, 전기납,월납, 40세 (단, 자사 최대 가입한도는 1,000만원임)",1588-2288,file_15.xls,흥국생명,(무)흥국생명 다사랑3.1.1간편건강보험(해약환급금미지급형)(갱신형),특약,(무)간편한항암약물치료특약S(갱신형),"피보험자가 보험기간 중 암보장개시일 이후에 암으로 진단 확정되고, 그 암의 직접적인 치료 를 목적으로 항암약물치료를 받았을 때 (최초 1회에 한함) * 이외 보장담보는 상품요약서 참조","암항암약물치료비: 1년 미만 50만원, 1년 이후 100만원",100만원 원,195  원,285  원,2.75 %,-,-,118.7 %,104.6 %,-,-,-,-,보험기간(1년 초과),순수보장,갱신형,비유니버셜,대면채널  TM,2026-03-03,"1.가입나이: 만15세~80세(단 성별, 보험기간, 납입기간별 차등적용) 2.보험기간: 20년(단, 갱신계약의 경우 1~20년), 30년(단, 갱신계약의 경우 1~30년) 3.보험료 예시기준: 가입금액 3,000만원, 20년만기, 전기납,월납, 40세 (단, 자사 최대 가입한도는 1,000만원임)",1588-2288,,,,
주계약,재해장해보험금 (월납),특약,(무)간편한항암방사선치료특약S(갱신형),"피보험자가 보험기간 중 암보장개시일 이후에 암으로 진단 확정되고, 그 암의 직접적인 치료를 목적으로 항암방사선치료를 받았을 때 (최초 1회에 한함) * 이외 보장담보는 상품요약서 참조","암 항암방사선치료비: 1년 미만 50만원, 1년 이후 100만원",100만원 원,120 원,210 원,2.75 %,갱신형,대면채널  TM,2026-03-03,"1.가입나이: 만15세~80세(단 성별, 보험기간, 납입기간별 차등적용) 2.보험기간: 20년(단, 갱신계약의 경우 1~20년), 30년(단, 갱신계약의 경우 1~30년) 3.보험료 예시기준: 가입금액 3,000만원, 20년만기, 전기납,월납, 40세 (단, 자사 최대 가입한도는 1,000만원임)",1588-2288,file_15.xls,흥국생명,(무)흥국생명 다사랑3.1.1간편건강보험(해약환급금미지급형)(갱신형),특약,(무)간편한항암방사선치료특약S(갱신형),"피보험자가 보험기간 중 암보장개시일 이후에 암으로 진단 확정되고, 그 암의 직접적인 치료를 목적으로 항암방사선치료를 받았을 때 (최초 1회에 한함) * 이외 보장담보는 상품요약서 참조","암 항암방사선치료비: 1년 미만 50만원, 1년 이후 100만원",100만원 원,120  원,210  원,2.75 %,-,-,118.7 %,104.6 %,-,-,-,-,보험기간(1년 초과),순수보장,갱신형,비유니버셜,대면채널  TM,2026-03-03,"1.가입나이: 만15세~80세(단 성별, 보험기간, 납입기간별 차등적용) 2.보험기간: 20년(단, 갱신계약의 경우 1~20년), 30년(단, 갱신계약의 경우 1~30년) 3.보험료 예시기준: 가입금액 3,000만원, 20년만기, 전기납,월납, 40세 (단, 자사 최대 가입한도는 1,000만원임)",1588-2288,,,,
주계약,재해장해보험금 (월납),주계약,재해장해보험금,피보험자가 보험기간 중 보장개시일 이후에 재 해로 인하여 장해분류표에서 정한 각 장해지 급률에 해당하는 장해상태가 되었을 경우,보험가입금액 x 해당 장해지급률,"3,000만원","1,050 원",630 원,2.75 %,갱신형,대면채널  TM,2026-03-03,"1.가입나이: 만15세~80세(단 성별, 보험기간, 납입기간별 차등적용) 2.보험기간: 10년(단, 갱신계약의 경우 1~10년), 20년(단, 갱신계약의 경우 1~20년) 3.보험료 예시기준: 가입금액 3,000만원, 20년만기, 전기납,월납, 40세 (단, 자사 최대 가입한도는 1,000만원임)",1588-2288,file_15.xls,흥국생명,(무)흥국생명 다사랑3.10.5간편건강보험(해약환급금미지급형)(갱신형),주계약,재해장해보험금,피보험자가 보험기간 중 보장개시일 이후에 재 해로 인하여 장해분류표에서 정한 각 장해지 급률에 해당하는 장해상태가 되었을 경우,보험가입금액 x 해당 장해지급률,"3,000만원",1050  원,630  원,2.75 %,-,-,106.5 %,95.5 %,-,-,-,-,보험기간(1년 초과),순수보장,갱신형,비유니버셜,대면채널  TM,2026-03-03,"1.가입나이: 만15세~80세(단 성별, 보험기간, 납입기간별 차등적용) 2.보험기간: 10년(단, 갱신계약의 경우 1~10년), 20년(단, 갱신계약의 경우 1~20년) 3.보험료 예시기준: 가입금액 3,000만원, 20년만기, 전기납,월납, 40세 (단, 자사 최대 가입한도는 1,000만원임)",1588-2288,,,,
주계약,재해장해보험금 (월납),특약,(무)간편한(3.10.5)질병수술특약S(기본형)(해약환급금미지급형)(갱신형),피보험자가 보험기간 중 보장개시일 이후에 질병으로 인하여 그 치료를 직접목적으로 하 여 수술을 받았을 때 (동일한 질병당 1회한),"1년 미만 5만원, 1년 이후 10만원",10만원,"1,458 원","1,851 원",2.75 %,갱신형,대면채널  TM,2026-03-03,"1.가입나이: 만15세~80세(단 성별, 보험기간, 납입기간별 차등적용) 2.보험기간: 10년(단, 갱신계약의 경우 1~10년), 20년(단, 갱신계약의 경우 1~20년) 3.보험료 예시기준: 가입금액 3,000만원, 20년만기, 전기납,월납, 40세 (단, 자사 최대 가입한도는 1,000만원임)",1588-2288,file_15.xls,흥국생명,(무)흥국생명 다사랑3.10.5간편건강보험(해약환급금미지급형)(갱신형),특약,(무)간편한(3.10.5)질병수술특약S(기본형)(해약환급금미지급형)(갱신형),피보험자가 보험기간 중 보장개시일 이후에 질병으로 인하여 그 치료를 직접목적으로 하 여 수술을 받았을 때 (동일한 질병당 1회한),"1년 미만 5만원, 1년 이후 10만원",10만원,1458  원,"1,851  원",2.75 %,-,-,106.5 %,95.5 %,-,-,-,-,보험기간(1년 초과),순수보장,갱신형,비유니버셜,대면채널  TM,2026-03-03,"1.가입나이: 만15세~80세(단 성별, 보험기간, 납입기간별 차등적용) 2.보험기간: 10년(단, 갱신계약의 경우 1~10년), 20년(단, 갱신계약의 경우 1~20년) 3.보험료 예시기준: 가입금액 3,000만원, 20년만기, 전기납,월납, 40세 (단, 자사 최대 가입한도는 1,000만원임)",1588-2288,,,,
주계약,재해장해보험금 (월납),특약,(무)간편한(3.10.5)암진단특약S(해약환급금미지급형)(갱신형),피보험자가 보험기간 중 암보장개시일 이후 에 암으로 진단확정 되었을 때 (최초 1회에 한함),"180일 미만 100만원, 180일 이후 1,000만원 다만, 1년 미만에 유방암으로 진단확정되었을 경우 50%만 지급",1000만원,"4,400 원","5,900 원",2.75 %,갱신형,대면채널  TM,2026-03-03,"1.가입나이: 만15세~80세(단 성별, 보험기간, 납입기간별 차등적용) 2.보험기간: 10년(단, 갱신계약의 경우 1~10년), 20년(단, 갱신계약의 경우 1~20년) 3.보험료 예시기준: 가입금액 3,000만원, 20년만기, 전기납,월납, 40세 (단, 자사 최대 가입한도는 1,000만원임)",1588-2288,file_15.xls,흥국생명,(무)흥국생명 다사랑3.10.5간편건강보험(해약환급금미지급형)(갱신형),특약,(무)간편한(3.10.5)암진단특약S(해약환급금미지급형)(갱신형),피보험자가 보험기간 중 암보장개시일 이후 에 암으로 진단확정 되었을 때 (최초 1회에 한함),"180일 미만 100만원, 180일 이후 1,000만원 다만, 1년 미만에 유방암으로 진단확정되었을 경우 50%만 지급",1000만원,4400  원,"5,900  원",2.75 %,-,-,106.5 %,95.5 %,-,-,-,-,보험기간(1년 초과),순수보장,갱신형,비유니버셜,대면채널  TM,2026-03-03,"1.가입나이: 만15세~80세(단 성별, 보험기간, 납입기간별 차등적용) 2.보험기간: 10년(단, 갱신계약의 경우 1~10년), 20년(단, 갱신계약의 경우 1~20년) 3.보험료 예시기준: 가입금액 3,000만원, 20년만기, 전기납,월납, 40세 (단, 자사 최대 가입한도는 1,000만원임)",1588-2288,,,,
주계약,재해장해보험금 (월납),특약,(무)간편한(3.10.5)항암약물치료특약S(해약환급금미지급형)(갱신형),"피보험자가 보험기간 중 암보장개시일 이후에 암으로 진단 확정되고, 그 암의 직접적인 치료 를 목적으로 항암약물치료를 받았을 때 (최초 1회에 한함) * 이외 보장담보는 상품요약서 참조","암항암약물치료비: 1년 미만 50만원, 1년 이후 100만원",100만원,118 원,194 원,2.75 %,갱신형,대면채널  TM,2026-03-03,"1.가입나이: 만15세~80세(단 성별, 보험기간, 납입기간별 차등적용) 2.보험기간: 10년(단, 갱신계약의 경우 1~10년), 20년(단, 갱신계약의 경우 1~20년) 3.보험료 예시기준: 가입금액 3,000만원, 20년만기, 전기납,월납, 40세 (단, 자사 최대 가입한도는 1,000만원임)",1588-2288,file_15.xls,흥국생명,(무)흥국생명 다사랑3.10.5간편건강보험(해약환급금미지급형)(갱신형),특약,(무)간편한(3.10.5)항암약물치료특약S(해약환급금미지급형)(갱신형),"피보험자가 보험기간 중 암보장개시일 이후에 암으로 진단 확정되고, 그 암의 직접적인 치료 를 목적으로 항암약물치료를 받았을 때 (최초 1회에 한함) * 이외 보장담보는 상품요약서 참조","암항암약물치료비: 1년 미만 50만원, 1년 이후 100만원",100만원,118  원,194  원,2.75 %,-,-,106.5 %,95.5 %,-,-,-,-,보험기간(1년 초과),순수보장,갱신형,비유니버셜,대면채널  TM,2026-03-03,"1.가입나이: 만15세~80세(단 성별, 보험기간, 납입기간별 차등적용) 2.보험기간: 10년(단, 갱신계약의 경우 1~10년), 20년(단, 갱신계약의 경우 1~20년) 3.보험료 예시기준: 가입금액 3,000만원, 20년만기, 전기납,월납, 40세 (단, 자사 최대 가입한도는 1,000만원임)",1588-2288,,,,
주계약,재해장해보험금 (월납),특약,(무)간편한(3.10.5)항암방사선치료특약S(해약환급금미지급형)(갱신형),"피보험자가 보험기간 중 암보장개시일 이후에 암으로 진단 확정되고, 그 암의 직접적인 치 료를 목적으로 항암방사선치료를 받았을 때 (최초 1회에 한함) * 이외 보장담보는 상품요약서 참조","암항암방사선치료비: 1년 미만 50만원, 1년 이후 100만원",100만원,75 원,147 원,2.75 %,갱신형,대면채널  TM,2026-03-03,"1.가입나이: 만15세~80세(단 성별, 보험기간, 납입기간별 차등적용) 2.보험기간: 10년(단, 갱신계약의 경우 1~10년), 20년(단, 갱신계약의 경우 1~20년) 3.보험료 예시기준: 가입금액 3,000만원, 20년만기, 전기납,월납, 40세 (단, 자사 최대 가입한도는 1,000만원임)",1588-2288,file_15.xls,흥국생명,(무)흥국생명 다사랑3.10.5간편건강보험(해약환급금미지급형)(갱신형),특약,(무)간편한(3.10.5)항암방사선치료특약S(해약환급금미지급형)(갱신형),"피보험자가 보험기간 중 암보장개시일 이후에 암으로 진단 확정되고, 그 암의 직접적인 치 료를 목적으로 항암방사선치료를 받았을 때 (최초 1회에 한함) * 이외 보장담보는 상품요약서 참조","암항암방사선치료비: 1년 미만 50만원, 1년 이후 100만원",100만원,75  원,147  원,2.75 %,-,-,106.5 %,95.5 %,-,-,-,-,보험기간(1년 초과),순수보장,갱신형,비유니버셜,대면채널  TM,2026-03-03,"1.가입나이: 만15세~80세(단 성별, 보험기간, 납입기간별 차등적용) 2.보험기간: 10년(단, 갱신계약의 경우 1~10년), 20년(단, 갱신계약의 경우 1~20년) 3.보험료 예시기준: 가입금액 3,000만원, 20년만기, 전기납,월납, 40세 (단, 자사 최대 가입한도는 1,000만원임)",1588-2288,,,,
주계약,재해장해보험금 (월납),주계약,재해장해보험금,피보험자가 보험기간 중 보장개시일 이후에 재해로 인하여 장해분류표에서 정한 각 장해지급률에 해당하는 장해상태가 되었을 경우,"1,000만원 × 해당 장해지급률","3,000만원","1,620 원","1,380 원",2.75 %,비갱신형,대면채널,2026-02-08,"1. 가입나이 : 0세 ~ 30세(단, 성별, 보험기간, 납입기간별 차등적용) 2. 보험기간 : 90세만기, 100세만기 3. 보험료 예시 및 보험가격지수 산출기준 : 1종(해약환급금 미지급형V2), 1형(재해장해보장형), 가입금액 3,000만원, 5세, 100세만기, 20년납, 월납",1588-2288,file_15.xls,흥국생명,(무)흥국생명다재다능종합보험(해약환급금미지급형V2),주계약,재해장해보험금,피보험자가 보험기간 중 보장개시일 이후에 재해로 인하여 장해분류표에서 정한 각 장해지급률에 해당하는 장해상태가 되었을 경우,"1,000만원 × 해당 장해지급률","3,000만원",1620  원,"1,380  원",2.75 %,-,-,95.8 %,98.1 %,-,-,-,-,보험기간(1년 초과),무해지/저해지환급,비갱신형,비유니버셜,대면채널,2026-02-08,"1. 가입나이 : 0세 ~ 30세(단, 성별, 보험기간, 납입기간별 차등적용) 2. 보험기간 : 90세만기, 100세만기 3. 보험료 예시 및 보험가격지수 산출기준 : 1종(해약환급금 미지급형V2), 1형(재해장해보장형), 가입금액 3,000만원, 5세, 100세만기, 20년납, 월납",1588-2288,,,,
주계약,재해장해보험금 (월납),특약,(무)골절진단(치아파절제외)특약,"피보험자가 보험기간 중 보장개시일 이후에 재해골절(치아파절 제외)이 발생하였을 때(발생 1회당) (다만, 동일재해에 의한 경우 1회에 한함)",가입금액의 100%,"1,000만원",869 원,716 원,2.75 %,비갱신형,대면채널,2026-02-08,"1. 가입나이 : 0세 ~ 30세(단, 성별, 보험기간, 납입기간별 차등적용) 2. 보험기간 : 90세만기, 100세만기 3. 보험료 예시 및 보험가격지수 산출기준 : 1종(해약환급금 미지급형V2), 1형(재해장해보장형), 가입금액 3,000만원, 5세, 100세만기, 20년납, 월납",1588-2288,file_15.xls,흥국생명,(무)흥국생명다재다능종합보험(해약환급금미지급형V2),특약,(무)골절진단(치아파절제외)특약,"피보험자가 보험기간 중 보장개시일 이후에 재해골절(치아파절 제외)이 발생하였을 때(발생 1회당) (다만, 동일재해에 의한 경우 1회에 한함)",가입금액의 100%,"1,000만원",869  원,716  원,2.75 %,-,-,95.8 %,98.1 %,-,-,-,-,보험기간(1년 초과),무해지/저해지환급,비갱신형,비유니버셜,대면채널,2026-02-08,"1. 가입나이 : 0세 ~ 30세(단, 성별, 보험기간, 납입기간별 차등적용) 2. 보험기간 : 90세만기, 100세만기 3. 보험료 예시 및 보험가격지수 산출기준 : 1종(해약환급금 미지급형V2), 1형(재해장해보장형), 가입금액 3,000만원, 5세, 100세만기, 20년납, 월납",1588-2288,,,,
주계약,재해장해보험금 (월납),특약,(무)허혈심장질환특약Ⅱ,"피보험자가 보험기간 중 보장개시일 이후에 허혈심장질환으로 진단확정 되었을 때(다만, 최초 1회에 한함)",가입금액의 100%,10만원,"3,600 원","1,900 원",2.75 %,비갱신형,대면채널,2026-02-08,"1. 가입나이 : 0세 ~ 30세(단, 성별, 보험기간, 납입기간별 차등적용) 2. 보험기간 : 90세만기, 100세만기 3. 보험료 예시 및 보험가격지수 산출기준 : 1종(해약환급금 미지급형V2), 1형(재해장해보장형), 가입금액 3,000만원, 5세, 100세만기, 20년납, 월납",1588-2288,file_15.xls,흥국생명,(무)흥국생명다재다능종합보험(해약환급금미지급형V2),특약,(무)허혈심장질환특약Ⅱ,"피보험자가 보험기간 중 보장개시일 이후에 허혈심장질환으로 진단확정 되었을 때(다만, 최초 1회에 한함)",가입금액의 100%,10만원,3600  원,"1,900  원",2.75 %,-,-,95.8 %,98.1 %,-,-,-,-,보험기간(1년 초과),무해지/저해지환급,비갱신형,비유니버셜,대면채널,2026-02-08,"1. 가입나이 : 0세 ~ 30세(단, 성별, 보험기간, 납입기간별 차등적용) 2. 보험기간 : 90세만기, 100세만기 3. 보험료 예시 및 보험가격지수 산출기준 : 1종(해약환급금 미지급형V2), 1형(재해장해보장형), 가입금액 3,000만원, 5세, 100세만기, 20년납, 월납",1588-2288,,,,
주계약,재해장해보험금 (월납),특약,(무)수술보장특약Ⅲ,피보험자가 보험기간 중 보장개시일 이후에 질병 또는 재해로 인하여 그 치료를 직접 목적으로 별표3(1~5종 수술분류표)에서 정한 수술을 받았을 때(수술 1회당),"1종 : 20만원 2종 : 50만원 3종 : 100만원 4종 : 500만원 5종 : 1,000만원","1,000만원","12,400 원","12,300 원",2.75 %,비갱신형,대면채널,2026-02-08,"1. 가입나이 : 0세 ~ 30세(단, 성별, 보험기간, 납입기간별 차등적용) 2. 보험기간 : 90세만기, 100세만기 3. 보험료 예시 및 보험가격지수 산출기준 : 1종(해약환급금 미지급형V2), 1형(재해장해보장형), 가입금액 3,000만원, 5세, 100세만기, 20년납, 월납",1588-2288,file_15.xls,흥국생명,(무)흥국생명다재다능종합보험(해약환급금미지급형V2),특약,(무)수술보장특약Ⅲ,피보험자가 보험기간 중 보장개시일 이후에 질병 또는 재해로 인하여 그 치료를 직접 목적으로 별표3(1~5종 수술분류표)에서 정한 수술을 받았을 때(수술 1회당),"1종 : 20만원 2종 : 50만원 3종 : 100만원 4종 : 500만원 5종 : 1,000만원","1,000만원",12400  원,"12,300  원",2.75 %,-,-,95.8 %,98.1 %,-,-,-,-,보험기간(1년 초과),무해지/저해지환급,비갱신형,비유니버셜,대면채널,2026-02-08,"1. 가입나이 : 0세 ~ 30세(단, 성별, 보험기간, 납입기간별 차등적용) 2. 보험기간 : 90세만기, 100세만기 3. 보험료 예시 및 보험가격지수 산출기준 : 1종(해약환급금 미지급형V2), 1형(재해장해보장형), 가입금액 3,000만원, 5세, 100세만기, 20년납, 월납",1588-2288,,,,
주계약,재해장해보험금 (월납),특약,(무)암진단특약Ⅲ(해약환급금 미지급형V2),피보험자가 암보장개시일 이후에 암으로 진단 확 정되었을 때,가입금액의 100%,"1,000만원","6,970 원","5,170 원",2.75 %,비갱신형,대면채널,2026-02-08,"1. 가입나이 : 0세 ~ 30세(단, 성별, 보험기간, 납입기간별 차등적용) 2. 보험기간 : 90세만기, 100세만기 3. 보험료 예시 및 보험가격지수 산출기준 : 1종(해약환급금 미지급형V2), 1형(재해장해보장형), 가입금액 3,000만원, 5세, 100세만기, 20년납, 월납",1588-2288,file_15.xls,흥국생명,(무)흥국생명다재다능종합보험(해약환급금미지급형V2),특약,(무)암진단특약Ⅲ(해약환급금 미지급형V2),피보험자가 암보장개시일 이후에 암으로 진단 확 정되었을 때,가입금액의 100%,"1,000만원",6970  원,"5,170  원",2.75 %,-,-,95.8 %,98.1 %,-,-,-,-,보험기간(1년 초과),무해지/저해지환급,비갱신형,비유니버셜,대면채널,2026-02-08,"1. 가입나이 : 0세 ~ 30세(단, 성별, 보험기간, 납입기간별 차등적용) 2. 보험기간 : 90세만기, 100세만기 3. 보험료 예시 및 보험가격지수 산출기준 : 1종(해약환급금 미지급형V2), 1형(재해장해보장형), 가입금액 3,000만원, 5세, 100세만기, 20년납, 월납",1588-2288,,,,
흥국생명,(무)처음만난흥국생명상해보험 (월납),주계약,"뺑소니,무보험차 교통재해 장해급여금","피보험자가 보험기간 중 보장개시일 이후에 제3조(“뺑소니,무보험차 교통재해”의 정의)에서 정한 뺑소니 ？ 무보험차에 의한 교통재해로 인하여 장해분류표에서 정한 장해지급률에 해당하는 장해상태가 되었을 때","남자 1,000만원 × 해당 장해지급률 / 여자 2,000만원 × 해당 장해지급률",10만원,"3,000 원","3,000 원",2.75 %,비갱신형,대면채널,2026-02-08,"1. 가입나이 : 자녀형(0세~20세), 레저형 및 성인형(만15세~65세) 2. 보험기간 : 1년 3. 보험료 예시기준 : 1형(자녀형), 가입금액 1구좌(10만원), 1년만기, 일시납, 5세",1588-2288,file_15.xls,흥국생명,(무)처음만난흥국생명상해보험,주계약,"뺑소니,무보험차 교통재해 장해급여금","피보험자가 보험기간 중 보장개시일 이후에 제3조(“뺑소니,무보험차 교통재해”의 정의)에서 정한 뺑소니 ？ 무보험차에 의한 교통재해로 인하여 장해분류표에서 정한 장해지급률에 해당하는 장해상태가 되었을 때","남자 1,000만원 × 해당 장해지급률 / 여자 2,000만원 × 해당 장해지급률",10만원,3000  원,"3,000  원",2.75 %,-,-,121.0 %,70.4 %,-,-,-,-,보험기간(1년 이하),순수보장,비갱신형,비유니버셜,대면채널,2026-02-08,"1. 가입나이 : 자녀형(0세~20세), 레저형 및 성인형(만15세~65세) 2. 보험기간 : 1년 3. 보험료 예시기준 : 1형(자녀형), 가입금액 1구좌(10만원), 1년만기, 일시납, 5세",1588-2288,,,,
흥국생명,(무)처음만난흥국생명상해보험 (월납),주계약,일반재해 장해급여금,"피보험자가 보험기간 중 보장개시일 이후에 발생한 뺑소니,무보험차에 의한 교통재해 이외의 재해로 인하여 장해분류표에서 정한 장해지급률에 해당하는 장해상태가 되었을 때",남자 300만원 × 해당 장해지급률 / 여자 600만원 × 해당 장해지급률,10만원,"3,000 원","3,000 원",2.75 %,비갱신형,대면채널,2026-02-08,"1. 가입나이 : 자녀형(0세~20세), 레저형 및 성인형(만15세~65세) 2. 보험기간 : 1년 3. 보험료 예시기준 : 1형(자녀형), 가입금액 1구좌(10만원), 1년만기, 일시납, 5세",1588-2288,file_15.xls,흥국생명,(무)처음만난흥국생명상해보험,주계약,일반재해 장해급여금,"피보험자가 보험기간 중 보장개시일 이후에 발생한 뺑소니,무보험차에 의한 교통재해 이외의 재해로 인하여 장해분류표에서 정한 장해지급률에 해당하는 장해상태가 되었을 때",남자 300만원 × 해당 장해지급률 / 여자 600만원 × 해당 장해지급률,10만원,3000  원,"3,000  원",2.75 %,-,-,121.0 %,70.4 %,-,-,-,-,보험기간(1년 이하),순수보장,비갱신형,비유니버셜,대면채널,2026-02-08,"1. 가입나이 : 자녀형(0세~20세), 레저형 및 성인형(만15세~65세) 2. 보험기간 : 1년 3. 보험료 예시기준 : 1형(자녀형), 가입금액 1구좌(10만원), 1년만기, 일시납, 5세",1588-2288,,,,
흥국생명,(무)처음만난흥국생명상해보험 (월납),주계약,재해골절 (치아파절 제외) 수술비,피보험자가 보험기간 중 보장개시일 이후에 재해로 인하여 제4조(“재해골절(치아파절 제외)”의 정의 및 진단확정)에서 정한 골절상태가 되어 그 치료를 직접적인 목적으로 수술을 받았을 때(수술 1회당),남자 10만원 / 여자 20만원,10만원,"3,000 원","3,000 원",2.75 %,비갱신형,대면채널,2026-02-08,"1. 가입나이 : 자녀형(0세~20세), 레저형 및 성인형(만15세~65세) 2. 보험기간 : 1년 3. 보험료 예시기준 : 1형(자녀형), 가입금액 1구좌(10만원), 1년만기, 일시납, 5세",1588-2288,file_15.xls,흥국생명,(무)처음만난흥국생명상해보험,주계약,재해골절 (치아파절 제외) 수술비,피보험자가 보험기간 중 보장개시일 이후에 재해로 인하여 제4조(“재해골절(치아파절 제외)”의 정의 및 진단확정)에서 정한 골절상태가 되어 그 치료를 직접적인 목적으로 수술을 받았을 때(수술 1회당),남자 10만원 / 여자 20만원,10만원,3000  원,"3,000  원",2.75 %,-,-,121.0 %,70.4 %,-,-,-,-,보험기간(1년 이하),순수보장,비갱신형,비유니버셜,대면채널,2026-02-08,"1. 가입나이 : 자녀형(0세~20세), 레저형 및 성인형(만15세~65세) 2. 보험기간 : 1년 3. 보험료 예시기준 : 1형(자녀형), 가입금액 1구좌(10만원), 1년만기, 일시납, 5세",1588-2288,,,,
흥국생명,(무)처음만난흥국생명상해보험 (월납),주계약,화상 및 부식 입원비,"피보험자가 보험기간 중 보장개시일 이후에 재해를 직접적인 원인으로 화상 및 부식 이 진단확정되고 그 화상 및 부식치료를 직접목적으로 하여 11일이상 계속입원 하였을 때(110일 한도, 10일초과 1일당)",남자 5만원 / 여자 10만원,10만원,"3,000 원","3,000 원",2.75 %,비갱신형,대면채널,2026-02-08,"1. 가입나이 : 자녀형(0세~20세), 레저형 및 성인형(만15세~65세) 2. 보험기간 : 1년 3. 보험료 예시기준 : 1형(자녀형), 가입금액 1구좌(10만원), 1년만기, 일시납, 5세",1588-2288,file_15.xls,흥국생명,(무)처음만난흥국생명상해보험,주계약,화상 및 부식 입원비,"피보험자가 보험기간 중 보장개시일 이후에 재해를 직접적인 원인으로 화상 및 부식 이 진단확정되고 그 화상 및 부식치료를 직접목적으로 하여 11일이상 계속입원 하였을 때(110일 한도, 10일초과 1일당)",남자 5만원 / 여자 10만원,10만원,3000  원,"3,000  원",2.75 %,-,-,121.0 %,70.4 %,-,-,-,-,보험기간(1년 이하),순수보장,비갱신형,비유니버셜,대면채널,2026-02-08,"1. 가입나이 : 자녀형(0세~20세), 레저형 및 성인형(만15세~65세) 2. 보험기간 : 1년 3. 보험료 예시기준 : 1형(자녀형), 가입금액 1구좌(10만원), 1년만기, 일시납, 5세",1588-2288,,,,
흥국생명,(무)흥국생명 다사랑통합상해보험(갱신형) (월납),주계약,경증 재해사고급여금,피보험자가 보험기간 중 보장개시일 이후에 재해를 원인으 로 약관 별표2(재해사고분류표)에서 정한 경증재해사고가 발생하였을 경우 (부위별로 연간 1회한),보험가입금액의 10%,"3,000만원","511,200 원","482,100 원",2.75 %,갱신형,대면채널  TM,2026-02-08,"""1. 가입나이 : 만15세 ~ 80세(단 성별, 보험기간, 납입기간별 차등적용) 2. 보험기간 : 20년(단, 갱신계약의 경우 1~20년) , 30년(단, 갱신계약의 경우 1~30년) 3. 보험료 예시기준 : 가입금액 3,000만원, 20년만기, 전기납, 월납, 40세 (단, 자사 최대 가입한도는 10만원임)",1588-2288,file_15.xls,흥국생명,(무)흥국생명 다사랑통합상해보험(갱신형),주계약,경증 재해사고급여금,피보험자가 보험기간 중 보장개시일 이후에 재해를 원인으 로 약관 별표2(재해사고분류표)에서 정한 경증재해사고가 발생하였을 경우 (부위별로 연간 1회한),보험가입금액의 10%,"3,000만원",511200  원,"482,100  원",2.75 %,-,-,124.3 %,114.7 %,-,-,-,-,보험기간(1년 초과),순수보장,갱신형,비유니버셜,대면채널  TM,2026-02-08,"""1. 가입나이 : 만15세 ~ 80세(단 성별, 보험기간, 납입기간별 차등적용) 2. 보험기간 : 20년(단, 갱신계약의 경우 1~20년) , 30년(단, 갱신계약의 경우 1~30년) 3. 보험료 예시기준 : 가입금액 3,000만원, 20년만기, 전기납, 월납, 40세 (단, 자사 최대 가입한도는 10만원임)",1588-2288,,,,
흥국생명,(무)흥국생명 다사랑통합상해보험(갱신형) (월납),주계약,중등증 재해사고급여금,피보험자가 보험기간 중 보장개시일 이후에 재해를 원인으 로 약관 별표2(재해사고분류표)에서 정한 중등증재해사고가 발생하였을 경우 (부위별로 연간 1회한),보험가입금액의 50%,"3,000만원","511,200 원","482,100 원",2.75 %,갱신형,대면채널  TM,2026-02-08,"""1. 가입나이 : 만15세 ~ 80세(단 성별, 보험기간, 납입기간별 차등적용) 2. 보험기간 : 20년(단, 갱신계약의 경우 1~20년) , 30년(단, 갱신계약의 경우 1~30년) 3. 보험료 예시기준 : 가입금액 3,000만원, 20년만기, 전기납, 월납, 40세 (단, 자사 최대 가입한도는 10만원임)",1588-2288,file_15.xls,흥국생명,(무)흥국생명 다사랑통합상해보험(갱신형),주계약,중등증 재해사고급여금,피보험자가 보험기간 중 보장개시일 이후에 재해를 원인으 로 약관 별표2(재해사고분류표)에서 정한 중등증재해사고가 발생하였을 경우 (부위별로 연간 1회한),보험가입금액의 50%,"3,000만원",511200  원,"482,100  원",2.75 %,-,-,124.3 %,114.7 %,-,-,-,-,보험기간(1년 초과),순수보장,갱신형,비유니버셜,대면채널  TM,2026-02-08,"""1. 가입나이 : 만15세 ~ 80세(단 성별, 보험기간, 납입기간별 차등적용) 2. 보험기간 : 20년(단, 갱신계약의 경우 1~20년) , 30년(단, 갱신계약의 경우 1~30년) 3. 보험료 예시기준 : 가입금액 3,000만원, 20년만기, 전기납, 월납, 40세 (단, 자사 최대 가입한도는 10만원임)",1588-2288,,,,
흥국생명,(무)흥국생명 다사랑통합상해보험(갱신형) (월납),주계약,중증 재해사고급여금,피보험자가 보험기간 중 보장개시일 이후에 재해를 원인으 로 약관 별표2(재해사고분류표)에서 정한 중증재해사고가 발생하였을 경우 (부위별로 연간 1회한),보험가입금액의 100%,"3,000만원","511,200 원","482,100 원",2.75 %,갱신형,대면채널  TM,2026-02-08,"""1. 가입나이 : 만15세 ~ 80세(단 성별, 보험기간, 납입기간별 차등적용) 2. 보험기간 : 20년(단, 갱신계약의 경우 1~20년) , 30년(단, 갱신계약의 경우 1~30년) 3. 보험료 예시기준 : 가입금액 3,000만원, 20년만기, 전기납, 월납, 40세 (단, 자사 최대 가입한도는 10만원임)",1588-2288,file_15.xls,흥국생명,(무)흥국생명 다사랑통합상해보험(갱신형),주계약,중증 재해사고급여금,피보험자가 보험기간 중 보장개시일 이후에 재해를 원인으 로 약관 별표2(재해사고분류표)에서 정한 중증재해사고가 발생하였을 경우 (부위별로 연간 1회한),보험가입금액의 100%,"3,000만원",511200  원,"482,100  원",2.75 %,-,-,124.3 %,114.7 %,-,-,-,-,보험기간(1년 초과),순수보장,갱신형,비유니버셜,대면채널  TM,2026-02-08,"""1. 가입나이 : 만15세 ~ 80세(단 성별, 보험기간, 납입기간별 차등적용) 2. 보험기간 : 20년(단, 갱신계약의 경우 1~20년) , 30년(단, 갱신계약의 경우 1~30년) 3. 보험료 예시기준 : 가입금액 3,000만원, 20년만기, 전기납, 월납, 40세 (단, 자사 최대 가입한도는 10만원임)",1588-2288,,,,
흥국생명,(무)흥국생명 다사랑통합상해보험(갱신형) (월납),특약,(무)OK신5대골절수술특약(갱신형),"피보험자가 보험기간 중 보장개시일 이후에 신5대골절로 진단확정 되고, 그 신5대골절의 치료를 직접적인 목적으로 수술을 받았을 때 (수술 1회당)",가입금액의 100%,100만원,70 원,60 원,2.75 %,갱신형,대면채널  TM,2026-02-08,"""1. 가입나이 : 만15세 ~ 80세(단 성별, 보험기간, 납입기간별 차등적용) 2. 보험기간 : 20년(단, 갱신계약의 경우 1~20년) , 30년(단, 갱신계약의 경우 1~30년) 3. 보험료 예시기준 : 가입금액 3,000만원, 20년만기, 전기납, 월납, 40세 (단, 자사 최대 가입한도는 10만원임)",1588-2288,file_15.xls,흥국생명,(무)흥국생명 다사랑통합상해보험(갱신형),특약,(무)OK신5대골절수술특약(갱신형),"피보험자가 보험기간 중 보장개시일 이후에 신5대골절로 진단확정 되고, 그 신5대골절의 치료를 직접적인 목적으로 수술을 받았을 때 (수술 1회당)",가입금액의 100%,100만원,70  원,60  원,2.75 %,-,-,124.3 %,114.7 %,-,-,-,-,보험기간(1년 초과),순수보장,갱신형,비유니버셜,대면채널  TM,2026-02-08,"""1. 가입나이 : 만15세 ~ 80세(단 성별, 보험기간, 납입기간별 차등적용) 2. 보험기간 : 20년(단, 갱신계약의 경우 1~20년) , 30년(단, 갱신계약의 경우 1~30년) 3. 보험료 예시기준 : 가입금액 3,000만원, 20년만기, 전기납, 월납, 40세 (단, 자사 최대 가입한도는 10만원임)",1588-2288,,,,
흥국생명,(무)흥국생명 다사랑통합상해보험(갱신형) (월납),특약,(무)OK재해수술보장특약(갱신형),피보험자가 보험기간 중 보장개시일 이후에 재해로 인하여 그 치료를 직접적인 목적으로 하여 수술을 받았을 때 (수술 1회당),가입금액의 100%,10만원,357 원,237 원,2.75 %,갱신형,대면채널  TM,2026-02-08,"""1. 가입나이 : 만15세 ~ 80세(단 성별, 보험기간, 납입기간별 차등적용) 2. 보험기간 : 20년(단, 갱신계약의 경우 1~20년) , 30년(단, 갱신계약의 경우 1~30년) 3. 보험료 예시기준 : 가입금액 3,000만원, 20년만기, 전기납, 월납, 40세 (단, 자사 최대 가입한도는 10만원임)",1588-2288,file_15.xls,흥국생명,(무)흥국생명 다사랑통합상해보험(갱신형),특약,(무)OK재해수술보장특약(갱신형),피보험자가 보험기간 중 보장개시일 이후에 재해로 인하여 그 치료를 직접적인 목적으로 하여 수술을 받았을 때 (수술 1회당),가입금액의 100%,10만원,357  원,237  원,2.75 %,-,-,124.3 %,114.7 %,-,-,-,-,보험기간(1년 초과),순수보장,갱신형,비유니버셜,대면채널  TM,2026-02-08,"""1. 가입나이 : 만15세 ~ 80세(단 성별, 보험기간, 납입기간별 차등적용) 2. 보험기간 : 20년(단, 갱신계약의 경우 1~20년) , 30년(단, 갱신계약의 경우 1~30년) 3. 보험료 예시기준 : 가입금액 3,000만원, 20년만기, 전기납, 월납, 40세 (단, 자사 최대 가입한도는 10만원임)",1588-2288,,,,
흥국생명,(무)흥국생명 다사랑통합상해보험(갱신형) (월납),특약,(무)OK통합상해진단비특약(중증)(갱신형),피보험자가 보험기간 중 보장개시일 이후에 재해를 원인으 로 약관 별표2(재해사고분류표)에서 정한 중증재해사고가 발생하였을 경우 (부위별로 연간 1회한),가입금액의 100%,100만원,670 원,330 원,2.75 %,갱신형,대면채널  TM,2026-02-08,"""1. 가입나이 : 만15세 ~ 80세(단 성별, 보험기간, 납입기간별 차등적용) 2. 보험기간 : 20년(단, 갱신계약의 경우 1~20년) , 30년(단, 갱신계약의 경우 1~30년) 3. 보험료 예시기준 : 가입금액 3,000만원, 20년만기, 전기납, 월납, 40세 (단, 자사 최대 가입한도는 10만원임)",1588-2288,file_15.xls,흥국생명,(무)흥국생명 다사랑통합상해보험(갱신형),특약,(무)OK통합상해진단비특약(중증)(갱신형),피보험자가 보험기간 중 보장개시일 이후에 재해를 원인으 로 약관 별표2(재해사고분류표)에서 정한 중증재해사고가 발생하였을 경우 (부위별로 연간 1회한),가입금액의 100%,100만원,670  원,330  원,2.75 %,-,-,124.3 %,114.7 %,-,-,-,-,보험기간(1년 초과),순수보장,갱신형,비유니버셜,대면채널  TM,2026-02-08,"""1. 가입나이 : 만15세 ~ 80세(단 성별, 보험기간, 납입기간별 차등적용) 2. 보험기간 : 20년(단, 갱신계약의 경우 1~20년) , 30년(단, 갱신계약의 경우 1~30년) 3. 보험료 예시기준 : 가입금액 3,000만원, 20년만기, 전기납, 월납, 40세 (단, 자사 최대 가입한도는 10만원임)",1588-2288,,,,
흥국생명,(무)흥국생명 다사랑통합상해보험(갱신형) (월납),특약,(무)OK탈구및염좌과긴장수술특약(갱신형),"피보험자가 보험기간 중 보장개시일 이후에 탈구, 관절 및 인접근육의 염좌 및 과긴장으로 진단확정되고, 그 치료를 직접적인 목적으로 수술을 받았을 때 (수술 1회당)",가입금액의 100%,100만원,520 원,380 원,2.75 %,갱신형,대면채널  TM,2026-02-08,"""1. 가입나이 : 만15세 ~ 80세(단 성별, 보험기간, 납입기간별 차등적용) 2. 보험기간 : 20년(단, 갱신계약의 경우 1~20년) , 30년(단, 갱신계약의 경우 1~30년) 3. 보험료 예시기준 : 가입금액 3,000만원, 20년만기, 전기납, 월납, 40세 (단, 자사 최대 가입한도는 10만원임)",1588-2288,file_15.xls,흥국생명,(무)흥국생명 다사랑통합상해보험(갱신형),특약,(무)OK탈구및염좌과긴장수술특약(갱신형),"피보험자가 보험기간 중 보장개시일 이후에 탈구, 관절 및 인접근육의 염좌 및 과긴장으로 진단확정되고, 그 치료를 직접적인 목적으로 수술을 받았을 때 (수술 1회당)",가입금액의 100%,100만원,520  원,380  원,2.75 %,-,-,124.3 %,114.7 %,-,-,-,-,보험기간(1년 초과),순수보장,갱신형,비유니버셜,대면채널  TM,2026-02-08,"""1. 가입나이 : 만15세 ~ 80세(단 성별, 보험기간, 납입기간별 차등적용) 2. 보험기간 : 20년(단, 갱신계약의 경우 1~20년) , 30년(단, 갱신계약의 경우 1~30년) 3. 보험료 예시기준 : 가입금액 3,000만원, 20년만기, 전기납, 월납, 40세 (단, 자사 최대 가입한도는 10만원임)",1588-2288,,,,
교보생명,교보e대중교통안심보험 (무배당) (월납),주계약,대중교통 재해사망보험금,"피보험자가 보험기간 중 ""대중교통 이용 중 교통재해""로 사망하였을 경우",보험가입금액의 100%,"1,000만원","5,250 원","3,580 원",2.00 %,비갱신형,CM,2026-01-01,"■필수기재사항 1. 가입나이 : 20세 ~ 60세 2. 보험기간 : 1년 3. 납입기간 : 일시납 ■선택기재사항 1. 보험료 예시기준 : 보험가입금액 1,000만원, 40세, 1년만기, 일시납",1588-1001,file_15.xls,교보생명,교보e대중교통안심보험 (무배당),주계약,대중교통 재해사망보험금,"피보험자가 보험기간 중 ""대중교통 이용 중 교통재해""로 사망하였을 경우",보험가입금액의 100%,"1,000만원",5250  원,"3,580  원",2.00 %,-,-,110.0 %,99.8 %,-,-,-,-,보험기간(1년 이하),순수보장,비갱신형,비유니버셜,CM,2026-01-01,"■필수기재사항 1. 가입나이 : 20세 ~ 60세 2. 보험기간 : 1년 3. 납입기간 : 일시납 ■선택기재사항 1. 보험료 예시기준 : 보험가입금액 1,000만원, 40세, 1년만기, 일시납",1588-1001,,,,
교보생명,교보e대중교통안심보험 (무배당) (월납),주계약,교통재해 장해급여금,"피보험자가 보험기간 중 ""교통재해""를 원인으로 장해분류표에서 정한 각 장해지급률 중 3%이상 100%이하에 해당하는 장해상태가 되었을 경우",보험가입금액 X 해당 장해지급률,"1,000만원","5,250 원","3,580 원",2.00 %,비갱신형,CM,2026-01-01,"■필수기재사항 1. 가입나이 : 20세 ~ 60세 2. 보험기간 : 1년 3. 납입기간 : 일시납 ■선택기재사항 1. 보험료 예시기준 : 보험가입금액 1,000만원, 40세, 1년만기, 일시납",1588-1001,file_15.xls,교보생명,교보e대중교통안심보험 (무배당),주계약,교통재해 장해급여금,"피보험자가 보험기간 중 ""교통재해""를 원인으로 장해분류표에서 정한 각 장해지급률 중 3%이상 100%이하에 해당하는 장해상태가 되었을 경우",보험가입금액 X 해당 장해지급률,"1,000만원",5250  원,"3,580  원",2.00 %,-,-,110.0 %,99.8 %,-,-,-,-,보험기간(1년 이하),순수보장,비갱신형,비유니버셜,CM,2026-01-01,"■필수기재사항 1. 가입나이 : 20세 ~ 60세 2. 보험기간 : 1년 3. 납입기간 : 일시납 ■선택기재사항 1. 보험료 예시기준 : 보험가입금액 1,000만원, 40세, 1년만기, 일시납",1588-1001,,,,
교보생명,교보e대중교통안심보험 (무배당) (월납),주계약,재해골절 진단보험금,"피보험자가 보험기간 중 재해로 인하여 재해골절[치아파절(깨짐, 부러짐) 제외]로 진단확정되었을 경우 [다만, 치아파절(깨짐, 부러짐) 제외, 연간 1회에 한하여 지급]",10만원,"1,000만원","5,250 원","3,580 원",2.00 %,비갱신형,CM,2026-01-01,"■필수기재사항 1. 가입나이 : 20세 ~ 60세 2. 보험기간 : 1년 3. 납입기간 : 일시납 ■선택기재사항 1. 보험료 예시기준 : 보험가입금액 1,000만원, 40세, 1년만기, 일시납",1588-1001,file_15.xls,교보생명,교보e대중교통안심보험 (무배당),주계약,재해골절 진단보험금,"피보험자가 보험기간 중 재해로 인하여 재해골절[치아파절(깨짐, 부러짐) 제외]로 진단확정되었을 경우 [다만, 치아파절(깨짐, 부러짐) 제외, 연간 1회에 한하여 지급]",10만원,"1,000만원",5250  원,"3,580  원",2.00 %,-,-,110.0 %,99.8 %,-,-,-,-,보험기간(1년 이하),순수보장,비갱신형,비유니버셜,CM,2026-01-01,"■필수기재사항 1. 가입나이 : 20세 ~ 60세 2. 보험기간 : 1년 3. 납입기간 : 일시납 ■선택기재사항 1. 보험료 예시기준 : 보험가입금액 1,000만원, 40세, 1년만기, 일시납",1588-1001,,,,
교보생명,교보e대중교통안심보험 (무배당) (월납),주계약,깁스치료보험금,피보험자가 보험기간 중 질병 또는 재해로 “깁스(Cast)치료”를 받았을 경우,깁스치료 1회당 10만원,"1,000만원","5,250 원","3,580 원",2.00 %,비갱신형,CM,2026-01-01,"■필수기재사항 1. 가입나이 : 20세 ~ 60세 2. 보험기간 : 1년 3. 납입기간 : 일시납 ■선택기재사항 1. 보험료 예시기준 : 보험가입금액 1,000만원, 40세, 1년만기, 일시납",1588-1001,file_15.xls,교보생명,교보e대중교통안심보험 (무배당),주계약,깁스치료보험금,피보험자가 보험기간 중 질병 또는 재해로 “깁스(Cast)치료”를 받았을 경우,깁스치료 1회당 10만원,"1,000만원",5250  원,"3,580  원",2.00 %,-,-,110.0 %,99.8 %,-,-,-,-,보험기간(1년 이하),순수보장,비갱신형,비유니버셜,CM,2026-01-01,"■필수기재사항 1. 가입나이 : 20세 ~ 60세 2. 보험기간 : 1년 3. 납입기간 : 일시납 ■선택기재사항 1. 보험료 예시기준 : 보험가입금액 1,000만원, 40세, 1년만기, 일시납",1588-1001,,,,
교보생명,교보e교통안심보험 (무배당) (월납),주계약,교통재해사망보험금,"피보험자가 보험기간 중 ""교통재해""로 사망하였을 경우",보험가입금액의 100%,"1,000만원","2,920 원","1,110 원",2.00 %,비갱신형,CM,2026-01-01,"■필수기재사항 1. 가입나이 : 20세 ~ 60세 2. 보험기간 : 1년 3. 납입기간 : 일시납 ■선택기재사항 1. 보험료 예시기준 : 보험가입금액 1,000만원, 40세, 1년만기, 일시납",1588-1001,file_15.xls,교보생명,교보e교통안심보험 (무배당),주계약,교통재해사망보험금,"피보험자가 보험기간 중 ""교통재해""로 사망하였을 경우",보험가입금액의 100%,"1,000만원",2920  원,"1,110  원",2.00 %,-,-,149.3 %,152.6 %,-,-,-,-,보험기간(1년 이하),순수보장,비갱신형,비유니버셜,CM,2026-01-01,"■필수기재사항 1. 가입나이 : 20세 ~ 60세 2. 보험기간 : 1년 3. 납입기간 : 일시납 ■선택기재사항 1. 보험료 예시기준 : 보험가입금액 1,000만원, 40세, 1년만기, 일시납",1588-1001,,,,
교보생명,교보e교통안심보험 (무배당) (월납),주계약,교통재해장해급여금,"피보험자가 보험기간 중 ""교통재해""를 원인으로 장해분류표에서 정한 각 장해지급률 중 3%이상 100%이하에 해당하는 장해상태가 되었을 경우",보험가입금액 X 해당 장해지급률,"1,000만원","2,920 원","1,110 원",2.00 %,비갱신형,CM,2026-01-01,"■필수기재사항 1. 가입나이 : 20세 ~ 60세 2. 보험기간 : 1년 3. 납입기간 : 일시납 ■선택기재사항 1. 보험료 예시기준 : 보험가입금액 1,000만원, 40세, 1년만기, 일시납",1588-1001,file_15.xls,교보생명,교보e교통안심보험 (무배당),주계약,교통재해장해급여금,"피보험자가 보험기간 중 ""교통재해""를 원인으로 장해분류표에서 정한 각 장해지급률 중 3%이상 100%이하에 해당하는 장해상태가 되었을 경우",보험가입금액 X 해당 장해지급률,"1,000만원",2920  원,"1,110  원",2.00 %,-,-,149.3 %,152.6 %,-,-,-,-,보험기간(1년 이하),순수보장,비갱신형,비유니버셜,CM,2026-01-01,"■필수기재사항 1. 가입나이 : 20세 ~ 60세 2. 보험기간 : 1년 3. 납입기간 : 일시납 ■선택기재사항 1. 보험료 예시기준 : 보험가입금액 1,000만원, 40세, 1년만기, 일시납",1588-1001,,,,
교보생명,교보e교통안심보험 (무배당) (월납),주계약,강력범죄 위로금,"피보험자가 보험기간 중 ""강력범죄""를 직접적인 원인으로 ""신체피해로 전치 1개월을 초과하는 상해""가 발생하였을 경우 (사고 1회당, 동일사고에 의한 경우 1회에 한함)",100만원,"1,000만원","2,920 원","1,110 원",2.00 %,비갱신형,CM,2026-01-01,"■필수기재사항 1. 가입나이 : 20세 ~ 60세 2. 보험기간 : 1년 3. 납입기간 : 일시납 ■선택기재사항 1. 보험료 예시기준 : 보험가입금액 1,000만원, 40세, 1년만기, 일시납",1588-1001,file_15.xls,교보생명,교보e교통안심보험 (무배당),주계약,강력범죄 위로금,"피보험자가 보험기간 중 ""강력범죄""를 직접적인 원인으로 ""신체피해로 전치 1개월을 초과하는 상해""가 발생하였을 경우 (사고 1회당, 동일사고에 의한 경우 1회에 한함)",100만원,"1,000만원",2920  원,"1,110  원",2.00 %,-,-,149.3 %,152.6 %,-,-,-,-,보험기간(1년 이하),순수보장,비갱신형,비유니버셜,CM,2026-01-01,"■필수기재사항 1. 가입나이 : 20세 ~ 60세 2. 보험기간 : 1년 3. 납입기간 : 일시납 ■선택기재사항 1. 보험료 예시기준 : 보험가입금액 1,000만원, 40세, 1년만기, 일시납",1588-1001,,,,
교보생명,교보상해케어보험 23.11 (무배당) (월납),주계약,강력범죄위로금,피보험자가 보험기간 중 “강력범죄”를 직접적인 원인으로 “신체피해로 전치 1개월을 초과하는 상해”가 발생하였을 경우 (동일사고에 의한 경우 1회에 한함),300만원(사고 1회당),"1,000만원","1,100 원",710 원,2.00 %,비갱신형,대면채널,2026-01-01,"■필수기재사항 1. 가입나이 : 20 ~ 60세 2. 보험기간 : 1년 3. 납입기간 : 전기납 ■선택기재사항 1. 보험료 예시기준 : 보험가입금액 1,000만원, 40세, 1년만기, 전기납, 월납",1588-1001,file_15.xls,교보생명,교보상해케어보험 23.11 (무배당),주계약,강력범죄위로금,피보험자가 보험기간 중 “강력범죄”를 직접적인 원인으로 “신체피해로 전치 1개월을 초과하는 상해”가 발생하였을 경우 (동일사고에 의한 경우 1회에 한함),300만원(사고 1회당),"1,000만원",1100  원,710  원,2.00 %,-,-,92.5 %,85.6 %,-,-,-,-,보험기간(1년 이하),순수보장,비갱신형,비유니버셜,대면채널,2026-01-01,"■필수기재사항 1. 가입나이 : 20 ~ 60세 2. 보험기간 : 1년 3. 납입기간 : 전기납 ■선택기재사항 1. 보험료 예시기준 : 보험가입금액 1,000만원, 40세, 1년만기, 전기납, 월납",1588-1001,,,,
교보생명,교보상해케어보험 23.11 (무배당) (월납),주계약,깁스치료비,피보험자가 보험기간 중 질병 또는 재해로 “깁스(Cast)치료”를 받았을 경우,10만원(깁스치료 1회당),"1,000만원","1,100 원",710 원,2.00 %,비갱신형,대면채널,2026-01-01,"■필수기재사항 1. 가입나이 : 20 ~ 60세 2. 보험기간 : 1년 3. 납입기간 : 전기납 ■선택기재사항 1. 보험료 예시기준 : 보험가입금액 1,000만원, 40세, 1년만기, 전기납, 월납",1588-1001,file_15.xls,교보생명,교보상해케어보험 23.11 (무배당),주계약,깁스치료비,피보험자가 보험기간 중 질병 또는 재해로 “깁스(Cast)치료”를 받았을 경우,10만원(깁스치료 1회당),"1,000만원",1100  원,710  원,2.00 %,-,-,92.5 %,85.6 %,-,-,-,-,보험기간(1년 이하),순수보장,비갱신형,비유니버셜,대면채널,2026-01-01,"■필수기재사항 1. 가입나이 : 20 ~ 60세 2. 보험기간 : 1년 3. 납입기간 : 전기납 ■선택기재사항 1. 보험료 예시기준 : 보험가입금액 1,000만원, 40세, 1년만기, 전기납, 월납",1588-1001,,,,
교보생명,교보상해케어보험 23.11 (무배당) (월납),주계약,재해골절치료비,"피보험자가 보험기간 중 재해로 인하여 재해골절[치아파절(깨짐, 부러짐) 제외]로 진단확정되었을 경우 [다만, 치아파절(깨짐, 부러짐) 제외, 연간 1회에 한하여 지급]",10만원(골절발생 1회당),"1,000만원","1,100 원",710 원,2.00 %,비갱신형,대면채널,2026-01-01,"■필수기재사항 1. 가입나이 : 20 ~ 60세 2. 보험기간 : 1년 3. 납입기간 : 전기납 ■선택기재사항 1. 보험료 예시기준 : 보험가입금액 1,000만원, 40세, 1년만기, 전기납, 월납",1588-1001,file_15.xls,교보생명,교보상해케어보험 23.11 (무배당),주계약,재해골절치료비,"피보험자가 보험기간 중 재해로 인하여 재해골절[치아파절(깨짐, 부러짐) 제외]로 진단확정되었을 경우 [다만, 치아파절(깨짐, 부러짐) 제외, 연간 1회에 한하여 지급]",10만원(골절발생 1회당),"1,000만원",1100  원,710  원,2.00 %,-,-,92.5 %,85.6 %,-,-,-,-,보험기간(1년 이하),순수보장,비갱신형,비유니버셜,대면채널,2026-01-01,"■필수기재사항 1. 가입나이 : 20 ~ 60세 2. 보험기간 : 1년 3. 납입기간 : 전기납 ■선택기재사항 1. 보험료 예시기준 : 보험가입금액 1,000만원, 40세, 1년만기, 전기납, 월납",1588-1001,,,,
교보생명,교보상해케어보험 23.11 (무배당) (월납),주계약,응급실내원비,"피보험자가 보험기간 중 “응급환자”로 응급실에 내원하여 진료를 받았을 경우(다만, 1일 1회에 한함)",1만원(내원 1회당),"1,000만원","1,100 원",710 원,2.00 %,비갱신형,대면채널,2026-01-01,"■필수기재사항 1. 가입나이 : 20 ~ 60세 2. 보험기간 : 1년 3. 납입기간 : 전기납 ■선택기재사항 1. 보험료 예시기준 : 보험가입금액 1,000만원, 40세, 1년만기, 전기납, 월납",1588-1001,file_15.xls,교보생명,교보상해케어보험 23.11 (무배당),주계약,응급실내원비,"피보험자가 보험기간 중 “응급환자”로 응급실에 내원하여 진료를 받았을 경우(다만, 1일 1회에 한함)",1만원(내원 1회당),"1,000만원",1100  원,710  원,2.00 %,-,-,92.5 %,85.6 %,-,-,-,-,보험기간(1년 이하),순수보장,비갱신형,비유니버셜,대면채널,2026-01-01,"■필수기재사항 1. 가입나이 : 20 ~ 60세 2. 보험기간 : 1년 3. 납입기간 : 전기납 ■선택기재사항 1. 보험료 예시기준 : 보험가입금액 1,000만원, 40세, 1년만기, 전기납, 월납",1588-1001,,,,
교보생명,교보상해케어보험 23.11 (무배당) (월납),주계약,재해입원비,피보험자가 보험기간 중 재해로 인한 직접적인 치료를 목적으로 1일 이상 입원하였을 경우,입원일수 1일당 1만원(1회 입원당지급일수 120일 한도),"1,000만원","1,100 원",710 원,2.00 %,비갱신형,대면채널,2026-01-01,"■필수기재사항 1. 가입나이 : 20 ~ 60세 2. 보험기간 : 1년 3. 납입기간 : 전기납 ■선택기재사항 1. 보험료 예시기준 : 보험가입금액 1,000만원, 40세, 1년만기, 전기납, 월납",1588-1001,file_15.xls,교보생명,교보상해케어보험 23.11 (무배당),주계약,재해입원비,피보험자가 보험기간 중 재해로 인한 직접적인 치료를 목적으로 1일 이상 입원하였을 경우,입원일수 1일당 1만원(1회 입원당지급일수 120일 한도),"1,000만원",1100  원,710  원,2.00 %,-,-,92.5 %,85.6 %,-,-,-,-,보험기간(1년 이하),순수보장,비갱신형,비유니버셜,대면채널,2026-01-01,"■필수기재사항 1. 가입나이 : 20 ~ 60세 2. 보험기간 : 1년 3. 납입기간 : 전기납 ■선택기재사항 1. 보험료 예시기준 : 보험가입금액 1,000만원, 40세, 1년만기, 전기납, 월납",1588-1001,,,,
교보생명,교보상해케어보험 23.11 (무배당) (월납),주계약,재해수술비,피보험자가 보험기간 중 재해를 직접적인 원인으로 수술을 받았을 경우,10만원(수술 1회당),"1,000만원","1,100 원",710 원,2.00 %,비갱신형,대면채널,2026-01-01,"■필수기재사항 1. 가입나이 : 20 ~ 60세 2. 보험기간 : 1년 3. 납입기간 : 전기납 ■선택기재사항 1. 보험료 예시기준 : 보험가입금액 1,000만원, 40세, 1년만기, 전기납, 월납",1588-1001,file_15.xls,교보생명,교보상해케어보험 23.11 (무배당),주계약,재해수술비,피보험자가 보험기간 중 재해를 직접적인 원인으로 수술을 받았을 경우,10만원(수술 1회당),"1,000만원",1100  원,710  원,2.00 %,-,-,92.5 %,85.6 %,-,-,-,-,보험기간(1년 이하),순수보장,비갱신형,비유니버셜,대면채널,2026-01-01,"■필수기재사항 1. 가입나이 : 20 ~ 60세 2. 보험기간 : 1년 3. 납입기간 : 전기납 ■선택기재사항 1. 보험료 예시기준 : 보험가입금액 1,000만원, 40세, 1년만기, 전기납, 월납",1588-1001,,,,
교보생명,교보상해케어보험 23.11 (무배당) (월납),주계약,특정외모상해수술비,"피보험자가 보험기간 중 “특정외모상해”로 진단확정되고, “특정외모상해”의 직접적인 치료를 목적으로 수술을 받았을 경우 ※ 다만, 연간 1회에 한함",30만원 (수술 1회당),"1,000만원","1,100 원",710 원,2.00 %,비갱신형,대면채널,2026-01-01,"■필수기재사항 1. 가입나이 : 20 ~ 60세 2. 보험기간 : 1년 3. 납입기간 : 전기납 ■선택기재사항 1. 보험료 예시기준 : 보험가입금액 1,000만원, 40세, 1년만기, 전기납, 월납",1588-1001,file_15.xls,교보생명,교보상해케어보험 23.11 (무배당),주계약,특정외모상해수술비,"피보험자가 보험기간 중 “특정외모상해”로 진단확정되고, “특정외모상해”의 직접적인 치료를 목적으로 수술을 받았을 경우 ※ 다만, 연간 1회에 한함",30만원 (수술 1회당),"1,000만원",1100  원,710  원,2.00 %,-,-,92.5 %,85.6 %,-,-,-,-,보험기간(1년 이하),순수보장,비갱신형,비유니버셜,대면채널,2026-01-01,"■필수기재사항 1. 가입나이 : 20 ~ 60세 2. 보험기간 : 1년 3. 납입기간 : 전기납 ■선택기재사항 1. 보험료 예시기준 : 보험가입금액 1,000만원, 40세, 1년만기, 전기납, 월납",1588-1001,,,,
교보생명,교보상해보험 [D](무배당)[만기환급형(100%)] (월납),주계약,재해사망보험금,피보험자가 보험기간 중 발생한 재해로 사망하였을 경우,보험가입금액의 500%,"1,000만원","152,496 원","82,530 원",2.00 %,비갱신형,TM,2025-03-26,"■필수기재사항 1. 가입나이 : 19 ~ 60세 2. 보험기간 : 20년 3. 보험료 예시기준 : 만기환급형(100%), 보험가입금액 1,000만원, 40세, 20년만기, 20년납, 월납, 비위험직 ■선택기재사항 1. 납입기간 : 5년, 10년, 15년, 20년 2. 납입방법 : 월납 / 연납",1588-1001,file_15.xls,교보생명,교보상해보험 [D](무배당)[만기환급형(100%)],주계약,재해사망보험금,피보험자가 보험기간 중 발생한 재해로 사망하였을 경우,보험가입금액의 500%,"1,000만원",152496  원,"82,530  원",2.00 %,-,-,1028.2 %,991.8 %,-,-,-,-,보험기간(1년 초과),만기환급,비갱신형,비유니버셜,TM,2025-03-26,"■필수기재사항 1. 가입나이 : 19 ~ 60세 2. 보험기간 : 20년 3. 보험료 예시기준 : 만기환급형(100%), 보험가입금액 1,000만원, 40세, 20년만기, 20년납, 월납, 비위험직 ■선택기재사항 1. 납입기간 : 5년, 10년, 15년, 20년 2. 납입방법 : 월납 / 연납",1588-1001,,,,
교보생명,교보상해보험 [D](무배당)[만기환급형(100%)] (월납),주계약,만기환급금,만기환급형의 경우 보험기간이 끝날 때까지 피보험자가 살아 있을 경우,이미 납입한 주계약 보험료의 100%,"1,000만원","152,496 원","82,530 원",2.00 %,비갱신형,TM,2025-03-26,"■필수기재사항 1. 가입나이 : 19 ~ 60세 2. 보험기간 : 20년 3. 보험료 예시기준 : 만기환급형(100%), 보험가입금액 1,000만원, 40세, 20년만기, 20년납, 월납, 비위험직 ■선택기재사항 1. 납입기간 : 5년, 10년, 15년, 20년 2. 납입방법 : 월납 / 연납",1588-1001,file_15.xls,교보생명,교보상해보험 [D](무배당)[만기환급형(100%)],주계약,만기환급금,만기환급형의 경우 보험기간이 끝날 때까지 피보험자가 살아 있을 경우,이미 납입한 주계약 보험료의 100%,"1,000만원",152496  원,"82,530  원",2.00 %,-,-,1028.2 %,991.8 %,-,-,-,-,보험기간(1년 초과),만기환급,비갱신형,비유니버셜,TM,2025-03-26,"■필수기재사항 1. 가입나이 : 19 ~ 60세 2. 보험기간 : 20년 3. 보험료 예시기준 : 만기환급형(100%), 보험가입금액 1,000만원, 40세, 20년만기, 20년납, 월납, 비위험직 ■선택기재사항 1. 납입기간 : 5년, 10년, 15년, 20년 2. 납입방법 : 월납 / 연납",1588-1001,,,,
교보생명,교보상해보험 [D](무배당)[만기환급형(100%)] (월납),특약,(무)교보재해수술특약,피보험자가 이 특약의 보험기간 중 재해를 직접 적인 원인으로 수술을 받았을 경우,수술1회당 10만원,"1,000만원",190 원,130 원,2.00 %,비갱신형,TM,2025-03-26,"■필수기재사항 1. 가입나이 : 19 ~ 60세 2. 보험기간 : 20년 3. 보험료 예시기준 : 만기환급형(100%), 보험가입금액 1,000만원, 40세, 20년만기, 20년납, 월납, 비위험직 ■선택기재사항 1. 납입기간 : 5년, 10년, 15년, 20년 2. 납입방법 : 월납 / 연납",1588-1001,file_15.xls,교보생명,교보상해보험 [D](무배당)[만기환급형(100%)],특약,(무)교보재해수술특약,피보험자가 이 특약의 보험기간 중 재해를 직접 적인 원인으로 수술을 받았을 경우,수술1회당 10만원,"1,000만원",190  원,130  원,2.00 %,-,-,1028.2 %,991.8 %,-,-,-,-,보험기간(1년 초과),만기환급,비갱신형,비유니버셜,TM,2025-03-26,"■필수기재사항 1. 가입나이 : 19 ~ 60세 2. 보험기간 : 20년 3. 보험료 예시기준 : 만기환급형(100%), 보험가입금액 1,000만원, 40세, 20년만기, 20년납, 월납, 비위험직 ■선택기재사항 1. 납입기간 : 5년, 10년, 15년, 20년 2. 납입방법 : 월납 / 연납",1588-1001,,,,
교보생명,교보상해보험 [D](무배당)[만기환급형(100%)] (월납),특약,(무)재해상해특약(1형),피보험자가 이 특약의 보험기간 중 발생한 재해로 약관 장해분류표에서 정한 각 장해지급률에 해당하 는 장해상태가 되었을 경우,특약보험가입금액의 100% ×해당 장해지급률,"1,000만원",480 원,270 원,2.00 %,비갱신형,TM,2025-03-26,"■필수기재사항 1. 가입나이 : 19 ~ 60세 2. 보험기간 : 20년 3. 보험료 예시기준 : 만기환급형(100%), 보험가입금액 1,000만원, 40세, 20년만기, 20년납, 월납, 비위험직 ■선택기재사항 1. 납입기간 : 5년, 10년, 15년, 20년 2. 납입방법 : 월납 / 연납",1588-1001,file_15.xls,교보생명,교보상해보험 [D](무배당)[만기환급형(100%)],특약,(무)재해상해특약(1형),피보험자가 이 특약의 보험기간 중 발생한 재해로 약관 장해분류표에서 정한 각 장해지급률에 해당하 는 장해상태가 되었을 경우,특약보험가입금액의 100% ×해당 장해지급률,"1,000만원",480  원,270  원,2.00 %,-,-,1028.2 %,991.8 %,-,-,-,-,보험기간(1년 초과),만기환급,비갱신형,비유니버셜,TM,2025-03-26,"■필수기재사항 1. 가입나이 : 19 ~ 60세 2. 보험기간 : 20년 3. 보험료 예시기준 : 만기환급형(100%), 보험가입금액 1,000만원, 40세, 20년만기, 20년납, 월납, 비위험직 ■선택기재사항 1. 납입기간 : 5년, 10년, 15년, 20년 2. 납입방법 : 월납 / 연납",1588-1001,,,,
교보생명,교보상해보험 [D](무배당)[만기환급형(100%)] (월납),특약,(무)재해입원특약Ⅱ,피보험자가 이 특약의 보험기간 중 재해로 인한 직접적인 치료를 목적으로 1일 이상 입원하였을 때,입원일수 1일당 1만원 (1회 입원당 지급일수 120일 한도),"1,000만원",650 원,610 원,2.00 %,비갱신형,TM,2025-03-26,"■필수기재사항 1. 가입나이 : 19 ~ 60세 2. 보험기간 : 20년 3. 보험료 예시기준 : 만기환급형(100%), 보험가입금액 1,000만원, 40세, 20년만기, 20년납, 월납, 비위험직 ■선택기재사항 1. 납입기간 : 5년, 10년, 15년, 20년 2. 납입방법 : 월납 / 연납",1588-1001,file_15.xls,교보생명,교보상해보험 [D](무배당)[만기환급형(100%)],특약,(무)재해입원특약Ⅱ,피보험자가 이 특약의 보험기간 중 재해로 인한 직접적인 치료를 목적으로 1일 이상 입원하였을 때,입원일수 1일당 1만원 (1회 입원당 지급일수 120일 한도),"1,000만원",650  원,610  원,2.00 %,-,-,1028.2 %,991.8 %,-,-,-,-,보험기간(1년 초과),만기환급,비갱신형,비유니버셜,TM,2025-03-26,"■필수기재사항 1. 가입나이 : 19 ~ 60세 2. 보험기간 : 20년 3. 보험료 예시기준 : 만기환급형(100%), 보험가입금액 1,000만원, 40세, 20년만기, 20년납, 월납, 비위험직 ■선택기재사항 1. 납입기간 : 5년, 10년, 15년, 20년 2. 납입방법 : 월납 / 연납",1588-1001,,,,
교보생명,교보상해보험 [D](무배당)[만기환급형(100%)] (월납),특약,(무)교보깁스치료(부목제외)특약,피보험자가 이 특약의 보험기간 중 질병 또는 재해로 “깁스(Cast)치료”를 받았을 경우(발생 1회당),깁스치료 1회당 10만원,"1,000만원",70 원,100 원,2.00 %,비갱신형,TM,2025-03-26,"■필수기재사항 1. 가입나이 : 19 ~ 60세 2. 보험기간 : 20년 3. 보험료 예시기준 : 만기환급형(100%), 보험가입금액 1,000만원, 40세, 20년만기, 20년납, 월납, 비위험직 ■선택기재사항 1. 납입기간 : 5년, 10년, 15년, 20년 2. 납입방법 : 월납 / 연납",1588-1001,file_15.xls,교보생명,교보상해보험 [D](무배당)[만기환급형(100%)],특약,(무)교보깁스치료(부목제외)특약,피보험자가 이 특약의 보험기간 중 질병 또는 재해로 “깁스(Cast)치료”를 받았을 경우(발생 1회당),깁스치료 1회당 10만원,"1,000만원",70  원,100  원,2.00 %,-,-,1028.2 %,991.8 %,-,-,-,-,보험기간(1년 초과),만기환급,비갱신형,비유니버셜,TM,2025-03-26,"■필수기재사항 1. 가입나이 : 19 ~ 60세 2. 보험기간 : 20년 3. 보험료 예시기준 : 만기환급형(100%), 보험가입금액 1,000만원, 40세, 20년만기, 20년납, 월납, 비위험직 ■선택기재사항 1. 납입기간 : 5년, 10년, 15년, 20년 2. 납입방법 : 월납 / 연납",1588-1001,,,,
교보생명,교보상해보험 [D](무배당)[순수보장형] (월납),주계약,재해사망보험금,피보험자가 보험기간 중 발생한 재해로 사망하였을 경우,보험가입금액의 500%,"1,000만원","1,544 원",532 원,2.00 %,비갱신형,TM,2025-03-26,"■필수기재사항 1. 가입나이 : 19 ~ 60세 2. 보험기간 : 20년 3. 보험료 예시기준 : 순수보장형, 보험가입금액 1,000만원, 40세, 20년만기, 20년납, 월납, 비위험직 ■선택기재사항 1. 납입기간 : 5년, 10년, 15년, 20년 2. 납입방법 : 월납 / 연납",1588-1001,file_15.xls,교보생명,교보상해보험 [D](무배당)[순수보장형],주계약,재해사망보험금,피보험자가 보험기간 중 발생한 재해로 사망하였을 경우,보험가입금액의 500%,"1,000만원",1544  원,532  원,2.00 %,-,-,159.7 %,165.3 %,-,-,-,-,보험기간(1년 초과),순수보장,비갱신형,비유니버셜,TM,2025-03-26,"■필수기재사항 1. 가입나이 : 19 ~ 60세 2. 보험기간 : 20년 3. 보험료 예시기준 : 순수보장형, 보험가입금액 1,000만원, 40세, 20년만기, 20년납, 월납, 비위험직 ■선택기재사항 1. 납입기간 : 5년, 10년, 15년, 20년 2. 납입방법 : 월납 / 연납",1588-1001,,,,
교보생명,교보상해보험 [D](무배당)[순수보장형] (월납),특약,(무)교보재해수술특약,피보험자가 이 특약의 보험기간 중 재해를 직접적인 원인으로 수술을 받았을 경우,수술1회당 10만원,"1,000만원",190 원,130 원,2.00 %,비갱신형,TM,2025-03-26,"■필수기재사항 1. 가입나이 : 19 ~ 60세 2. 보험기간 : 20년 3. 보험료 예시기준 : 순수보장형, 보험가입금액 1,000만원, 40세, 20년만기, 20년납, 월납, 비위험직 ■선택기재사항 1. 납입기간 : 5년, 10년, 15년, 20년 2. 납입방법 : 월납 / 연납",1588-1001,file_15.xls,교보생명,교보상해보험 [D](무배당)[순수보장형],특약,(무)교보재해수술특약,피보험자가 이 특약의 보험기간 중 재해를 직접적인 원인으로 수술을 받았을 경우,수술1회당 10만원,"1,000만원",190  원,130  원,2.00 %,-,-,159.7 %,165.3 %,-,-,-,-,보험기간(1년 초과),순수보장,비갱신형,비유니버셜,TM,2025-03-26,"■필수기재사항 1. 가입나이 : 19 ~ 60세 2. 보험기간 : 20년 3. 보험료 예시기준 : 순수보장형, 보험가입금액 1,000만원, 40세, 20년만기, 20년납, 월납, 비위험직 ■선택기재사항 1. 납입기간 : 5년, 10년, 15년, 20년 2. 납입방법 : 월납 / 연납",1588-1001,,,,
교보생명,교보상해보험 [D](무배당)[순수보장형] (월납),특약,(무)재해상해특약(1형),피보험자가 이 특약의 보험기간 중 발생한 재해로 약관 장해분류표에서 정한 각 장해지급률에 해당하는 장해상태가 되었을 경우,특약보험가입금액의100%×해당 장해지급률,"1,000만원",480 원,270 원,2.00 %,비갱신형,TM,2025-03-26,"■필수기재사항 1. 가입나이 : 19 ~ 60세 2. 보험기간 : 20년 3. 보험료 예시기준 : 순수보장형, 보험가입금액 1,000만원, 40세, 20년만기, 20년납, 월납, 비위험직 ■선택기재사항 1. 납입기간 : 5년, 10년, 15년, 20년 2. 납입방법 : 월납 / 연납",1588-1001,file_15.xls,교보생명,교보상해보험 [D](무배당)[순수보장형],특약,(무)재해상해특약(1형),피보험자가 이 특약의 보험기간 중 발생한 재해로 약관 장해분류표에서 정한 각 장해지급률에 해당하는 장해상태가 되었을 경우,특약보험가입금액의100%×해당 장해지급률,"1,000만원",480  원,270  원,2.00 %,-,-,159.7 %,165.3 %,-,-,-,-,보험기간(1년 초과),순수보장,비갱신형,비유니버셜,TM,2025-03-26,"■필수기재사항 1. 가입나이 : 19 ~ 60세 2. 보험기간 : 20년 3. 보험료 예시기준 : 순수보장형, 보험가입금액 1,000만원, 40세, 20년만기, 20년납, 월납, 비위험직 ■선택기재사항 1. 납입기간 : 5년, 10년, 15년, 20년 2. 납입방법 : 월납 / 연납",1588-1001,,,,
교보생명,교보상해보험 [D](무배당)[순수보장형] (월납),특약,(무)재해입원특약Ⅱ,피보험자가 이 특약의 보험기간 중 재해로 인한 직접적인 치료를 목적으로 1일 이상 입원하였을 때,입원일수 1일당 1만원 (1회 입원당 지급일수 120일 한도),"1,000만원",650 원,610 원,2.00 %,비갱신형,TM,2025-03-26,"■필수기재사항 1. 가입나이 : 19 ~ 60세 2. 보험기간 : 20년 3. 보험료 예시기준 : 순수보장형, 보험가입금액 1,000만원, 40세, 20년만기, 20년납, 월납, 비위험직 ■선택기재사항 1. 납입기간 : 5년, 10년, 15년, 20년 2. 납입방법 : 월납 / 연납",1588-1001,file_15.xls,교보생명,교보상해보험 [D](무배당)[순수보장형],특약,(무)재해입원특약Ⅱ,피보험자가 이 특약의 보험기간 중 재해로 인한 직접적인 치료를 목적으로 1일 이상 입원하였을 때,입원일수 1일당 1만원 (1회 입원당 지급일수 120일 한도),"1,000만원",650  원,610  원,2.00 %,-,-,159.7 %,165.3 %,-,-,-,-,보험기간(1년 초과),순수보장,비갱신형,비유니버셜,TM,2025-03-26,"■필수기재사항 1. 가입나이 : 19 ~ 60세 2. 보험기간 : 20년 3. 보험료 예시기준 : 순수보장형, 보험가입금액 1,000만원, 40세, 20년만기, 20년납, 월납, 비위험직 ■선택기재사항 1. 납입기간 : 5년, 10년, 15년, 20년 2. 납입방법 : 월납 / 연납",1588-1001,,,,
교보생명,교보상해보험 [D](무배당)[순수보장형] (월납),특약,(무)교보깁스치료(부목제외)특약,피보험자가 이 특약의 보험기간 중 질병 또는 재해로 “깁스(Cast)치료”를 받았을 경우(발생 1회당),깁스치료1회당10만원,"1,000만원",70 원,100 원,2.00 %,비갱신형,TM,2025-03-26,"■필수기재사항 1. 가입나이 : 19 ~ 60세 2. 보험기간 : 20년 3. 보험료 예시기준 : 순수보장형, 보험가입금액 1,000만원, 40세, 20년만기, 20년납, 월납, 비위험직 ■선택기재사항 1. 납입기간 : 5년, 10년, 15년, 20년 2. 납입방법 : 월납 / 연납",1588-1001,file_15.xls,교보생명,교보상해보험 [D](무배당)[순수보장형],특약,(무)교보깁스치료(부목제외)특약,피보험자가 이 특약의 보험기간 중 질병 또는 재해로 “깁스(Cast)치료”를 받았을 경우(발생 1회당),깁스치료1회당10만원,"1,000만원",70  원,100  원,2.00 %,-,-,159.7 %,165.3 %,-,-,-,-,보험기간(1년 초과),순수보장,비갱신형,비유니버셜,TM,2025-03-26,"■필수기재사항 1. 가입나이 : 19 ~ 60세 2. 보험기간 : 20년 3. 보험료 예시기준 : 순수보장형, 보험가입금액 1,000만원, 40세, 20년만기, 20년납, 월납, 비위험직 ■선택기재사항 1. 납입기간 : 5년, 10년, 15년, 20년 2. 납입방법 : 월납 / 연납",1588-1001,,,,
iM라이프,iM 프리미엄안심보험 무배당 2603 3종(상해보장형) 2형(일반형) (월납),주계약,재해사망보험금,피보험자가 보험기간 중 재해로 사망하였을 때,7억 5천만원,"3,000만원 원","1,645,500 원","722,700 원",2.75 %,비갱신형,대면채널  방카슈랑스,2026-03-03,"1. 가입나이 : 만15세 ~ 최고 75세 2. 보험기간 : 100세/110세만기 3. 납입기간 : 5/7/10/15/20년납 4. 보험료 및 보험가격지수 예시 기준 : 3종(상해보장형), 40세, 100세 만기, 20년납, 월납, 가입금액 3천만원 기준 5. 적용이율: 10년이내 연복리 2.75%, 10년초과 연복리 1.25%",1588-4770,file_15.xls,iM라이프,iM 프리미엄안심보험 무배당 2603 3종(상해보장형) 2형(일반형),주계약,재해사망보험금,피보험자가 보험기간 중 재해로 사망하였을 때,7억 5천만원,"3,000만원 원",1645500  원,"722,700  원",2.75 %,-,-,109.3 %,101.5 %,-,-,-,-,보험기간(1년 초과),순수보장,비갱신형,비유니버셜,대면채널  방카슈랑스,2026-03-03,"1. 가입나이 : 만15세 ~ 최고 75세 2. 보험기간 : 100세/110세만기 3. 납입기간 : 5/7/10/15/20년납 4. 보험료 및 보험가격지수 예시 기준 : 3종(상해보장형), 40세, 100세 만기, 20년납, 월납, 가입금액 3천만원 기준 5. 적용이율: 10년이내 연복리 2.75%, 10년초과 연복리 1.25%",1588-4770,,,,
iM라이프,iM 프리미엄안심보험 무배당 2603 3종(상해보장형) 2형(일반형) (월납),주계약,고도장해보험금,피보험자가 보험기간 중 발생한 동일한 재해 또는 재해 이외의 동일한 원인으로 장해분류표에서 정한 기준에 따른 여러 신체부위의 장해지급률을 더하여 80%이상인 장해상태가 되었을 때(최초 1회에 한함),"9억원(다만, 계약일로부터 1년 미만에 재해 이외의 동일한 원인으로 80%이상인 장해상태가 되었을 때 50% 지급)","3,000만원 원","1,645,500 원","722,700 원",2.75 %,비갱신형,대면채널  방카슈랑스,2026-03-03,"1. 가입나이 : 만15세 ~ 최고 75세 2. 보험기간 : 100세/110세만기 3. 납입기간 : 5/7/10/15/20년납 4. 보험료 및 보험가격지수 예시 기준 : 3종(상해보장형), 40세, 100세 만기, 20년납, 월납, 가입금액 3천만원 기준 5. 적용이율: 10년이내 연복리 2.75%, 10년초과 연복리 1.25%",1588-4770,file_15.xls,iM라이프,iM 프리미엄안심보험 무배당 2603 3종(상해보장형) 2형(일반형),주계약,고도장해보험금,피보험자가 보험기간 중 발생한 동일한 재해 또는 재해 이외의 동일한 원인으로 장해분류표에서 정한 기준에 따른 여러 신체부위의 장해지급률을 더하여 80%이상인 장해상태가 되었을 때(최초 1회에 한함),"9억원(다만, 계약일로부터 1년 미만에 재해 이외의 동일한 원인으로 80%이상인 장해상태가 되었을 때 50% 지급)","3,000만원 원",1645500  원,"722,700  원",2.75 %,-,-,109.3 %,101.5 %,-,-,-,-,보험기간(1년 초과),순수보장,비갱신형,비유니버셜,대면채널  방카슈랑스,2026-03-03,"1. 가입나이 : 만15세 ~ 최고 75세 2. 보험기간 : 100세/110세만기 3. 납입기간 : 5/7/10/15/20년납 4. 보험료 및 보험가격지수 예시 기준 : 3종(상해보장형), 40세, 100세 만기, 20년납, 월납, 가입금액 3천만원 기준 5. 적용이율: 10년이내 연복리 2.75%, 10년초과 연복리 1.25%",1588-4770,,,,
주계약,재해사망보험금 (월납),주계약,재해사망보험금,피보험자가 보험기간 중 재해로 사망하였을 때,7억 5천만원,"3,000만원 원","1,606,500 원","709,200 원",2.75 %,비갱신형,대면채널  방카슈랑스,2026-03-03,"1. 가입나이 : 만15세 ~ 최고 75세 2. 보험기간 : 100세/110세만기 3. 납입기간 : 5/7/10/15/20년납 4. 보험료 및 보험가격지수 예시 기준 : 3종(상해보장형), 40세, 100세 만기, 20년납, 월납, 가입금액 3천만원 기준 5. 적용이율: 10년이내 연복리 2.75%, 10년초과 연복리 1.25%",1588-4770,file_15.xls,iM라이프,iM 프리미엄안심보험 무배당 2603 3종(상해보장형) 1형(해약환급금 일부지급형),주계약,재해사망보험금,피보험자가 보험기간 중 재해로 사망하였을 때,7억 5천만원,"3,000만원 원",1606500  원,"709,200  원",2.75 %,-,-,126.6 %,119.0 %,-,-,-,-,보험기간(1년 초과),무해지/저해지환급,비갱신형,비유니버셜,대면채널  방카슈랑스,2026-03-03,"1. 가입나이 : 만15세 ~ 최고 75세 2. 보험기간 : 100세/110세만기 3. 납입기간 : 5/7/10/15/20년납 4. 보험료 및 보험가격지수 예시 기준 : 3종(상해보장형), 40세, 100세 만기, 20년납, 월납, 가입금액 3천만원 기준 5. 적용이율: 10년이내 연복리 2.75%, 10년초과 연복리 1.25%",1588-4770,,,,
DB생명,(무)백년친구 안심보험(2602)(상해보장형) (월납),주계약,재해사망보험금,피보험자가 보험기간 중 재해로 인하여 사망하였을 때,2억원,"1,000만원","619,600 원","435,000 원",2.75 %,비갱신형,대면채널  방카슈랑스,2026-02-01,"○ 상품형태: 상해보장형 ○ 가입연령 : 15세 ~ 최고75세 ○ 보험기간 : 110세만기 ○ 납입기간 : 5. 7, 10, 15, 20년납 ○ 보험료 예시 기준  가입금액 1,000만원, 40세, 110세만기, 20년납, 월납 ○ 보험가격지수 예시 기준  -.가입금액 3,000만원, 40세, 110세만기, 20년납, 월납 ※기타 자세한 사항은 상품요약서 참조",1588-3131,file_15.xls,DB생명,(무)백년친구 안심보험(2602)(상해보장형),주계약,재해사망보험금,피보험자가 보험기간 중 재해로 인하여 사망하였을 때,2억원,"1,000만원",619600  원,"435,000  원",2.75 %,-,-,69.3 %,64.5 %,-,-,-,-,보험기간(1년 초과),순수보장,비갱신형,비유니버셜,대면채널  방카슈랑스,2026-02-01,"○ 상품형태: 상해보장형 ○ 가입연령 : 15세 ~ 최고75세 ○ 보험기간 : 110세만기 ○ 납입기간 : 5. 7, 10, 15, 20년납 ○ 보험료 예시 기준  가입금액 1,000만원, 40세, 110세만기, 20년납, 월납 ○ 보험가격지수 예시 기준  -.가입금액 3,000만원, 40세, 110세만기, 20년납, 월납 ※기타 자세한 사항은 상품요약서 참조",1588-3131,,,,
DB생명,(무)백년친구 안심보험(2602)(상해보장형) (월납),주계약,고도장해급여금,피보험자가 보험기간 중 「동일한 재해 또는 재해 이외의 동일한 원인」 을 직접적인 원인으로 장해분류표 중 여러 신체부위의 장해지급률을 더하여 80%이상인 장해상태가 되었을 때(최초1회한),"3억원(단, 계약일로부터 1년 미만에 재해 이외의 동일한 원인으로 80%이상인 장해상태가 되었을 때 50% 지급)","1,000만원","619,600 원","435,000 원",2.75 %,비갱신형,대면채널  방카슈랑스,2026-02-01,"○ 상품형태: 상해보장형 ○ 가입연령 : 15세 ~ 최고75세 ○ 보험기간 : 110세만기 ○ 납입기간 : 5. 7, 10, 15, 20년납 ○ 보험료 예시 기준  가입금액 1,000만원, 40세, 110세만기, 20년납, 월납 ○ 보험가격지수 예시 기준  -.가입금액 3,000만원, 40세, 110세만기, 20년납, 월납 ※기타 자세한 사항은 상품요약서 참조",1588-3131,file_15.xls,DB생명,(무)백년친구 안심보험(2602)(상해보장형),주계약,고도장해급여금,피보험자가 보험기간 중 「동일한 재해 또는 재해 이외의 동일한 원인」 을 직접적인 원인으로 장해분류표 중 여러 신체부위의 장해지급률을 더하여 80%이상인 장해상태가 되었을 때(최초1회한),"3억원(단, 계약일로부터 1년 미만에 재해 이외의 동일한 원인으로 80%이상인 장해상태가 되었을 때 50% 지급)","1,000만원",619600  원,"435,000  원",2.75 %,-,-,69.3 %,64.5 %,-,-,-,-,보험기간(1년 초과),순수보장,비갱신형,비유니버셜,대면채널  방카슈랑스,2026-02-01,"○ 상품형태: 상해보장형 ○ 가입연령 : 15세 ~ 최고75세 ○ 보험기간 : 110세만기 ○ 납입기간 : 5. 7, 10, 15, 20년납 ○ 보험료 예시 기준  가입금액 1,000만원, 40세, 110세만기, 20년납, 월납 ○ 보험가격지수 예시 기준  -.가입금액 3,000만원, 40세, 110세만기, 20년납, 월납 ※기타 자세한 사항은 상품요약서 참조",1588-3131,,,,
동양생명,"(무)엔젤안심보험(상해보장형,표준형) (월납)",주계약,고도장해보험금,"피보험자가 보험기간 중 보장개시일 이후 「동일한 재해 또는 재해 이외의 동일한 원인」으로 인하여 장해분류표 중 여러 신체부위의 장해지급률을 더하여 80%이상인 장해상태가 되었을 때 (다만, 최초 1회에 한함)","3억원 (다만, 계약일로부터 1년 미만에 재해 이외의 동일한 원인으로 80%이상인 장해상태가 되었을 때 50%지급)","1,000만원","168,600 원","91,300 원",2.75 %,비갱신형,대면채널  방카슈랑스,2026-01-01,"1. 가입나이 : 15세~최대75세 2. 상품형태 : 치매보장형, 생활비보장형(장해), 상해보장형 / 해약환급금 일부지급형Ⅲ, 표준형 3. 보험기간 : 90·100·110세만기 4. 보험료 예시기준: 상해보장형, 표준형, 보험가입금액 1,000만원, 40세, 90세만기, 20년납, 월납 5. 보험가격지수 예시기준: 상해보장형, 표준형, 보험가입금액 1,000만원, 40세, 90세만기, 20년납, 월납 6. 확정이율 : 10년 이내 2.75%, 10년 초과 2.00%",1577-1004,file_15.xls,동양생명,"(무)엔젤안심보험(상해보장형,표준형)",주계약,고도장해보험금,"피보험자가 보험기간 중 보장개시일 이후 「동일한 재해 또는 재해 이외의 동일한 원인」으로 인하여 장해분류표 중 여러 신체부위의 장해지급률을 더하여 80%이상인 장해상태가 되었을 때 (다만, 최초 1회에 한함)","3억원 (다만, 계약일로부터 1년 미만에 재해 이외의 동일한 원인으로 80%이상인 장해상태가 되었을 때 50%지급)","1,000만원",168600  원,"91,300  원",2.75 %,-,-,95.7 %,89.8 %,-,-,-,-,보험기간(1년 초과),순수보장,비갱신형,비유니버셜,대면채널  방카슈랑스,2026-01-01,"1. 가입나이 : 15세~최대75세 2. 상품형태 : 치매보장형, 생활비보장형(장해), 상해보장형 / 해약환급금 일부지급형Ⅲ, 표준형 3. 보험기간 : 90·100·110세만기 4. 보험료 예시기준: 상해보장형, 표준형, 보험가입금액 1,000만원, 40세, 90세만기, 20년납, 월납 5. 보험가격지수 예시기준: 상해보장형, 표준형, 보험가입금액 1,000만원, 40세, 90세만기, 20년납, 월납 6. 확정이율 : 10년 이내 2.75%, 10년 초과 2.00%",1577-1004,,,,
동양생명,"(무)엔젤안심보험(상해보장형,표준형) (월납)",주계약,재해사망보험금,피보험자가 보험기간 중 재해를 직접적인 원인으로 사망하였을 때,2억원,"1,000만원","168,600 원","91,300 원",2.75 %,비갱신형,대면채널  방카슈랑스,2026-01-01,"1. 가입나이 : 15세~최대75세 2. 상품형태 : 치매보장형, 생활비보장형(장해), 상해보장형 / 해약환급금 일부지급형Ⅲ, 표준형 3. 보험기간 : 90·100·110세만기 4. 보험료 예시기준: 상해보장형, 표준형, 보험가입금액 1,000만원, 40세, 90세만기, 20년납, 월납 5. 보험가격지수 예시기준: 상해보장형, 표준형, 보험가입금액 1,000만원, 40세, 90세만기, 20년납, 월납 6. 확정이율 : 10년 이내 2.75%, 10년 초과 2.00%",1577-1004,file_15.xls,동양생명,"(무)엔젤안심보험(상해보장형,표준형)",주계약,재해사망보험금,피보험자가 보험기간 중 재해를 직접적인 원인으로 사망하였을 때,2억원,"1,000만원",168600  원,"91,300  원",2.75 %,-,-,95.7 %,89.8 %,-,-,-,-,보험기간(1년 초과),순수보장,비갱신형,비유니버셜,대면채널  방카슈랑스,2026-01-01,"1. 가입나이 : 15세~최대75세 2. 상품형태 : 치매보장형, 생활비보장형(장해), 상해보장형 / 해약환급금 일부지급형Ⅲ, 표준형 3. 보험기간 : 90·100·110세만기 4. 보험료 예시기준: 상해보장형, 표준형, 보험가입금액 1,000만원, 40세, 90세만기, 20년납, 월납 5. 보험가격지수 예시기준: 상해보장형, 표준형, 보험가입금액 1,000만원, 40세, 90세만기, 20년납, 월납 6. 확정이율 : 10년 이내 2.75%, 10년 초과 2.00%",1577-1004,,,,
동양생명,"(무)엔젤안심보험(상해보장형,표준형) (월납)",주계약,장해생활자금Ⅰ,"피보험자가 보험기간 중 보장개시일 이후 「동일한 재해 또는 재해 이외의 동일한 원인」으로 인하여 장해분류표 중 여러 신체부위의 장해지급률을 더하여 50%이상인 장해상태가 되었을 때 (다만, 최초 1회에 한함)","매월 장해생활자금Ⅰ 지급해당일 : 10만원 (180회 확정지급) (다만, 계약일로부터 1년 미만에 재해 이외의 동일한 원인으로 50%이상인 장해상태가 되었을 때 매월 장해생활자금Ⅰ 지급해당일에 5만원 지급)","1,000만원","119,700 원","74,700 원",2.75 %,비갱신형,대면채널  방카슈랑스,2026-01-01,"1. 가입나이 : 0세~최대75세 2. 상품형태 : 치매보장형, 생활비보장형(장해), 상해보장형 / 해약환급금 일부지급형Ⅲ, 표준형 3. 보험기간 : 90·100·110세만기 4. 보험료 예시기준: 생활비보장형(장해), 해약환급금 일부지급형Ⅲ, 보험가입금액 1,000만원, 40세, 90세만기, 20년납, 월납 5. 보험가격지수 예시기준: 생활비보장형(장해), 해약환급금 일부지급형Ⅲ, 보험가입금액 1,000만원, 40세, 90세만기, 20년납, 월납 6. 확정이율 : 10년 이내 2.75%, 10년 초과 2.00%",1577-1004,file_15.xls,동양생명,"(무)엔젤안심보험(생활비보장형(장해),해약환급금 일부지급형Ⅲ)",주계약,장해생활자금Ⅰ,"피보험자가 보험기간 중 보장개시일 이후 「동일한 재해 또는 재해 이외의 동일한 원인」으로 인하여 장해분류표 중 여러 신체부위의 장해지급률을 더하여 50%이상인 장해상태가 되었을 때 (다만, 최초 1회에 한함)","매월 장해생활자금Ⅰ 지급해당일 : 10만원 (180회 확정지급) (다만, 계약일로부터 1년 미만에 재해 이외의 동일한 원인으로 50%이상인 장해상태가 되었을 때 매월 장해생활자금Ⅰ 지급해당일에 5만원 지급)","1,000만원",119700  원,"74,700  원",2.75 %,-,-,98.9 %,92.2 %,-,-,-,-,보험기간(1년 초과),무해지/저해지환급,비갱신형,비유니버셜,대면채널  방카슈랑스,2026-01-01,"1. 가입나이 : 0세~최대75세 2. 상품형태 : 치매보장형, 생활비보장형(장해), 상해보장형 / 해약환급금 일부지급형Ⅲ, 표준형 3. 보험기간 : 90·100·110세만기 4. 보험료 예시기준: 생활비보장형(장해), 해약환급금 일부지급형Ⅲ, 보험가입금액 1,000만원, 40세, 90세만기, 20년납, 월납 5. 보험가격지수 예시기준: 생활비보장형(장해), 해약환급금 일부지급형Ⅲ, 보험가입금액 1,000만원, 40세, 90세만기, 20년납, 월납 6. 확정이율 : 10년 이내 2.75%, 10년 초과 2.00%",1577-1004,,,,
동양생명,"(무)엔젤안심보험(상해보장형,표준형) (월납)",주계약,장해생활자금Ⅱ,"피보험자가 보험기간 중 보장개시일 이후 「동일한 재해 또는 재해 이외의 동일한 원인」으로 인하여 장해분류표 중 여러 신체부위의 장해지급률을 더하여 60%이상인 장해상태가 되었을 때 (다만, 최초 1회에 한함)","매월 장해생활자금Ⅱ 지급해당일 : 50만원 (180회 확정지급) (다만, 계약일로부터 1년 미만에 재해 이외의 동일한 원인으로 60%이상인 장해상태가 되었을 때 매월 장해생활자금Ⅱ 지급해당일에 25만원 지급)","1,000만원","119,700 원","74,700 원",2.75 %,비갱신형,대면채널  방카슈랑스,2026-01-01,"1. 가입나이 : 0세~최대75세 2. 상품형태 : 치매보장형, 생활비보장형(장해), 상해보장형 / 해약환급금 일부지급형Ⅲ, 표준형 3. 보험기간 : 90·100·110세만기 4. 보험료 예시기준: 생활비보장형(장해), 해약환급금 일부지급형Ⅲ, 보험가입금액 1,000만원, 40세, 90세만기, 20년납, 월납 5. 보험가격지수 예시기준: 생활비보장형(장해), 해약환급금 일부지급형Ⅲ, 보험가입금액 1,000만원, 40세, 90세만기, 20년납, 월납 6. 확정이율 : 10년 이내 2.75%, 10년 초과 2.00%",1577-1004,file_15.xls,동양생명,"(무)엔젤안심보험(생활비보장형(장해),해약환급금 일부지급형Ⅲ)",주계약,장해생활자금Ⅱ,"피보험자가 보험기간 중 보장개시일 이후 「동일한 재해 또는 재해 이외의 동일한 원인」으로 인하여 장해분류표 중 여러 신체부위의 장해지급률을 더하여 60%이상인 장해상태가 되었을 때 (다만, 최초 1회에 한함)","매월 장해생활자금Ⅱ 지급해당일 : 50만원 (180회 확정지급) (다만, 계약일로부터 1년 미만에 재해 이외의 동일한 원인으로 60%이상인 장해상태가 되었을 때 매월 장해생활자금Ⅱ 지급해당일에 25만원 지급)","1,000만원",119700  원,"74,700  원",2.75 %,-,-,98.9 %,92.2 %,-,-,-,-,보험기간(1년 초과),무해지/저해지환급,비갱신형,비유니버셜,대면채널  방카슈랑스,2026-01-01,"1. 가입나이 : 0세~최대75세 2. 상품형태 : 치매보장형, 생활비보장형(장해), 상해보장형 / 해약환급금 일부지급형Ⅲ, 표준형 3. 보험기간 : 90·100·110세만기 4. 보험료 예시기준: 생활비보장형(장해), 해약환급금 일부지급형Ⅲ, 보험가입금액 1,000만원, 40세, 90세만기, 20년납, 월납 5. 보험가격지수 예시기준: 생활비보장형(장해), 해약환급금 일부지급형Ⅲ, 보험가입금액 1,000만원, 40세, 90세만기, 20년납, 월납 6. 확정이율 : 10년 이내 2.75%, 10년 초과 2.00%",1577-1004,,,,
동양생명,"(무)엔젤안심보험(상해보장형,표준형) (월납)",주계약,장해생활자금Ⅲ,"피보험자가 보험기간 중 보장개시일 이후 「동일한 재해 또는 재해 이외의 동일한 원인」으로 인하여 장해분류표 중 여러 신체부위의 장해지급률을 더하여 80%이상인 장해상태가 되었을 때 (다만, 최초 1회에 한함)","매월 장해생활자금Ⅲ 지급해당일 : 50만원 (180회 확정지급) (다만, 계약일로부터 1년 미만에 재해 이외의 동일한 원인으로 80%이상인 장해상태가 되었을 때 매월 장해생활자금Ⅲ 지급해당일에 25만원 지급)","1,000만원","119,700 원","74,700 원",2.75 %,비갱신형,대면채널  방카슈랑스,2026-01-01,"1. 가입나이 : 0세~최대75세 2. 상품형태 : 치매보장형, 생활비보장형(장해), 상해보장형 / 해약환급금 일부지급형Ⅲ, 표준형 3. 보험기간 : 90·100·110세만기 4. 보험료 예시기준: 생활비보장형(장해), 해약환급금 일부지급형Ⅲ, 보험가입금액 1,000만원, 40세, 90세만기, 20년납, 월납 5. 보험가격지수 예시기준: 생활비보장형(장해), 해약환급금 일부지급형Ⅲ, 보험가입금액 1,000만원, 40세, 90세만기, 20년납, 월납 6. 확정이율 : 10년 이내 2.75%, 10년 초과 2.00%",1577-1004,file_15.xls,동양생명,"(무)엔젤안심보험(생활비보장형(장해),해약환급금 일부지급형Ⅲ)",주계약,장해생활자금Ⅲ,"피보험자가 보험기간 중 보장개시일 이후 「동일한 재해 또는 재해 이외의 동일한 원인」으로 인하여 장해분류표 중 여러 신체부위의 장해지급률을 더하여 80%이상인 장해상태가 되었을 때 (다만, 최초 1회에 한함)","매월 장해생활자금Ⅲ 지급해당일 : 50만원 (180회 확정지급) (다만, 계약일로부터 1년 미만에 재해 이외의 동일한 원인으로 80%이상인 장해상태가 되었을 때 매월 장해생활자금Ⅲ 지급해당일에 25만원 지급)","1,000만원",119700  원,"74,700  원",2.75 %,-,-,98.9 %,92.2 %,-,-,-,-,보험기간(1년 초과),무해지/저해지환급,비갱신형,비유니버셜,대면채널  방카슈랑스,2026-01-01,"1. 가입나이 : 0세~최대75세 2. 상품형태 : 치매보장형, 생활비보장형(장해), 상해보장형 / 해약환급금 일부지급형Ⅲ, 표준형 3. 보험기간 : 90·100·110세만기 4. 보험료 예시기준: 생활비보장형(장해), 해약환급금 일부지급형Ⅲ, 보험가입금액 1,000만원, 40세, 90세만기, 20년납, 월납 5. 보험가격지수 예시기준: 생활비보장형(장해), 해약환급금 일부지급형Ⅲ, 보험가입금액 1,000만원, 40세, 90세만기, 20년납, 월납 6. 확정이율 : 10년 이내 2.75%, 10년 초과 2.00%",1577-1004,,,,
동양생명,"(무)엔젤안심보험(상해보장형,표준형) (월납)",주계약,장해보험금,피보험자가 보험기간 중 보장개시일 이후 「동일한 재해 또는 재해 이외의 동일한 원인」으로 인하여 장해분류표에서 정한 각 장해지급률에 해당하는 장해상태가 되었을 때,"보험가입금액의 100% ⅹ 해당 지급률 (다만, 계약일로부터 1년 미만에 재해 이외의 동일한 원인으로 인하여 장해분류표에서 정한 각 장해지급률에 해당하는 장해상태가 되었을 때 50% 지급)","1,000만원","119,700 원","74,700 원",2.75 %,비갱신형,대면채널  방카슈랑스,2026-01-01,"1. 가입나이 : 0세~최대75세 2. 상품형태 : 치매보장형, 생활비보장형(장해), 상해보장형 / 해약환급금 일부지급형Ⅲ, 표준형 3. 보험기간 : 90·100·110세만기 4. 보험료 예시기준: 생활비보장형(장해), 해약환급금 일부지급형Ⅲ, 보험가입금액 1,000만원, 40세, 90세만기, 20년납, 월납 5. 보험가격지수 예시기준: 생활비보장형(장해), 해약환급금 일부지급형Ⅲ, 보험가입금액 1,000만원, 40세, 90세만기, 20년납, 월납 6. 확정이율 : 10년 이내 2.75%, 10년 초과 2.00%",1577-1004,file_15.xls,동양생명,"(무)엔젤안심보험(생활비보장형(장해),해약환급금 일부지급형Ⅲ)",주계약,장해보험금,피보험자가 보험기간 중 보장개시일 이후 「동일한 재해 또는 재해 이외의 동일한 원인」으로 인하여 장해분류표에서 정한 각 장해지급률에 해당하는 장해상태가 되었을 때,"보험가입금액의 100% ⅹ 해당 지급률 (다만, 계약일로부터 1년 미만에 재해 이외의 동일한 원인으로 인하여 장해분류표에서 정한 각 장해지급률에 해당하는 장해상태가 되었을 때 50% 지급)","1,000만원",119700  원,"74,700  원",2.75 %,-,-,98.9 %,92.2 %,-,-,-,-,보험기간(1년 초과),무해지/저해지환급,비갱신형,비유니버셜,대면채널  방카슈랑스,2026-01-01,"1. 가입나이 : 0세~최대75세 2. 상품형태 : 치매보장형, 생활비보장형(장해), 상해보장형 / 해약환급금 일부지급형Ⅲ, 표준형 3. 보험기간 : 90·100·110세만기 4. 보험료 예시기준: 생활비보장형(장해), 해약환급금 일부지급형Ⅲ, 보험가입금액 1,000만원, 40세, 90세만기, 20년납, 월납 5. 보험가격지수 예시기준: 생활비보장형(장해), 해약환급금 일부지급형Ⅲ, 보험가입금액 1,000만원, 40세, 90세만기, 20년납, 월납 6. 확정이율 : 10년 이내 2.75%, 10년 초과 2.00%",1577-1004,,,,
주계약,재해사망보험금 (월납),주계약,재해사망보험금,피보험자가 보험기간 중 재해를 직접적인 원인으로 사망하였을 때,2억원,"1,000만원","165,900 원","90,300 원",2.75 %,비갱신형,대면채널  방카슈랑스,2026-01-01,"1. 가입나이 : 15세~최대75세 2. 상품형태 : 치매보장형, 생활비보장형(장해), 상해보장형 / 해약환급금 일부지급형Ⅲ, 표준형 3. 보험기간 : 90·100·110세만기 4. 보험료 예시기준: 상해보장형, 해약환급금 일부지급형Ⅲ, 보험가입금액 1,000만원, 40세, 90세만기, 20년납, 월납 5. 보험가격지수 예시기준: 상해보장형, 해약환급금 일부지급형Ⅲ, 보험가입금액 1,000만원, 40세, 90세만기, 20년납, 월납 6. 확정이율 : 10년 이내 2.75%, 10년 초과 2.00%",1577-1004,file_15.xls,동양생명,"(무)엔젤안심보험(상해보장형,해약환급금 일부지급형Ⅲ)",주계약,재해사망보험금,피보험자가 보험기간 중 재해를 직접적인 원인으로 사망하였을 때,2억원,"1,000만원",165900  원,"90,300  원",2.75 %,-,-,98.2 %,92.8 %,-,-,-,-,보험기간(1년 초과),무해지/저해지환급,비갱신형,비유니버셜,대면채널  방카슈랑스,2026-01-01,"1. 가입나이 : 15세~최대75세 2. 상품형태 : 치매보장형, 생활비보장형(장해), 상해보장형 / 해약환급금 일부지급형Ⅲ, 표준형 3. 보험기간 : 90·100·110세만기 4. 보험료 예시기준: 상해보장형, 해약환급금 일부지급형Ⅲ, 보험가입금액 1,000만원, 40세, 90세만기, 20년납, 월납 5. 보험가격지수 예시기준: 상해보장형, 해약환급금 일부지급형Ⅲ, 보험가입금액 1,000만원, 40세, 90세만기, 20년납, 월납 6. 확정이율 : 10년 이내 2.75%, 10년 초과 2.00%",1577-1004,,,,
동양생명,(무)우리WON하는미니상해보험 (월납),주계약,재해골절치료비,피보험자가 보험기간 중 발생한 재해를 직접적인 원인으로 재해골절(치아파절 제외) 상태가 되었을 때(발생1회당),10만원,10만원,"3,660 원","3,450 원",2.90 %,비갱신형,대면채널  CM,2026-01-01,"1. 가입나이: 20세~70세 2. 보험기간: 1년만기 3. 상품형태: - 4. 보험료 예시기준: 보험가입금액 10만원, 40세, 1년만기, 일시납 5. 보험가격지수 예시 기준: 보험가입금액 10만원, 40세, 1년만기, 일시납",1577-1004,file_15.xls,동양생명,(무)우리WON하는미니상해보험,주계약,재해골절치료비,피보험자가 보험기간 중 발생한 재해를 직접적인 원인으로 재해골절(치아파절 제외) 상태가 되었을 때(발생1회당),10만원,10만원,3660  원,"3,450  원",2.90 %,-,-,77.4 %,71.3 %,-,-,-,-,보험기간(1년 이하),순수보장,비갱신형,비유니버셜,대면채널  CM,2026-01-01,"1. 가입나이: 20세~70세 2. 보험기간: 1년만기 3. 상품형태: - 4. 보험료 예시기준: 보험가입금액 10만원, 40세, 1년만기, 일시납 5. 보험가격지수 예시 기준: 보험가입금액 10만원, 40세, 1년만기, 일시납",1577-1004,,,,
동양생명,(무)우리WON하는미니상해보험 (월납),주계약,깁스치료비,피보험자가 보험기간 중 치료를 직접적인 목적으로 깁스(Cast) 치료를 받았을 때(깁스치료 1회당),10만원,10만원,"3,660 원","3,450 원",2.90 %,비갱신형,대면채널  CM,2026-01-01,"1. 가입나이: 20세~70세 2. 보험기간: 1년만기 3. 상품형태: - 4. 보험료 예시기준: 보험가입금액 10만원, 40세, 1년만기, 일시납 5. 보험가격지수 예시 기준: 보험가입금액 10만원, 40세, 1년만기, 일시납",1577-1004,file_15.xls,동양생명,(무)우리WON하는미니상해보험,주계약,깁스치료비,피보험자가 보험기간 중 치료를 직접적인 목적으로 깁스(Cast) 치료를 받았을 때(깁스치료 1회당),10만원,10만원,3660  원,"3,450  원",2.90 %,-,-,77.4 %,71.3 %,-,-,-,-,보험기간(1년 이하),순수보장,비갱신형,비유니버셜,대면채널  CM,2026-01-01,"1. 가입나이: 20세~70세 2. 보험기간: 1년만기 3. 상품형태: - 4. 보험료 예시기준: 보험가입금액 10만원, 40세, 1년만기, 일시납 5. 보험가격지수 예시 기준: 보험가입금액 10만원, 40세, 1년만기, 일시납",1577-1004,,,,
동양생명,(무)우리WON하는mini교통재해보험 (월납),주계약,교통재해응급실내원진료비(응급),"피보험자가 보험기간 중 발생한 ""교통재해""를 직접적인 원인으로 ""응급환자""로 응급실에 내원하여 진료를 받았을 때 (내원 1회당)",10만원,"1,000만원","2,980 원","1,340 원",2.90 %,비갱신형,대면채널  CM,2026-01-01,"1. 가입나이: 20세~70세 2. 보험기간: 1년만기 3. 상품형태: - 4. 보험료 예시기준: 보험가입금액 1,000만원, 40세, 1년만기, 일시납 5. 보험가격지수 예시 기준: 보험가입금액 1,000만원, 40세, 1년만기, 일시납",1577-1004,file_15.xls,동양생명,(무)우리WON하는mini교통재해보험,주계약,교통재해응급실내원진료비(응급),"피보험자가 보험기간 중 발생한 ""교통재해""를 직접적인 원인으로 ""응급환자""로 응급실에 내원하여 진료를 받았을 때 (내원 1회당)",10만원,"1,000만원",2980  원,"1,340  원",2.90 %,-,-,77.1 %,71.3 %,-,-,-,-,보험기간(1년 이하),순수보장,비갱신형,비유니버셜,대면채널  CM,2026-01-01,"1. 가입나이: 20세~70세 2. 보험기간: 1년만기 3. 상품형태: - 4. 보험료 예시기준: 보험가입금액 1,000만원, 40세, 1년만기, 일시납 5. 보험가격지수 예시 기준: 보험가입금액 1,000만원, 40세, 1년만기, 일시납",1577-1004,,,,
동양생명,(무)우리WON하는mini교통재해보험 (월납),주계약,교통재해골절(치아파절포함)치료비,"피보험자가 보험기간 중 발생한 ""교통재해""를 직접적인 원인으로 ""재해골절(치아파절포함)""로 진단확정 되었을 때 (발생 1회당)",10만원,"1,000만원","2,980 원","1,340 원",2.90 %,비갱신형,대면채널  CM,2026-01-01,"1. 가입나이: 20세~70세 2. 보험기간: 1년만기 3. 상품형태: - 4. 보험료 예시기준: 보험가입금액 1,000만원, 40세, 1년만기, 일시납 5. 보험가격지수 예시 기준: 보험가입금액 1,000만원, 40세, 1년만기, 일시납",1577-1004,file_15.xls,동양생명,(무)우리WON하는mini교통재해보험,주계약,교통재해골절(치아파절포함)치료비,"피보험자가 보험기간 중 발생한 ""교통재해""를 직접적인 원인으로 ""재해골절(치아파절포함)""로 진단확정 되었을 때 (발생 1회당)",10만원,"1,000만원",2980  원,"1,340  원",2.90 %,-,-,77.1 %,71.3 %,-,-,-,-,보험기간(1년 이하),순수보장,비갱신형,비유니버셜,대면채널  CM,2026-01-01,"1. 가입나이: 20세~70세 2. 보험기간: 1년만기 3. 상품형태: - 4. 보험료 예시기준: 보험가입금액 1,000만원, 40세, 1년만기, 일시납 5. 보험가격지수 예시 기준: 보험가입금액 1,000만원, 40세, 1년만기, 일시납",1577-1004,,,,
동양생명,(무)우리WON하는mini교통재해보험 (월납),주계약,교통사고중상치료비,"피보험자가 보험기간 중 발생한 ""교통사고""를 직접적인 원인으로 ""교통사고중상"" 상태가 되었을 때 (발생 1회당)",100만원,"1,000만원","2,980 원","1,340 원",2.90 %,비갱신형,대면채널  CM,2026-01-01,"1. 가입나이: 20세~70세 2. 보험기간: 1년만기 3. 상품형태: - 4. 보험료 예시기준: 보험가입금액 1,000만원, 40세, 1년만기, 일시납 5. 보험가격지수 예시 기준: 보험가입금액 1,000만원, 40세, 1년만기, 일시납",1577-1004,file_15.xls,동양생명,(무)우리WON하는mini교통재해보험,주계약,교통사고중상치료비,"피보험자가 보험기간 중 발생한 ""교통사고""를 직접적인 원인으로 ""교통사고중상"" 상태가 되었을 때 (발생 1회당)",100만원,"1,000만원",2980  원,"1,340  원",2.90 %,-,-,77.1 %,71.3 %,-,-,-,-,보험기간(1년 이하),순수보장,비갱신형,비유니버셜,대면채널  CM,2026-01-01,"1. 가입나이: 20세~70세 2. 보험기간: 1년만기 3. 상품형태: - 4. 보험료 예시기준: 보험가입금액 1,000만원, 40세, 1년만기, 일시납 5. 보험가격지수 예시 기준: 보험가입금액 1,000만원, 40세, 1년만기, 일시납",1577-1004,,,,
동양생명,(무)엔젤상해보험 (월납),주계약,만기보험금,피보험자가 보험기간이 끝날 때까지 살아있을 때,이미 납입한 보험료의 100%,"5,000만원","45,000 원","22,000 원",3.00 %,비갱신형,대면채널  방카슈랑스,2024-04-01,"1. 가입나이: 만15세~70세 2. 보험기간: 3·5·7·10·15·20년만기 3. 납입주기: 월납, 3개월납, 6개월납, 연납 4. 보험료 예시기준: 기본형, 가입금액 5,000만원, 40세, 비위험, 20년만기, 15년납, 월납 5. 보험가격지수 예시기준: 기본형, 가입금액 3,000만원, 40세, 비위험, 20년만기, 15년납, 월납",1577-1004,file_15.xls,동양생명,(무)엔젤상해보험,주계약,만기보험금,피보험자가 보험기간이 끝날 때까지 살아있을 때,이미 납입한 보험료의 100%,"5,000만원",45000  원,"22,000  원",3.00 %,-,-,108.3 %,95.8 %,-,-,-,-,보험기간(1년 초과),만기환급,비갱신형,비유니버셜,대면채널  방카슈랑스,2024-04-01,"1. 가입나이: 만15세~70세 2. 보험기간: 3·5·7·10·15·20년만기 3. 납입주기: 월납, 3개월납, 6개월납, 연납 4. 보험료 예시기준: 기본형, 가입금액 5,000만원, 40세, 비위험, 20년만기, 15년납, 월납 5. 보험가격지수 예시기준: 기본형, 가입금액 3,000만원, 40세, 비위험, 20년만기, 15년납, 월납",1577-1004,,,,
동양생명,(무)엔젤상해보험 (월납),주계약,재해사망보험금,재해로 인하여 사망하였을 때,2억원 + 사망 당시 이미 납입한 보험료,"5,000만원","45,000 원","22,000 원",3.00 %,비갱신형,대면채널  방카슈랑스,2024-04-01,"1. 가입나이: 만15세~70세 2. 보험기간: 3·5·7·10·15·20년만기 3. 납입주기: 월납, 3개월납, 6개월납, 연납 4. 보험료 예시기준: 기본형, 가입금액 5,000만원, 40세, 비위험, 20년만기, 15년납, 월납 5. 보험가격지수 예시기준: 기본형, 가입금액 3,000만원, 40세, 비위험, 20년만기, 15년납, 월납",1577-1004,file_15.xls,동양생명,(무)엔젤상해보험,주계약,재해사망보험금,재해로 인하여 사망하였을 때,2억원 + 사망 당시 이미 납입한 보험료,"5,000만원",45000  원,"22,000  원",3.00 %,-,-,108.3 %,95.8 %,-,-,-,-,보험기간(1년 초과),만기환급,비갱신형,비유니버셜,대면채널  방카슈랑스,2024-04-01,"1. 가입나이: 만15세~70세 2. 보험기간: 3·5·7·10·15·20년만기 3. 납입주기: 월납, 3개월납, 6개월납, 연납 4. 보험료 예시기준: 기본형, 가입금액 5,000만원, 40세, 비위험, 20년만기, 15년납, 월납 5. 보험가격지수 예시기준: 기본형, 가입금액 3,000만원, 40세, 비위험, 20년만기, 15년납, 월납",1577-1004,,,,
동양생명,(무)엔젤상해보험 (월납),주계약,재해장해보험금,보장개시일 이후 발생한 동일한 재해로 장해분류표에서 정한 각 장해지급률에 해당하는 장해상태가 되었을 때,"4,000만원 + 해당장해지급률","5,000만원","45,000 원","22,000 원",3.00 %,비갱신형,대면채널  방카슈랑스,2024-04-01,"1. 가입나이: 만15세~70세 2. 보험기간: 3·5·7·10·15·20년만기 3. 납입주기: 월납, 3개월납, 6개월납, 연납 4. 보험료 예시기준: 기본형, 가입금액 5,000만원, 40세, 비위험, 20년만기, 15년납, 월납 5. 보험가격지수 예시기준: 기본형, 가입금액 3,000만원, 40세, 비위험, 20년만기, 15년납, 월납",1577-1004,file_15.xls,동양생명,(무)엔젤상해보험,주계약,재해장해보험금,보장개시일 이후 발생한 동일한 재해로 장해분류표에서 정한 각 장해지급률에 해당하는 장해상태가 되었을 때,"4,000만원 + 해당장해지급률","5,000만원",45000  원,"22,000  원",3.00 %,-,-,108.3 %,95.8 %,-,-,-,-,보험기간(1년 초과),만기환급,비갱신형,비유니버셜,대면채널  방카슈랑스,2024-04-01,"1. 가입나이: 만15세~70세 2. 보험기간: 3·5·7·10·15·20년만기 3. 납입주기: 월납, 3개월납, 6개월납, 연납 4. 보험료 예시기준: 기본형, 가입금액 5,000만원, 40세, 비위험, 20년만기, 15년납, 월납 5. 보험가격지수 예시기준: 기본형, 가입금액 3,000만원, 40세, 비위험, 20년만기, 15년납, 월납",1577-1004,,,,
메트라이프생명,무배당 메트라이프 mini 재해보험 (월납),주계약,재해사망보험금,보험 기간 중 별표 3 (재해분류표)에서 정하는 재해 (이하 “재해”라 합니다)를 직접적인 원인으로 하여 사망하였을 때,"1,000만원","1,000만원","4,900 원","3,000 원",2.30 %,비갱신형,CM,2024-04-01,"1. 가입연령 : 20세 ~ 70세 2. 보험기간 및 납입기간 : 1년 만기 및 일시납 3. 보험가입금액 : 1,000만원 4. 보험가격지수 예시 기준 : 1년만기, 일시납, 가입금액 1,000만원, 40세 5. 보험료 예시 기준 : 가입금액 1,000만원, 40세 남/여, 1년만기, 일시납",1588-9600,file_15.xls,메트라이프생명,무배당 메트라이프 mini 재해보험,주계약,재해사망보험금,보험 기간 중 별표 3 (재해분류표)에서 정하는 재해 (이하 “재해”라 합니다)를 직접적인 원인으로 하여 사망하였을 때,"1,000만원","1,000만원",4900  원,"3,000  원",2.30 %,-,-,89.5 %,104.3 %,-,-,-,-,보험기간(1년 이하),순수보장,비갱신형,비유니버셜,CM,2024-04-01,"1. 가입연령 : 20세 ~ 70세 2. 보험기간 및 납입기간 : 1년 만기 및 일시납 3. 보험가입금액 : 1,000만원 4. 보험가격지수 예시 기준 : 1년만기, 일시납, 가입금액 1,000만원, 40세 5. 보험료 예시 기준 : 가입금액 1,000만원, 40세 남/여, 1년만기, 일시납",1588-9600,,,,
메트라이프생명,무배당 메트라이프 mini 재해보험 (월납),주계약,재해골절진단보험금,"보험기간 중 재해로 인하여 골절 (치아파절 제외) 로 진단 확정 되었을 때 (다만, 동일한 재해로 2 가지 이상의 골절(복합골절)시 1 회만 지급함)",재해골절 발생 1 회당 10 만원 (보험가입금액의 1 %),"1,000만원","4,900 원","3,000 원",2.30 %,비갱신형,CM,2024-04-01,"1. 가입연령 : 20세 ~ 70세 2. 보험기간 및 납입기간 : 1년 만기 및 일시납 3. 보험가입금액 : 1,000만원 4. 보험가격지수 예시 기준 : 1년만기, 일시납, 가입금액 1,000만원, 40세 5. 보험료 예시 기준 : 가입금액 1,000만원, 40세 남/여, 1년만기, 일시납",1588-9600,file_15.xls,메트라이프생명,무배당 메트라이프 mini 재해보험,주계약,재해골절진단보험금,"보험기간 중 재해로 인하여 골절 (치아파절 제외) 로 진단 확정 되었을 때 (다만, 동일한 재해로 2 가지 이상의 골절(복합골절)시 1 회만 지급함)",재해골절 발생 1 회당 10 만원 (보험가입금액의 1 %),"1,000만원",4900  원,"3,000  원",2.30 %,-,-,89.5 %,104.3 %,-,-,-,-,보험기간(1년 이하),순수보장,비갱신형,비유니버셜,CM,2024-04-01,"1. 가입연령 : 20세 ~ 70세 2. 보험기간 및 납입기간 : 1년 만기 및 일시납 3. 보험가입금액 : 1,000만원 4. 보험가격지수 예시 기준 : 1년만기, 일시납, 가입금액 1,000만원, 40세 5. 보험료 예시 기준 : 가입금액 1,000만원, 40세 남/여, 1년만기, 일시납",1588-9600,,,,
메트라이프생명,무배당 메트라이프 교통재해사망보험 (월납),주계약,교통재해사망보험금,보험 기간 중 별표 3 (교통재해사고)에서 정하는 교통재해 (이하 “교통재해”라 합니다)를 직접적인 원인으로 하여 사망하였을 때,"1,000만원","1,000만원","1,100 원",600 원,2.30 %,비갱신형,CM,2024-04-01,"1. 가입연령 : 20세 ~ 70세 2. 보험기간 및 납입기간 : 1년 만기 및 일시납 3. 보험가입금액 : 1,000만원 4. 보험가격지수 예시 기준 : 1년만기, 일시납, 가입금액 1,000만원, 40세 5. 보험료 예시 기준 : 가입금액 1,000만원, 40세 남/여, 1년만기, 일시납",1588-9600,file_15.xls,메트라이프생명,무배당 메트라이프 교통재해사망보험,주계약,교통재해사망보험금,보험 기간 중 별표 3 (교통재해사고)에서 정하는 교통재해 (이하 “교통재해”라 합니다)를 직접적인 원인으로 하여 사망하였을 때,"1,000만원","1,000만원",1100  원,600  원,2.30 %,-,-,140.6 %,354.6 %,-,-,-,-,보험기간(1년 이하),순수보장,비갱신형,비유니버셜,CM,2024-04-01,"1. 가입연령 : 20세 ~ 70세 2. 보험기간 및 납입기간 : 1년 만기 및 일시납 3. 보험가입금액 : 1,000만원 4. 보험가격지수 예시 기준 : 1년만기, 일시납, 가입금액 1,000만원, 40세 5. 보험료 예시 기준 : 가입금액 1,000만원, 40세 남/여, 1년만기, 일시납",1588-9600,,,,
메트라이프생명,무배당 뼈 미니 재해골절보험 (월납),주계약,재해골절진단보험금,"보험기간 중 재해로 인하여 골절 (치아파절 제외) 로 진단 확정 되었을 때 (다만, 동일한 재해로 2 가지 이상의 골절(복합골절)시 1 회만 지급함)",재해골절 발생 1 회당 10 만원 (보험가입금액의 1 %),"1,000만원","3,700 원","2,600 원",2.30 %,비갱신형,CM,2025-04-01,"1. 가입연령 : 20세 ~ 70세 2. 보험기간 및 납입기간 : 1년 만기 및 일시납 3. 보험가입금액 : 1,000만원 4. 보험가격지수 예시 기준 : 1년만기, 일시납, 가입금액 1,000만원, 40세 5. 보험료 예시 기준 : 가입금액 1,000만원, 40세 남/여, 1년만기, 일시납",1588-9600,file_15.xls,메트라이프생명,무배당 뼈 미니 재해골절보험,주계약,재해골절진단보험금,"보험기간 중 재해로 인하여 골절 (치아파절 제외) 로 진단 확정 되었을 때 (다만, 동일한 재해로 2 가지 이상의 골절(복합골절)시 1 회만 지급함)",재해골절 발생 1 회당 10 만원 (보험가입금액의 1 %),"1,000만원",3700  원,"2,600  원",2.30 %,-,-,102.8 %,109.8 %,-,-,-,-,보험기간(1년 이하),순수보장,비갱신형,비유니버셜,CM,2025-04-01,"1. 가입연령 : 20세 ~ 70세 2. 보험기간 및 납입기간 : 1년 만기 및 일시납 3. 보험가입금액 : 1,000만원 4. 보험가격지수 예시 기준 : 1년만기, 일시납, 가입금액 1,000만원, 40세 5. 보험료 예시 기준 : 가입금액 1,000만원, 40세 남/여, 1년만기, 일시납",1588-9600,,,,
메트라이프생명,무배당 뼈대있는깁스보험 (월납),주계약,깁스치료비,피보험자가 보험기간 중 재해 또는 질병으로 깁스치료를 받았을 때,1만원 (발생 1회당),1만원,770 원,770 원,2.30 %,비갱신형,CM,2025-04-01,"1. 가입연령 : 20세 ~ 70세 2. 보험기간 및 납입기간 : 1년 만기 및 일시납 3. 보험가입금액 : 1만원 4. 보험가격지수 예시 기준 : 1년만기, 일시납, 가입금액 1만원, 40세 5. 보험료 예시 기준 : 가입금액 1만원, 40세 남/여, 1년만기, 일시납",1588-9600,file_15.xls,메트라이프생명,무배당 뼈대있는깁스보험,주계약,깁스치료비,피보험자가 보험기간 중 재해 또는 질병으로 깁스치료를 받았을 때,1만원 (발생 1회당),1만원,770  원,770  원,2.30 %,-,-,136.3 %,126.1 %,-,-,-,-,보험기간(1년 이하),순수보장,비갱신형,비유니버셜,CM,2025-04-01,"1. 가입연령 : 20세 ~ 70세 2. 보험기간 및 납입기간 : 1년 만기 및 일시납 3. 보험가입금액 : 1만원 4. 보험가격지수 예시 기준 : 1년만기, 일시납, 가입금액 1만원, 40세 5. 보험료 예시 기준 : 가입금액 1만원, 40세 남/여, 1년만기, 일시납",1588-9600,,,,
KB라이프생명,KB 지켜주는 교통안심보험 무배당 (월납),주계약,교통재해사망보험금,피보험자가 보험기간 중 “교통사고”로 인하여 사망하였 을 때,"1,000만원","1,000만원","6,110 원","2,460 원",2.70 %,비갱신형,CM,2025-09-01,"1. 가입나이 : 만19세 ~ 64세 2. 보험기간 : 1년만기, 3년만기 3. 납입기간 : 일시납 5. 보험료 기준 : 40세, 3년만기, 일시납, 가입금액 1,000만원 6. 보험가격지수 기준 : 40세, 3년만기, 일시납, 가입금액 1,000만원",1588-3374,file_15.xls,KB라이프생명,KB 지켜주는 교통안심보험 무배당,주계약,교통재해사망보험금,피보험자가 보험기간 중 “교통사고”로 인하여 사망하였 을 때,"1,000만원","1,000만원",6110  원,"2,460  원",2.70 %,-,-,115.9 %,106.9 %,-,-,-,-,보험기간(1년 초과),순수보장,비갱신형,비유니버셜,CM,2025-09-01,"1. 가입나이 : 만19세 ~ 64세 2. 보험기간 : 1년만기, 3년만기 3. 납입기간 : 일시납 5. 보험료 기준 : 40세, 3년만기, 일시납, 가입금액 1,000만원 6. 보험가격지수 기준 : 40세, 3년만기, 일시납, 가입금액 1,000만원",1588-3374,,,,
KB라이프생명,KB 지켜주는 교통안심보험 무배당 (월납),주계약,교통재해장해급여금,피보험자가 보험기간 중 “교통사고”로 인하여 장해분류 표(약관 별표2 참조)에서 정한 각 장해지급률 중 3%이 상 100%이하에 해당하는 장해상태가 되었을 때,500만원× 해당 장해지급률,"1,000만원","6,110 원","2,460 원",2.70 %,비갱신형,CM,2025-09-01,"1. 가입나이 : 만19세 ~ 64세 2. 보험기간 : 1년만기, 3년만기 3. 납입기간 : 일시납 5. 보험료 기준 : 40세, 3년만기, 일시납, 가입금액 1,000만원 6. 보험가격지수 기준 : 40세, 3년만기, 일시납, 가입금액 1,000만원",1588-3374,file_15.xls,KB라이프생명,KB 지켜주는 교통안심보험 무배당,주계약,교통재해장해급여금,피보험자가 보험기간 중 “교통사고”로 인하여 장해분류 표(약관 별표2 참조)에서 정한 각 장해지급률 중 3%이 상 100%이하에 해당하는 장해상태가 되었을 때,500만원× 해당 장해지급률,"1,000만원",6110  원,"2,460  원",2.70 %,-,-,115.9 %,106.9 %,-,-,-,-,보험기간(1년 초과),순수보장,비갱신형,비유니버셜,CM,2025-09-01,"1. 가입나이 : 만19세 ~ 64세 2. 보험기간 : 1년만기, 3년만기 3. 납입기간 : 일시납 5. 보험료 기준 : 40세, 3년만기, 일시납, 가입금액 1,000만원 6. 보험가격지수 기준 : 40세, 3년만기, 일시납, 가입금액 1,000만원",1588-3374,,,,
KB라이프생명,KB 지켜주는 대중교통안심보험 무배당 (월납),주계약,대중교통재해사망보험금,피보험자가 보험기간 중 “대중교통 이용 중 교통사고”로 인하여 사망하였을 때,"5,000만원","5,000만원","1,200 원",500 원,2.70 %,비갱신형,CM,2025-09-01,"1. 가입나이 : 만19세 ~ 64세 2. 보험기간 : 1년만기, 3년만기 3. 납입기간 : 일시납 5. 보험료 기준 : 40세, 3년만기, 일시납, 가입금액 5,000만원 6. 보험가격지수 기준 : 40세, 3년만기, 일시납, 가입금액 5,000만원",1588-3374,file_15.xls,KB라이프생명,KB 지켜주는 대중교통안심보험 무배당,주계약,대중교통재해사망보험금,피보험자가 보험기간 중 “대중교통 이용 중 교통사고”로 인하여 사망하였을 때,"5,000만원","5,000만원",1200  원,500  원,2.70 %,-,-,118.0 %,118.2 %,-,-,-,-,보험기간(1년 초과),순수보장,비갱신형,비유니버셜,CM,2025-09-01,"1. 가입나이 : 만19세 ~ 64세 2. 보험기간 : 1년만기, 3년만기 3. 납입기간 : 일시납 5. 보험료 기준 : 40세, 3년만기, 일시납, 가입금액 5,000만원 6. 보험가격지수 기준 : 40세, 3년만기, 일시납, 가입금액 5,000만원",1588-3374,,,,
KB라이프생명,KB 지켜주는 대중교통안심보험 무배당 (월납),주계약,대중교통재해장해급여금,피보험자가 보험기간 중 “대중교통 이용 중 교통사고”로 인하여 장해분류표(약관 별표2 참조)에서 정한 각 장해 지급률 중 3%이상 100%이하에 해당하는 장해상태가 되었을 때,"1,500만원× 해당 장해지급률","5,000만원","1,200 원",500 원,2.70 %,비갱신형,CM,2025-09-01,"1. 가입나이 : 만19세 ~ 64세 2. 보험기간 : 1년만기, 3년만기 3. 납입기간 : 일시납 5. 보험료 기준 : 40세, 3년만기, 일시납, 가입금액 5,000만원 6. 보험가격지수 기준 : 40세, 3년만기, 일시납, 가입금액 5,000만원",1588-3374,file_15.xls,KB라이프생명,KB 지켜주는 대중교통안심보험 무배당,주계약,대중교통재해장해급여금,피보험자가 보험기간 중 “대중교통 이용 중 교통사고”로 인하여 장해분류표(약관 별표2 참조)에서 정한 각 장해 지급률 중 3%이상 100%이하에 해당하는 장해상태가 되었을 때,"1,500만원× 해당 장해지급률","5,000만원",1200  원,500  원,2.70 %,-,-,118.0 %,118.2 %,-,-,-,-,보험기간(1년 초과),순수보장,비갱신형,비유니버셜,CM,2025-09-01,"1. 가입나이 : 만19세 ~ 64세 2. 보험기간 : 1년만기, 3년만기 3. 납입기간 : 일시납 5. 보험료 기준 : 40세, 3년만기, 일시납, 가입금액 5,000만원 6. 보험가격지수 기준 : 40세, 3년만기, 일시납, 가입금액 5,000만원",1588-3374,,,,
신한라이프생명,신한SOL대중교통보험 mini(무배당) (일시납),주계약,대중교통재해장해급여금,"보험기간 중 피보험자가 ""대중교통 이용 중 교통사고""를 직접적인 원인으로 보험기간 중 장해분류표에서 정한 장해지급률 중 3%이상 100%이하에 해당하는 장해상태가 되었을 경우","보험가입금액의 1,000% x 해당 장해지급률",500만원,950 원,610 원,2.10 %,비갱신형,대면채널  CM,2026-01-01,"1. 가입나이 : 0세(태아불가) ~ 75세 2. 보험료 납입기간 및 납입주기 : 일시납 3. 가입한도 : 500만원~1,000만원(디지털채널, 대면채널) 100만원~500만원(제휴채널) 4. 보험기간 : 1/2/3년만기 5. 보험료 및 보험가격지수 기준 : 40세, 3년만기, 일시납, 가입금액 500만원",1588-5580,file_15.xls,신한라이프생명,신한SOL대중교통보험 mini(무배당),주계약,대중교통재해장해급여금,"보험기간 중 피보험자가 ""대중교통 이용 중 교통사고""를 직접적인 원인으로 보험기간 중 장해분류표에서 정한 장해지급률 중 3%이상 100%이하에 해당하는 장해상태가 되었을 경우","보험가입금액의 1,000% x 해당 장해지급률",500만원,950  원,610  원,2.10 %,-,-,92.0 %,84.8 %,-,-,-,-,보험기간(1년 초과),순수보장,비갱신형,비유니버셜,대면채널  CM,2026-01-01,"1. 가입나이 : 0세(태아불가) ~ 75세 2. 보험료 납입기간 및 납입주기 : 일시납 3. 가입한도 : 500만원~1,000만원(디지털채널, 대면채널) 100만원~500만원(제휴채널) 4. 보험기간 : 1/2/3년만기 5. 보험료 및 보험가격지수 기준 : 40세, 3년만기, 일시납, 가입금액 500만원",1588-5580,,,,
푸본현대생명,푸본현대 상해보험 안심픽 무배당(A2601) (월납),주계약,재해사망보험금,보험기간 중 피보험자가 재해를 직접적인 원인으로 사망하였을 경우,6억원,"3,000만원","6,703,500 원","4,748,100 원",3.25 %,비갱신형,대면채널,2026-01-01,"1. 가입나이 : 만 20세 ~ 최고 75세 2. 보험기간 : 110세만기 3. 납입기간 : 3/4/5년납 4. 기간별 적용이율 : 계약일로부터 10년 이내 연복리 3.25%, 10년 초과 연복리 1.50% * 주계약 보험료 예시 : 40세, 가입금액 3천만원, 110세만기, 5년납, 월납 기준 * 보험가격지수 예시 : 40세, 가입금액 3천만원, 110세만기, 5년납, 월납 기준",1577-3311,file_15.xls,푸본현대생명,푸본현대 상해보험 안심픽 무배당(A2601),주계약,재해사망보험금,보험기간 중 피보험자가 재해를 직접적인 원인으로 사망하였을 경우,6억원,"3,000만원",6703500  원,"4,748,100  원",3.25 %,-,-,100.7 %,97.2 %,-,-,-,-,보험기간(1년 초과),순수보장,비갱신형,비유니버셜,대면채널,2026-01-01,"1. 가입나이 : 만 20세 ~ 최고 75세 2. 보험기간 : 110세만기 3. 납입기간 : 3/4/5년납 4. 기간별 적용이율 : 계약일로부터 10년 이내 연복리 3.25%, 10년 초과 연복리 1.50% * 주계약 보험료 예시 : 40세, 가입금액 3천만원, 110세만기, 5년납, 월납 기준 * 보험가격지수 예시 : 40세, 가입금액 3천만원, 110세만기, 5년납, 월납 기준",1577-3311,,,,
푸본현대생명,푸본현대 상해보험 안심픽 무배당(A2601) (월납),주계약,고도장해보험금,"보험기간 중 피보험자가 장해분류표 중 동일한 재해 또는 재해 이외의 동일한 원인으로 여러 신체부위의 장해지급률을 더하여 80%이상에 해당하는 장해상태가 되었을 경우(단, 최초 1회 한함)","9억원 (단, 계약일부터 1년미만에 재해 이외의 동일한 원인으로 지급사유 발생 시 상기금액의 50% 지급)","3,000만원","6,703,500 원","4,748,100 원",3.25 %,비갱신형,대면채널,2026-01-01,"1. 가입나이 : 만 20세 ~ 최고 75세 2. 보험기간 : 110세만기 3. 납입기간 : 3/4/5년납 4. 기간별 적용이율 : 계약일로부터 10년 이내 연복리 3.25%, 10년 초과 연복리 1.50% * 주계약 보험료 예시 : 40세, 가입금액 3천만원, 110세만기, 5년납, 월납 기준 * 보험가격지수 예시 : 40세, 가입금액 3천만원, 110세만기, 5년납, 월납 기준",1577-3311,file_15.xls,푸본현대생명,푸본현대 상해보험 안심픽 무배당(A2601),주계약,고도장해보험금,"보험기간 중 피보험자가 장해분류표 중 동일한 재해 또는 재해 이외의 동일한 원인으로 여러 신체부위의 장해지급률을 더하여 80%이상에 해당하는 장해상태가 되었을 경우(단, 최초 1회 한함)","9억원 (단, 계약일부터 1년미만에 재해 이외의 동일한 원인으로 지급사유 발생 시 상기금액의 50% 지급)","3,000만원",6703500  원,"4,748,100  원",3.25 %,-,-,100.7 %,97.2 %,-,-,-,-,보험기간(1년 초과),순수보장,비갱신형,비유니버셜,대면채널,2026-01-01,"1. 가입나이 : 만 20세 ~ 최고 75세 2. 보험기간 : 110세만기 3. 납입기간 : 3/4/5년납 4. 기간별 적용이율 : 계약일로부터 10년 이내 연복리 3.25%, 10년 초과 연복리 1.50% * 주계약 보험료 예시 : 40세, 가입금액 3천만원, 110세만기, 5년납, 월납 기준 * 보험가격지수 예시 : 40세, 가입금액 3천만원, 110세만기, 5년납, 월납 기준",1577-3311,,,,
주계약,재해사망보험금 (월납),주계약,재해사망보험금,보험기간 중 피보험자가 재해를 직접적인 원인으로 사망하였을 경우,6억원,"3,000만원","2,072,400 원","1,468,200 원",3.25 %,비갱신형,방카슈랑스,2026-01-01,"1. 가입나이 : 만 20세 ~ 최고 75세 2. 보험기간 : 110세만기 3. 납입기간 : 3/4/5/20년납 4. 기간별 적용이율 : 계약일로부터 10년 이내 연복리 3.25%, 10년 초과 연복리 1.50% * 주계약 보험료 예시 : 40세, 가입금액 3천만원, 110세만기, 20년납, 월납 기준 * 보험가격지수 예시 : 40세, 가입금액 3천만원, 110세만기, 20년납, 월납 기준",1577-3311,file_15.xls,푸본현대생명,푸본현대 상해보험 안심픽 무배당/해약환급금 일부지급형(B2601),주계약,재해사망보험금,보험기간 중 피보험자가 재해를 직접적인 원인으로 사망하였을 경우,6억원,"3,000만원",2072400  원,"1,468,200  원",3.25 %,-,-,104.3 %,100.8 %,-,-,-,-,보험기간(1년 초과),순수보장,비갱신형,비유니버셜,방카슈랑스,2026-01-01,"1. 가입나이 : 만 20세 ~ 최고 75세 2. 보험기간 : 110세만기 3. 납입기간 : 3/4/5/20년납 4. 기간별 적용이율 : 계약일로부터 10년 이내 연복리 3.25%, 10년 초과 연복리 1.50% * 주계약 보험료 예시 : 40세, 가입금액 3천만원, 110세만기, 20년납, 월납 기준 * 보험가격지수 예시 : 40세, 가입금액 3천만원, 110세만기, 20년납, 월납 기준",1577-3311,,,,
주계약,재해사망보험금 (월납),주계약,재해사망보험금,피보험자가 보험기간 중 재해로 인하여 사망한 경우,"3,000만원","3,000만원 원",900 원,240 원,2.25 %,갱신형,대면채널  TM,2026-02-02,"1. 가입나이 : 최초계약 기준 30세~80세 2. 보험기간 : 10년만기, 20년만기, 30년만기 ※최종 갱신계약의 보험기간 만료일은 피보험자의 100세 계약해당일 3. 납입기간 : 전기납 4. 보험료 및 보험가격지수 작성기준 : 최초계약, 40세, 20년만기, 전기납, 월납, 가입금액 3,000만원",15880058,file_15.xls,라이나생명,"(무)새로담는간편건강보험(3.5.5)(해약환급금미지급형,갱신형)",주계약,재해사망보험금,피보험자가 보험기간 중 재해로 인하여 사망한 경우,"3,000만원","3,000만원 원",900  원,240  원,2.25 %,-,-,91.3 %,94.6 %,-,-,-,-,보험기간(1년 초과),무해지/저해지환급,갱신형,비유니버셜,대면채널  TM,2026-02-02,"1. 가입나이 : 최초계약 기준 30세~80세 2. 보험기간 : 10년만기, 20년만기, 30년만기 ※최종 갱신계약의 보험기간 만료일은 피보험자의 100세 계약해당일 3. 납입기간 : 전기납 4. 보험료 및 보험가격지수 작성기준 : 최초계약, 40세, 20년만기, 전기납, 월납, 가입금액 3,000만원",15880058,,,,
주계약,재해사망보험금 (월납),특약,"무배당 간편고지암진단특약(3.5.5)(해약환급금미지급형,갱신형)","피보험자가 보험기간 중 암보장개시일 이후에 “암”으로 진단확정 되었을 때 (단, 최초 1 회에 한하여 지급함)","3,000만원(단, 보험계약일로부터 1 년이 지난 보험계약해당일 전일 이전에 지급사유가 발생하였을 경우에는 상기금액의 50%를 지급)",3000만원 원,"19,200 원","26,100 원",2.25 %,갱신형,대면채널  TM,2026-02-02,"1. 가입나이 : 최초계약 기준 30세~80세 2. 보험기간 : 10년만기, 20년만기, 30년만기 ※최종 갱신계약의 보험기간 만료일은 피보험자의 100세 계약해당일 3. 납입기간 : 전기납 4. 보험료 및 보험가격지수 작성기준 : 최초계약, 40세, 20년만기, 전기납, 월납, 가입금액 3,000만원",15880058,file_15.xls,라이나생명,"(무)새로담는간편건강보험(3.5.5)(해약환급금미지급형,갱신형)",특약,"무배당 간편고지암진단특약(3.5.5)(해약환급금미지급형,갱신형)","피보험자가 보험기간 중 암보장개시일 이후에 “암”으로 진단확정 되었을 때 (단, 최초 1 회에 한하여 지급함)","3,000만원(단, 보험계약일로부터 1 년이 지난 보험계약해당일 전일 이전에 지급사유가 발생하였을 경우에는 상기금액의 50%를 지급)",3000만원 원,19200  원,"26,100  원",2.25 %,-,-,91.3 %,94.6 %,-,-,-,-,보험기간(1년 초과),무해지/저해지환급,갱신형,비유니버셜,대면채널  TM,2026-02-02,"1. 가입나이 : 최초계약 기준 30세~80세 2. 보험기간 : 10년만기, 20년만기, 30년만기 ※최종 갱신계약의 보험기간 만료일은 피보험자의 100세 계약해당일 3. 납입기간 : 전기납 4. 보험료 및 보험가격지수 작성기준 : 최초계약, 40세, 20년만기, 전기납, 월납, 가입금액 3,000만원",15880058,,,,
주계약,재해사망보험금 (월납),특약,"무배당 간편고지소액암진단특약(3.5.5)(해약환급금미지급형,갱신형)","피보험자가 보험기간 중 “갑상선암”, “기타피부암”, “제자리암(상피내암)” 또는 “경계성종양”으로 진단확정 되었을 때 (단, 각각 최초 1 회에 한하여 지급함)","600만원(단, 최초계약의 계약일로부터 1 년이내에 지급사유가 발생하였을 경우에는 상기금액의 50%를 지급)",600만원 원,"1,056 원","3,666 원",2.25 %,갱신형,대면채널  TM,2026-02-02,"1. 가입나이 : 최초계약 기준 30세~80세 2. 보험기간 : 10년만기, 20년만기, 30년만기 ※최종 갱신계약의 보험기간 만료일은 피보험자의 100세 계약해당일 3. 납입기간 : 전기납 4. 보험료 및 보험가격지수 작성기준 : 최초계약, 40세, 20년만기, 전기납, 월납, 가입금액 3,000만원",15880058,file_15.xls,라이나생명,"(무)새로담는간편건강보험(3.5.5)(해약환급금미지급형,갱신형)",특약,"무배당 간편고지소액암진단특약(3.5.5)(해약환급금미지급형,갱신형)","피보험자가 보험기간 중 “갑상선암”, “기타피부암”, “제자리암(상피내암)” 또는 “경계성종양”으로 진단확정 되었을 때 (단, 각각 최초 1 회에 한하여 지급함)","600만원(단, 최초계약의 계약일로부터 1 년이내에 지급사유가 발생하였을 경우에는 상기금액의 50%를 지급)",600만원 원,1056  원,"3,666  원",2.25 %,-,-,91.3 %,94.6 %,-,-,-,-,보험기간(1년 초과),무해지/저해지환급,갱신형,비유니버셜,대면채널  TM,2026-02-02,"1. 가입나이 : 최초계약 기준 30세~80세 2. 보험기간 : 10년만기, 20년만기, 30년만기 ※최종 갱신계약의 보험기간 만료일은 피보험자의 100세 계약해당일 3. 납입기간 : 전기납 4. 보험료 및 보험가격지수 작성기준 : 최초계약, 40세, 20년만기, 전기납, 월납, 가입금액 3,000만원",15880058,,,,
주계약,재해사망보험금 (월납),특약,"무배당 간편고지뇌출혈진단특약(3.5.5)(해약환급금미지급형,갱신형)","피보험자가 보험기간 중 뇌출혈로 진단확정 되었을 때 (다만, 최초 1 회에 한하여 지급함)","3,000만원(단, 보험계약일로부터 1 년이 지난 보험계약해당일 전일 이전에 지급사유가 발생하였을 경우에는 상기금액의 50%를 지급)",3000만원 원,"3,630 원","2,610 원",2.25 %,갱신형,대면채널  TM,2026-02-02,"1. 가입나이 : 최초계약 기준 30세~80세 2. 보험기간 : 10년만기, 20년만기, 30년만기 ※최종 갱신계약의 보험기간 만료일은 피보험자의 100세 계약해당일 3. 납입기간 : 전기납 4. 보험료 및 보험가격지수 작성기준 : 최초계약, 40세, 20년만기, 전기납, 월납, 가입금액 3,000만원",15880058,file_15.xls,라이나생명,"(무)새로담는간편건강보험(3.5.5)(해약환급금미지급형,갱신형)",특약,"무배당 간편고지뇌출혈진단특약(3.5.5)(해약환급금미지급형,갱신형)","피보험자가 보험기간 중 뇌출혈로 진단확정 되었을 때 (다만, 최초 1 회에 한하여 지급함)","3,000만원(단, 보험계약일로부터 1 년이 지난 보험계약해당일 전일 이전에 지급사유가 발생하였을 경우에는 상기금액의 50%를 지급)",3000만원 원,3630  원,"2,610  원",2.25 %,-,-,91.3 %,94.6 %,-,-,-,-,보험기간(1년 초과),무해지/저해지환급,갱신형,비유니버셜,대면채널  TM,2026-02-02,"1. 가입나이 : 최초계약 기준 30세~80세 2. 보험기간 : 10년만기, 20년만기, 30년만기 ※최종 갱신계약의 보험기간 만료일은 피보험자의 100세 계약해당일 3. 납입기간 : 전기납 4. 보험료 및 보험가격지수 작성기준 : 최초계약, 40세, 20년만기, 전기납, 월납, 가입금액 3,000만원",15880058,,,,
주계약,재해사망보험금 (월납),특약,"무배당 간편고지뇌졸중진단특약(3.5.5)(해약환급금미지급형,갱신형)","피보험자가 보험기간 중 뇌졸중으로 진단확정 되었을 때 (다만, 최초 1 회에 한하여 지급함)","1,500만원(단, 보험계약일로부터 1 년이 지난 보험계약해당일 전일 이전에 지급사유가 발생하였을 경우에는 상기금액의 50%를 지급)",1500만원 원,"4,905 원","2,910 원",2.25 %,갱신형,대면채널  TM,2026-02-02,"1. 가입나이 : 최초계약 기준 30세~80세 2. 보험기간 : 10년만기, 20년만기, 30년만기 ※최종 갱신계약의 보험기간 만료일은 피보험자의 100세 계약해당일 3. 납입기간 : 전기납 4. 보험료 및 보험가격지수 작성기준 : 최초계약, 40세, 20년만기, 전기납, 월납, 가입금액 3,000만원",15880058,file_15.xls,라이나생명,"(무)새로담는간편건강보험(3.5.5)(해약환급금미지급형,갱신형)",특약,"무배당 간편고지뇌졸중진단특약(3.5.5)(해약환급금미지급형,갱신형)","피보험자가 보험기간 중 뇌졸중으로 진단확정 되었을 때 (다만, 최초 1 회에 한하여 지급함)","1,500만원(단, 보험계약일로부터 1 년이 지난 보험계약해당일 전일 이전에 지급사유가 발생하였을 경우에는 상기금액의 50%를 지급)",1500만원 원,4905  원,"2,910  원",2.25 %,-,-,91.3 %,94.6 %,-,-,-,-,보험기간(1년 초과),무해지/저해지환급,갱신형,비유니버셜,대면채널  TM,2026-02-02,"1. 가입나이 : 최초계약 기준 30세~80세 2. 보험기간 : 10년만기, 20년만기, 30년만기 ※최종 갱신계약의 보험기간 만료일은 피보험자의 100세 계약해당일 3. 납입기간 : 전기납 4. 보험료 및 보험가격지수 작성기준 : 최초계약, 40세, 20년만기, 전기납, 월납, 가입금액 3,000만원",15880058,,,,
주계약,재해사망보험금 (월납),주계약,재해사망보험금,피보험자가 보험기간 중 재해로 인하여 사망한 경우,"3,000만원","3,000만원 원",810 원,210 원,2.25 %,갱신형,대면채널  TM,2026-02-02,"1. 가입나이 : 최초계약 기준 30세~80세 2. 보험기간 : 10년만기, 20년만기, 30년만기 ※최종 갱신계약의 보험기간 만료일은 피보험자의 100세 계약해당일 3. 납입기간 : 전기납 4. 보험료 및 보험가격지수 작성기준 : 최초계약, 40세, 20년만기, 전기납, 월납, 가입금액 3,000만원",15880058,file_15.xls,라이나생명,"(무)새로담는간편건강보험(3.10.5)(해약환급금미지급형,갱신형)",주계약,재해사망보험금,피보험자가 보험기간 중 재해로 인하여 사망한 경우,"3,000만원","3,000만원 원",810  원,210  원,2.25 %,-,-,90.8 %,82.7 %,-,-,-,-,보험기간(1년 초과),무해지/저해지환급,갱신형,비유니버셜,대면채널  TM,2026-02-02,"1. 가입나이 : 최초계약 기준 30세~80세 2. 보험기간 : 10년만기, 20년만기, 30년만기 ※최종 갱신계약의 보험기간 만료일은 피보험자의 100세 계약해당일 3. 납입기간 : 전기납 4. 보험료 및 보험가격지수 작성기준 : 최초계약, 40세, 20년만기, 전기납, 월납, 가입금액 3,000만원",15880058,,,,
주계약,재해사망보험금 (월납),특약,"무배당 간편고지암진단특약(3.10.5)(해약환급금미지급형,갱신형)","피보험자가 보험기간 중 암보장개시일 이후에 “암”으로 진단확정 되었을 때 (단, 최초 1 회에 한하여 지급함)","3,000만원(단, 보험계약일로부터 1 년이 지난 보험계약해당일 전일 이전에 지급사유가 발생하였을 경우에는 상기금액의 50%를 지급)",3000만원 원,"18,000 원","24,000 원",2.25 %,갱신형,대면채널  TM,2026-02-02,"1. 가입나이 : 최초계약 기준 30세~80세 2. 보험기간 : 10년만기, 20년만기, 30년만기 ※최종 갱신계약의 보험기간 만료일은 피보험자의 100세 계약해당일 3. 납입기간 : 전기납 4. 보험료 및 보험가격지수 작성기준 : 최초계약, 40세, 20년만기, 전기납, 월납, 가입금액 3,000만원",15880058,file_15.xls,라이나생명,"(무)새로담는간편건강보험(3.10.5)(해약환급금미지급형,갱신형)",특약,"무배당 간편고지암진단특약(3.10.5)(해약환급금미지급형,갱신형)","피보험자가 보험기간 중 암보장개시일 이후에 “암”으로 진단확정 되었을 때 (단, 최초 1 회에 한하여 지급함)","3,000만원(단, 보험계약일로부터 1 년이 지난 보험계약해당일 전일 이전에 지급사유가 발생하였을 경우에는 상기금액의 50%를 지급)",3000만원 원,18000  원,"24,000  원",2.25 %,-,-,90.8 %,82.7 %,-,-,-,-,보험기간(1년 초과),무해지/저해지환급,갱신형,비유니버셜,대면채널  TM,2026-02-02,"1. 가입나이 : 최초계약 기준 30세~80세 2. 보험기간 : 10년만기, 20년만기, 30년만기 ※최종 갱신계약의 보험기간 만료일은 피보험자의 100세 계약해당일 3. 납입기간 : 전기납 4. 보험료 및 보험가격지수 작성기준 : 최초계약, 40세, 20년만기, 전기납, 월납, 가입금액 3,000만원",15880058,,,,
주계약,재해사망보험금 (월납),특약,"무배당 간편고지소액암진단특약(3.10.5)(해약환급금미지급형,갱신형)","피보험자가 보험기간 중 “갑상선암”, “기타피부암”, “제자리암(상피내암)” 또는 “경계성종양”으로 진단확정 되었을 때 (단, 각각 최초 1 회에 한하여 지급함)","600만원(단, 최초계약일로부터 1 년이내에 지급사유가 발생하였을 경우에는 상기금액의 50%를 지급)",600만원 원,996 원,"3,354 원",2.25 %,갱신형,대면채널  TM,2026-02-02,"1. 가입나이 : 최초계약 기준 30세~80세 2. 보험기간 : 10년만기, 20년만기, 30년만기 ※최종 갱신계약의 보험기간 만료일은 피보험자의 100세 계약해당일 3. 납입기간 : 전기납 4. 보험료 및 보험가격지수 작성기준 : 최초계약, 40세, 20년만기, 전기납, 월납, 가입금액 3,000만원",15880058,file_15.xls,라이나생명,"(무)새로담는간편건강보험(3.10.5)(해약환급금미지급형,갱신형)",특약,"무배당 간편고지소액암진단특약(3.10.5)(해약환급금미지급형,갱신형)","피보험자가 보험기간 중 “갑상선암”, “기타피부암”, “제자리암(상피내암)” 또는 “경계성종양”으로 진단확정 되었을 때 (단, 각각 최초 1 회에 한하여 지급함)","600만원(단, 최초계약일로부터 1 년이내에 지급사유가 발생하였을 경우에는 상기금액의 50%를 지급)",600만원 원,996  원,"3,354  원",2.25 %,-,-,90.8 %,82.7 %,-,-,-,-,보험기간(1년 초과),무해지/저해지환급,갱신형,비유니버셜,대면채널  TM,2026-02-02,"1. 가입나이 : 최초계약 기준 30세~80세 2. 보험기간 : 10년만기, 20년만기, 30년만기 ※최종 갱신계약의 보험기간 만료일은 피보험자의 100세 계약해당일 3. 납입기간 : 전기납 4. 보험료 및 보험가격지수 작성기준 : 최초계약, 40세, 20년만기, 전기납, 월납, 가입금액 3,000만원",15880058,,,,
주계약,재해사망보험금 (월납),특약,"무배당 간편고지뇌출혈진단특약(3.10.5)(해약환급금미지급형,갱신형)","피보험자가 보험기간 중 뇌출혈로 진단확정 되었을 때 (다만, 최초 1 회에 한하여 지급함)","3,000만원(단, 보험계약일로부터 1 년이 지난 보험계약해당일 전일 이전에 지급사유가 발생하였을 경우에는 상기금액의 50%를 지급)",3000만원 원,"3,420 원","2,400 원",2.25 %,갱신형,대면채널  TM,2026-02-02,"1. 가입나이 : 최초계약 기준 30세~80세 2. 보험기간 : 10년만기, 20년만기, 30년만기 ※최종 갱신계약의 보험기간 만료일은 피보험자의 100세 계약해당일 3. 납입기간 : 전기납 4. 보험료 및 보험가격지수 작성기준 : 최초계약, 40세, 20년만기, 전기납, 월납, 가입금액 3,000만원",15880058,file_15.xls,라이나생명,"(무)새로담는간편건강보험(3.10.5)(해약환급금미지급형,갱신형)",특약,"무배당 간편고지뇌출혈진단특약(3.10.5)(해약환급금미지급형,갱신형)","피보험자가 보험기간 중 뇌출혈로 진단확정 되었을 때 (다만, 최초 1 회에 한하여 지급함)","3,000만원(단, 보험계약일로부터 1 년이 지난 보험계약해당일 전일 이전에 지급사유가 발생하였을 경우에는 상기금액의 50%를 지급)",3000만원 원,3420  원,"2,400  원",2.25 %,-,-,90.8 %,82.7 %,-,-,-,-,보험기간(1년 초과),무해지/저해지환급,갱신형,비유니버셜,대면채널  TM,2026-02-02,"1. 가입나이 : 최초계약 기준 30세~80세 2. 보험기간 : 10년만기, 20년만기, 30년만기 ※최종 갱신계약의 보험기간 만료일은 피보험자의 100세 계약해당일 3. 납입기간 : 전기납 4. 보험료 및 보험가격지수 작성기준 : 최초계약, 40세, 20년만기, 전기납, 월납, 가입금액 3,000만원",15880058,,,,
주계약,재해사망보험금 (월납),특약,"무배당 간편고지뇌졸중진단특약(3.10.5)(해약환급금미지급형,갱신형)","피보험자가 보험기간 중 뇌졸중으로 진단확정 되었을 때 (다만, 최초 1 회에 한하여 지급함)","1,500만원(단, 보험계약일부터 1년이 지난 보험계약해당일 전일 이전에 지급사유가 발생하였을 경우에는 상기금액의 50%를 지급",1500만원 원,"4,635 원","2,685 원",2.25 %,갱신형,대면채널  TM,2026-02-02,"1. 가입나이 : 최초계약 기준 30세~80세 2. 보험기간 : 10년만기, 20년만기, 30년만기 ※최종 갱신계약의 보험기간 만료일은 피보험자의 100세 계약해당일 3. 납입기간 : 전기납 4. 보험료 및 보험가격지수 작성기준 : 최초계약, 40세, 20년만기, 전기납, 월납, 가입금액 3,000만원",15880058,file_15.xls,라이나생명,"(무)새로담는간편건강보험(3.10.5)(해약환급금미지급형,갱신형)",특약,"무배당 간편고지뇌졸중진단특약(3.10.5)(해약환급금미지급형,갱신형)","피보험자가 보험기간 중 뇌졸중으로 진단확정 되었을 때 (다만, 최초 1 회에 한하여 지급함)","1,500만원(단, 보험계약일부터 1년이 지난 보험계약해당일 전일 이전에 지급사유가 발생하였을 경우에는 상기금액의 50%를 지급",1500만원 원,4635  원,"2,685  원",2.25 %,-,-,90.8 %,82.7 %,-,-,-,-,보험기간(1년 초과),무해지/저해지환급,갱신형,비유니버셜,대면채널  TM,2026-02-02,"1. 가입나이 : 최초계약 기준 30세~80세 2. 보험기간 : 10년만기, 20년만기, 30년만기 ※최종 갱신계약의 보험기간 만료일은 피보험자의 100세 계약해당일 3. 납입기간 : 전기납 4. 보험료 및 보험가격지수 작성기준 : 최초계약, 40세, 20년만기, 전기납, 월납, 가입금액 3,000만원",15880058,,,,
주계약,재해사망보험금 (월납),주계약,재해사망보험금,피보험자가 보험기간 중 재해로 인하여 사망한 경우,"1,000만원","1,000만원 원",300 원,80 원,2.25 %,갱신형,TM,2026-01-01,"1. 가입나이 : 최초계약 기준 30세~80세 2. 보험기간 : 10년만기, 20년만기, 30년만기 ※최종 갱신계약의 보험기간 만료일은 피보험자의 100세 계약해당일 3. 납입기간 : 전기납 4. 보험료 및 보험가격지수 작성기준 : 최초계약, 40세, 20년만기, 전기납, 월납, 가입금액 1,000만원",15880058,file_15.xls,라이나생명,"(무)뉴스타트골라담는간편건강보험(해약환급금 미지급형,갱신형)",주계약,재해사망보험금,피보험자가 보험기간 중 재해로 인하여 사망한 경우,"1,000만원","1,000만원 원",300  원,80  원,2.25 %,-,-,91.3 %,94.6 %,-,-,-,-,보험기간(1년 초과),무해지/저해지환급,갱신형,비유니버셜,TM,2026-01-01,"1. 가입나이 : 최초계약 기준 30세~80세 2. 보험기간 : 10년만기, 20년만기, 30년만기 ※최종 갱신계약의 보험기간 만료일은 피보험자의 100세 계약해당일 3. 납입기간 : 전기납 4. 보험료 및 보험가격지수 작성기준 : 최초계약, 40세, 20년만기, 전기납, 월납, 가입금액 1,000만원",15880058,,,,
주계약,재해사망보험금 (월납),특약,"무배당뉴스타트간편고지뇌출혈진단특약(해약환급금미지급형,갱신형)","피보험자가 보험기간 중 뇌출혈로 진단확정 되었을 때 (다만, 최초 1회에 한하여 지급함)","3,000만원",3000만원 원,"3,450 원","2,430 원",2.25 %,갱신형,TM,2026-01-01,"1. 가입나이 : 최초계약 기준 30세~80세 2. 보험기간 : 10년만기, 20년만기, 30년만기 ※최종 갱신계약의 보험기간 만료일은 피보험자의 100세 계약해당일 3. 납입기간 : 전기납 4. 보험료 및 보험가격지수 작성기준 : 최초계약, 40세, 20년만기, 전기납, 월납, 가입금액 1,000만원",15880058,file_15.xls,라이나생명,"(무)뉴스타트골라담는간편건강보험(해약환급금 미지급형,갱신형)",특약,"무배당뉴스타트간편고지뇌출혈진단특약(해약환급금미지급형,갱신형)","피보험자가 보험기간 중 뇌출혈로 진단확정 되었을 때 (다만, 최초 1회에 한하여 지급함)","3,000만원",3000만원 원,3450  원,"2,430  원",2.25 %,-,-,91.3 %,94.6 %,-,-,-,-,보험기간(1년 초과),무해지/저해지환급,갱신형,비유니버셜,TM,2026-01-01,"1. 가입나이 : 최초계약 기준 30세~80세 2. 보험기간 : 10년만기, 20년만기, 30년만기 ※최종 갱신계약의 보험기간 만료일은 피보험자의 100세 계약해당일 3. 납입기간 : 전기납 4. 보험료 및 보험가격지수 작성기준 : 최초계약, 40세, 20년만기, 전기납, 월납, 가입금액 1,000만원",15880058,,,,
주계약,재해사망보험금 (월납),특약,"무배당뉴스타트간편고지급성심근경색증진단특약(해약환급금 미지급형,갱신형","피보험자가 보험기간 중 급성심근경색증으로 진단확정 되었을 때 (다만, 최초 1회에 한하여 지급함)","3,000만원",3000만원 원,"5,610 원","1,650 원",2.25 %,갱신형,TM,2026-01-01,"1. 가입나이 : 최초계약 기준 30세~80세 2. 보험기간 : 10년만기, 20년만기, 30년만기 ※최종 갱신계약의 보험기간 만료일은 피보험자의 100세 계약해당일 3. 납입기간 : 전기납 4. 보험료 및 보험가격지수 작성기준 : 최초계약, 40세, 20년만기, 전기납, 월납, 가입금액 1,000만원",15880058,file_15.xls,라이나생명,"(무)뉴스타트골라담는간편건강보험(해약환급금 미지급형,갱신형)",특약,"무배당뉴스타트간편고지급성심근경색증진단특약(해약환급금 미지급형,갱신형","피보험자가 보험기간 중 급성심근경색증으로 진단확정 되었을 때 (다만, 최초 1회에 한하여 지급함)","3,000만원",3000만원 원,5610  원,"1,650  원",2.25 %,-,-,91.3 %,94.6 %,-,-,-,-,보험기간(1년 초과),무해지/저해지환급,갱신형,비유니버셜,TM,2026-01-01,"1. 가입나이 : 최초계약 기준 30세~80세 2. 보험기간 : 10년만기, 20년만기, 30년만기 ※최종 갱신계약의 보험기간 만료일은 피보험자의 100세 계약해당일 3. 납입기간 : 전기납 4. 보험료 및 보험가격지수 작성기준 : 최초계약, 40세, 20년만기, 전기납, 월납, 가입금액 1,000만원",15880058,,,,
주계약,재해사망보험금 (월납),특약,"무배당뉴스타트간편고지심뇌혈관질환수술특약Ⅱ(해약환급금 미지급형,갱신형)",피보험자가 보험기간 중 “심뇌혈관 질환”으로 진단 확정되고 그 치료를 직접적인 목적으로 “관혈수술”을 받 았을 때 (수술1회당) ※이외 보장담보는 상품요약서 참조,1000만원,1000만원 원,"4,420 원","1,840 원",2.25 %,갱신형,TM,2026-01-01,"1. 가입나이 : 최초계약 기준 30세~80세 2. 보험기간 : 10년만기, 20년만기, 30년만기 ※최종 갱신계약의 보험기간 만료일은 피보험자의 100세 계약해당일 3. 납입기간 : 전기납 4. 보험료 및 보험가격지수 작성기준 : 최초계약, 40세, 20년만기, 전기납, 월납, 가입금액 1,000만원",15880058,file_15.xls,라이나생명,"(무)뉴스타트골라담는간편건강보험(해약환급금 미지급형,갱신형)",특약,"무배당뉴스타트간편고지심뇌혈관질환수술특약Ⅱ(해약환급금 미지급형,갱신형)",피보험자가 보험기간 중 “심뇌혈관 질환”으로 진단 확정되고 그 치료를 직접적인 목적으로 “관혈수술”을 받 았을 때 (수술1회당) ※이외 보장담보는 상품요약서 참조,1000만원,1000만원 원,4420  원,"1,840  원",2.25 %,-,-,91.3 %,94.6 %,-,-,-,-,보험기간(1년 초과),무해지/저해지환급,갱신형,비유니버셜,TM,2026-01-01,"1. 가입나이 : 최초계약 기준 30세~80세 2. 보험기간 : 10년만기, 20년만기, 30년만기 ※최종 갱신계약의 보험기간 만료일은 피보험자의 100세 계약해당일 3. 납입기간 : 전기납 4. 보험료 및 보험가격지수 작성기준 : 최초계약, 40세, 20년만기, 전기납, 월납, 가입금액 1,000만원",15880058,,,,
주계약,재해사망보험금 (월납),특약,"무배당뉴스타트간편고지특정심뇌혈관주요치료특약(해약환급금 미지급형,갱신형)","피보험자가 보험기간 중 뇌졸중의 치료를 직접적인 목적으로 “혈전용해치료”를 받았을 때 (단, 연간 1회를 한도로 함) ※이외 보장담보는 상품요약서 참조","3,000만원",3000만원 원,"5,730 원","2,010 원",2.25 %,갱신형,TM,2026-01-01,"1. 가입나이 : 최초계약 기준 30세~80세 2. 보험기간 : 10년만기, 20년만기, 30년만기 ※최종 갱신계약의 보험기간 만료일은 피보험자의 100세 계약해당일 3. 납입기간 : 전기납 4. 보험료 및 보험가격지수 작성기준 : 최초계약, 40세, 20년만기, 전기납, 월납, 가입금액 1,000만원",15880058,file_15.xls,라이나생명,"(무)뉴스타트골라담는간편건강보험(해약환급금 미지급형,갱신형)",특약,"무배당뉴스타트간편고지특정심뇌혈관주요치료특약(해약환급금 미지급형,갱신형)","피보험자가 보험기간 중 뇌졸중의 치료를 직접적인 목적으로 “혈전용해치료”를 받았을 때 (단, 연간 1회를 한도로 함) ※이외 보장담보는 상품요약서 참조","3,000만원",3000만원 원,5730  원,"2,010  원",2.25 %,-,-,91.3 %,94.6 %,-,-,-,-,보험기간(1년 초과),무해지/저해지환급,갱신형,비유니버셜,TM,2026-01-01,"1. 가입나이 : 최초계약 기준 30세~80세 2. 보험기간 : 10년만기, 20년만기, 30년만기 ※최종 갱신계약의 보험기간 만료일은 피보험자의 100세 계약해당일 3. 납입기간 : 전기납 4. 보험료 및 보험가격지수 작성기준 : 최초계약, 40세, 20년만기, 전기납, 월납, 가입금액 1,000만원",15880058,,,,
NH농협생명,ESG쏘옥NHe대중교통보험(무배당) (월납),주계약,대중교통재해 사망보험금,"피보험자가 보험기간 중‘대중교통 이용 중 교통사고’가 발생하고, 보험기간 중 그 ‘대중교통 이용 중 교통사고’를 직접적인 원인으로 사망한 경우","2,000만원","1,000만원","1,170 원",240 원,2.50 %,비갱신형,CM,2026-01-01,"""1. 가입나이 : 만19세 ~ 60세 2. 가입한도 : 1,000만원 단일 3. 보험기간 : 1년 4. 판매채널 : CM 5. 위 보험료 및 보험가격지수 예시는 주계약 , 40세, 1년만기, 연납, 주계약 가입금액 1,000만원기준입니다.""",1544-4000,file_15.xls,NH농협생명,ESG쏘옥NHe대중교통보험(무배당),주계약,대중교통재해 사망보험금,"피보험자가 보험기간 중‘대중교통 이용 중 교통사고’가 발생하고, 보험기간 중 그 ‘대중교통 이용 중 교통사고’를 직접적인 원인으로 사망한 경우","2,000만원","1,000만원",1170  원,240  원,2.50 %,-,-,224.4 %,223.6 %,-,-,-,-,보험기간(1년 이하),순수보장,비갱신형,비유니버셜,CM,2026-01-01,"""1. 가입나이 : 만19세 ~ 60세 2. 가입한도 : 1,000만원 단일 3. 보험기간 : 1년 4. 판매채널 : CM 5. 위 보험료 및 보험가격지수 예시는 주계약 , 40세, 1년만기, 연납, 주계약 가입금액 1,000만원기준입니다.""",1544-4000,,,,
NH농협생명,ESG쏘옥NHe대중교통보험(무배당) (월납),주계약,기타교통재해 사망보험금,"피보험자가 보험기간 중 ‘대중교통 이용 중 교통사고’를 제외한 교통재해가 발생하고, 보험기간 중 그 ‘대중교통 이용 중 교통사고’를 제외한 교통재해를 직접적인 원인으로 사망한 경우",500만원,"1,000만원","1,170 원",240 원,2.50 %,비갱신형,CM,2026-01-01,"""1. 가입나이 : 만19세 ~ 60세 2. 가입한도 : 1,000만원 단일 3. 보험기간 : 1년 4. 판매채널 : CM 5. 위 보험료 및 보험가격지수 예시는 주계약 , 40세, 1년만기, 연납, 주계약 가입금액 1,000만원기준입니다.""",1544-4000,file_15.xls,NH농협생명,ESG쏘옥NHe대중교통보험(무배당),주계약,기타교통재해 사망보험금,"피보험자가 보험기간 중 ‘대중교통 이용 중 교통사고’를 제외한 교통재해가 발생하고, 보험기간 중 그 ‘대중교통 이용 중 교통사고’를 제외한 교통재해를 직접적인 원인으로 사망한 경우",500만원,"1,000만원",1170  원,240  원,2.50 %,-,-,224.4 %,223.6 %,-,-,-,-,보험기간(1년 이하),순수보장,비갱신형,비유니버셜,CM,2026-01-01,"""1. 가입나이 : 만19세 ~ 60세 2. 가입한도 : 1,000만원 단일 3. 보험기간 : 1년 4. 판매채널 : CM 5. 위 보험료 및 보험가격지수 예시는 주계약 , 40세, 1년만기, 연납, 주계약 가입금액 1,000만원기준입니다.""",1544-4000,,,,
NH농협생명,심플한NH재해보험(무배당) (월납),주계약,재해사망보험금,피보험자가 보험기간 중 재해로 사망한 경우,"5,000만원","1,000만원","3,800 원","2,340 원",2.50 %,비갱신형,방카슈랑스,2025-08-04,"1. 가입나이 : 만15세 이상 ~ 80세 2. 가입한도 : 1,000만원 3. 보험기간 : 3년 4. 판매채널 : 방카슈랑스 5. 위 보험료 및 보험가격지수 예시는 주계약 가입금액 1,000만원, 가입연령 40세 기준, 3년 만기, 3년납, 월납 기준입니다.",1544-4000,file_15.xls,NH농협생명,심플한NH재해보험(무배당),주계약,재해사망보험금,피보험자가 보험기간 중 재해로 사망한 경우,"5,000만원","1,000만원",3800  원,"2,340  원",2.50 %,-,-,233.5 %,288.1 %,-,-,-,-,보험기간(1년 초과),순수보장,비갱신형,비유니버셜,방카슈랑스,2025-08-04,"1. 가입나이 : 만15세 이상 ~ 80세 2. 가입한도 : 1,000만원 3. 보험기간 : 3년 4. 판매채널 : 방카슈랑스 5. 위 보험료 및 보험가격지수 예시는 주계약 가입금액 1,000만원, 가입연령 40세 기준, 3년 만기, 3년납, 월납 기준입니다.",1544-4000,,,,
NH농협생명,심플한NH재해보험(무배당) (월납),주계약,재해장해연금,"피보험자가 이 계약의 보험기간 중 동일한 재해로 여러 신체부위의 장해지급률을 더하여 50%이상인 장해상태가 되었을때 (다만, 최초발생 1회에 한하여 지급) ※이외 보장담보는 상품요약서 참조",매년 500만원 X 10회,"1,000만원","3,800 원","2,340 원",2.50 %,비갱신형,방카슈랑스,2025-08-04,"1. 가입나이 : 만15세 이상 ~ 80세 2. 가입한도 : 1,000만원 3. 보험기간 : 3년 4. 판매채널 : 방카슈랑스 5. 위 보험료 및 보험가격지수 예시는 주계약 가입금액 1,000만원, 가입연령 40세 기준, 3년 만기, 3년납, 월납 기준입니다.",1544-4000,file_15.xls,NH농협생명,심플한NH재해보험(무배당),주계약,재해장해연금,"피보험자가 이 계약의 보험기간 중 동일한 재해로 여러 신체부위의 장해지급률을 더하여 50%이상인 장해상태가 되었을때 (다만, 최초발생 1회에 한하여 지급) ※이외 보장담보는 상품요약서 참조",매년 500만원 X 10회,"1,000만원",3800  원,"2,340  원",2.50 %,-,-,233.5 %,288.1 %,-,-,-,-,보험기간(1년 초과),순수보장,비갱신형,비유니버셜,방카슈랑스,2025-08-04,"1. 가입나이 : 만15세 이상 ~ 80세 2. 가입한도 : 1,000만원 3. 보험기간 : 3년 4. 판매채널 : 방카슈랑스 5. 위 보험료 및 보험가격지수 예시는 주계약 가입금액 1,000만원, 가입연령 40세 기준, 3년 만기, 3년납, 월납 기준입니다.",1544-4000,,,,
NH농협생명,심플한NH재해보험(무배당) (월납),주계약,응급실내원진료비(응급환자),피보험자가 이 계약의 보험기간 중 ‘응급실 내원 진료비 대상자(응급환자)’에 해당 되었을 때,3만원 (응급실내원 1회당),"1,000만원","3,800 원","2,340 원",2.50 %,비갱신형,방카슈랑스,2025-08-04,"1. 가입나이 : 만15세 이상 ~ 80세 2. 가입한도 : 1,000만원 3. 보험기간 : 3년 4. 판매채널 : 방카슈랑스 5. 위 보험료 및 보험가격지수 예시는 주계약 가입금액 1,000만원, 가입연령 40세 기준, 3년 만기, 3년납, 월납 기준입니다.",1544-4000,file_15.xls,NH농협생명,심플한NH재해보험(무배당),주계약,응급실내원진료비(응급환자),피보험자가 이 계약의 보험기간 중 ‘응급실 내원 진료비 대상자(응급환자)’에 해당 되었을 때,3만원 (응급실내원 1회당),"1,000만원",3800  원,"2,340  원",2.50 %,-,-,233.5 %,288.1 %,-,-,-,-,보험기간(1년 초과),순수보장,비갱신형,비유니버셜,방카슈랑스,2025-08-04,"1. 가입나이 : 만15세 이상 ~ 80세 2. 가입한도 : 1,000만원 3. 보험기간 : 3년 4. 판매채널 : 방카슈랑스 5. 위 보험료 및 보험가격지수 예시는 주계약 가입금액 1,000만원, 가입연령 40세 기준, 3년 만기, 3년납, 월납 기준입니다.",1544-4000,,,,
NH농협생명,NH모두안심재해보험(무배당) (월납),주계약,재해사망보험금,피보험자가 보험기간 중 재해로 사망한 경우,"3,000만원","3,000만원 원","1,530 원",684 원,2.50 %,비갱신형,방카슈랑스,2025-08-04,"1. 가입나이 : 만15세 이상 ~ 87세 2. 가입한도 : 10,000만원 (66세 이상은 최대 5,000만원) 3. 보험기간 : 3년 4. 판매채널 : 방카슈랑스(농·축협) 5. 위 보험료 및 보험가격지수 예시는 주계약 가입금액 3,000만원, 가입연령 40세 기준, 3년 만기, 3년납, 월납 기준입니다. 6. 위 특약보험료 예시는 가입금액 1,000만원, 가입연령 40세 기준, 3년 만기, 3년납, 월납 기준입니다. 7. 공시된 보험료와 상품요약서 상 보험료의 예시 기준이 다름에 따라 보험료가 다를 수 있습니다.",1544-4000,file_15.xls,NH농협생명,NH모두안심재해보험(무배당),주계약,재해사망보험금,피보험자가 보험기간 중 재해로 사망한 경우,"3,000만원","3,000만원 원",1530  원,684  원,2.50 %,-,-,319.5 %,481.2 %,-,-,-,-,보험기간(1년 초과),순수보장,비갱신형,비유니버셜,방카슈랑스,2025-08-04,"1. 가입나이 : 만15세 이상 ~ 87세 2. 가입한도 : 10,000만원 (66세 이상은 최대 5,000만원) 3. 보험기간 : 3년 4. 판매채널 : 방카슈랑스(농·축협) 5. 위 보험료 및 보험가격지수 예시는 주계약 가입금액 3,000만원, 가입연령 40세 기준, 3년 만기, 3년납, 월납 기준입니다. 6. 위 특약보험료 예시는 가입금액 1,000만원, 가입연령 40세 기준, 3년 만기, 3년납, 월납 기준입니다. 7. 공시된 보험료와 상품요약서 상 보험료의 예시 기준이 다름에 따라 보험료가 다를 수 있습니다.",1544-4000,,,,
NH농협생명,NH모두안심재해보험(무배당) (월납),특약,모두안심 재해장해연금특약(무배당),"피보험자가 이 특약의 보험기간 중 동일한 재해로 여러 신체부위의 장해지급률을 더하여 50%이상인 장해상태가 되었을때 (다만, 최초발생 1회에 한하여 지급) ※이외 보장담보는 상품요약서 참조",매년 500만원 X 10회,1000만원 원,462 원,216 원,2.50 %,비갱신형,방카슈랑스,2025-08-04,"1. 가입나이 : 만15세 이상 ~ 87세 2. 가입한도 : 10,000만원 (66세 이상은 최대 5,000만원) 3. 보험기간 : 3년 4. 판매채널 : 방카슈랑스(농·축협) 5. 위 보험료 및 보험가격지수 예시는 주계약 가입금액 3,000만원, 가입연령 40세 기준, 3년 만기, 3년납, 월납 기준입니다. 6. 위 특약보험료 예시는 가입금액 1,000만원, 가입연령 40세 기준, 3년 만기, 3년납, 월납 기준입니다. 7. 공시된 보험료와 상품요약서 상 보험료의 예시 기준이 다름에 따라 보험료가 다를 수 있습니다.",1544-4000,file_15.xls,NH농협생명,NH모두안심재해보험(무배당),특약,모두안심 재해장해연금특약(무배당),"피보험자가 이 특약의 보험기간 중 동일한 재해로 여러 신체부위의 장해지급률을 더하여 50%이상인 장해상태가 되었을때 (다만, 최초발생 1회에 한하여 지급) ※이외 보장담보는 상품요약서 참조",매년 500만원 X 10회,1000만원 원,462  원,216  원,2.50 %,-,-,319.5 %,481.2 %,-,-,-,-,보험기간(1년 초과),순수보장,비갱신형,비유니버셜,방카슈랑스,2025-08-04,"1. 가입나이 : 만15세 이상 ~ 87세 2. 가입한도 : 10,000만원 (66세 이상은 최대 5,000만원) 3. 보험기간 : 3년 4. 판매채널 : 방카슈랑스(농·축협) 5. 위 보험료 및 보험가격지수 예시는 주계약 가입금액 3,000만원, 가입연령 40세 기준, 3년 만기, 3년납, 월납 기준입니다. 6. 위 특약보험료 예시는 가입금액 1,000만원, 가입연령 40세 기준, 3년 만기, 3년납, 월납 기준입니다. 7. 공시된 보험료와 상품요약서 상 보험료의 예시 기준이 다름에 따라 보험료가 다를 수 있습니다.",1544-4000,,,,
NH농협생명,NH모두안심재해보험(무배당) (월납),특약,모두안심 응급실내원특약(무배당),피보험자가 이 특약의 보험기간 중 ‘응급실 내원 진료비 대상자(응급환자)’에 해당 되었을 때,3만원 (응급실내원 1회당),1000만원 원,460 원,450 원,2.50 %,비갱신형,방카슈랑스,2025-08-04,"1. 가입나이 : 만15세 이상 ~ 87세 2. 가입한도 : 10,000만원 (66세 이상은 최대 5,000만원) 3. 보험기간 : 3년 4. 판매채널 : 방카슈랑스(농·축협) 5. 위 보험료 및 보험가격지수 예시는 주계약 가입금액 3,000만원, 가입연령 40세 기준, 3년 만기, 3년납, 월납 기준입니다. 6. 위 특약보험료 예시는 가입금액 1,000만원, 가입연령 40세 기준, 3년 만기, 3년납, 월납 기준입니다. 7. 공시된 보험료와 상품요약서 상 보험료의 예시 기준이 다름에 따라 보험료가 다를 수 있습니다.",1544-4000,file_15.xls,NH농협생명,NH모두안심재해보험(무배당),특약,모두안심 응급실내원특약(무배당),피보험자가 이 특약의 보험기간 중 ‘응급실 내원 진료비 대상자(응급환자)’에 해당 되었을 때,3만원 (응급실내원 1회당),1000만원 원,460  원,450  원,2.50 %,-,-,319.5 %,481.2 %,-,-,-,-,보험기간(1년 초과),순수보장,비갱신형,비유니버셜,방카슈랑스,2025-08-04,"1. 가입나이 : 만15세 이상 ~ 87세 2. 가입한도 : 10,000만원 (66세 이상은 최대 5,000만원) 3. 보험기간 : 3년 4. 판매채널 : 방카슈랑스(농·축협) 5. 위 보험료 및 보험가격지수 예시는 주계약 가입금액 3,000만원, 가입연령 40세 기준, 3년 만기, 3년납, 월납 기준입니다. 6. 위 특약보험료 예시는 가입금액 1,000만원, 가입연령 40세 기준, 3년 만기, 3년납, 월납 기준입니다. 7. 공시된 보험료와 상품요약서 상 보험료의 예시 기준이 다름에 따라 보험료가 다를 수 있습니다.",1544-4000,,,,
NH농협생명,효밍아웃NH부모님안전보험(무배당)_2404 (월납),주계약,재해골절 치료급여금,피보험자가 보험기간 중 재해를 직접적인 원인으로 재해골절(치아파절 제외)이 발생하였을 때,20만원 (재해골절발생 1회당),"1,000만원","9,500 원","9,000 원",2.50 %,비갱신형,방카슈랑스,2025-06-09,"1. 가입나이 : 만19세 이상 2. 가입한도 : 1,000만원 3. 보험기간 : 1년 4. 판매채널 : 방카슈랑스 5. 위 보험료 및 보험가격지수 예시는 주계약 가입금액 1,000만원, 가입연령 40세 기준, 1년 만기, 1년납, 연납 기준입니다.",1544-4000,file_15.xls,NH농협생명,효밍아웃NH부모님안전보험(무배당)_2404,주계약,재해골절 치료급여금,피보험자가 보험기간 중 재해를 직접적인 원인으로 재해골절(치아파절 제외)이 발생하였을 때,20만원 (재해골절발생 1회당),"1,000만원",9500  원,"9,000  원",2.50 %,-,-,84.3 %,78.2 %,-,-,-,-,보험기간(1년 이하),순수보장,비갱신형,비유니버셜,방카슈랑스,2025-06-09,"1. 가입나이 : 만19세 이상 2. 가입한도 : 1,000만원 3. 보험기간 : 1년 4. 판매채널 : 방카슈랑스 5. 위 보험료 및 보험가격지수 예시는 주계약 가입금액 1,000만원, 가입연령 40세 기준, 1년 만기, 1년납, 연납 기준입니다.",1544-4000,,,,
NH농협생명,효밍아웃NH부모님안전보험(무배당)_2404 (월납),주계약,깁스치료급여금,피보험자가 보험기간 중 ‘깁스(Cast)’ 치료를 받았을 때,5만원 (깁스치료 1회당),"1,000만원","9,500 원","9,000 원",2.50 %,비갱신형,방카슈랑스,2025-06-09,"1. 가입나이 : 만19세 이상 2. 가입한도 : 1,000만원 3. 보험기간 : 1년 4. 판매채널 : 방카슈랑스 5. 위 보험료 및 보험가격지수 예시는 주계약 가입금액 1,000만원, 가입연령 40세 기준, 1년 만기, 1년납, 연납 기준입니다.",1544-4000,file_15.xls,NH농협생명,효밍아웃NH부모님안전보험(무배당)_2404,주계약,깁스치료급여금,피보험자가 보험기간 중 ‘깁스(Cast)’ 치료를 받았을 때,5만원 (깁스치료 1회당),"1,000만원",9500  원,"9,000  원",2.50 %,-,-,84.3 %,78.2 %,-,-,-,-,보험기간(1년 이하),순수보장,비갱신형,비유니버셜,방카슈랑스,2025-06-09,"1. 가입나이 : 만19세 이상 2. 가입한도 : 1,000만원 3. 보험기간 : 1년 4. 판매채널 : 방카슈랑스 5. 위 보험료 및 보험가격지수 예시는 주계약 가입금액 1,000만원, 가입연령 40세 기준, 1년 만기, 1년납, 연납 기준입니다.",1544-4000,,,,
NH농협생명,효밍아웃NH부모님안전보험(무배당)_2404 (월납),주계약,아나필락시스 쇼크진단보험금,피보험자가 보험기간 중 ‘아나필락시스쇼크’로 진단확정 되었을 때,200만원 (최초 1회한),"1,000만원","9,500 원","9,000 원",2.50 %,비갱신형,방카슈랑스,2025-06-09,"1. 가입나이 : 만19세 이상 2. 가입한도 : 1,000만원 3. 보험기간 : 1년 4. 판매채널 : 방카슈랑스 5. 위 보험료 및 보험가격지수 예시는 주계약 가입금액 1,000만원, 가입연령 40세 기준, 1년 만기, 1년납, 연납 기준입니다.",1544-4000,file_15.xls,NH농협생명,효밍아웃NH부모님안전보험(무배당)_2404,주계약,아나필락시스 쇼크진단보험금,피보험자가 보험기간 중 ‘아나필락시스쇼크’로 진단확정 되었을 때,200만원 (최초 1회한),"1,000만원",9500  원,"9,000  원",2.50 %,-,-,84.3 %,78.2 %,-,-,-,-,보험기간(1년 이하),순수보장,비갱신형,비유니버셜,방카슈랑스,2025-06-09,"1. 가입나이 : 만19세 이상 2. 가입한도 : 1,000만원 3. 보험기간 : 1년 4. 판매채널 : 방카슈랑스 5. 위 보험료 및 보험가격지수 예시는 주계약 가입금액 1,000만원, 가입연령 40세 기준, 1년 만기, 1년납, 연납 기준입니다.",1544-4000,,,,
NH농협생명,효밍아웃NH부모님안전보험(무배당)_2404 (월납),주계약,강력범죄·폭력사고 위로금,"피보험자가 보험기간 중 """"강력범죄·폭력사고""""를 직접적인 원인으로 피해자가 되어 """"전치 1개월(4주)을 초과하는 상해""""가 발생하였을 때 (동일사고에 의한 경우 1회에 한함)",300만원 (사고 1회당),"1,000만원","9,500 원","9,000 원",2.50 %,비갱신형,방카슈랑스,2025-06-09,"1. 가입나이 : 만19세 이상 2. 가입한도 : 1,000만원 3. 보험기간 : 1년 4. 판매채널 : 방카슈랑스 5. 위 보험료 및 보험가격지수 예시는 주계약 가입금액 1,000만원, 가입연령 40세 기준, 1년 만기, 1년납, 연납 기준입니다.",1544-4000,file_15.xls,NH농협생명,효밍아웃NH부모님안전보험(무배당)_2404,주계약,강력범죄·폭력사고 위로금,"피보험자가 보험기간 중 """"강력범죄·폭력사고""""를 직접적인 원인으로 피해자가 되어 """"전치 1개월(4주)을 초과하는 상해""""가 발생하였을 때 (동일사고에 의한 경우 1회에 한함)",300만원 (사고 1회당),"1,000만원",9500  원,"9,000  원",2.50 %,-,-,84.3 %,78.2 %,-,-,-,-,보험기간(1년 이하),순수보장,비갱신형,비유니버셜,방카슈랑스,2025-06-09,"1. 가입나이 : 만19세 이상 2. 가입한도 : 1,000만원 3. 보험기간 : 1년 4. 판매채널 : 방카슈랑스 5. 위 보험료 및 보험가격지수 예시는 주계약 가입금액 1,000만원, 가입연령 40세 기준, 1년 만기, 1년납, 연납 기준입니다.",1544-4000,,,,
NH농협생명,농작업근로자NH안전보험(무배당) (월납),주계약,유족급여금,피보험자가 보험기간 중에 농업작업안전재해 또는 농업작업안전질병으로 사망하였을 때,"1,000만원","1,000만원","30,300 원","30,300 원",2.25 %,비갱신형,방카슈랑스,2026-01-01,"1. 가입나이 : 만15세 ~ 87세 2. 가입한도 : 1,000만원 단일 3. 보험기간 : 1종(일반형)의 경우 1일~89일(일단위), 2종(외국인계절근로자(E-8)형)의 경우 3개월~8개월(월단위) 4. 판매채널 : 방카슈랑스(농·축협) 5. 위 보험료 예시는 주계약 1종(일반형), 기본형, 40세, 89일만기, 일시납, 주계약 가입금액 1,000만원기준입니다. 6. 위 보험가격지수 예시는 주계약 1종(일반형), 기본형, 40세, 1년만기, 일시납, 주계약 가입금액 1,000만원기준입니다.",1544-4000,file_15.xls,NH농협생명,농작업근로자NH안전보험(무배당),주계약,유족급여금,피보험자가 보험기간 중에 농업작업안전재해 또는 농업작업안전질병으로 사망하였을 때,"1,000만원","1,000만원",30300  원,"30,300  원",2.25 %,-,-,91.4 %,84.5 %,-,-,-,-,보험기간(1년 이하),순수보장,비갱신형,비유니버셜,방카슈랑스,2026-01-01,"1. 가입나이 : 만15세 ~ 87세 2. 가입한도 : 1,000만원 단일 3. 보험기간 : 1종(일반형)의 경우 1일~89일(일단위), 2종(외국인계절근로자(E-8)형)의 경우 3개월~8개월(월단위) 4. 판매채널 : 방카슈랑스(농·축협) 5. 위 보험료 예시는 주계약 1종(일반형), 기본형, 40세, 89일만기, 일시납, 주계약 가입금액 1,000만원기준입니다. 6. 위 보험가격지수 예시는 주계약 1종(일반형), 기본형, 40세, 1년만기, 일시납, 주계약 가입금액 1,000만원기준입니다.",1544-4000,,,,
NH농협생명,농작업근로자NH안전보험(무배당) (월납),주계약,장례비,피보험자가 보험기간 중에 농업작업안전재해 또는 농업작업안전질병으로 사망하였을 때,100만원,"1,000만원","30,300 원","30,300 원",2.25 %,비갱신형,방카슈랑스,2026-01-01,"1. 가입나이 : 만15세 ~ 87세 2. 가입한도 : 1,000만원 단일 3. 보험기간 : 1종(일반형)의 경우 1일~89일(일단위), 2종(외국인계절근로자(E-8)형)의 경우 3개월~8개월(월단위) 4. 판매채널 : 방카슈랑스(농·축협) 5. 위 보험료 예시는 주계약 1종(일반형), 기본형, 40세, 89일만기, 일시납, 주계약 가입금액 1,000만원기준입니다. 6. 위 보험가격지수 예시는 주계약 1종(일반형), 기본형, 40세, 1년만기, 일시납, 주계약 가입금액 1,000만원기준입니다.",1544-4000,file_15.xls,NH농협생명,농작업근로자NH안전보험(무배당),주계약,장례비,피보험자가 보험기간 중에 농업작업안전재해 또는 농업작업안전질병으로 사망하였을 때,100만원,"1,000만원",30300  원,"30,300  원",2.25 %,-,-,91.4 %,84.5 %,-,-,-,-,보험기간(1년 이하),순수보장,비갱신형,비유니버셜,방카슈랑스,2026-01-01,"1. 가입나이 : 만15세 ~ 87세 2. 가입한도 : 1,000만원 단일 3. 보험기간 : 1종(일반형)의 경우 1일~89일(일단위), 2종(외국인계절근로자(E-8)형)의 경우 3개월~8개월(월단위) 4. 판매채널 : 방카슈랑스(농·축협) 5. 위 보험료 예시는 주계약 1종(일반형), 기본형, 40세, 89일만기, 일시납, 주계약 가입금액 1,000만원기준입니다. 6. 위 보험가격지수 예시는 주계약 1종(일반형), 기본형, 40세, 1년만기, 일시납, 주계약 가입금액 1,000만원기준입니다.",1544-4000,,,,
NH농협생명,농작업근로자NH안전보험(무배당) (월납),주계약,고도장해급여금,피보험자가 보험기간 중에 동일한 농업작업안전재해 또는 동일한 농업작업안전질병으로 인하여 장해분류표 상의 여러 신체부위의 장해지급률을 더하여 80% 이상인 장해상태가 되었을 때(최초 1회 한),"1,000만원","1,000만원","30,300 원","30,300 원",2.25 %,비갱신형,방카슈랑스,2026-01-01,"1. 가입나이 : 만15세 ~ 87세 2. 가입한도 : 1,000만원 단일 3. 보험기간 : 1종(일반형)의 경우 1일~89일(일단위), 2종(외국인계절근로자(E-8)형)의 경우 3개월~8개월(월단위) 4. 판매채널 : 방카슈랑스(농·축협) 5. 위 보험료 예시는 주계약 1종(일반형), 기본형, 40세, 89일만기, 일시납, 주계약 가입금액 1,000만원기준입니다. 6. 위 보험가격지수 예시는 주계약 1종(일반형), 기본형, 40세, 1년만기, 일시납, 주계약 가입금액 1,000만원기준입니다.",1544-4000,file_15.xls,NH농협생명,농작업근로자NH안전보험(무배당),주계약,고도장해급여금,피보험자가 보험기간 중에 동일한 농업작업안전재해 또는 동일한 농업작업안전질병으로 인하여 장해분류표 상의 여러 신체부위의 장해지급률을 더하여 80% 이상인 장해상태가 되었을 때(최초 1회 한),"1,000만원","1,000만원",30300  원,"30,300  원",2.25 %,-,-,91.4 %,84.5 %,-,-,-,-,보험기간(1년 이하),순수보장,비갱신형,비유니버셜,방카슈랑스,2026-01-01,"1. 가입나이 : 만15세 ~ 87세 2. 가입한도 : 1,000만원 단일 3. 보험기간 : 1종(일반형)의 경우 1일~89일(일단위), 2종(외국인계절근로자(E-8)형)의 경우 3개월~8개월(월단위) 4. 판매채널 : 방카슈랑스(농·축협) 5. 위 보험료 예시는 주계약 1종(일반형), 기본형, 40세, 89일만기, 일시납, 주계약 가입금액 1,000만원기준입니다. 6. 위 보험가격지수 예시는 주계약 1종(일반형), 기본형, 40세, 1년만기, 일시납, 주계약 가입금액 1,000만원기준입니다.",1544-4000,,,,
NH농협생명,농작업근로자NH안전보험(무배당) (월납),주계약,재해장해급여금,피보험자가 보험기간 중에 농업작업안전재해로 인하여 장해분류표에서 정한 장해지급률 중 3%이상 80% 미만 장해상태가 되었을 때,"1,000만원 X 장해율","1,000만원","30,300 원","30,300 원",2.25 %,비갱신형,방카슈랑스,2026-01-01,"1. 가입나이 : 만15세 ~ 87세 2. 가입한도 : 1,000만원 단일 3. 보험기간 : 1종(일반형)의 경우 1일~89일(일단위), 2종(외국인계절근로자(E-8)형)의 경우 3개월~8개월(월단위) 4. 판매채널 : 방카슈랑스(농·축협) 5. 위 보험료 예시는 주계약 1종(일반형), 기본형, 40세, 89일만기, 일시납, 주계약 가입금액 1,000만원기준입니다. 6. 위 보험가격지수 예시는 주계약 1종(일반형), 기본형, 40세, 1년만기, 일시납, 주계약 가입금액 1,000만원기준입니다.",1544-4000,file_15.xls,NH농협생명,농작업근로자NH안전보험(무배당),주계약,재해장해급여금,피보험자가 보험기간 중에 농업작업안전재해로 인하여 장해분류표에서 정한 장해지급률 중 3%이상 80% 미만 장해상태가 되었을 때,"1,000만원 X 장해율","1,000만원",30300  원,"30,300  원",2.25 %,-,-,91.4 %,84.5 %,-,-,-,-,보험기간(1년 이하),순수보장,비갱신형,비유니버셜,방카슈랑스,2026-01-01,"1. 가입나이 : 만15세 ~ 87세 2. 가입한도 : 1,000만원 단일 3. 보험기간 : 1종(일반형)의 경우 1일~89일(일단위), 2종(외국인계절근로자(E-8)형)의 경우 3개월~8개월(월단위) 4. 판매채널 : 방카슈랑스(농·축협) 5. 위 보험료 예시는 주계약 1종(일반형), 기본형, 40세, 89일만기, 일시납, 주계약 가입금액 1,000만원기준입니다. 6. 위 보험가격지수 예시는 주계약 1종(일반형), 기본형, 40세, 1년만기, 일시납, 주계약 가입금액 1,000만원기준입니다.",1544-4000,,,,
NH농협생명,농작업근로자NH안전보험(무배당) (월납),주계약,간병급여금,피보험자가 보험기간 중에 동일한 농업작업안전재해로 인하여 장해분류표 상의 여러 신체부위의 장해지급률을 더하여 50% 이상인 장해상태가 되었을 때 또는 동일한 농업작업안전질병으로 인하여 장해분류표 상의 여러 신체부위의 장해지급률을 더하여 80% 이상인 장해상태가 되었을 때(각각 최초 1회 한),500만원,"1,000만원","30,300 원","30,300 원",2.25 %,비갱신형,방카슈랑스,2026-01-01,"1. 가입나이 : 만15세 ~ 87세 2. 가입한도 : 1,000만원 단일 3. 보험기간 : 1종(일반형)의 경우 1일~89일(일단위), 2종(외국인계절근로자(E-8)형)의 경우 3개월~8개월(월단위) 4. 판매채널 : 방카슈랑스(농·축협) 5. 위 보험료 예시는 주계약 1종(일반형), 기본형, 40세, 89일만기, 일시납, 주계약 가입금액 1,000만원기준입니다. 6. 위 보험가격지수 예시는 주계약 1종(일반형), 기본형, 40세, 1년만기, 일시납, 주계약 가입금액 1,000만원기준입니다.",1544-4000,file_15.xls,NH농협생명,농작업근로자NH안전보험(무배당),주계약,간병급여금,피보험자가 보험기간 중에 동일한 농업작업안전재해로 인하여 장해분류표 상의 여러 신체부위의 장해지급률을 더하여 50% 이상인 장해상태가 되었을 때 또는 동일한 농업작업안전질병으로 인하여 장해분류표 상의 여러 신체부위의 장해지급률을 더하여 80% 이상인 장해상태가 되었을 때(각각 최초 1회 한),500만원,"1,000만원",30300  원,"30,300  원",2.25 %,-,-,91.4 %,84.5 %,-,-,-,-,보험기간(1년 이하),순수보장,비갱신형,비유니버셜,방카슈랑스,2026-01-01,"1. 가입나이 : 만15세 ~ 87세 2. 가입한도 : 1,000만원 단일 3. 보험기간 : 1종(일반형)의 경우 1일~89일(일단위), 2종(외국인계절근로자(E-8)형)의 경우 3개월~8개월(월단위) 4. 판매채널 : 방카슈랑스(농·축협) 5. 위 보험료 예시는 주계약 1종(일반형), 기본형, 40세, 89일만기, 일시납, 주계약 가입금액 1,000만원기준입니다. 6. 위 보험가격지수 예시는 주계약 1종(일반형), 기본형, 40세, 1년만기, 일시납, 주계약 가입금액 1,000만원기준입니다.",1544-4000,,,,
NH농협생명,농작업근로자NH안전보험(무배당) (월납),주계약,휴업(입원)급여금,피보험자가 보험기간 중에 농업작업안전재해 또는 농업작업안전질병으로 인하여 그 치료를 직접목적으로 4일 이상 계속하여 입원하였을 때(1회 입원당 120일 한도),2만원(3일 초과 입원 1일당),"1,000만원","30,300 원","30,300 원",2.25 %,비갱신형,방카슈랑스,2026-01-01,"1. 가입나이 : 만15세 ~ 87세 2. 가입한도 : 1,000만원 단일 3. 보험기간 : 1종(일반형)의 경우 1일~89일(일단위), 2종(외국인계절근로자(E-8)형)의 경우 3개월~8개월(월단위) 4. 판매채널 : 방카슈랑스(농·축협) 5. 위 보험료 예시는 주계약 1종(일반형), 기본형, 40세, 89일만기, 일시납, 주계약 가입금액 1,000만원기준입니다. 6. 위 보험가격지수 예시는 주계약 1종(일반형), 기본형, 40세, 1년만기, 일시납, 주계약 가입금액 1,000만원기준입니다.",1544-4000,file_15.xls,NH농협생명,농작업근로자NH안전보험(무배당),주계약,휴업(입원)급여금,피보험자가 보험기간 중에 농업작업안전재해 또는 농업작업안전질병으로 인하여 그 치료를 직접목적으로 4일 이상 계속하여 입원하였을 때(1회 입원당 120일 한도),2만원(3일 초과 입원 1일당),"1,000만원",30300  원,"30,300  원",2.25 %,-,-,91.4 %,84.5 %,-,-,-,-,보험기간(1년 이하),순수보장,비갱신형,비유니버셜,방카슈랑스,2026-01-01,"1. 가입나이 : 만15세 ~ 87세 2. 가입한도 : 1,000만원 단일 3. 보험기간 : 1종(일반형)의 경우 1일~89일(일단위), 2종(외국인계절근로자(E-8)형)의 경우 3개월~8개월(월단위) 4. 판매채널 : 방카슈랑스(농·축협) 5. 위 보험료 예시는 주계약 1종(일반형), 기본형, 40세, 89일만기, 일시납, 주계약 가입금액 1,000만원기준입니다. 6. 위 보험가격지수 예시는 주계약 1종(일반형), 기본형, 40세, 1년만기, 일시납, 주계약 가입금액 1,000만원기준입니다.",1544-4000,,,,
NH농협생명,농작업근로자NH안전보험(무배당) (월납),주계약,재활급여금(고도장해),피보험자가 보험기간 중에 동일한 농업작업안전재해 또는 동일한 농업작업안전질병으로 인하여 장해분류표 상의 여러 신체부위의 장해지급률을 더하여 80% 이상인 장해상태가 되었을 때(최초 1회 한),500만원,"1,000만원","30,300 원","30,300 원",2.25 %,비갱신형,방카슈랑스,2026-01-01,"1. 가입나이 : 만15세 ~ 87세 2. 가입한도 : 1,000만원 단일 3. 보험기간 : 1종(일반형)의 경우 1일~89일(일단위), 2종(외국인계절근로자(E-8)형)의 경우 3개월~8개월(월단위) 4. 판매채널 : 방카슈랑스(농·축협) 5. 위 보험료 예시는 주계약 1종(일반형), 기본형, 40세, 89일만기, 일시납, 주계약 가입금액 1,000만원기준입니다. 6. 위 보험가격지수 예시는 주계약 1종(일반형), 기본형, 40세, 1년만기, 일시납, 주계약 가입금액 1,000만원기준입니다.",1544-4000,file_15.xls,NH농협생명,농작업근로자NH안전보험(무배당),주계약,재활급여금(고도장해),피보험자가 보험기간 중에 동일한 농업작업안전재해 또는 동일한 농업작업안전질병으로 인하여 장해분류표 상의 여러 신체부위의 장해지급률을 더하여 80% 이상인 장해상태가 되었을 때(최초 1회 한),500만원,"1,000만원",30300  원,"30,300  원",2.25 %,-,-,91.4 %,84.5 %,-,-,-,-,보험기간(1년 이하),순수보장,비갱신형,비유니버셜,방카슈랑스,2026-01-01,"1. 가입나이 : 만15세 ~ 87세 2. 가입한도 : 1,000만원 단일 3. 보험기간 : 1종(일반형)의 경우 1일~89일(일단위), 2종(외국인계절근로자(E-8)형)의 경우 3개월~8개월(월단위) 4. 판매채널 : 방카슈랑스(농·축협) 5. 위 보험료 예시는 주계약 1종(일반형), 기본형, 40세, 89일만기, 일시납, 주계약 가입금액 1,000만원기준입니다. 6. 위 보험가격지수 예시는 주계약 1종(일반형), 기본형, 40세, 1년만기, 일시납, 주계약 가입금액 1,000만원기준입니다.",1544-4000,,,,
NH농협생명,농작업근로자NH안전보험(무배당) (월납),주계약,재활급여금(재해장해),피보험자가 보험기간 중에 농업작업안전재해로 인하여 장해분류표에서 정한 장해지급률 중 3%이상 80% 미만 장해상태가 되었을 때,500만원 X 장해율,"1,000만원","30,300 원","30,300 원",2.25 %,비갱신형,방카슈랑스,2026-01-01,"1. 가입나이 : 만15세 ~ 87세 2. 가입한도 : 1,000만원 단일 3. 보험기간 : 1종(일반형)의 경우 1일~89일(일단위), 2종(외국인계절근로자(E-8)형)의 경우 3개월~8개월(월단위) 4. 판매채널 : 방카슈랑스(농·축협) 5. 위 보험료 예시는 주계약 1종(일반형), 기본형, 40세, 89일만기, 일시납, 주계약 가입금액 1,000만원기준입니다. 6. 위 보험가격지수 예시는 주계약 1종(일반형), 기본형, 40세, 1년만기, 일시납, 주계약 가입금액 1,000만원기준입니다.",1544-4000,file_15.xls,NH농협생명,농작업근로자NH안전보험(무배당),주계약,재활급여금(재해장해),피보험자가 보험기간 중에 농업작업안전재해로 인하여 장해분류표에서 정한 장해지급률 중 3%이상 80% 미만 장해상태가 되었을 때,500만원 X 장해율,"1,000만원",30300  원,"30,300  원",2.25 %,-,-,91.4 %,84.5 %,-,-,-,-,보험기간(1년 이하),순수보장,비갱신형,비유니버셜,방카슈랑스,2026-01-01,"1. 가입나이 : 만15세 ~ 87세 2. 가입한도 : 1,000만원 단일 3. 보험기간 : 1종(일반형)의 경우 1일~89일(일단위), 2종(외국인계절근로자(E-8)형)의 경우 3개월~8개월(월단위) 4. 판매채널 : 방카슈랑스(농·축협) 5. 위 보험료 예시는 주계약 1종(일반형), 기본형, 40세, 89일만기, 일시납, 주계약 가입금액 1,000만원기준입니다. 6. 위 보험가격지수 예시는 주계약 1종(일반형), 기본형, 40세, 1년만기, 일시납, 주계약 가입금액 1,000만원기준입니다.",1544-4000,,,,
NH농협생명,농작업근로자NH안전보험(무배당) (월납),주계약,특정감염병진단급여금,피보험자가 보험기간 중에 특정감염병으로 진단 확정되었을 때,30만원(진단1회당),"1,000만원","30,300 원","30,300 원",2.25 %,비갱신형,방카슈랑스,2026-01-01,"1. 가입나이 : 만15세 ~ 87세 2. 가입한도 : 1,000만원 단일 3. 보험기간 : 1종(일반형)의 경우 1일~89일(일단위), 2종(외국인계절근로자(E-8)형)의 경우 3개월~8개월(월단위) 4. 판매채널 : 방카슈랑스(농·축협) 5. 위 보험료 예시는 주계약 1종(일반형), 기본형, 40세, 89일만기, 일시납, 주계약 가입금액 1,000만원기준입니다. 6. 위 보험가격지수 예시는 주계약 1종(일반형), 기본형, 40세, 1년만기, 일시납, 주계약 가입금액 1,000만원기준입니다.",1544-4000,file_15.xls,NH농협생명,농작업근로자NH안전보험(무배당),주계약,특정감염병진단급여금,피보험자가 보험기간 중에 특정감염병으로 진단 확정되었을 때,30만원(진단1회당),"1,000만원",30300  원,"30,300  원",2.25 %,-,-,91.4 %,84.5 %,-,-,-,-,보험기간(1년 이하),순수보장,비갱신형,비유니버셜,방카슈랑스,2026-01-01,"1. 가입나이 : 만15세 ~ 87세 2. 가입한도 : 1,000만원 단일 3. 보험기간 : 1종(일반형)의 경우 1일~89일(일단위), 2종(외국인계절근로자(E-8)형)의 경우 3개월~8개월(월단위) 4. 판매채널 : 방카슈랑스(농·축협) 5. 위 보험료 예시는 주계약 1종(일반형), 기본형, 40세, 89일만기, 일시납, 주계약 가입금액 1,000만원기준입니다. 6. 위 보험가격지수 예시는 주계약 1종(일반형), 기본형, 40세, 1년만기, 일시납, 주계약 가입금액 1,000만원기준입니다.",1544-4000,,,,
NH농협생명,농작업근로자NH안전보험(무배당) (월납),주계약,특정질병수술급여금,피보험자가 보험기간 중에 특정질병으로 수술을 받았을 때,30만원(수술1회당),"1,000만원","30,300 원","30,300 원",2.25 %,비갱신형,방카슈랑스,2026-01-01,"1. 가입나이 : 만15세 ~ 87세 2. 가입한도 : 1,000만원 단일 3. 보험기간 : 1종(일반형)의 경우 1일~89일(일단위), 2종(외국인계절근로자(E-8)형)의 경우 3개월~8개월(월단위) 4. 판매채널 : 방카슈랑스(농·축협) 5. 위 보험료 예시는 주계약 1종(일반형), 기본형, 40세, 89일만기, 일시납, 주계약 가입금액 1,000만원기준입니다. 6. 위 보험가격지수 예시는 주계약 1종(일반형), 기본형, 40세, 1년만기, 일시납, 주계약 가입금액 1,000만원기준입니다.",1544-4000,file_15.xls,NH농협생명,농작업근로자NH안전보험(무배당),주계약,특정질병수술급여금,피보험자가 보험기간 중에 특정질병으로 수술을 받았을 때,30만원(수술1회당),"1,000만원",30300  원,"30,300  원",2.25 %,-,-,91.4 %,84.5 %,-,-,-,-,보험기간(1년 이하),순수보장,비갱신형,비유니버셜,방카슈랑스,2026-01-01,"1. 가입나이 : 만15세 ~ 87세 2. 가입한도 : 1,000만원 단일 3. 보험기간 : 1종(일반형)의 경우 1일~89일(일단위), 2종(외국인계절근로자(E-8)형)의 경우 3개월~8개월(월단위) 4. 판매채널 : 방카슈랑스(농·축협) 5. 위 보험료 예시는 주계약 1종(일반형), 기본형, 40세, 89일만기, 일시납, 주계약 가입금액 1,000만원기준입니다. 6. 위 보험가격지수 예시는 주계약 1종(일반형), 기본형, 40세, 1년만기, 일시납, 주계약 가입금액 1,000만원기준입니다.",1544-4000,,,,
NH농협생명,농작업근로자NH안전보험(무배당) (월납),주계약,상해·질병치료급여금,피보험자가 보험기간 중에 농업작업안전재해 또는 농업작업안전질병으로 치료를 받았을 때,"- 입원 5,000만원 한도 - 통원 20만원, 처방 10만원 한도 - 도수치료 350만원, 주사료 250만원, MRI 300만원 한도","1,000만원","30,300 원","30,300 원",2.25 %,비갱신형,방카슈랑스,2026-01-01,"1. 가입나이 : 만15세 ~ 87세 2. 가입한도 : 1,000만원 단일 3. 보험기간 : 1종(일반형)의 경우 1일~89일(일단위), 2종(외국인계절근로자(E-8)형)의 경우 3개월~8개월(월단위) 4. 판매채널 : 방카슈랑스(농·축협) 5. 위 보험료 예시는 주계약 1종(일반형), 기본형, 40세, 89일만기, 일시납, 주계약 가입금액 1,000만원기준입니다. 6. 위 보험가격지수 예시는 주계약 1종(일반형), 기본형, 40세, 1년만기, 일시납, 주계약 가입금액 1,000만원기준입니다.",1544-4000,file_15.xls,NH농협생명,농작업근로자NH안전보험(무배당),주계약,상해·질병치료급여금,피보험자가 보험기간 중에 농업작업안전재해 또는 농업작업안전질병으로 치료를 받았을 때,"- 입원 5,000만원 한도 - 통원 20만원, 처방 10만원 한도 - 도수치료 350만원, 주사료 250만원, MRI 300만원 한도","1,000만원",30300  원,"30,300  원",2.25 %,-,-,91.4 %,84.5 %,-,-,-,-,보험기간(1년 이하),순수보장,비갱신형,비유니버셜,방카슈랑스,2026-01-01,"1. 가입나이 : 만15세 ~ 87세 2. 가입한도 : 1,000만원 단일 3. 보험기간 : 1종(일반형)의 경우 1일~89일(일단위), 2종(외국인계절근로자(E-8)형)의 경우 3개월~8개월(월단위) 4. 판매채널 : 방카슈랑스(농·축협) 5. 위 보험료 예시는 주계약 1종(일반형), 기본형, 40세, 89일만기, 일시납, 주계약 가입금액 1,000만원기준입니다. 6. 위 보험가격지수 예시는 주계약 1종(일반형), 기본형, 40세, 1년만기, 일시납, 주계약 가입금액 1,000만원기준입니다.",1544-4000,,,,
NH농협생명,온라인농업인NH안전보험(무배당) (월납),주계약,유족급여금,피보험자가 보험기간 중에 농업작업안전재해 또는 농업작업안전질병으로 사망하였을 때,"6,000만원","1,000만원","97,300 원","97,300 원",2.25 %,비갱신형,CM,2026-01-01,"1. 가입나이 : 만19세 ~ 87세 2. 가입한도 : 1,000만원 단일 3. 보험기간 : 1년만기 4. 판매채널 : CM 5. 위 보험료 및 보험가격지수 예시는 주계약 기본형 일반형, 40세, 1년만기, 연납, 주계약 가입금액 1,000만원기준입니다. 6. 온라인농업인NH안전보험은 일반1형 및 산재형만 가입가능하며, 특약은 부가할 수 없습니다.",1544-4000,file_15.xls,NH농협생명,온라인농업인NH안전보험(무배당),주계약,유족급여금,피보험자가 보험기간 중에 농업작업안전재해 또는 농업작업안전질병으로 사망하였을 때,"6,000만원","1,000만원",97300  원,"97,300  원",2.25 %,-,-,75.3 %,69.6 %,-,-,-,-,보험기간(1년 이하),순수보장,비갱신형,비유니버셜,CM,2026-01-01,"1. 가입나이 : 만19세 ~ 87세 2. 가입한도 : 1,000만원 단일 3. 보험기간 : 1년만기 4. 판매채널 : CM 5. 위 보험료 및 보험가격지수 예시는 주계약 기본형 일반형, 40세, 1년만기, 연납, 주계약 가입금액 1,000만원기준입니다. 6. 온라인농업인NH안전보험은 일반1형 및 산재형만 가입가능하며, 특약은 부가할 수 없습니다.",1544-4000,,,,
NH농협생명,온라인농업인NH안전보험(무배당) (월납),주계약,장례비,피보험자가 보험기간 중에 농업작업안전재해 또는 농업작업안전질병으로 사망하였을 때,100만원,"1,000만원","97,300 원","97,300 원",2.25 %,비갱신형,CM,2026-01-01,"1. 가입나이 : 만19세 ~ 87세 2. 가입한도 : 1,000만원 단일 3. 보험기간 : 1년만기 4. 판매채널 : CM 5. 위 보험료 및 보험가격지수 예시는 주계약 기본형 일반형, 40세, 1년만기, 연납, 주계약 가입금액 1,000만원기준입니다. 6. 온라인농업인NH안전보험은 일반1형 및 산재형만 가입가능하며, 특약은 부가할 수 없습니다.",1544-4000,file_15.xls,NH농협생명,온라인농업인NH안전보험(무배당),주계약,장례비,피보험자가 보험기간 중에 농업작업안전재해 또는 농업작업안전질병으로 사망하였을 때,100만원,"1,000만원",97300  원,"97,300  원",2.25 %,-,-,75.3 %,69.6 %,-,-,-,-,보험기간(1년 이하),순수보장,비갱신형,비유니버셜,CM,2026-01-01,"1. 가입나이 : 만19세 ~ 87세 2. 가입한도 : 1,000만원 단일 3. 보험기간 : 1년만기 4. 판매채널 : CM 5. 위 보험료 및 보험가격지수 예시는 주계약 기본형 일반형, 40세, 1년만기, 연납, 주계약 가입금액 1,000만원기준입니다. 6. 온라인농업인NH안전보험은 일반1형 및 산재형만 가입가능하며, 특약은 부가할 수 없습니다.",1544-4000,,,,
NH농협생명,온라인농업인NH안전보험(무배당) (월납),주계약,고도장해급여금,피보험자가 보험기간 중에 동일한 농업작업안전재해 또는 동일한 농업작업안전질병으로 인하여 장해분류표 상의 여러 신체부위의 장해지급률을 더하여 80% 이상인 장해상태가 되었을 때(최초 1회 한),"5,000만원","1,000만원","97,300 원","97,300 원",2.25 %,비갱신형,CM,2026-01-01,"1. 가입나이 : 만19세 ~ 87세 2. 가입한도 : 1,000만원 단일 3. 보험기간 : 1년만기 4. 판매채널 : CM 5. 위 보험료 및 보험가격지수 예시는 주계약 기본형 일반형, 40세, 1년만기, 연납, 주계약 가입금액 1,000만원기준입니다. 6. 온라인농업인NH안전보험은 일반1형 및 산재형만 가입가능하며, 특약은 부가할 수 없습니다.",1544-4000,file_15.xls,NH농협생명,온라인농업인NH안전보험(무배당),주계약,고도장해급여금,피보험자가 보험기간 중에 동일한 농업작업안전재해 또는 동일한 농업작업안전질병으로 인하여 장해분류표 상의 여러 신체부위의 장해지급률을 더하여 80% 이상인 장해상태가 되었을 때(최초 1회 한),"5,000만원","1,000만원",97300  원,"97,300  원",2.25 %,-,-,75.3 %,69.6 %,-,-,-,-,보험기간(1년 이하),순수보장,비갱신형,비유니버셜,CM,2026-01-01,"1. 가입나이 : 만19세 ~ 87세 2. 가입한도 : 1,000만원 단일 3. 보험기간 : 1년만기 4. 판매채널 : CM 5. 위 보험료 및 보험가격지수 예시는 주계약 기본형 일반형, 40세, 1년만기, 연납, 주계약 가입금액 1,000만원기준입니다. 6. 온라인농업인NH안전보험은 일반1형 및 산재형만 가입가능하며, 특약은 부가할 수 없습니다.",1544-4000,,,,
NH농협생명,온라인농업인NH안전보험(무배당) (월납),주계약,재해장해급여금,피보험자가 보험기간 중에 농업작업안전재해로 인하여 장해분류표에서 정한 장해지급률 중 3%이상 80% 미만 장해상태가 되었을 때,"5,000만원 X 장해율","1,000만원","97,300 원","97,300 원",2.25 %,비갱신형,CM,2026-01-01,"1. 가입나이 : 만19세 ~ 87세 2. 가입한도 : 1,000만원 단일 3. 보험기간 : 1년만기 4. 판매채널 : CM 5. 위 보험료 및 보험가격지수 예시는 주계약 기본형 일반형, 40세, 1년만기, 연납, 주계약 가입금액 1,000만원기준입니다. 6. 온라인농업인NH안전보험은 일반1형 및 산재형만 가입가능하며, 특약은 부가할 수 없습니다.",1544-4000,file_15.xls,NH농협생명,온라인농업인NH안전보험(무배당),주계약,재해장해급여금,피보험자가 보험기간 중에 농업작업안전재해로 인하여 장해분류표에서 정한 장해지급률 중 3%이상 80% 미만 장해상태가 되었을 때,"5,000만원 X 장해율","1,000만원",97300  원,"97,300  원",2.25 %,-,-,75.3 %,69.6 %,-,-,-,-,보험기간(1년 이하),순수보장,비갱신형,비유니버셜,CM,2026-01-01,"1. 가입나이 : 만19세 ~ 87세 2. 가입한도 : 1,000만원 단일 3. 보험기간 : 1년만기 4. 판매채널 : CM 5. 위 보험료 및 보험가격지수 예시는 주계약 기본형 일반형, 40세, 1년만기, 연납, 주계약 가입금액 1,000만원기준입니다. 6. 온라인농업인NH안전보험은 일반1형 및 산재형만 가입가능하며, 특약은 부가할 수 없습니다.",1544-4000,,,,
NH농협생명,온라인농업인NH안전보험(무배당) (월납),주계약,간병급여금,피보험자가 보험기간 중에 동일한 농업작업안전재해로 인하여 장해분류표 상의 여러 신체부위의 장해지급률을 더하여 50% 이상인 장해상태가 되었을 때 또는 동일한 농업작업안전질병으로 인하여 장해분류표 상의 여러 신체부위의 장해지급률을 더하여 80% 이상인 장해상태가 되었을 때(각각 최초 1회 한),500만원,"1,000만원","97,300 원","97,300 원",2.25 %,비갱신형,CM,2026-01-01,"1. 가입나이 : 만19세 ~ 87세 2. 가입한도 : 1,000만원 단일 3. 보험기간 : 1년만기 4. 판매채널 : CM 5. 위 보험료 및 보험가격지수 예시는 주계약 기본형 일반형, 40세, 1년만기, 연납, 주계약 가입금액 1,000만원기준입니다. 6. 온라인농업인NH안전보험은 일반1형 및 산재형만 가입가능하며, 특약은 부가할 수 없습니다.",1544-4000,file_15.xls,NH농협생명,온라인농업인NH안전보험(무배당),주계약,간병급여금,피보험자가 보험기간 중에 동일한 농업작업안전재해로 인하여 장해분류표 상의 여러 신체부위의 장해지급률을 더하여 50% 이상인 장해상태가 되었을 때 또는 동일한 농업작업안전질병으로 인하여 장해분류표 상의 여러 신체부위의 장해지급률을 더하여 80% 이상인 장해상태가 되었을 때(각각 최초 1회 한),500만원,"1,000만원",97300  원,"97,300  원",2.25 %,-,-,75.3 %,69.6 %,-,-,-,-,보험기간(1년 이하),순수보장,비갱신형,비유니버셜,CM,2026-01-01,"1. 가입나이 : 만19세 ~ 87세 2. 가입한도 : 1,000만원 단일 3. 보험기간 : 1년만기 4. 판매채널 : CM 5. 위 보험료 및 보험가격지수 예시는 주계약 기본형 일반형, 40세, 1년만기, 연납, 주계약 가입금액 1,000만원기준입니다. 6. 온라인농업인NH안전보험은 일반1형 및 산재형만 가입가능하며, 특약은 부가할 수 없습니다.",1544-4000,,,,
NH농협생명,온라인농업인NH안전보험(무배당) (월납),주계약,휴업(입원)급여금,피보험자가 보험기간 중에 농업작업안전재해 또는 농업작업안전질병으로 인하여 그 치료를 직접목적으로 4일 이상 계속하여 입원하였을 때(1회 입원당 120일 한도),2만원(3일 초과 입원 1일당),"1,000만원","97,300 원","97,300 원",2.25 %,비갱신형,CM,2026-01-01,"1. 가입나이 : 만19세 ~ 87세 2. 가입한도 : 1,000만원 단일 3. 보험기간 : 1년만기 4. 판매채널 : CM 5. 위 보험료 및 보험가격지수 예시는 주계약 기본형 일반형, 40세, 1년만기, 연납, 주계약 가입금액 1,000만원기준입니다. 6. 온라인농업인NH안전보험은 일반1형 및 산재형만 가입가능하며, 특약은 부가할 수 없습니다.",1544-4000,file_15.xls,NH농협생명,온라인농업인NH안전보험(무배당),주계약,휴업(입원)급여금,피보험자가 보험기간 중에 농업작업안전재해 또는 농업작업안전질병으로 인하여 그 치료를 직접목적으로 4일 이상 계속하여 입원하였을 때(1회 입원당 120일 한도),2만원(3일 초과 입원 1일당),"1,000만원",97300  원,"97,300  원",2.25 %,-,-,75.3 %,69.6 %,-,-,-,-,보험기간(1년 이하),순수보장,비갱신형,비유니버셜,CM,2026-01-01,"1. 가입나이 : 만19세 ~ 87세 2. 가입한도 : 1,000만원 단일 3. 보험기간 : 1년만기 4. 판매채널 : CM 5. 위 보험료 및 보험가격지수 예시는 주계약 기본형 일반형, 40세, 1년만기, 연납, 주계약 가입금액 1,000만원기준입니다. 6. 온라인농업인NH안전보험은 일반1형 및 산재형만 가입가능하며, 특약은 부가할 수 없습니다.",1544-4000,,,,
NH농협생명,온라인농업인NH안전보험(무배당) (월납),주계약,재활급여금(고도장해),피보험자가 보험기간 중에 동일한 농업작업안전재해 또는 동일한 농업작업안전질병으로 인하여 장해분류표 상의 여러 신체부위의 장해지급률을 더하여 80% 이상인 장해상태가 되었을 때(최초 1회 한),500만원,"1,000만원","97,300 원","97,300 원",2.25 %,비갱신형,CM,2026-01-01,"1. 가입나이 : 만19세 ~ 87세 2. 가입한도 : 1,000만원 단일 3. 보험기간 : 1년만기 4. 판매채널 : CM 5. 위 보험료 및 보험가격지수 예시는 주계약 기본형 일반형, 40세, 1년만기, 연납, 주계약 가입금액 1,000만원기준입니다. 6. 온라인농업인NH안전보험은 일반1형 및 산재형만 가입가능하며, 특약은 부가할 수 없습니다.",1544-4000,file_15.xls,NH농협생명,온라인농업인NH안전보험(무배당),주계약,재활급여금(고도장해),피보험자가 보험기간 중에 동일한 농업작업안전재해 또는 동일한 농업작업안전질병으로 인하여 장해분류표 상의 여러 신체부위의 장해지급률을 더하여 80% 이상인 장해상태가 되었을 때(최초 1회 한),500만원,"1,000만원",97300  원,"97,300  원",2.25 %,-,-,75.3 %,69.6 %,-,-,-,-,보험기간(1년 이하),순수보장,비갱신형,비유니버셜,CM,2026-01-01,"1. 가입나이 : 만19세 ~ 87세 2. 가입한도 : 1,000만원 단일 3. 보험기간 : 1년만기 4. 판매채널 : CM 5. 위 보험료 및 보험가격지수 예시는 주계약 기본형 일반형, 40세, 1년만기, 연납, 주계약 가입금액 1,000만원기준입니다. 6. 온라인농업인NH안전보험은 일반1형 및 산재형만 가입가능하며, 특약은 부가할 수 없습니다.",1544-4000,,,,
NH농협생명,온라인농업인NH안전보험(무배당) (월납),주계약,재활급여금(재해장해),피보험자가 보험기간 중에 농업작업안전재해로 인하여 장해분류표에서 정한 장해지급률 중 3%이상 80% 미만 장해상태가 되었을 때,500만원 X 장해율,"1,000만원","97,300 원","97,300 원",2.25 %,비갱신형,CM,2026-01-01,"1. 가입나이 : 만19세 ~ 87세 2. 가입한도 : 1,000만원 단일 3. 보험기간 : 1년만기 4. 판매채널 : CM 5. 위 보험료 및 보험가격지수 예시는 주계약 기본형 일반형, 40세, 1년만기, 연납, 주계약 가입금액 1,000만원기준입니다. 6. 온라인농업인NH안전보험은 일반1형 및 산재형만 가입가능하며, 특약은 부가할 수 없습니다.",1544-4000,file_15.xls,NH농협생명,온라인농업인NH안전보험(무배당),주계약,재활급여금(재해장해),피보험자가 보험기간 중에 농업작업안전재해로 인하여 장해분류표에서 정한 장해지급률 중 3%이상 80% 미만 장해상태가 되었을 때,500만원 X 장해율,"1,000만원",97300  원,"97,300  원",2.25 %,-,-,75.3 %,69.6 %,-,-,-,-,보험기간(1년 이하),순수보장,비갱신형,비유니버셜,CM,2026-01-01,"1. 가입나이 : 만19세 ~ 87세 2. 가입한도 : 1,000만원 단일 3. 보험기간 : 1년만기 4. 판매채널 : CM 5. 위 보험료 및 보험가격지수 예시는 주계약 기본형 일반형, 40세, 1년만기, 연납, 주계약 가입금액 1,000만원기준입니다. 6. 온라인농업인NH안전보험은 일반1형 및 산재형만 가입가능하며, 특약은 부가할 수 없습니다.",1544-4000,,,,
NH농협생명,온라인농업인NH안전보험(무배당) (월납),주계약,특정감염병진단급여금,피보험자가 보험기간 중에 특정감염병으로 진단 확정되었을 때,30만원(진단1회당),"1,000만원","97,300 원","97,300 원",2.25 %,비갱신형,CM,2026-01-01,"1. 가입나이 : 만19세 ~ 87세 2. 가입한도 : 1,000만원 단일 3. 보험기간 : 1년만기 4. 판매채널 : CM 5. 위 보험료 및 보험가격지수 예시는 주계약 기본형 일반형, 40세, 1년만기, 연납, 주계약 가입금액 1,000만원기준입니다. 6. 온라인농업인NH안전보험은 일반1형 및 산재형만 가입가능하며, 특약은 부가할 수 없습니다.",1544-4000,file_15.xls,NH농협생명,온라인농업인NH안전보험(무배당),주계약,특정감염병진단급여금,피보험자가 보험기간 중에 특정감염병으로 진단 확정되었을 때,30만원(진단1회당),"1,000만원",97300  원,"97,300  원",2.25 %,-,-,75.3 %,69.6 %,-,-,-,-,보험기간(1년 이하),순수보장,비갱신형,비유니버셜,CM,2026-01-01,"1. 가입나이 : 만19세 ~ 87세 2. 가입한도 : 1,000만원 단일 3. 보험기간 : 1년만기 4. 판매채널 : CM 5. 위 보험료 및 보험가격지수 예시는 주계약 기본형 일반형, 40세, 1년만기, 연납, 주계약 가입금액 1,000만원기준입니다. 6. 온라인농업인NH안전보험은 일반1형 및 산재형만 가입가능하며, 특약은 부가할 수 없습니다.",1544-4000,,,,
NH농협생명,온라인농업인NH안전보험(무배당) (월납),주계약,특정질병수술급여금,피보험자가 보험기간 중에 특정질병으로 수술을 받았을 때,30만원(수술1회당),"1,000만원","97,300 원","97,300 원",2.25 %,비갱신형,CM,2026-01-01,"1. 가입나이 : 만19세 ~ 87세 2. 가입한도 : 1,000만원 단일 3. 보험기간 : 1년만기 4. 판매채널 : CM 5. 위 보험료 및 보험가격지수 예시는 주계약 기본형 일반형, 40세, 1년만기, 연납, 주계약 가입금액 1,000만원기준입니다. 6. 온라인농업인NH안전보험은 일반1형 및 산재형만 가입가능하며, 특약은 부가할 수 없습니다.",1544-4000,file_15.xls,NH농협생명,온라인농업인NH안전보험(무배당),주계약,특정질병수술급여금,피보험자가 보험기간 중에 특정질병으로 수술을 받았을 때,30만원(수술1회당),"1,000만원",97300  원,"97,300  원",2.25 %,-,-,75.3 %,69.6 %,-,-,-,-,보험기간(1년 이하),순수보장,비갱신형,비유니버셜,CM,2026-01-01,"1. 가입나이 : 만19세 ~ 87세 2. 가입한도 : 1,000만원 단일 3. 보험기간 : 1년만기 4. 판매채널 : CM 5. 위 보험료 및 보험가격지수 예시는 주계약 기본형 일반형, 40세, 1년만기, 연납, 주계약 가입금액 1,000만원기준입니다. 6. 온라인농업인NH안전보험은 일반1형 및 산재형만 가입가능하며, 특약은 부가할 수 없습니다.",1544-4000,,,,
NH농협생명,온라인농업인NH안전보험(무배당) (월납),주계약,상해·질병치료급여금,피보험자가 보험기간 중에 농업작업안전재해 또는 농업작업안전질병으로 치료를 받았을 때,"- 입원 5,000만원 한도 - 통원 20만원, 처방 10만원 한도 - 도수치료 350만원, 주사료 250만원, MRI 300만원 한도","1,000만원","97,300 원","97,300 원",2.25 %,비갱신형,CM,2026-01-01,"1. 가입나이 : 만19세 ~ 87세 2. 가입한도 : 1,000만원 단일 3. 보험기간 : 1년만기 4. 판매채널 : CM 5. 위 보험료 및 보험가격지수 예시는 주계약 기본형 일반형, 40세, 1년만기, 연납, 주계약 가입금액 1,000만원기준입니다. 6. 온라인농업인NH안전보험은 일반1형 및 산재형만 가입가능하며, 특약은 부가할 수 없습니다.",1544-4000,file_15.xls,NH농협생명,온라인농업인NH안전보험(무배당),주계약,상해·질병치료급여금,피보험자가 보험기간 중에 농업작업안전재해 또는 농업작업안전질병으로 치료를 받았을 때,"- 입원 5,000만원 한도 - 통원 20만원, 처방 10만원 한도 - 도수치료 350만원, 주사료 250만원, MRI 300만원 한도","1,000만원",97300  원,"97,300  원",2.25 %,-,-,75.3 %,69.6 %,-,-,-,-,보험기간(1년 이하),순수보장,비갱신형,비유니버셜,CM,2026-01-01,"1. 가입나이 : 만19세 ~ 87세 2. 가입한도 : 1,000만원 단일 3. 보험기간 : 1년만기 4. 판매채널 : CM 5. 위 보험료 및 보험가격지수 예시는 주계약 기본형 일반형, 40세, 1년만기, 연납, 주계약 가입금액 1,000만원기준입니다. 6. 온라인농업인NH안전보험은 일반1형 및 산재형만 가입가능하며, 특약은 부가할 수 없습니다.",1544-4000,,,,
NH농협생명,농업인NH안전보험(무배당) (월납),주계약,유족급여금,피보험자가 보험기간 중에 농업작업안전재해 또는 농업작업안전질병으로 사망하였을 때,"6,000만원","1,000만원","97,300 원","97,300 원",2.25 %,비갱신형,방카슈랑스,2026-01-01,"1. 가입나이 : 만15세 ~ 87세 2. 가입한도 : 1,000만원 단일 3. 보험기간 : 1년만기 4. 판매채널 : 방카슈랑스(농·축협) 5. 위 보험료 및 보험가격지수 예시는 주계약 기본형 일반1형, 40세, 1년만기, 연납, 주계약 가입금액 1,000만원기준입니다. 6. 위 특약보험료 예시는 40세, 1년만기, 연납 기준이며, 농업인재해골절특약(무), 농업인깁스치료특약(무)의 경우 가입금액 10만원, 농업인장제비지원특약(무)의 경우 가입금액 100만원, 농업인재해사망특약(무)의 경우 가입금액 1,000만원 기준입니다.",1544-4000,file_15.xls,NH농협생명,농업인NH안전보험(무배당),주계약,유족급여금,피보험자가 보험기간 중에 농업작업안전재해 또는 농업작업안전질병으로 사망하였을 때,"6,000만원","1,000만원",97300  원,"97,300  원",2.25 %,-,-,75.3 %,69.6 %,-,-,-,-,보험기간(1년 이하),순수보장,비갱신형,비유니버셜,방카슈랑스,2026-01-01,"1. 가입나이 : 만15세 ~ 87세 2. 가입한도 : 1,000만원 단일 3. 보험기간 : 1년만기 4. 판매채널 : 방카슈랑스(농·축협) 5. 위 보험료 및 보험가격지수 예시는 주계약 기본형 일반1형, 40세, 1년만기, 연납, 주계약 가입금액 1,000만원기준입니다. 6. 위 특약보험료 예시는 40세, 1년만기, 연납 기준이며, 농업인재해골절특약(무), 농업인깁스치료특약(무)의 경우 가입금액 10만원, 농업인장제비지원특약(무)의 경우 가입금액 100만원, 농업인재해사망특약(무)의 경우 가입금액 1,000만원 기준입니다.",1544-4000,,,,
NH농협생명,농업인NH안전보험(무배당) (월납),주계약,장례비,피보험자가 보험기간 중에 농업작업안전재해 또는 농업작업안전질병으로 사망하였을 때,100만원,"1,000만원","97,300 원","97,300 원",2.25 %,비갱신형,방카슈랑스,2026-01-01,"1. 가입나이 : 만15세 ~ 87세 2. 가입한도 : 1,000만원 단일 3. 보험기간 : 1년만기 4. 판매채널 : 방카슈랑스(농·축협) 5. 위 보험료 및 보험가격지수 예시는 주계약 기본형 일반1형, 40세, 1년만기, 연납, 주계약 가입금액 1,000만원기준입니다. 6. 위 특약보험료 예시는 40세, 1년만기, 연납 기준이며, 농업인재해골절특약(무), 농업인깁스치료특약(무)의 경우 가입금액 10만원, 농업인장제비지원특약(무)의 경우 가입금액 100만원, 농업인재해사망특약(무)의 경우 가입금액 1,000만원 기준입니다.",1544-4000,file_15.xls,NH농협생명,농업인NH안전보험(무배당),주계약,장례비,피보험자가 보험기간 중에 농업작업안전재해 또는 농업작업안전질병으로 사망하였을 때,100만원,"1,000만원",97300  원,"97,300  원",2.25 %,-,-,75.3 %,69.6 %,-,-,-,-,보험기간(1년 이하),순수보장,비갱신형,비유니버셜,방카슈랑스,2026-01-01,"1. 가입나이 : 만15세 ~ 87세 2. 가입한도 : 1,000만원 단일 3. 보험기간 : 1년만기 4. 판매채널 : 방카슈랑스(농·축협) 5. 위 보험료 및 보험가격지수 예시는 주계약 기본형 일반1형, 40세, 1년만기, 연납, 주계약 가입금액 1,000만원기준입니다. 6. 위 특약보험료 예시는 40세, 1년만기, 연납 기준이며, 농업인재해골절특약(무), 농업인깁스치료특약(무)의 경우 가입금액 10만원, 농업인장제비지원특약(무)의 경우 가입금액 100만원, 농업인재해사망특약(무)의 경우 가입금액 1,000만원 기준입니다.",1544-4000,,,,
NH농협생명,농업인NH안전보험(무배당) (월납),주계약,고도장해급여금,피보험자가 보험기간 중에 동일한 농업작업안전재해 또는 동일한 농업작업안전질병으로 인하여 장해분류표 상의 여러 신체부위의 장해지급률을 더하여 80% 이상인 장해상태가 되었을 때(최초 1회 한),"5,000만원","1,000만원","97,300 원","97,300 원",2.25 %,비갱신형,방카슈랑스,2026-01-01,"1. 가입나이 : 만15세 ~ 87세 2. 가입한도 : 1,000만원 단일 3. 보험기간 : 1년만기 4. 판매채널 : 방카슈랑스(농·축협) 5. 위 보험료 및 보험가격지수 예시는 주계약 기본형 일반1형, 40세, 1년만기, 연납, 주계약 가입금액 1,000만원기준입니다. 6. 위 특약보험료 예시는 40세, 1년만기, 연납 기준이며, 농업인재해골절특약(무), 농업인깁스치료특약(무)의 경우 가입금액 10만원, 농업인장제비지원특약(무)의 경우 가입금액 100만원, 농업인재해사망특약(무)의 경우 가입금액 1,000만원 기준입니다.",1544-4000,file_15.xls,NH농협생명,농업인NH안전보험(무배당),주계약,고도장해급여금,피보험자가 보험기간 중에 동일한 농업작업안전재해 또는 동일한 농업작업안전질병으로 인하여 장해분류표 상의 여러 신체부위의 장해지급률을 더하여 80% 이상인 장해상태가 되었을 때(최초 1회 한),"5,000만원","1,000만원",97300  원,"97,300  원",2.25 %,-,-,75.3 %,69.6 %,-,-,-,-,보험기간(1년 이하),순수보장,비갱신형,비유니버셜,방카슈랑스,2026-01-01,"1. 가입나이 : 만15세 ~ 87세 2. 가입한도 : 1,000만원 단일 3. 보험기간 : 1년만기 4. 판매채널 : 방카슈랑스(농·축협) 5. 위 보험료 및 보험가격지수 예시는 주계약 기본형 일반1형, 40세, 1년만기, 연납, 주계약 가입금액 1,000만원기준입니다. 6. 위 특약보험료 예시는 40세, 1년만기, 연납 기준이며, 농업인재해골절특약(무), 농업인깁스치료특약(무)의 경우 가입금액 10만원, 농업인장제비지원특약(무)의 경우 가입금액 100만원, 농업인재해사망특약(무)의 경우 가입금액 1,000만원 기준입니다.",1544-4000,,,,
NH농협생명,농업인NH안전보험(무배당) (월납),주계약,재해장해급여금,피보험자가 보험기간 중에 농업작업안전재해로 인하여 장해분류표에서 정한 장해지급률 중 3%이상 80% 미만 장해상태가 되었을 때,"5,000만원 X 장해율","1,000만원","97,300 원","97,300 원",2.25 %,비갱신형,방카슈랑스,2026-01-01,"1. 가입나이 : 만15세 ~ 87세 2. 가입한도 : 1,000만원 단일 3. 보험기간 : 1년만기 4. 판매채널 : 방카슈랑스(농·축협) 5. 위 보험료 및 보험가격지수 예시는 주계약 기본형 일반1형, 40세, 1년만기, 연납, 주계약 가입금액 1,000만원기준입니다. 6. 위 특약보험료 예시는 40세, 1년만기, 연납 기준이며, 농업인재해골절특약(무), 농업인깁스치료특약(무)의 경우 가입금액 10만원, 농업인장제비지원특약(무)의 경우 가입금액 100만원, 농업인재해사망특약(무)의 경우 가입금액 1,000만원 기준입니다.",1544-4000,file_15.xls,NH농협생명,농업인NH안전보험(무배당),주계약,재해장해급여금,피보험자가 보험기간 중에 농업작업안전재해로 인하여 장해분류표에서 정한 장해지급률 중 3%이상 80% 미만 장해상태가 되었을 때,"5,000만원 X 장해율","1,000만원",97300  원,"97,300  원",2.25 %,-,-,75.3 %,69.6 %,-,-,-,-,보험기간(1년 이하),순수보장,비갱신형,비유니버셜,방카슈랑스,2026-01-01,"1. 가입나이 : 만15세 ~ 87세 2. 가입한도 : 1,000만원 단일 3. 보험기간 : 1년만기 4. 판매채널 : 방카슈랑스(농·축협) 5. 위 보험료 및 보험가격지수 예시는 주계약 기본형 일반1형, 40세, 1년만기, 연납, 주계약 가입금액 1,000만원기준입니다. 6. 위 특약보험료 예시는 40세, 1년만기, 연납 기준이며, 농업인재해골절특약(무), 농업인깁스치료특약(무)의 경우 가입금액 10만원, 농업인장제비지원특약(무)의 경우 가입금액 100만원, 농업인재해사망특약(무)의 경우 가입금액 1,000만원 기준입니다.",1544-4000,,,,
NH농협생명,농업인NH안전보험(무배당) (월납),주계약,간병급여금,피보험자가 보험기간 중에 동일한 농업작업안전재해로 인하여 장해분류표 상의 여러 신체부위의 장해지급률을 더하여 50% 이상인 장해상태가 되었을 때 또는 동일한 농업작업안전질병으로 인하여 장해분류표 상의 여러 신체부위의 장해지급률을 더하여 80% 이상인 장해상태가 되었을 때(각각 최초 1회 한),500만원,"1,000만원","97,300 원","97,300 원",2.25 %,비갱신형,방카슈랑스,2026-01-01,"1. 가입나이 : 만15세 ~ 87세 2. 가입한도 : 1,000만원 단일 3. 보험기간 : 1년만기 4. 판매채널 : 방카슈랑스(농·축협) 5. 위 보험료 및 보험가격지수 예시는 주계약 기본형 일반1형, 40세, 1년만기, 연납, 주계약 가입금액 1,000만원기준입니다. 6. 위 특약보험료 예시는 40세, 1년만기, 연납 기준이며, 농업인재해골절특약(무), 농업인깁스치료특약(무)의 경우 가입금액 10만원, 농업인장제비지원특약(무)의 경우 가입금액 100만원, 농업인재해사망특약(무)의 경우 가입금액 1,000만원 기준입니다.",1544-4000,file_15.xls,NH농협생명,농업인NH안전보험(무배당),주계약,간병급여금,피보험자가 보험기간 중에 동일한 농업작업안전재해로 인하여 장해분류표 상의 여러 신체부위의 장해지급률을 더하여 50% 이상인 장해상태가 되었을 때 또는 동일한 농업작업안전질병으로 인하여 장해분류표 상의 여러 신체부위의 장해지급률을 더하여 80% 이상인 장해상태가 되었을 때(각각 최초 1회 한),500만원,"1,000만원",97300  원,"97,300  원",2.25 %,-,-,75.3 %,69.6 %,-,-,-,-,보험기간(1년 이하),순수보장,비갱신형,비유니버셜,방카슈랑스,2026-01-01,"1. 가입나이 : 만15세 ~ 87세 2. 가입한도 : 1,000만원 단일 3. 보험기간 : 1년만기 4. 판매채널 : 방카슈랑스(농·축협) 5. 위 보험료 및 보험가격지수 예시는 주계약 기본형 일반1형, 40세, 1년만기, 연납, 주계약 가입금액 1,000만원기준입니다. 6. 위 특약보험료 예시는 40세, 1년만기, 연납 기준이며, 농업인재해골절특약(무), 농업인깁스치료특약(무)의 경우 가입금액 10만원, 농업인장제비지원특약(무)의 경우 가입금액 100만원, 농업인재해사망특약(무)의 경우 가입금액 1,000만원 기준입니다.",1544-4000,,,,
NH농협생명,농업인NH안전보험(무배당) (월납),주계약,휴업(입원)급여금,피보험자가 보험기간 중에 농업작업안전재해 또는 농업작업안전질병으로 인하여 그 치료를 직접목적으로 4일 이상 계속하여 입원하였을 때(1회 입원당 120일 한도),2만원(3일 초과 입원 1일당),"1,000만원","97,300 원","97,300 원",2.25 %,비갱신형,방카슈랑스,2026-01-01,"1. 가입나이 : 만15세 ~ 87세 2. 가입한도 : 1,000만원 단일 3. 보험기간 : 1년만기 4. 판매채널 : 방카슈랑스(농·축협) 5. 위 보험료 및 보험가격지수 예시는 주계약 기본형 일반1형, 40세, 1년만기, 연납, 주계약 가입금액 1,000만원기준입니다. 6. 위 특약보험료 예시는 40세, 1년만기, 연납 기준이며, 농업인재해골절특약(무), 농업인깁스치료특약(무)의 경우 가입금액 10만원, 농업인장제비지원특약(무)의 경우 가입금액 100만원, 농업인재해사망특약(무)의 경우 가입금액 1,000만원 기준입니다.",1544-4000,file_15.xls,NH농협생명,농업인NH안전보험(무배당),주계약,휴업(입원)급여금,피보험자가 보험기간 중에 농업작업안전재해 또는 농업작업안전질병으로 인하여 그 치료를 직접목적으로 4일 이상 계속하여 입원하였을 때(1회 입원당 120일 한도),2만원(3일 초과 입원 1일당),"1,000만원",97300  원,"97,300  원",2.25 %,-,-,75.3 %,69.6 %,-,-,-,-,보험기간(1년 이하),순수보장,비갱신형,비유니버셜,방카슈랑스,2026-01-01,"1. 가입나이 : 만15세 ~ 87세 2. 가입한도 : 1,000만원 단일 3. 보험기간 : 1년만기 4. 판매채널 : 방카슈랑스(농·축협) 5. 위 보험료 및 보험가격지수 예시는 주계약 기본형 일반1형, 40세, 1년만기, 연납, 주계약 가입금액 1,000만원기준입니다. 6. 위 특약보험료 예시는 40세, 1년만기, 연납 기준이며, 농업인재해골절특약(무), 농업인깁스치료특약(무)의 경우 가입금액 10만원, 농업인장제비지원특약(무)의 경우 가입금액 100만원, 농업인재해사망특약(무)의 경우 가입금액 1,000만원 기준입니다.",1544-4000,,,,
NH농협생명,농업인NH안전보험(무배당) (월납),주계약,재활급여금(고도장해),피보험자가 보험기간 중에 동일한 농업작업안전재해 또는 동일한 농업작업안전질병으로 인하여 장해분류표 상의 여러 신체부위의 장해지급률을 더하여 80% 이상인 장해상태가 되었을 때(최초 1회 한),500만원,"1,000만원","97,300 원","97,300 원",2.25 %,비갱신형,방카슈랑스,2026-01-01,"1. 가입나이 : 만15세 ~ 87세 2. 가입한도 : 1,000만원 단일 3. 보험기간 : 1년만기 4. 판매채널 : 방카슈랑스(농·축협) 5. 위 보험료 및 보험가격지수 예시는 주계약 기본형 일반1형, 40세, 1년만기, 연납, 주계약 가입금액 1,000만원기준입니다. 6. 위 특약보험료 예시는 40세, 1년만기, 연납 기준이며, 농업인재해골절특약(무), 농업인깁스치료특약(무)의 경우 가입금액 10만원, 농업인장제비지원특약(무)의 경우 가입금액 100만원, 농업인재해사망특약(무)의 경우 가입금액 1,000만원 기준입니다.",1544-4000,file_15.xls,NH농협생명,농업인NH안전보험(무배당),주계약,재활급여금(고도장해),피보험자가 보험기간 중에 동일한 농업작업안전재해 또는 동일한 농업작업안전질병으로 인하여 장해분류표 상의 여러 신체부위의 장해지급률을 더하여 80% 이상인 장해상태가 되었을 때(최초 1회 한),500만원,"1,000만원",97300  원,"97,300  원",2.25 %,-,-,75.3 %,69.6 %,-,-,-,-,보험기간(1년 이하),순수보장,비갱신형,비유니버셜,방카슈랑스,2026-01-01,"1. 가입나이 : 만15세 ~ 87세 2. 가입한도 : 1,000만원 단일 3. 보험기간 : 1년만기 4. 판매채널 : 방카슈랑스(농·축협) 5. 위 보험료 및 보험가격지수 예시는 주계약 기본형 일반1형, 40세, 1년만기, 연납, 주계약 가입금액 1,000만원기준입니다. 6. 위 특약보험료 예시는 40세, 1년만기, 연납 기준이며, 농업인재해골절특약(무), 농업인깁스치료특약(무)의 경우 가입금액 10만원, 농업인장제비지원특약(무)의 경우 가입금액 100만원, 농업인재해사망특약(무)의 경우 가입금액 1,000만원 기준입니다.",1544-4000,,,,
NH농협생명,농업인NH안전보험(무배당) (월납),주계약,재활급여금(재해장해),피보험자가 보험기간 중에 농업작업안전재해로 인하여 장해분류표에서 정한 장해지급률 중 3%이상 80% 미만 장해상태가 되었을 때,500만원 X 장해율,"1,000만원","97,300 원","97,300 원",2.25 %,비갱신형,방카슈랑스,2026-01-01,"1. 가입나이 : 만15세 ~ 87세 2. 가입한도 : 1,000만원 단일 3. 보험기간 : 1년만기 4. 판매채널 : 방카슈랑스(농·축협) 5. 위 보험료 및 보험가격지수 예시는 주계약 기본형 일반1형, 40세, 1년만기, 연납, 주계약 가입금액 1,000만원기준입니다. 6. 위 특약보험료 예시는 40세, 1년만기, 연납 기준이며, 농업인재해골절특약(무), 농업인깁스치료특약(무)의 경우 가입금액 10만원, 농업인장제비지원특약(무)의 경우 가입금액 100만원, 농업인재해사망특약(무)의 경우 가입금액 1,000만원 기준입니다.",1544-4000,file_15.xls,NH농협생명,농업인NH안전보험(무배당),주계약,재활급여금(재해장해),피보험자가 보험기간 중에 농업작업안전재해로 인하여 장해분류표에서 정한 장해지급률 중 3%이상 80% 미만 장해상태가 되었을 때,500만원 X 장해율,"1,000만원",97300  원,"97,300  원",2.25 %,-,-,75.3 %,69.6 %,-,-,-,-,보험기간(1년 이하),순수보장,비갱신형,비유니버셜,방카슈랑스,2026-01-01,"1. 가입나이 : 만15세 ~ 87세 2. 가입한도 : 1,000만원 단일 3. 보험기간 : 1년만기 4. 판매채널 : 방카슈랑스(농·축협) 5. 위 보험료 및 보험가격지수 예시는 주계약 기본형 일반1형, 40세, 1년만기, 연납, 주계약 가입금액 1,000만원기준입니다. 6. 위 특약보험료 예시는 40세, 1년만기, 연납 기준이며, 농업인재해골절특약(무), 농업인깁스치료특약(무)의 경우 가입금액 10만원, 농업인장제비지원특약(무)의 경우 가입금액 100만원, 농업인재해사망특약(무)의 경우 가입금액 1,000만원 기준입니다.",1544-4000,,,,
NH농협생명,농업인NH안전보험(무배당) (월납),주계약,특정감염병진단급여금,피보험자가 보험기간 중에 특정감염병으로 진단 확정되었을 때,30만원(진단1회당),"1,000만원","97,300 원","97,300 원",2.25 %,비갱신형,방카슈랑스,2026-01-01,"1. 가입나이 : 만15세 ~ 87세 2. 가입한도 : 1,000만원 단일 3. 보험기간 : 1년만기 4. 판매채널 : 방카슈랑스(농·축협) 5. 위 보험료 및 보험가격지수 예시는 주계약 기본형 일반1형, 40세, 1년만기, 연납, 주계약 가입금액 1,000만원기준입니다. 6. 위 특약보험료 예시는 40세, 1년만기, 연납 기준이며, 농업인재해골절특약(무), 농업인깁스치료특약(무)의 경우 가입금액 10만원, 농업인장제비지원특약(무)의 경우 가입금액 100만원, 농업인재해사망특약(무)의 경우 가입금액 1,000만원 기준입니다.",1544-4000,file_15.xls,NH농협생명,농업인NH안전보험(무배당),주계약,특정감염병진단급여금,피보험자가 보험기간 중에 특정감염병으로 진단 확정되었을 때,30만원(진단1회당),"1,000만원",97300  원,"97,300  원",2.25 %,-,-,75.3 %,69.6 %,-,-,-,-,보험기간(1년 이하),순수보장,비갱신형,비유니버셜,방카슈랑스,2026-01-01,"1. 가입나이 : 만15세 ~ 87세 2. 가입한도 : 1,000만원 단일 3. 보험기간 : 1년만기 4. 판매채널 : 방카슈랑스(농·축협) 5. 위 보험료 및 보험가격지수 예시는 주계약 기본형 일반1형, 40세, 1년만기, 연납, 주계약 가입금액 1,000만원기준입니다. 6. 위 특약보험료 예시는 40세, 1년만기, 연납 기준이며, 농업인재해골절특약(무), 농업인깁스치료특약(무)의 경우 가입금액 10만원, 농업인장제비지원특약(무)의 경우 가입금액 100만원, 농업인재해사망특약(무)의 경우 가입금액 1,000만원 기준입니다.",1544-4000,,,,
NH농협생명,농업인NH안전보험(무배당) (월납),주계약,특정질병수술급여금,피보험자가 보험기간 중에 특정질병으로 수술을 받았을 때,30만원(수술1회당),"1,000만원","97,300 원","97,300 원",2.25 %,비갱신형,방카슈랑스,2026-01-01,"1. 가입나이 : 만15세 ~ 87세 2. 가입한도 : 1,000만원 단일 3. 보험기간 : 1년만기 4. 판매채널 : 방카슈랑스(농·축협) 5. 위 보험료 및 보험가격지수 예시는 주계약 기본형 일반1형, 40세, 1년만기, 연납, 주계약 가입금액 1,000만원기준입니다. 6. 위 특약보험료 예시는 40세, 1년만기, 연납 기준이며, 농업인재해골절특약(무), 농업인깁스치료특약(무)의 경우 가입금액 10만원, 농업인장제비지원특약(무)의 경우 가입금액 100만원, 농업인재해사망특약(무)의 경우 가입금액 1,000만원 기준입니다.",1544-4000,file_15.xls,NH농협생명,농업인NH안전보험(무배당),주계약,특정질병수술급여금,피보험자가 보험기간 중에 특정질병으로 수술을 받았을 때,30만원(수술1회당),"1,000만원",97300  원,"97,300  원",2.25 %,-,-,75.3 %,69.6 %,-,-,-,-,보험기간(1년 이하),순수보장,비갱신형,비유니버셜,방카슈랑스,2026-01-01,"1. 가입나이 : 만15세 ~ 87세 2. 가입한도 : 1,000만원 단일 3. 보험기간 : 1년만기 4. 판매채널 : 방카슈랑스(농·축협) 5. 위 보험료 및 보험가격지수 예시는 주계약 기본형 일반1형, 40세, 1년만기, 연납, 주계약 가입금액 1,000만원기준입니다. 6. 위 특약보험료 예시는 40세, 1년만기, 연납 기준이며, 농업인재해골절특약(무), 농업인깁스치료특약(무)의 경우 가입금액 10만원, 농업인장제비지원특약(무)의 경우 가입금액 100만원, 농업인재해사망특약(무)의 경우 가입금액 1,000만원 기준입니다.",1544-4000,,,,
NH농협생명,농업인NH안전보험(무배당) (월납),주계약,상해·질병치료급여금,피보험자가 보험기간 중에 농업작업안전재해 또는 농업작업안전질병으로 치료를 받았을 때,"- 입원 5,000만원 한도 - 통원 20만원, 처방 10만원 한도 - 도수치료 350만원, 주사료 250만원, MRI 300만원 한도","1,000만원","97,300 원","97,300 원",2.25 %,비갱신형,방카슈랑스,2026-01-01,"1. 가입나이 : 만15세 ~ 87세 2. 가입한도 : 1,000만원 단일 3. 보험기간 : 1년만기 4. 판매채널 : 방카슈랑스(농·축협) 5. 위 보험료 및 보험가격지수 예시는 주계약 기본형 일반1형, 40세, 1년만기, 연납, 주계약 가입금액 1,000만원기준입니다. 6. 위 특약보험료 예시는 40세, 1년만기, 연납 기준이며, 농업인재해골절특약(무), 농업인깁스치료특약(무)의 경우 가입금액 10만원, 농업인장제비지원특약(무)의 경우 가입금액 100만원, 농업인재해사망특약(무)의 경우 가입금액 1,000만원 기준입니다.",1544-4000,file_15.xls,NH농협생명,농업인NH안전보험(무배당),주계약,상해·질병치료급여금,피보험자가 보험기간 중에 농업작업안전재해 또는 농업작업안전질병으로 치료를 받았을 때,"- 입원 5,000만원 한도 - 통원 20만원, 처방 10만원 한도 - 도수치료 350만원, 주사료 250만원, MRI 300만원 한도","1,000만원",97300  원,"97,300  원",2.25 %,-,-,75.3 %,69.6 %,-,-,-,-,보험기간(1년 이하),순수보장,비갱신형,비유니버셜,방카슈랑스,2026-01-01,"1. 가입나이 : 만15세 ~ 87세 2. 가입한도 : 1,000만원 단일 3. 보험기간 : 1년만기 4. 판매채널 : 방카슈랑스(농·축협) 5. 위 보험료 및 보험가격지수 예시는 주계약 기본형 일반1형, 40세, 1년만기, 연납, 주계약 가입금액 1,000만원기준입니다. 6. 위 특약보험료 예시는 40세, 1년만기, 연납 기준이며, 농업인재해골절특약(무), 농업인깁스치료특약(무)의 경우 가입금액 10만원, 농업인장제비지원특약(무)의 경우 가입금액 100만원, 농업인재해사망특약(무)의 경우 가입금액 1,000만원 기준입니다.",1544-4000,,,,
NH농협생명,농업인NH안전보험(무배당) (월납),특약,농업인재해골절특약(무),"""보험기간 중 재해를 원인으로 골절(치아파절 제외)이 발생한 때""",10만원,10만원,"5,300 원","5,300 원",2.25 %,비갱신형,방카슈랑스,2026-01-01,"1. 가입나이 : 만15세 ~ 87세 2. 가입한도 : 1,000만원 단일 3. 보험기간 : 1년만기 4. 판매채널 : 방카슈랑스(농·축협) 5. 위 보험료 및 보험가격지수 예시는 주계약 기본형 일반1형, 40세, 1년만기, 연납, 주계약 가입금액 1,000만원기준입니다. 6. 위 특약보험료 예시는 40세, 1년만기, 연납 기준이며, 농업인재해골절특약(무), 농업인깁스치료특약(무)의 경우 가입금액 10만원, 농업인장제비지원특약(무)의 경우 가입금액 100만원, 농업인재해사망특약(무)의 경우 가입금액 1,000만원 기준입니다.",1544-4000,file_15.xls,NH농협생명,농업인NH안전보험(무배당),특약,농업인재해골절특약(무),"""보험기간 중 재해를 원인으로 골절(치아파절 제외)이 발생한 때""",10만원,10만원,5300  원,"5,300  원",2.25 %,-,-,75.3 %,69.6 %,-,-,-,-,보험기간(1년 이하),순수보장,비갱신형,비유니버셜,방카슈랑스,2026-01-01,"1. 가입나이 : 만15세 ~ 87세 2. 가입한도 : 1,000만원 단일 3. 보험기간 : 1년만기 4. 판매채널 : 방카슈랑스(농·축협) 5. 위 보험료 및 보험가격지수 예시는 주계약 기본형 일반1형, 40세, 1년만기, 연납, 주계약 가입금액 1,000만원기준입니다. 6. 위 특약보험료 예시는 40세, 1년만기, 연납 기준이며, 농업인재해골절특약(무), 농업인깁스치료특약(무)의 경우 가입금액 10만원, 농업인장제비지원특약(무)의 경우 가입금액 100만원, 농업인재해사망특약(무)의 경우 가입금액 1,000만원 기준입니다.",1544-4000,,,,
NH농협생명,농업인NH안전보험(무배당) (월납),특약,농업인장제비지원특약(무),보험기간 중 사망시,100만원,100만원,"11,600 원","11,600 원",2.25 %,비갱신형,방카슈랑스,2026-01-01,"1. 가입나이 : 만15세 ~ 87세 2. 가입한도 : 1,000만원 단일 3. 보험기간 : 1년만기 4. 판매채널 : 방카슈랑스(농·축협) 5. 위 보험료 및 보험가격지수 예시는 주계약 기본형 일반1형, 40세, 1년만기, 연납, 주계약 가입금액 1,000만원기준입니다. 6. 위 특약보험료 예시는 40세, 1년만기, 연납 기준이며, 농업인재해골절특약(무), 농업인깁스치료특약(무)의 경우 가입금액 10만원, 농업인장제비지원특약(무)의 경우 가입금액 100만원, 농업인재해사망특약(무)의 경우 가입금액 1,000만원 기준입니다.",1544-4000,file_15.xls,NH농협생명,농업인NH안전보험(무배당),특약,농업인장제비지원특약(무),보험기간 중 사망시,100만원,100만원,11600  원,"11,600  원",2.25 %,-,-,75.3 %,69.6 %,-,-,-,-,보험기간(1년 이하),순수보장,비갱신형,비유니버셜,방카슈랑스,2026-01-01,"1. 가입나이 : 만15세 ~ 87세 2. 가입한도 : 1,000만원 단일 3. 보험기간 : 1년만기 4. 판매채널 : 방카슈랑스(농·축협) 5. 위 보험료 및 보험가격지수 예시는 주계약 기본형 일반1형, 40세, 1년만기, 연납, 주계약 가입금액 1,000만원기준입니다. 6. 위 특약보험료 예시는 40세, 1년만기, 연납 기준이며, 농업인재해골절특약(무), 농업인깁스치료특약(무)의 경우 가입금액 10만원, 농업인장제비지원특약(무)의 경우 가입금액 100만원, 농업인재해사망특약(무)의 경우 가입금액 1,000만원 기준입니다.",1544-4000,,,,
NH농협생명,농업인NH안전보험(무배당) (월납),특약,농업인재해사망특약(무),보험기간 중 재해로 사망시,"1,000만원","1,000만원","11,400 원","11,400 원",2.25 %,비갱신형,방카슈랑스,2026-01-01,"1. 가입나이 : 만15세 ~ 87세 2. 가입한도 : 1,000만원 단일 3. 보험기간 : 1년만기 4. 판매채널 : 방카슈랑스(농·축협) 5. 위 보험료 및 보험가격지수 예시는 주계약 기본형 일반1형, 40세, 1년만기, 연납, 주계약 가입금액 1,000만원기준입니다. 6. 위 특약보험료 예시는 40세, 1년만기, 연납 기준이며, 농업인재해골절특약(무), 농업인깁스치료특약(무)의 경우 가입금액 10만원, 농업인장제비지원특약(무)의 경우 가입금액 100만원, 농업인재해사망특약(무)의 경우 가입금액 1,000만원 기준입니다.",1544-4000,file_15.xls,NH농협생명,농업인NH안전보험(무배당),특약,농업인재해사망특약(무),보험기간 중 재해로 사망시,"1,000만원","1,000만원",11400  원,"11,400  원",2.25 %,-,-,75.3 %,69.6 %,-,-,-,-,보험기간(1년 이하),순수보장,비갱신형,비유니버셜,방카슈랑스,2026-01-01,"1. 가입나이 : 만15세 ~ 87세 2. 가입한도 : 1,000만원 단일 3. 보험기간 : 1년만기 4. 판매채널 : 방카슈랑스(농·축협) 5. 위 보험료 및 보험가격지수 예시는 주계약 기본형 일반1형, 40세, 1년만기, 연납, 주계약 가입금액 1,000만원기준입니다. 6. 위 특약보험료 예시는 40세, 1년만기, 연납 기준이며, 농업인재해골절특약(무), 농업인깁스치료특약(무)의 경우 가입금액 10만원, 농업인장제비지원특약(무)의 경우 가입금액 100만원, 농업인재해사망특약(무)의 경우 가입금액 1,000만원 기준입니다.",1544-4000,,,,
NH농협생명,농업인NH안전보험(무배당) (월납),특약,농업인깁스치료특약(무),보험기간 중 ‘깁스(Cast)’치료를 받은 때,10만원,10만원,"1,700 원","1,700 원",2.25 %,비갱신형,방카슈랑스,2026-01-01,"1. 가입나이 : 만15세 ~ 87세 2. 가입한도 : 1,000만원 단일 3. 보험기간 : 1년만기 4. 판매채널 : 방카슈랑스(농·축협) 5. 위 보험료 및 보험가격지수 예시는 주계약 기본형 일반1형, 40세, 1년만기, 연납, 주계약 가입금액 1,000만원기준입니다. 6. 위 특약보험료 예시는 40세, 1년만기, 연납 기준이며, 농업인재해골절특약(무), 농업인깁스치료특약(무)의 경우 가입금액 10만원, 농업인장제비지원특약(무)의 경우 가입금액 100만원, 농업인재해사망특약(무)의 경우 가입금액 1,000만원 기준입니다.",1544-4000,file_15.xls,NH농협생명,농업인NH안전보험(무배당),특약,농업인깁스치료특약(무),보험기간 중 ‘깁스(Cast)’치료를 받은 때,10만원,10만원,1700  원,"1,700  원",2.25 %,-,-,75.3 %,69.6 %,-,-,-,-,보험기간(1년 이하),순수보장,비갱신형,비유니버셜,방카슈랑스,2026-01-01,"1. 가입나이 : 만15세 ~ 87세 2. 가입한도 : 1,000만원 단일 3. 보험기간 : 1년만기 4. 판매채널 : 방카슈랑스(농·축협) 5. 위 보험료 및 보험가격지수 예시는 주계약 기본형 일반1형, 40세, 1년만기, 연납, 주계약 가입금액 1,000만원기준입니다. 6. 위 특약보험료 예시는 40세, 1년만기, 연납 기준이며, 농업인재해골절특약(무), 농업인깁스치료특약(무)의 경우 가입금액 10만원, 농업인장제비지원특약(무)의 경우 가입금액 100만원, 농업인재해사망특약(무)의 경우 가입금액 1,000만원 기준입니다.",1544-4000,,,,
주계약,재해사망보험금 (월납),주계약,재해사망보험금,피보험자가 보험기간 중 재해 분류표에서 정한 재해를 원인으로 사망하였을 때,6억원,"3,000만원","507,000 원","270,900 원",3.00 %,비갱신형,방카슈랑스,2026-04-01,"1. 가입나이 : 만 19세 ~ 최대 65세 2. 보험기간 : 90세/100세/110세만기 3. 보험료 예시 기준 : 보험가입금액 3,000만원, 40세, 90세만기, 20년납, 월납 4. 보험료 납입기간 : 5년/7년/10년/15년/20년납 5. 보험료 납입주기 : 월납 6. 가입한도 : 보험가입금액 최저 10만원 ~ 최고 7,000만원 7. 보험가격지수 : 보험가입금액 3,000만원, 40세, 90세만기, 20년납, 월납 8. 적용이율 : 10년 이하 연 복리 3.00%, 10년 초과 연 복리 1.5%",1566-0999,file_15.xls,교보라이프플래닛생명,"(무)교보라플안심보험(상해보장형, 해약환급금 일부지급형)",주계약,재해사망보험금,피보험자가 보험기간 중 재해 분류표에서 정한 재해를 원인으로 사망하였을 때,6억원,"3,000만원",507000  원,"270,900  원",3.00 %,-,-,122.3 %,117.2 %,-,-,-,-,보험기간(1년 초과),무해지/저해지환급,비갱신형,비유니버셜,방카슈랑스,2026-04-01,"1. 가입나이 : 만 19세 ~ 최대 65세 2. 보험기간 : 90세/100세/110세만기 3. 보험료 예시 기준 : 보험가입금액 3,000만원, 40세, 90세만기, 20년납, 월납 4. 보험료 납입기간 : 5년/7년/10년/15년/20년납 5. 보험료 납입주기 : 월납 6. 가입한도 : 보험가입금액 최저 10만원 ~ 최고 7,000만원 7. 보험가격지수 : 보험가입금액 3,000만원, 40세, 90세만기, 20년납, 월납 8. 적용이율 : 10년 이하 연 복리 3.00%, 10년 초과 연 복리 1.5%",1566-0999,,,,
주계약,안심보장플러스 재해사망보험금 (월납),주계약,안심보장플러스 재해사망보험금,피보험자가 안심보장플러스 보험기간 중 안심보장플러스 보장개시일 이후에 재해 분류표에서 정한 재해를 원인으로 사망하였을 때,안심보장플러스 보장금액의 100%,"3,000만원","507,000 원","270,900 원",3.00 %,비갱신형,방카슈랑스,2026-04-01,"1. 가입나이 : 만 19세 ~ 최대 65세 2. 보험기간 : 90세/100세/110세만기 3. 보험료 예시 기준 : 보험가입금액 3,000만원, 40세, 90세만기, 20년납, 월납 4. 보험료 납입기간 : 5년/7년/10년/15년/20년납 5. 보험료 납입주기 : 월납 6. 가입한도 : 보험가입금액 최저 10만원 ~ 최고 7,000만원 7. 보험가격지수 : 보험가입금액 3,000만원, 40세, 90세만기, 20년납, 월납 8. 적용이율 : 10년 이하 연 복리 3.00%, 10년 초과 연 복리 1.5%",1566-0999,file_15.xls,교보라이프플래닛생명,"(무)교보라플안심보험(상해보장형, 해약환급금 일부지급형)",주계약,안심보장플러스 재해사망보험금,피보험자가 안심보장플러스 보험기간 중 안심보장플러스 보장개시일 이후에 재해 분류표에서 정한 재해를 원인으로 사망하였을 때,안심보장플러스 보장금액의 100%,"3,000만원",507000  원,"270,900  원",3.00 %,-,-,122.3 %,117.2 %,-,-,-,-,보험기간(1년 초과),무해지/저해지환급,비갱신형,비유니버셜,방카슈랑스,2026-04-01,"1. 가입나이 : 만 19세 ~ 최대 65세 2. 보험기간 : 90세/100세/110세만기 3. 보험료 예시 기준 : 보험가입금액 3,000만원, 40세, 90세만기, 20년납, 월납 4. 보험료 납입기간 : 5년/7년/10년/15년/20년납 5. 보험료 납입주기 : 월납 6. 가입한도 : 보험가입금액 최저 10만원 ~ 최고 7,000만원 7. 보험가격지수 : 보험가입금액 3,000만원, 40세, 90세만기, 20년납, 월납 8. 적용이율 : 10년 이하 연 복리 3.00%, 10년 초과 연 복리 1.5%",1566-0999,,,,
교보라이프플래닛,"(무)교보라플안심보험(상해보장형, 표준형) (월납)",주계약,재해사망보험금,피보험자가 보험기간 중 재해 분류표에서 정한 재해를 원인으로 사망하였을 때,6억원,"3,000만원","528,000 원","282,000 원",3.00 %,비갱신형,방카슈랑스,2026-04-01,"1. 가입나이 : 만 19세 ~ 최대 65세 2. 보험기간 : 90세/100세/110세만기 3. 보험료 예시 기준 : 보험가입금액 3,000만원, 40세, 90세만기, 20년납, 월납 4. 보험료 납입기간 : 5년/7년/10년/15년/20년납 5. 보험료 납입주기 : 월납 6. 가입한도 : 보험가입금액 최저 10만원 ~ 최고 7,000만원 7. 보험가격지수 : 보험가입금액 3,000만원, 40세, 90세만기, 20년납, 월납 8. 적용이율 : 10년 이하 연 복리 3.00%, 10년 초과 연 복리 1.5%",1566-0999,file_15.xls,교보라이프플래닛생명,"(무)교보라플안심보험(상해보장형, 표준형)",주계약,재해사망보험금,피보험자가 보험기간 중 재해 분류표에서 정한 재해를 원인으로 사망하였을 때,6억원,"3,000만원",528000  원,"282,000  원",3.00 %,-,-,109.9 %,1043.9 %,-,-,-,-,보험기간(1년 초과),순수보장,비갱신형,비유니버셜,방카슈랑스,2026-04-01,"1. 가입나이 : 만 19세 ~ 최대 65세 2. 보험기간 : 90세/100세/110세만기 3. 보험료 예시 기준 : 보험가입금액 3,000만원, 40세, 90세만기, 20년납, 월납 4. 보험료 납입기간 : 5년/7년/10년/15년/20년납 5. 보험료 납입주기 : 월납 6. 가입한도 : 보험가입금액 최저 10만원 ~ 최고 7,000만원 7. 보험가격지수 : 보험가입금액 3,000만원, 40세, 90세만기, 20년납, 월납 8. 적용이율 : 10년 이하 연 복리 3.00%, 10년 초과 연 복리 1.5%",1566-0999,,,,
교보라이프플래닛,"(무)교보라플안심보험(상해보장형, 표준형) (월납)",주계약,고도장해보험금,"피보험자가 보험기간 중 보장개시일 이후 동일한 재해 또는 재해 이외의 동일한 원 인으로 인하여 장해분류표 중 여러 신체부 위의 장해지급률을 더하여 80%이상인 장 해상태가 되었을 때 (다만, 최초 1 회에 한함)","9억원 (다만, 가입 후 1년 미만에 재해 이외 의 동일한 원인으로 80%이상인 장해 상태가 되었을 경우 4억 5천만원 지급)","3,000만원","528,000 원","282,000 원",3.00 %,비갱신형,방카슈랑스,2026-04-01,"1. 가입나이 : 만 19세 ~ 최대 65세 2. 보험기간 : 90세/100세/110세만기 3. 보험료 예시 기준 : 보험가입금액 3,000만원, 40세, 90세만기, 20년납, 월납 4. 보험료 납입기간 : 5년/7년/10년/15년/20년납 5. 보험료 납입주기 : 월납 6. 가입한도 : 보험가입금액 최저 10만원 ~ 최고 7,000만원 7. 보험가격지수 : 보험가입금액 3,000만원, 40세, 90세만기, 20년납, 월납 8. 적용이율 : 10년 이하 연 복리 3.00%, 10년 초과 연 복리 1.5%",1566-0999,file_15.xls,교보라이프플래닛생명,"(무)교보라플안심보험(상해보장형, 표준형)",주계약,고도장해보험금,"피보험자가 보험기간 중 보장개시일 이후 동일한 재해 또는 재해 이외의 동일한 원 인으로 인하여 장해분류표 중 여러 신체부 위의 장해지급률을 더하여 80%이상인 장 해상태가 되었을 때 (다만, 최초 1 회에 한함)","9억원 (다만, 가입 후 1년 미만에 재해 이외 의 동일한 원인으로 80%이상인 장해 상태가 되었을 경우 4억 5천만원 지급)","3,000만원",528000  원,"282,000  원",3.00 %,-,-,109.9 %,1043.9 %,-,-,-,-,보험기간(1년 초과),순수보장,비갱신형,비유니버셜,방카슈랑스,2026-04-01,"1. 가입나이 : 만 19세 ~ 최대 65세 2. 보험기간 : 90세/100세/110세만기 3. 보험료 예시 기준 : 보험가입금액 3,000만원, 40세, 90세만기, 20년납, 월납 4. 보험료 납입기간 : 5년/7년/10년/15년/20년납 5. 보험료 납입주기 : 월납 6. 가입한도 : 보험가입금액 최저 10만원 ~ 최고 7,000만원 7. 보험가격지수 : 보험가입금액 3,000만원, 40세, 90세만기, 20년납, 월납 8. 적용이율 : 10년 이하 연 복리 3.00%, 10년 초과 연 복리 1.5%",1566-0999,,,,
교보라이프플래닛,"(무)교보라플안심보험(상해보장형, 표준형) (월납)",주계약,안심보장플러스 재해사망보험금,피보험자가 안심보장플러스 보험기간 중 안심보장플러스 보장개시일 이후에 재해 분류표에서 정한 재해를 원인으로 사망하였을 때,안심보장플러스 보장금액의 100%,"3,000만원","528,000 원","282,000 원",3.00 %,비갱신형,방카슈랑스,2026-04-01,"1. 가입나이 : 만 19세 ~ 최대 65세 2. 보험기간 : 90세/100세/110세만기 3. 보험료 예시 기준 : 보험가입금액 3,000만원, 40세, 90세만기, 20년납, 월납 4. 보험료 납입기간 : 5년/7년/10년/15년/20년납 5. 보험료 납입주기 : 월납 6. 가입한도 : 보험가입금액 최저 10만원 ~ 최고 7,000만원 7. 보험가격지수 : 보험가입금액 3,000만원, 40세, 90세만기, 20년납, 월납 8. 적용이율 : 10년 이하 연 복리 3.00%, 10년 초과 연 복리 1.5%",1566-0999,file_15.xls,교보라이프플래닛생명,"(무)교보라플안심보험(상해보장형, 표준형)",주계약,안심보장플러스 재해사망보험금,피보험자가 안심보장플러스 보험기간 중 안심보장플러스 보장개시일 이후에 재해 분류표에서 정한 재해를 원인으로 사망하였을 때,안심보장플러스 보장금액의 100%,"3,000만원",528000  원,"282,000  원",3.00 %,-,-,109.9 %,1043.9 %,-,-,-,-,보험기간(1년 초과),순수보장,비갱신형,비유니버셜,방카슈랑스,2026-04-01,"1. 가입나이 : 만 19세 ~ 최대 65세 2. 보험기간 : 90세/100세/110세만기 3. 보험료 예시 기준 : 보험가입금액 3,000만원, 40세, 90세만기, 20년납, 월납 4. 보험료 납입기간 : 5년/7년/10년/15년/20년납 5. 보험료 납입주기 : 월납 6. 가입한도 : 보험가입금액 최저 10만원 ~ 최고 7,000만원 7. 보험가격지수 : 보험가입금액 3,000만원, 40세, 90세만기, 20년납, 월납 8. 적용이율 : 10년 이하 연 복리 3.00%, 10년 초과 연 복리 1.5%",1566-0999,,,,
신한라이프생명,신한SOL다치면속상해보험 mini(무배당) (월납),주계약,재해수술급여금,보험기간 중 피보험자가 재해로 인한 그 직접적인 치료를 목적으로 보험기간 중 수술을 받았을 때(수 술 1회당),【수술 1회당】 10 만원,"1,000 만원 원","12,600 원","8,650 원",2.10 %,비유니버셜,2026-01-01,"1. 보험기간 : 1년/3년 2. 보험형태 : 순수보장형 3. 가입나이 : 15세~70세(디지털채널:19세~ 60세) 4. 1년,3년만기/일시납 으로 운영 5. 보험료 및 보험가격지수 예시 기준 : 가입금액 1,000만원, 1년만기, 일시납, 40세",1588-5580,,file_19.xls,신한라이프생명,신한SOL다치면속상해보험 mini(무배당),주계약,재해수술급여금,보험기간 중 피보험자가 재해로 인한 그 직접적인 치료를 목적으로 보험기간 중 수술을 받았을 때(수 술 1회당),【수술 1회당】 10 만원,"1,000 만원 원",12600  원,"8,650  원",2.10 %,-,-,129.0 %,118.6 %,-,-,-,-,순수보장,비갱신형,비유니버셜,대면채널  CM,2026-01-01,"1. 보험기간 : 1년/3년 2. 보험형태 : 순수보장형 3. 가입나이 : 15세~70세(디지털채널:19세~ 60세) 4. 1년,3년만기/일시납 으로 운영 5. 보험료 및 보험가격지수 예시 기준 : 가입금액 1,000만원, 1년만기, 일시납, 40세",1588-5580,,,,,
신한라이프생명,신한SOL다치면속상해보험 mini(무배당) (월납),주계약,재해골절치료급여금,보험기간 중 피보험자에게 재해가 발생하고 그 재 해를 직접적인 원인으로 보험기간 중 재해골절(치 아파절 제외)로 진단이 확정되었을 때,【골절 1회당】 10 만원,"1,000 만원 원","12,600 원","8,650 원",2.10 %,비유니버셜,2026-01-01,"1. 보험기간 : 1년/3년 2. 보험형태 : 순수보장형 3. 가입나이 : 15세~70세(디지털채널:19세~ 60세) 4. 1년,3년만기/일시납 으로 운영 5. 보험료 및 보험가격지수 예시 기준 : 가입금액 1,000만원, 1년만기, 일시납, 40세",1588-5580,,file_19.xls,신한라이프생명,신한SOL다치면속상해보험 mini(무배당),주계약,재해골절치료급여금,보험기간 중 피보험자에게 재해가 발생하고 그 재 해를 직접적인 원인으로 보험기간 중 재해골절(치 아파절 제외)로 진단이 확정되었을 때,【골절 1회당】 10 만원,"1,000 만원 원",12600  원,"8,650  원",2.10 %,-,-,129.0 %,118.6 %,-,-,-,-,순수보장,비갱신형,비유니버셜,대면채널  CM,2026-01-01,"1. 보험기간 : 1년/3년 2. 보험형태 : 순수보장형 3. 가입나이 : 15세~70세(디지털채널:19세~ 60세) 4. 1년,3년만기/일시납 으로 운영 5. 보험료 및 보험가격지수 예시 기준 : 가입금액 1,000만원, 1년만기, 일시납, 40세",1588-5580,,,,,
신한라이프생명,신한SOL다치면속상해보험 mini(무배당) (월납),주계약,첫날부터재해입원급여금,"보험기간 중 피보험자에게 재해로 인한 그 직접적 인 치료를 목적으로 보험기간 중 1일 이상 계속 입원하였을 때(다만, 1회 입원당 10일 한도)",【입원일수 1일당】 1 만원,"1,000 만원 원","12,600 원","8,650 원",2.10 %,비유니버셜,2026-01-01,"1. 보험기간 : 1년/3년 2. 보험형태 : 순수보장형 3. 가입나이 : 15세~70세(디지털채널:19세~ 60세) 4. 1년,3년만기/일시납 으로 운영 5. 보험료 및 보험가격지수 예시 기준 : 가입금액 1,000만원, 1년만기, 일시납, 40세",1588-5580,,file_19.xls,신한라이프생명,신한SOL다치면속상해보험 mini(무배당),주계약,첫날부터재해입원급여금,"보험기간 중 피보험자에게 재해로 인한 그 직접적 인 치료를 목적으로 보험기간 중 1일 이상 계속 입원하였을 때(다만, 1회 입원당 10일 한도)",【입원일수 1일당】 1 만원,"1,000 만원 원",12600  원,"8,650  원",2.10 %,-,-,129.0 %,118.6 %,-,-,-,-,순수보장,비갱신형,비유니버셜,대면채널  CM,2026-01-01,"1. 보험기간 : 1년/3년 2. 보험형태 : 순수보장형 3. 가입나이 : 15세~70세(디지털채널:19세~ 60세) 4. 1년,3년만기/일시납 으로 운영 5. 보험료 및 보험가격지수 예시 기준 : 가입금액 1,000만원, 1년만기, 일시납, 40세",1588-5580,,,,,
특약,재해장해특약 무배당 (월납),특약,재해장해특약 무배당,피보험자가 보험기간 중 발생한 재해를 원인으로 장해분류표에서 정한 각 장해지급률 중 3%이상 100%이하에 해당하는 장해상태가 되었을 때,"1,000만원 × 장해지급률","1,000만원","3,710 원","3,240 원",2.25 %,-,-,-,비갱신형,비유니버셜,file_20.xls,iM라이프,THE당당한인생종신보험S 무배당 2601 (해약환급금 일부지급형),특약,재해장해특약 무배당,피보험자가 보험기간 중 발생한 재해를 원인으로 장해분류표에서 정한 각 장해지급률 중 3%이상 100%이하에 해당하는 장해상태가 되었을 때,"1,000만원 × 장해지급률","1,000만원",3710  원,"3,240  원",2.25 %,-,-,159.3 %,170 %,-,-,-,-,체증형,무해지/저해지환급,-,-,-,-,비갱신형,비유니버셜,대면채널,2026-01-01,"1. 가입나이: 만15세 ~ 최고 70세 ※성별 및 납입기간별로 상이 2. 보험기간: 종신 3. 납입기간: 5/7년납 4. 보험료 및 보험가격지수 예시 기준: 40세, 종신, 7년납, 월납, 가입금액 1억원 기준 5. 선택특약 예시 기준  - 납입보험료환급특약 무배당: 40세, 7년만기, 7년납, 월납, 가입금액 주계약 보험료 기준  - 재해장해특약 무배당: 40세, 80세만기, 5년납, 월납, 가입금액 1,000만원 기준  - 재해사망특약 무배당: 40세, 80세만기, 7년납, 월납, 가입금액 1,000만원 기준 6. 적용이율: 10년이내 연복리 2.25%, 10년초과 연복리 1.0%",1588-4770
특약,재해사망특약 무배당 (월납),특약,재해사망특약 무배당,피보험자가 보험기간 중 재해로 인하여 사망하였을 때,"1,000만원","1,000만원","2,530 원","1,160 원",2.25 %,-,-,-,비갱신형,비유니버셜,file_20.xls,iM라이프,THE당당한인생종신보험S 무배당 2601 (해약환급금 일부지급형),특약,재해사망특약 무배당,피보험자가 보험기간 중 재해로 인하여 사망하였을 때,"1,000만원","1,000만원",2530  원,"1,160  원",2.25 %,-,-,159.3 %,170 %,-,-,-,-,체증형,무해지/저해지환급,-,-,-,-,비갱신형,비유니버셜,대면채널,2026-01-01,"1. 가입나이: 만15세 ~ 최고 70세 ※성별 및 납입기간별로 상이 2. 보험기간: 종신 3. 납입기간: 5/7년납 4. 보험료 및 보험가격지수 예시 기준: 40세, 종신, 7년납, 월납, 가입금액 1억원 기준 5. 선택특약 예시 기준  - 납입보험료환급특약 무배당: 40세, 7년만기, 7년납, 월납, 가입금액 주계약 보험료 기준  - 재해장해특약 무배당: 40세, 80세만기, 5년납, 월납, 가입금액 1,000만원 기준  - 재해사망특약 무배당: 40세, 80세만기, 7년납, 월납, 가입금액 1,000만원 기준 6. 적용이율: 10년이내 연복리 2.25%, 10년초과 연복리 1.0%",1588-4770
특약,재해사망특약 무배당 (월납),주계약,사망보험금,피보험자가 보험기간 중 사망하였을 경우,"계약일부터 1년경과시점 계약해당일 전일까지 : 10,000만원(다만, 계약일부터 2년 미만에 재해 이외의 원인으로 사망시 상기금액의 50%감액 지급) / 1년경과시점 계약해당일부터 61년경과시점 계약해당일 전일까지 : 10,000만원 + 1년경과시점 계약해당일부터 매년 계약해당일에 ‘1,000만원’만큼 더한 금액 (다만, 계약일부터 2년 미만에 재해 이외의 원인으로 사망시 상기금액의 50%감액 지급)/ 61년경과시점 계약해당일 이후 : 70,000만원","10,000만원","1,269,000 원","1,272,000 원",2.50 %,-,-,-,비갱신형,비유니버셜,file_20.xls,iM라이프,iM Plus세븐UP골드간편종신보험 무배당 2601 (해약환급금 일부지급형),주계약,사망보험금,피보험자가 보험기간 중 사망하였을 경우,"계약일부터 1년경과시점 계약해당일 전일까지 : 10,000만원(다만, 계약일부터 2년 미만에 재해 이외의 원인으로 사망시 상기금액의 50%감액 지급) / 1년경과시점 계약해당일부터 61년경과시점 계약해당일 전일까지 : 10,000만원 + 1년경과시점 계약해당일부터 매년 계약해당일에 ‘1,000만원’만큼 더한 금액 (다만, 계약일부터 2년 미만에 재해 이외의 원인으로 사망시 상기금액의 50%감액 지급)/ 61년경과시점 계약해당일 이후 : 70,000만원","10,000만원",1269000  원,"1,272,000  원",2.50 %,-,-,104.9 %,108.9 %,-,-,-,-,체증형,무해지/저해지환급,-,-,-,-,비갱신형,비유니버셜,대면채널,2026-01-01,"1. 가입나이: 만15세 ~ 최고63세 ※ 성별별로 상이 2. 보험기간: 종신 3. 납입기간: 20년납 4. 보험료 및 보험가격지수 예시 기준: 40세, 종신, 20년납, 월납, 가입금액 1억원 5. 선택특약 예시 기준: 41세, 10년만기, 전기납, 월납, 가입금액 1천만원(단, 간편든든소액암진단특약 무배당은 500만원) 6. 적용이율 : 10년이내 연복리 2.50%, 10년초과 연복리 1.50%",1588-4770
특약,무배당 재해사망특약I (월납),특약,무배당 재해사망특약I,피보험자가 보험기간 중 재해로 인하여 사망하였을 때,"1,000만원","1,000만원",410 원,130 원,2.70 %,-,-,-,비갱신형,비유니버셜,file_21.xls,KB라이프생명,KB 경영인정기보험III 무배당(해약환급금 일부지급형)(일반심사형),특약,무배당 재해사망특약I,피보험자가 보험기간 중 재해로 인하여 사망하였을 때,"1,000만원","1,000만원",410  원,130  원,2.70 %,-,-,133.6 %,168.8 %,-,-,-,-,체증형,순수보장,-,-,-,-,비갱신형,비유니버셜,대면채널,2026-01-01,"1. 가입나이 : 남자(23~70세), 여자(24~70세) 2. 보험기간 : 90세만기 3. 납입기간 : 전기납 4. 가입금액 : 5천만원 ~ 5. 보험료(주계약) 기준 : 40세, 가입금액 1억원, 90세만기, 전기납, 월납 기준 6. 보험료(특약) 기준 : 40세, 80세만기, 전기납, 월납, 특약가입금액 1,000만원 7. 보험가격지수 예시기준 : 40세, 가입금액 1억원, 90세만기, 전기납, 월납 기준 8. 적용이율 : 10년이내 연복리 2.70%, 10년초과 연복리 1.00%",1588-3374
특약,무배당 재해장해보장특약I (월납),특약,무배당 재해장해보장특약I,피보험자가 보험기간 중 재해로 인하여 장해분류표에서 정한 장해지급률 중 3%이상이며 100%이하에 해당하는 장해상태가 되었을 때,"1,000만원 x 장해지급률","1,000만원",430 원,350 원,2.70 %,-,-,-,비갱신형,비유니버셜,file_21.xls,KB라이프생명,KB 경영인정기보험III 무배당(해약환급금 일부지급형)(일반심사형),특약,무배당 재해장해보장특약I,피보험자가 보험기간 중 재해로 인하여 장해분류표에서 정한 장해지급률 중 3%이상이며 100%이하에 해당하는 장해상태가 되었을 때,"1,000만원 x 장해지급률","1,000만원",430  원,350  원,2.70 %,-,-,133.6 %,168.8 %,-,-,-,-,체증형,순수보장,-,-,-,-,비갱신형,비유니버셜,대면채널,2026-01-01,"1. 가입나이 : 남자(23~70세), 여자(24~70세) 2. 보험기간 : 90세만기 3. 납입기간 : 전기납 4. 가입금액 : 5천만원 ~ 5. 보험료(주계약) 기준 : 40세, 가입금액 1억원, 90세만기, 전기납, 월납 기준 6. 보험료(특약) 기준 : 40세, 80세만기, 전기납, 월납, 특약가입금액 1,000만원 7. 보험가격지수 예시기준 : 40세, 가입금액 1억원, 90세만기, 전기납, 월납 기준 8. 적용이율 : 10년이내 연복리 2.70%, 10년초과 연복리 1.00%",1588-3374
교보생명,교보e상해케어보험 23.11 (무배당) (월납),주계약,강력범죄위로금,피보험자가 보험기간 중 “강력범죄”를 직접적인 원인으로 “신체피해로 전치 1개월을 초과하는 상해”가 발생하였을 경우 (동일사고에 의한 경우 1회에 한함),300만원(사고 1회당),"1,000만원","1,100 원",710 원,2.00 %,비갱신형,CM,2026-01-01,"■필수기재사항 1. 가입나이 : 20 ~ 60세 2. 보험기간 : 1년 3. 납입기간 : 전기납 ■선택기재사항 1. 보험료 예시기준 : 보험가입금액 1,000만원, 40세, 1년만기, 전기납, 월납",1588-1001,file_22.xls,교보생명,교보e상해케어보험 23.11 (무배당),주계약,강력범죄위로금,피보험자가 보험기간 중 “강력범죄”를 직접적인 원인으로 “신체피해로 전치 1개월을 초과하는 상해”가 발생하였을 경우 (동일사고에 의한 경우 1회에 한함),300만원(사고 1회당),"1,000만원",1100  원,710  원,2.00 %,-,-,92.5 %,85.6 %,-,-,-,-,기타,순수보장,비갱신형,비유니버셜,CM,2026-01-01,"■필수기재사항 1. 가입나이 : 20 ~ 60세 2. 보험기간 : 1년 3. 납입기간 : 전기납 ■선택기재사항 1. 보험료 예시기준 : 보험가입금액 1,000만원, 40세, 1년만기, 전기납, 월납",1588-1001,,,,
교보생명,교보e상해케어보험 23.11 (무배당) (월납),주계약,깁스치료비,피보험자가 보험기간 중 질병 또는 재해로 “깁스(Cast)치료”를 받았을 경우,10만원(깁스치료 1회당),"1,000만원","1,100 원",710 원,2.00 %,비갱신형,CM,2026-01-01,"■필수기재사항 1. 가입나이 : 20 ~ 60세 2. 보험기간 : 1년 3. 납입기간 : 전기납 ■선택기재사항 1. 보험료 예시기준 : 보험가입금액 1,000만원, 40세, 1년만기, 전기납, 월납",1588-1001,file_22.xls,교보생명,교보e상해케어보험 23.11 (무배당),주계약,깁스치료비,피보험자가 보험기간 중 질병 또는 재해로 “깁스(Cast)치료”를 받았을 경우,10만원(깁스치료 1회당),"1,000만원",1100  원,710  원,2.00 %,-,-,92.5 %,85.6 %,-,-,-,-,기타,순수보장,비갱신형,비유니버셜,CM,2026-01-01,"■필수기재사항 1. 가입나이 : 20 ~ 60세 2. 보험기간 : 1년 3. 납입기간 : 전기납 ■선택기재사항 1. 보험료 예시기준 : 보험가입금액 1,000만원, 40세, 1년만기, 전기납, 월납",1588-1001,,,,
교보생명,교보e상해케어보험 23.11 (무배당) (월납),주계약,재해골절치료비,"피보험자가 보험기간 중 재해를 직접적인 원인으로 골절[치아파절(깨짐, 부러짐) 제외]이 발생하였을 경우",10만원(골절발생 1회당),"1,000만원","1,100 원",710 원,2.00 %,비갱신형,CM,2026-01-01,"■필수기재사항 1. 가입나이 : 20 ~ 60세 2. 보험기간 : 1년 3. 납입기간 : 전기납 ■선택기재사항 1. 보험료 예시기준 : 보험가입금액 1,000만원, 40세, 1년만기, 전기납, 월납",1588-1001,file_22.xls,교보생명,교보e상해케어보험 23.11 (무배당),주계약,재해골절치료비,"피보험자가 보험기간 중 재해를 직접적인 원인으로 골절[치아파절(깨짐, 부러짐) 제외]이 발생하였을 경우",10만원(골절발생 1회당),"1,000만원",1100  원,710  원,2.00 %,-,-,92.5 %,85.6 %,-,-,-,-,기타,순수보장,비갱신형,비유니버셜,CM,2026-01-01,"■필수기재사항 1. 가입나이 : 20 ~ 60세 2. 보험기간 : 1년 3. 납입기간 : 전기납 ■선택기재사항 1. 보험료 예시기준 : 보험가입금액 1,000만원, 40세, 1년만기, 전기납, 월납",1588-1001,,,,
교보생명,교보e상해케어보험 23.11 (무배당) (월납),주계약,응급실내원비,"피보험자가 보험기간 중 “응급환자”로 응급실에 내원하여 진료를 받았을 경우(다만, 1일 1회에 한함)",1만원(내원 1회당),"1,000만원","1,100 원",710 원,2.00 %,비갱신형,CM,2026-01-01,"■필수기재사항 1. 가입나이 : 20 ~ 60세 2. 보험기간 : 1년 3. 납입기간 : 전기납 ■선택기재사항 1. 보험료 예시기준 : 보험가입금액 1,000만원, 40세, 1년만기, 전기납, 월납",1588-1001,file_22.xls,교보생명,교보e상해케어보험 23.11 (무배당),주계약,응급실내원비,"피보험자가 보험기간 중 “응급환자”로 응급실에 내원하여 진료를 받았을 경우(다만, 1일 1회에 한함)",1만원(내원 1회당),"1,000만원",1100  원,710  원,2.00 %,-,-,92.5 %,85.6 %,-,-,-,-,기타,순수보장,비갱신형,비유니버셜,CM,2026-01-01,"■필수기재사항 1. 가입나이 : 20 ~ 60세 2. 보험기간 : 1년 3. 납입기간 : 전기납 ■선택기재사항 1. 보험료 예시기준 : 보험가입금액 1,000만원, 40세, 1년만기, 전기납, 월납",1588-1001,,,,
교보생명,교보e상해케어보험 23.11 (무배당) (월납),주계약,재해입원비,피보험자가 보험기간 중 재해로 인한 직접적인 치료를 목적으로 1일 이상 입원하였을 경우,입원일수 1일당 1만원(1회 입원당지급일수 120일 한도),"1,000만원","1,100 원",710 원,2.00 %,비갱신형,CM,2026-01-01,"■필수기재사항 1. 가입나이 : 20 ~ 60세 2. 보험기간 : 1년 3. 납입기간 : 전기납 ■선택기재사항 1. 보험료 예시기준 : 보험가입금액 1,000만원, 40세, 1년만기, 전기납, 월납",1588-1001,file_22.xls,교보생명,교보e상해케어보험 23.11 (무배당),주계약,재해입원비,피보험자가 보험기간 중 재해로 인한 직접적인 치료를 목적으로 1일 이상 입원하였을 경우,입원일수 1일당 1만원(1회 입원당지급일수 120일 한도),"1,000만원",1100  원,710  원,2.00 %,-,-,92.5 %,85.6 %,-,-,-,-,기타,순수보장,비갱신형,비유니버셜,CM,2026-01-01,"■필수기재사항 1. 가입나이 : 20 ~ 60세 2. 보험기간 : 1년 3. 납입기간 : 전기납 ■선택기재사항 1. 보험료 예시기준 : 보험가입금액 1,000만원, 40세, 1년만기, 전기납, 월납",1588-1001,,,,
교보생명,교보e상해케어보험 23.11 (무배당) (월납),주계약,재해수술비,피보험자가 보험기간 중 재해를 직접적인 원인으로 수술을 받았을 경우,10만원(수술 1회당),"1,000만원","1,100 원",710 원,2.00 %,비갱신형,CM,2026-01-01,"■필수기재사항 1. 가입나이 : 20 ~ 60세 2. 보험기간 : 1년 3. 납입기간 : 전기납 ■선택기재사항 1. 보험료 예시기준 : 보험가입금액 1,000만원, 40세, 1년만기, 전기납, 월납",1588-1001,file_22.xls,교보생명,교보e상해케어보험 23.11 (무배당),주계약,재해수술비,피보험자가 보험기간 중 재해를 직접적인 원인으로 수술을 받았을 경우,10만원(수술 1회당),"1,000만원",1100  원,710  원,2.00 %,-,-,92.5 %,85.6 %,-,-,-,-,기타,순수보장,비갱신형,비유니버셜,CM,2026-01-01,"■필수기재사항 1. 가입나이 : 20 ~ 60세 2. 보험기간 : 1년 3. 납입기간 : 전기납 ■선택기재사항 1. 보험료 예시기준 : 보험가입금액 1,000만원, 40세, 1년만기, 전기납, 월납",1588-1001,,,,
교보생명,교보e상해케어보험 23.11 (무배당) (월납),주계약,특정외모상해수술비,"피보험자가 보험기간 중 “특정외모상해”로 진단확정되고, “특정외모상해”의 직접적인 치료를 목적으로 수술을 받았을 경우 ※ 다만, 연간 1회에 한함",30만원 (수술 1회당),"1,000만원","1,100 원",710 원,2.00 %,비갱신형,CM,2026-01-01,"■필수기재사항 1. 가입나이 : 20 ~ 60세 2. 보험기간 : 1년 3. 납입기간 : 전기납 ■선택기재사항 1. 보험료 예시기준 : 보험가입금액 1,000만원, 40세, 1년만기, 전기납, 월납",1588-1001,file_22.xls,교보생명,교보e상해케어보험 23.11 (무배당),주계약,특정외모상해수술비,"피보험자가 보험기간 중 “특정외모상해”로 진단확정되고, “특정외모상해”의 직접적인 치료를 목적으로 수술을 받았을 경우 ※ 다만, 연간 1회에 한함",30만원 (수술 1회당),"1,000만원",1100  원,710  원,2.00 %,-,-,92.5 %,85.6 %,-,-,-,-,기타,순수보장,비갱신형,비유니버셜,CM,2026-01-01,"■필수기재사항 1. 가입나이 : 20 ~ 60세 2. 보험기간 : 1년 3. 납입기간 : 전기납 ■선택기재사항 1. 보험료 예시기준 : 보험가입금액 1,000만원, 40세, 1년만기, 전기납, 월납",1588-1001,,,,
KB라이프생명,KB 골든라이프 안심보험 무배당(상해보장형) (월납),주계약,재해사망보험금,피보험자가 보험기간 중 보장개시일 이후에 재해분류표에서 정하는 재해로 인하여 사망하였을 때,6억원,3000만원,"3,032,040 원","2,128,770 원",3.40 %,비갱신형,방카슈랑스,2026-01-19,"1. 가입나이: 만15세 ~ 최대 75세 2. 보험기간: 110세만기 3. 납입기간 : 3년, 4년, 5년, 7년, 10년납 4. 보험료(주계약) 기준 : 40세, 110세만기, 10년납, 월납, 가입금액 : 3,000만원 5. 보험가격지수 기준 : 40세, 110세만기, 10년납, 월납, 가입금액 : 3,000만원 6. 적용이율: 10년 이내 3.40%, 10년 이후 2.0%",1588-3374,file_22.xls,KB라이프생명,KB 골든라이프 안심보험 무배당(상해보장형),주계약,재해사망보험금,피보험자가 보험기간 중 보장개시일 이후에 재해분류표에서 정하는 재해로 인하여 사망하였을 때,6억원,3000만원,3032040  원,"2,128,770  원",3.40 %,-,-,93.4 %,92.1 %,-,-,-,-,기타,순수보장,비갱신형,비유니버셜,방카슈랑스,2026-01-19,"1. 가입나이: 만15세 ~ 최대 75세 2. 보험기간: 110세만기 3. 납입기간 : 3년, 4년, 5년, 7년, 10년납 4. 보험료(주계약) 기준 : 40세, 110세만기, 10년납, 월납, 가입금액 : 3,000만원 5. 보험가격지수 기준 : 40세, 110세만기, 10년납, 월납, 가입금액 : 3,000만원 6. 적용이율: 10년 이내 3.40%, 10년 이후 2.0%",1588-3374,,,,
KB라이프생명,KB 골든라이프 안심보험 무배당(상해보장형) (월납),주계약,고도장해보험금,피보험자가 보험기간 중 보장개시일 이후에 동일한 재해 또는 재해 이외의 동일한 원인으로 인하여 장해분류표 중 여러 신체부위의 장해지급률을 더하여 80%이상인 장해상태가 되었을 때,"9억원 (다만, 계약일로부터 1년이 되는 계약해당일의 전날까지 재해 이외의 동일한 원인으로 80%이상인 장해상태가 되었을 때는 4.5억원)",3000만원,"3,032,040 원","2,128,770 원",3.40 %,비갱신형,방카슈랑스,2026-01-19,"1. 가입나이: 만15세 ~ 최대 75세 2. 보험기간: 110세만기 3. 납입기간 : 3년, 4년, 5년, 7년, 10년납 4. 보험료(주계약) 기준 : 40세, 110세만기, 10년납, 월납, 가입금액 : 3,000만원 5. 보험가격지수 기준 : 40세, 110세만기, 10년납, 월납, 가입금액 : 3,000만원 6. 적용이율: 10년 이내 3.40%, 10년 이후 2.0%",1588-3374,file_22.xls,KB라이프생명,KB 골든라이프 안심보험 무배당(상해보장형),주계약,고도장해보험금,피보험자가 보험기간 중 보장개시일 이후에 동일한 재해 또는 재해 이외의 동일한 원인으로 인하여 장해분류표 중 여러 신체부위의 장해지급률을 더하여 80%이상인 장해상태가 되었을 때,"9억원 (다만, 계약일로부터 1년이 되는 계약해당일의 전날까지 재해 이외의 동일한 원인으로 80%이상인 장해상태가 되었을 때는 4.5억원)",3000만원,3032040  원,"2,128,770  원",3.40 %,-,-,93.4 %,92.1 %,-,-,-,-,기타,순수보장,비갱신형,비유니버셜,방카슈랑스,2026-01-19,"1. 가입나이: 만15세 ~ 최대 75세 2. 보험기간: 110세만기 3. 납입기간 : 3년, 4년, 5년, 7년, 10년납 4. 보험료(주계약) 기준 : 40세, 110세만기, 10년납, 월납, 가입금액 : 3,000만원 5. 보험가격지수 기준 : 40세, 110세만기, 10년납, 월납, 가입금액 : 3,000만원 6. 적용이율: 10년 이내 3.40%, 10년 이후 2.0%",1588-3374,,,,
한화생명,한화생명 스마트V상해보험 무배당 (월납),주계약,고도장해보험금,"피보험자가 보험기간 중 발생한 동일한 재해 또는 재해 이외의 동일한 원인으로 인하여 장해분류표 중 여러 신체부위의 장해지급률을 더하여 80% 이상인 장해상태가 되었을 경우(최초 1회한)(1년 미만 50%(단, 재해로 인한 장해상태가 되었을 경우 제외) 지급)",3억원,"1,000만원","2,557,400 원","1,922,200 원",3.25 %,비갱신형,방카슈랑스,2026-02-01,"1. 가입나이 : 만 15세 ~ 80세 2. 가입한도 : [70세 이하] 10만원 ~ 3,000만원  [71세 이상] 10만원 ~ 1,000만원  (단, 위험직급별 가입한도 이내) 3. 보험기간 : 110세 만기 4. 보험종류 : 1형(기본형), 2형(보장강화형) 5. 보험가격지수 기준 : 1형(기본형), 주계약 가입금액 3,000만원, 40세, 110세만기, 20년납 6. 주계약 보험료 기준 : 1형(기본형), 주계약 가입금액 1,000만원, 40세, 110세만기, 5년납",1588-6363,file_25.xls,한화생명,한화생명 스마트V상해보험 무배당,주계약,고도장해보험금,"피보험자가 보험기간 중 발생한 동일한 재해 또는 재해 이외의 동일한 원인으로 인하여 장해분류표 중 여러 신체부위의 장해지급률을 더하여 80% 이상인 장해상태가 되었을 경우(최초 1회한)(1년 미만 50%(단, 재해로 인한 장해상태가 되었을 경우 제외) 지급)",3억원,"1,000만원",2557400  원,"1,922,200  원",3.25 %,-,-,105.3 %,105.5 %,-,-,-,-,보험기간(1년 초과),무해지/저해지환급,비갱신형,비유니버셜,방카슈랑스,2026-02-01,"1. 가입나이 : 만 15세 ~ 80세 2. 가입한도 : [70세 이하] 10만원 ~ 3,000만원  [71세 이상] 10만원 ~ 1,000만원  (단, 위험직급별 가입한도 이내) 3. 보험기간 : 110세 만기 4. 보험종류 : 1형(기본형), 2형(보장강화형) 5. 보험가격지수 기준 : 1형(기본형), 주계약 가입금액 3,000만원, 40세, 110세만기, 20년납 6. 주계약 보험료 기준 : 1형(기본형), 주계약 가입금액 1,000만원, 40세, 110세만기, 5년납",1588-6363,,,,
한화생명,한화생명 포켓골절보험 무배당 (일시납),주계약,재해골절진단자금,피보험자가 보험기간 중 발생한 재해를 직접적인 원인으로 보험기간 중 '재해골절'로 진단이 확정되었을 경우,5만원(1회당),5만원,"1,176 원",851 원,2.75 %,비갱신형,CM,2026-01-01,"1. 가입나이 : 만 19세 ~ 65세 2. 납입주기 : 일시납 3. 가입한도 : 보험가입금액 5만원 4. 보험기간 : 1년만기 5. 보험가격지수 기준 : 만기환급형, 40세, 1년만기, 일시납, 주계약가입금액 5만원 6. 보험료 기준 : 40세, 1년만기, 일시납, 주계약가입금액 5만원 7. 확정이율 : 2.75% * 특약 : 부가가능 특약 無",1588-6363,file_25.xls,한화생명,한화생명 포켓골절보험 무배당,주계약,재해골절진단자금,피보험자가 보험기간 중 발생한 재해를 직접적인 원인으로 보험기간 중 '재해골절'로 진단이 확정되었을 경우,5만원(1회당),5만원,1176  원,851  원,2.75 %,-,-,78.3 %,72.4 %,-,-,-,-,보험기간(1년 이하),무해지/저해지환급,비갱신형,비유니버셜,CM,2026-01-01,"1. 가입나이 : 만 19세 ~ 65세 2. 납입주기 : 일시납 3. 가입한도 : 보험가입금액 5만원 4. 보험기간 : 1년만기 5. 보험가격지수 기준 : 만기환급형, 40세, 1년만기, 일시납, 주계약가입금액 5만원 6. 보험료 기준 : 40세, 1년만기, 일시납, 주계약가입금액 5만원 7. 확정이율 : 2.75% * 특약 : 부가가능 특약 無",1588-6363,,,,
한화생명,한화생명 간편가입 포켓골절보험 무배당 (일시납),주계약,재해골절진단자금,피보험자가 보험기간 중 발생한 재해를 직접적인 원인으로 보험기간 중 '재해골절'로 진단이 확정되었을 경우,5만원(1회당),5만원,"1,822 원","1,400 원",2.75 %,비갱신형,CM,2026-01-01,"1. 가입나이 : 만 19세 ~ 65세 2. 납입주기 : 일시납 3. 가입한도 : 보험가입금액 5만원 4. 보험기간 : 1년만기 5. 보험가격지수 기준 : 만기환급형, 40세, 1년만기, 일시납, 주계약가입금액 5만원 6. 보험료 기준 : 40세, 1년만기, 일시납, 주계약가입금액 5만원 7. 확정이율 : 2.75% * 특약 : 부가가능 특약 無",1588-6363,file_25.xls,한화생명,한화생명 간편가입 포켓골절보험 무배당,주계약,재해골절진단자금,피보험자가 보험기간 중 발생한 재해를 직접적인 원인으로 보험기간 중 '재해골절'로 진단이 확정되었을 경우,5만원(1회당),5만원,1822  원,"1,400  원",2.75 %,-,-,78.3 %,72.5 %,-,-,-,-,보험기간(1년 이하),무해지/저해지환급,비갱신형,비유니버셜,CM,2026-01-01,"1. 가입나이 : 만 19세 ~ 65세 2. 납입주기 : 일시납 3. 가입한도 : 보험가입금액 5만원 4. 보험기간 : 1년만기 5. 보험가격지수 기준 : 만기환급형, 40세, 1년만기, 일시납, 주계약가입금액 5만원 6. 보험료 기준 : 40세, 1년만기, 일시납, 주계약가입금액 5만원 7. 확정이율 : 2.75% * 특약 : 부가가능 특약 無",1588-6363,,,,
ABL생명,(무)더나은안심보험_2형(상해보장형) (월납),주계약,고도장해보험금,"피보험자가 보험기간 중 「동일한 재해 또는 재해 이외의 동일한 원인」으로 인하여 장해분류표 중 여러 신체부위의 장해지급률을 더하여 80%이상인 장해 상태가 되었을 때(다만, 최초 1회에 한하여 지급)","30,000만원 (다만, 계약일로부터 1년이 지난 보험계약해당일 전일 이전에 재해 이외의 원인으로 지급사유가 발생하였을 경우 상기금액의 50%를 지급)","1,000만원 원","424,400 원","184,400 원",3.00 %,비갱신형,방카슈랑스,2026-01-01,"1. 가입나이 : (1형 장해보장형) 만15세 ~ 최대 75세 (성별, 납입기간별 상이)  (2형 상해보장형) 만15세 ~ 최대 75세 (성별, 납입기간별 상이) 2. 가입한도 : (1형 장해보장형) 65세 이하 - 100만원 ~ 7,000만원  66세 이상 - 100만원 ~ 4,000만원  (2형 상해보장형) 70세 이하 - 100만원 ~ 3,000만원  71세 이상 - 100만원 ~ 2,000만원 3. 보험종류  - 1형(장해보장형) - 기본형  - 2형(상해보장형) - 기본형 4. 보험기간 : 100세/110세 만기 5. 납입기간 : 5/7/10/15/20년납 6. 적용이율 : 가입 후 경과기간 10년 이내 3.00% / 10년 초과 2.00% 7. 보험료 예시기준 : 2형(상해보장형), 기본형, 가입금액 1,000만원, 40세, 100세만기, 20년납, 월납 8. 보험가격지수 예시기준 : 2형(상해보장형), 기본형, 가입금액 3,000만원, 40세, 100세만기, 20년납, 월납",0215886500,file_25.xls,ABL생명,(무)더나은안심보험_2형(상해보장형),주계약,고도장해보험금,"피보험자가 보험기간 중 「동일한 재해 또는 재해 이외의 동일한 원인」으로 인하여 장해분류표 중 여러 신체부위의 장해지급률을 더하여 80%이상인 장해 상태가 되었을 때(다만, 최초 1회에 한하여 지급)","30,000만원 (다만, 계약일로부터 1년이 지난 보험계약해당일 전일 이전에 재해 이외의 원인으로 지급사유가 발생하였을 경우 상기금액의 50%를 지급)","1,000만원 원",424400  원,"184,400  원",3.00 %,-,-,93.4 %,89.0 %,-,-,-,-,보험기간(1년 초과),순수보장,비갱신형,비유니버셜,방카슈랑스,2026-01-01,"1. 가입나이 : (1형 장해보장형) 만15세 ~ 최대 75세 (성별, 납입기간별 상이)  (2형 상해보장형) 만15세 ~ 최대 75세 (성별, 납입기간별 상이) 2. 가입한도 : (1형 장해보장형) 65세 이하 - 100만원 ~ 7,000만원  66세 이상 - 100만원 ~ 4,000만원  (2형 상해보장형) 70세 이하 - 100만원 ~ 3,000만원  71세 이상 - 100만원 ~ 2,000만원 3. 보험종류  - 1형(장해보장형) - 기본형  - 2형(상해보장형) - 기본형 4. 보험기간 : 100세/110세 만기 5. 납입기간 : 5/7/10/15/20년납 6. 적용이율 : 가입 후 경과기간 10년 이내 3.00% / 10년 초과 2.00% 7. 보험료 예시기준 : 2형(상해보장형), 기본형, 가입금액 1,000만원, 40세, 100세만기, 20년납, 월납 8. 보험가격지수 예시기준 : 2형(상해보장형), 기본형, 가입금액 3,000만원, 40세, 100세만기, 20년납, 월납",0215886500,,,,
ABL생명,(무)더나은안심보험_2형(상해보장형) (월납),주계약,재해사망보험금,피보험자가 보험기간 중 재해로 사망하였을 때,"20,000만원","1,000만원 원","424,400 원","184,400 원",3.00 %,비갱신형,방카슈랑스,2026-01-01,"1. 가입나이 : (1형 장해보장형) 만15세 ~ 최대 75세 (성별, 납입기간별 상이)  (2형 상해보장형) 만15세 ~ 최대 75세 (성별, 납입기간별 상이) 2. 가입한도 : (1형 장해보장형) 65세 이하 - 100만원 ~ 7,000만원  66세 이상 - 100만원 ~ 4,000만원  (2형 상해보장형) 70세 이하 - 100만원 ~ 3,000만원  71세 이상 - 100만원 ~ 2,000만원 3. 보험종류  - 1형(장해보장형) - 기본형  - 2형(상해보장형) - 기본형 4. 보험기간 : 100세/110세 만기 5. 납입기간 : 5/7/10/15/20년납 6. 적용이율 : 가입 후 경과기간 10년 이내 3.00% / 10년 초과 2.00% 7. 보험료 예시기준 : 2형(상해보장형), 기본형, 가입금액 1,000만원, 40세, 100세만기, 20년납, 월납 8. 보험가격지수 예시기준 : 2형(상해보장형), 기본형, 가입금액 3,000만원, 40세, 100세만기, 20년납, 월납",0215886500,file_25.xls,ABL생명,(무)더나은안심보험_2형(상해보장형),주계약,재해사망보험금,피보험자가 보험기간 중 재해로 사망하였을 때,"20,000만원","1,000만원 원",424400  원,"184,400  원",3.00 %,-,-,93.4 %,89.0 %,-,-,-,-,보험기간(1년 초과),순수보장,비갱신형,비유니버셜,방카슈랑스,2026-01-01,"1. 가입나이 : (1형 장해보장형) 만15세 ~ 최대 75세 (성별, 납입기간별 상이)  (2형 상해보장형) 만15세 ~ 최대 75세 (성별, 납입기간별 상이) 2. 가입한도 : (1형 장해보장형) 65세 이하 - 100만원 ~ 7,000만원  66세 이상 - 100만원 ~ 4,000만원  (2형 상해보장형) 70세 이하 - 100만원 ~ 3,000만원  71세 이상 - 100만원 ~ 2,000만원 3. 보험종류  - 1형(장해보장형) - 기본형  - 2형(상해보장형) - 기본형 4. 보험기간 : 100세/110세 만기 5. 납입기간 : 5/7/10/15/20년납 6. 적용이율 : 가입 후 경과기간 10년 이내 3.00% / 10년 초과 2.00% 7. 보험료 예시기준 : 2형(상해보장형), 기본형, 가입금액 1,000만원, 40세, 100세만기, 20년납, 월납 8. 보험가격지수 예시기준 : 2형(상해보장형), 기본형, 가입금액 3,000만원, 40세, 100세만기, 20년납, 월납",0215886500,,,,
삼성생명,삼성 슬기로운 취미생활 상해보험(2501)(무배당) (월납),주계약,재해골절수술보험금,"보험기간 중 재해로 인하여 ""재해 골절"" 상태가 되고, ""재해골절""의 직접적인 치료를 목적 으로 ""재해골절수술""을 받았을 때 (치아의 파절 제외) (단, 보험연도 기준 연 3회한)",1회당 5만원,"1,000만원",900 원,900 원,2.00 %,비갱신형,대면채널,2025-01-14,"□ 필수기재사항 1. 가입나이 : -1종(골절수술보장형), 2종(스포츠안심보장형) : 20세~만64세  -3종(어린이골절수술보장형): 0세~ 만13세 2. 보험기간 : 1년 3. 보험료 예시기준 : 주보험 1종 보험가입금액 1,000만원, 40세, 남자, 1년만기, 일시납 □ 선택기재사항 1. 보험료 납입기간 : 일시납 2. 보험가격지수 예시 기준 : 주보험 1종 보험가입금액 1,000만원, 40세, 1년만기, 일시납",1588-3114,file_25.xls,삼성생명,삼성 슬기로운 취미생활 상해보험(2501)(무배당),주계약,재해골절수술보험금,"보험기간 중 재해로 인하여 ""재해 골절"" 상태가 되고, ""재해골절""의 직접적인 치료를 목적 으로 ""재해골절수술""을 받았을 때 (치아의 파절 제외) (단, 보험연도 기준 연 3회한)",1회당 5만원,"1,000만원",900  원,900  원,2.00 %,-,-,95.9 %,76.0 %,-,-,-,-,보험기간(1년 초과),순수보장,비갱신형,비유니버셜,대면채널,2025-01-14,"□ 필수기재사항 1. 가입나이 : -1종(골절수술보장형), 2종(스포츠안심보장형) : 20세~만64세  -3종(어린이골절수술보장형): 0세~ 만13세 2. 보험기간 : 1년 3. 보험료 예시기준 : 주보험 1종 보험가입금액 1,000만원, 40세, 남자, 1년만기, 일시납 □ 선택기재사항 1. 보험료 납입기간 : 일시납 2. 보험가격지수 예시 기준 : 주보험 1종 보험가입금액 1,000만원, 40세, 1년만기, 일시납",1588-3114,,,,
삼성생명,삼성 슬기로운 취미생활 상해보험(2501)(무배당) (월납),주계약,5대재해골절수술보험금,"보험기간 중 재해로 인하여 ""5대 재해골절"" 상태가 되고, ""5대재해골절""의 직접적인 치료 를 목적으로 ""5대재해골절수술""을 받았을 때 (치아의 파절 및 비골의 골절 제외) (단, 최대 3회한)",1회당 25만원,"1,000만원",900 원,900 원,2.00 %,비갱신형,대면채널,2025-01-14,"□ 필수기재사항 1. 가입나이 : -1종(골절수술보장형), 2종(스포츠안심보장형) : 20세~만64세  -3종(어린이골절수술보장형): 0세~ 만13세 2. 보험기간 : 1년 3. 보험료 예시기준 : 주보험 1종 보험가입금액 1,000만원, 40세, 남자, 1년만기, 일시납 □ 선택기재사항 1. 보험료 납입기간 : 일시납 2. 보험가격지수 예시 기준 : 주보험 1종 보험가입금액 1,000만원, 40세, 1년만기, 일시납",1588-3114,file_25.xls,삼성생명,삼성 슬기로운 취미생활 상해보험(2501)(무배당),주계약,5대재해골절수술보험금,"보험기간 중 재해로 인하여 ""5대 재해골절"" 상태가 되고, ""5대재해골절""의 직접적인 치료 를 목적으로 ""5대재해골절수술""을 받았을 때 (치아의 파절 및 비골의 골절 제외) (단, 최대 3회한)",1회당 25만원,"1,000만원",900  원,900  원,2.00 %,-,-,95.9 %,76.0 %,-,-,-,-,보험기간(1년 초과),순수보장,비갱신형,비유니버셜,대면채널,2025-01-14,"□ 필수기재사항 1. 가입나이 : -1종(골절수술보장형), 2종(스포츠안심보장형) : 20세~만64세  -3종(어린이골절수술보장형): 0세~ 만13세 2. 보험기간 : 1년 3. 보험료 예시기준 : 주보험 1종 보험가입금액 1,000만원, 40세, 남자, 1년만기, 일시납 □ 선택기재사항 1. 보험료 납입기간 : 일시납 2. 보험가격지수 예시 기준 : 주보험 1종 보험가입금액 1,000만원, 40세, 1년만기, 일시납",1588-3114,,,,
삼성생명,삼성 마음모아 미니상해보험(2403)(무배당) (월납),주계약,재해골절(치아파절제외) 진단보험금,"재해로 인하여 ""재해골절""상태가 되었을 때(발생 1회당) ※ 동일한 재해로 인하여 2가지 이상의 골절(복합골절)시 1회만 지급",10만원,"1,000만원","4,800 원","4,000 원",2.00 %,비갱신형,CM,2024-03-04,"□ 필수기재사항  1. 가입 나이 : 20세 ~ 만 64세  2. 보험 기간 : 1년  3. 보험료 예시 기준 : 납입기간 일시납, 40세, 가입금액 1,000만원 □ 선택기재사항  1. 가입한도  - 보험가입금액 : 500만원 ~ 1,000만원  2. 보험가격지수 예시기준  - 납입기간 일시납, 40세, 가입금액 1,000만원",1588-3114,file_25.xls,삼성생명,삼성 마음모아 미니상해보험(2403)(무배당),주계약,재해골절(치아파절제외) 진단보험금,"재해로 인하여 ""재해골절""상태가 되었을 때(발생 1회당) ※ 동일한 재해로 인하여 2가지 이상의 골절(복합골절)시 1회만 지급",10만원,"1,000만원",4800  원,"4,000  원",2.00 %,-,-,85.2 %,78.8 %,-,-,-,-,보험기간(1년 이하),순수보장,비갱신형,비유니버셜,CM,2024-03-04,"□ 필수기재사항  1. 가입 나이 : 20세 ~ 만 64세  2. 보험 기간 : 1년  3. 보험료 예시 기준 : 납입기간 일시납, 40세, 가입금액 1,000만원 □ 선택기재사항  1. 가입한도  - 보험가입금액 : 500만원 ~ 1,000만원  2. 보험가격지수 예시기준  - 납입기간 일시납, 40세, 가입금액 1,000만원",1588-3114,,,,
삼성생명,삼성 마음모아 미니상해보험(2403)(무배당) (월납),주계약,깁스치료(부목제외) 보험금,"재해 또는 재해 이외의 원인으로 ""깁스(Cast)치료""를 받았을 때(1회당)",10만원,"1,000만원","4,800 원","4,000 원",2.00 %,비갱신형,CM,2024-03-04,"□ 필수기재사항  1. 가입 나이 : 20세 ~ 만 64세  2. 보험 기간 : 1년  3. 보험료 예시 기준 : 납입기간 일시납, 40세, 가입금액 1,000만원 □ 선택기재사항  1. 가입한도  - 보험가입금액 : 500만원 ~ 1,000만원  2. 보험가격지수 예시기준  - 납입기간 일시납, 40세, 가입금액 1,000만원",1588-3114,file_25.xls,삼성생명,삼성 마음모아 미니상해보험(2403)(무배당),주계약,깁스치료(부목제외) 보험금,"재해 또는 재해 이외의 원인으로 ""깁스(Cast)치료""를 받았을 때(1회당)",10만원,"1,000만원",4800  원,"4,000  원",2.00 %,-,-,85.2 %,78.8 %,-,-,-,-,보험기간(1년 이하),순수보장,비갱신형,비유니버셜,CM,2024-03-04,"□ 필수기재사항  1. 가입 나이 : 20세 ~ 만 64세  2. 보험 기간 : 1년  3. 보험료 예시 기준 : 납입기간 일시납, 40세, 가입금액 1,000만원 □ 선택기재사항  1. 가입한도  - 보험가입금액 : 500만원 ~ 1,000만원  2. 보험가격지수 예시기준  - 납입기간 일시납, 40세, 가입금액 1,000만원",1588-3114,,,,
삼성생명,삼성 s교통상해보험(2501)(무배당) (월납),주계약,교통재해사망보험금,"보험기간 중 교통재해분류표에서 정하는 ""교통재해""로 인하여 사망하였을 경우","3,000만원","3,000만원","5,700 원","3,300 원",2.00 %,비갱신형,대면채널,2025-01-14,"□ 필수기재사항 1. 가입나이 : 최저 만15세~만64세 2. 보험기간 : 1년만기 3. 보험료 예시기준(비위험)  - 주계약 : 가입금액 3,000만원, 1년만기, 일시납  - 특약 : 가입금액 3,000만원, 1년만기, 일시납 □ 선택기재사항 1. 보험료 납입기간 : 일시납 2. 보험가격지수 예시기준  - 주계약 1종(교통재해사망보장형) 가입금액 3,000만원,  40세, 비위험, 1년만기, 일시납 ※ 교통재해장해특약(무배당)은 주보험 1종(교통재해사망보장형) 선택시 부가 가능 ※ 일반자동차탑승중교통재해장해특약(무배당)은 주보험 2종(일반자동차탑승중교통재해사망보장형) 선택시 부가 가능 ※ 대중교통재해장해특약(무배당)은 주보험 3종(대중교통재해사망보장형) 선택시 부가 가능",1588-3114,file_25.xls,삼성생명,삼성 s교통상해보험(2501)(무배당),주계약,교통재해사망보험금,"보험기간 중 교통재해분류표에서 정하는 ""교통재해""로 인하여 사망하였을 경우","3,000만원","3,000만원",5700  원,"3,300  원",2.00 %,-,-,134.9 %,216.7 %,-,-,-,-,보험기간(1년 이하),순수보장,비갱신형,비유니버셜,대면채널,2025-01-14,"□ 필수기재사항 1. 가입나이 : 최저 만15세~만64세 2. 보험기간 : 1년만기 3. 보험료 예시기준(비위험)  - 주계약 : 가입금액 3,000만원, 1년만기, 일시납  - 특약 : 가입금액 3,000만원, 1년만기, 일시납 □ 선택기재사항 1. 보험료 납입기간 : 일시납 2. 보험가격지수 예시기준  - 주계약 1종(교통재해사망보장형) 가입금액 3,000만원,  40세, 비위험, 1년만기, 일시납 ※ 교통재해장해특약(무배당)은 주보험 1종(교통재해사망보장형) 선택시 부가 가능 ※ 일반자동차탑승중교통재해장해특약(무배당)은 주보험 2종(일반자동차탑승중교통재해사망보장형) 선택시 부가 가능 ※ 대중교통재해장해특약(무배당)은 주보험 3종(대중교통재해사망보장형) 선택시 부가 가능",1588-3114,,,,
삼성생명,삼성 s교통상해보험(2501)(무배당) (월납),주계약,일반자동차탑승중교통재해사망보험금,"보험기간 중 ""일반자동차탑승중교통사고""로 인하여 사망하였을 경우","3,000만원","3,000만원","2,700 원","2,100 원",2.00 %,비갱신형,대면채널,2025-01-14,"□ 필수기재사항 1. 가입나이 : 최저 만15세~만64세 2. 보험기간 : 1년만기 3. 보험료 예시기준(비위험)  - 주계약 : 가입금액 3,000만원, 1년만기, 일시납  - 특약 : 가입금액 3,000만원, 1년만기, 일시납 □ 선택기재사항 1. 보험료 납입기간 : 일시납 2. 보험가격지수 예시기준  - 주계약 1종(교통재해사망보장형) 가입금액 3,000만원,  40세, 비위험, 1년만기, 일시납 ※ 교통재해장해특약(무배당)은 주보험 1종(교통재해사망보장형) 선택시 부가 가능 ※ 일반자동차탑승중교통재해장해특약(무배당)은 주보험 2종(일반자동차탑승중교통재해사망보장형) 선택시 부가 가능 ※ 대중교통재해장해특약(무배당)은 주보험 3종(대중교통재해사망보장형) 선택시 부가 가능",1588-3114,file_25.xls,삼성생명,삼성 s교통상해보험(2501)(무배당),주계약,일반자동차탑승중교통재해사망보험금,"보험기간 중 ""일반자동차탑승중교통사고""로 인하여 사망하였을 경우","3,000만원","3,000만원",2700  원,"2,100  원",2.00 %,-,-,134.9 %,216.7 %,-,-,-,-,보험기간(1년 이하),순수보장,비갱신형,비유니버셜,대면채널,2025-01-14,"□ 필수기재사항 1. 가입나이 : 최저 만15세~만64세 2. 보험기간 : 1년만기 3. 보험료 예시기준(비위험)  - 주계약 : 가입금액 3,000만원, 1년만기, 일시납  - 특약 : 가입금액 3,000만원, 1년만기, 일시납 □ 선택기재사항 1. 보험료 납입기간 : 일시납 2. 보험가격지수 예시기준  - 주계약 1종(교통재해사망보장형) 가입금액 3,000만원,  40세, 비위험, 1년만기, 일시납 ※ 교통재해장해특약(무배당)은 주보험 1종(교통재해사망보장형) 선택시 부가 가능 ※ 일반자동차탑승중교통재해장해특약(무배당)은 주보험 2종(일반자동차탑승중교통재해사망보장형) 선택시 부가 가능 ※ 대중교통재해장해특약(무배당)은 주보험 3종(대중교통재해사망보장형) 선택시 부가 가능",1588-3114,,,,
삼성생명,삼성 s교통상해보험(2501)(무배당) (월납),주계약,대중교통사고사망보험금,"보험기간 중 ""대중교통사고""로 인하여 사망하였을 경우","3,000만원","3,000만원",300 원,240 원,2.00 %,비갱신형,대면채널,2025-01-14,"□ 필수기재사항 1. 가입나이 : 최저 만15세~만64세 2. 보험기간 : 1년만기 3. 보험료 예시기준(비위험)  - 주계약 : 가입금액 3,000만원, 1년만기, 일시납  - 특약 : 가입금액 3,000만원, 1년만기, 일시납 □ 선택기재사항 1. 보험료 납입기간 : 일시납 2. 보험가격지수 예시기준  - 주계약 1종(교통재해사망보장형) 가입금액 3,000만원,  40세, 비위험, 1년만기, 일시납 ※ 교통재해장해특약(무배당)은 주보험 1종(교통재해사망보장형) 선택시 부가 가능 ※ 일반자동차탑승중교통재해장해특약(무배당)은 주보험 2종(일반자동차탑승중교통재해사망보장형) 선택시 부가 가능 ※ 대중교통재해장해특약(무배당)은 주보험 3종(대중교통재해사망보장형) 선택시 부가 가능",1588-3114,file_25.xls,삼성생명,삼성 s교통상해보험(2501)(무배당),주계약,대중교통사고사망보험금,"보험기간 중 ""대중교통사고""로 인하여 사망하였을 경우","3,000만원","3,000만원",300  원,240  원,2.00 %,-,-,134.9 %,216.7 %,-,-,-,-,보험기간(1년 이하),순수보장,비갱신형,비유니버셜,대면채널,2025-01-14,"□ 필수기재사항 1. 가입나이 : 최저 만15세~만64세 2. 보험기간 : 1년만기 3. 보험료 예시기준(비위험)  - 주계약 : 가입금액 3,000만원, 1년만기, 일시납  - 특약 : 가입금액 3,000만원, 1년만기, 일시납 □ 선택기재사항 1. 보험료 납입기간 : 일시납 2. 보험가격지수 예시기준  - 주계약 1종(교통재해사망보장형) 가입금액 3,000만원,  40세, 비위험, 1년만기, 일시납 ※ 교통재해장해특약(무배당)은 주보험 1종(교통재해사망보장형) 선택시 부가 가능 ※ 일반자동차탑승중교통재해장해특약(무배당)은 주보험 2종(일반자동차탑승중교통재해사망보장형) 선택시 부가 가능 ※ 대중교통재해장해특약(무배당)은 주보험 3종(대중교통재해사망보장형) 선택시 부가 가능",1588-3114,,,,
삼성생명,삼성 s교통상해보험(2501)(무배당) (월납),특약,교통재해장해특약,"보험기간 중 교통재해분류표에서 정하는 ""교통재해""로 인하여 장해분류표 중 장해지급률이 3%이상 100%이하에 해당하는 장해상태가 되었을 경우","3,000만원 ×해당 장해지급률","3,000만원","4,500 원","3,000 원",2.00 %,비갱신형,대면채널,2025-01-14,"□ 필수기재사항 1. 가입나이 : 최저 만15세~만64세 2. 보험기간 : 1년만기 3. 보험료 예시기준(비위험)  - 주계약 : 가입금액 3,000만원, 1년만기, 일시납  - 특약 : 가입금액 3,000만원, 1년만기, 일시납 □ 선택기재사항 1. 보험료 납입기간 : 일시납 2. 보험가격지수 예시기준  - 주계약 1종(교통재해사망보장형) 가입금액 3,000만원,  40세, 비위험, 1년만기, 일시납 ※ 교통재해장해특약(무배당)은 주보험 1종(교통재해사망보장형) 선택시 부가 가능 ※ 일반자동차탑승중교통재해장해특약(무배당)은 주보험 2종(일반자동차탑승중교통재해사망보장형) 선택시 부가 가능 ※ 대중교통재해장해특약(무배당)은 주보험 3종(대중교통재해사망보장형) 선택시 부가 가능",1588-3114,file_25.xls,삼성생명,삼성 s교통상해보험(2501)(무배당),특약,교통재해장해특약,"보험기간 중 교통재해분류표에서 정하는 ""교통재해""로 인하여 장해분류표 중 장해지급률이 3%이상 100%이하에 해당하는 장해상태가 되었을 경우","3,000만원 ×해당 장해지급률","3,000만원",4500  원,"3,000  원",2.00 %,-,-,134.9 %,216.7 %,-,-,-,-,보험기간(1년 이하),순수보장,비갱신형,비유니버셜,대면채널,2025-01-14,"□ 필수기재사항 1. 가입나이 : 최저 만15세~만64세 2. 보험기간 : 1년만기 3. 보험료 예시기준(비위험)  - 주계약 : 가입금액 3,000만원, 1년만기, 일시납  - 특약 : 가입금액 3,000만원, 1년만기, 일시납 □ 선택기재사항 1. 보험료 납입기간 : 일시납 2. 보험가격지수 예시기준  - 주계약 1종(교통재해사망보장형) 가입금액 3,000만원,  40세, 비위험, 1년만기, 일시납 ※ 교통재해장해특약(무배당)은 주보험 1종(교통재해사망보장형) 선택시 부가 가능 ※ 일반자동차탑승중교통재해장해특약(무배당)은 주보험 2종(일반자동차탑승중교통재해사망보장형) 선택시 부가 가능 ※ 대중교통재해장해특약(무배당)은 주보험 3종(대중교통재해사망보장형) 선택시 부가 가능",1588-3114,,,,
삼성생명,삼성 s교통상해보험(2501)(무배당) (월납),특약,일반자동차탑승중 교통재해장해특약,보험기간 중 “일반자동차탑승중 교통사고”로 인하여 장해분류표 중 장해지급률이 3%이상 100%이하에 해당하는 장해상태가 되었을 경우,"3,000만원 ×해당 장해지급률","3,000만원","3,600 원","2,700 원",2.00 %,비갱신형,대면채널,2025-01-14,"□ 필수기재사항 1. 가입나이 : 최저 만15세~만64세 2. 보험기간 : 1년만기 3. 보험료 예시기준(비위험)  - 주계약 : 가입금액 3,000만원, 1년만기, 일시납  - 특약 : 가입금액 3,000만원, 1년만기, 일시납 □ 선택기재사항 1. 보험료 납입기간 : 일시납 2. 보험가격지수 예시기준  - 주계약 1종(교통재해사망보장형) 가입금액 3,000만원,  40세, 비위험, 1년만기, 일시납 ※ 교통재해장해특약(무배당)은 주보험 1종(교통재해사망보장형) 선택시 부가 가능 ※ 일반자동차탑승중교통재해장해특약(무배당)은 주보험 2종(일반자동차탑승중교통재해사망보장형) 선택시 부가 가능 ※ 대중교통재해장해특약(무배당)은 주보험 3종(대중교통재해사망보장형) 선택시 부가 가능",1588-3114,file_25.xls,삼성생명,삼성 s교통상해보험(2501)(무배당),특약,일반자동차탑승중 교통재해장해특약,보험기간 중 “일반자동차탑승중 교통사고”로 인하여 장해분류표 중 장해지급률이 3%이상 100%이하에 해당하는 장해상태가 되었을 경우,"3,000만원 ×해당 장해지급률","3,000만원",3600  원,"2,700  원",2.00 %,-,-,134.9 %,216.7 %,-,-,-,-,보험기간(1년 이하),순수보장,비갱신형,비유니버셜,대면채널,2025-01-14,"□ 필수기재사항 1. 가입나이 : 최저 만15세~만64세 2. 보험기간 : 1년만기 3. 보험료 예시기준(비위험)  - 주계약 : 가입금액 3,000만원, 1년만기, 일시납  - 특약 : 가입금액 3,000만원, 1년만기, 일시납 □ 선택기재사항 1. 보험료 납입기간 : 일시납 2. 보험가격지수 예시기준  - 주계약 1종(교통재해사망보장형) 가입금액 3,000만원,  40세, 비위험, 1년만기, 일시납 ※ 교통재해장해특약(무배당)은 주보험 1종(교통재해사망보장형) 선택시 부가 가능 ※ 일반자동차탑승중교통재해장해특약(무배당)은 주보험 2종(일반자동차탑승중교통재해사망보장형) 선택시 부가 가능 ※ 대중교통재해장해특약(무배당)은 주보험 3종(대중교통재해사망보장형) 선택시 부가 가능",1588-3114,,,,
삼성생명,삼성 s교통상해보험(2501)(무배당) (월납),특약,대중교통재해장해특약,보험기간 중 “대중교통사고”로 인하여 장해분류표 중 장해지급률이 3%이상 100%이하에 해당하는 장해상태가 되었을 경우,"3,000만원 ×해당 장해지급률","3,000만원",300 원,300 원,2.00 %,비갱신형,대면채널,2025-01-14,"□ 필수기재사항 1. 가입나이 : 최저 만15세~만64세 2. 보험기간 : 1년만기 3. 보험료 예시기준(비위험)  - 주계약 : 가입금액 3,000만원, 1년만기, 일시납  - 특약 : 가입금액 3,000만원, 1년만기, 일시납 □ 선택기재사항 1. 보험료 납입기간 : 일시납 2. 보험가격지수 예시기준  - 주계약 1종(교통재해사망보장형) 가입금액 3,000만원,  40세, 비위험, 1년만기, 일시납 ※ 교통재해장해특약(무배당)은 주보험 1종(교통재해사망보장형) 선택시 부가 가능 ※ 일반자동차탑승중교통재해장해특약(무배당)은 주보험 2종(일반자동차탑승중교통재해사망보장형) 선택시 부가 가능 ※ 대중교통재해장해특약(무배당)은 주보험 3종(대중교통재해사망보장형) 선택시 부가 가능",1588-3114,file_25.xls,삼성생명,삼성 s교통상해보험(2501)(무배당),특약,대중교통재해장해특약,보험기간 중 “대중교통사고”로 인하여 장해분류표 중 장해지급률이 3%이상 100%이하에 해당하는 장해상태가 되었을 경우,"3,000만원 ×해당 장해지급률","3,000만원",300  원,300  원,2.00 %,-,-,134.9 %,216.7 %,-,-,-,-,보험기간(1년 이하),순수보장,비갱신형,비유니버셜,대면채널,2025-01-14,"□ 필수기재사항 1. 가입나이 : 최저 만15세~만64세 2. 보험기간 : 1년만기 3. 보험료 예시기준(비위험)  - 주계약 : 가입금액 3,000만원, 1년만기, 일시납  - 특약 : 가입금액 3,000만원, 1년만기, 일시납 □ 선택기재사항 1. 보험료 납입기간 : 일시납 2. 보험가격지수 예시기준  - 주계약 1종(교통재해사망보장형) 가입금액 3,000만원,  40세, 비위험, 1년만기, 일시납 ※ 교통재해장해특약(무배당)은 주보험 1종(교통재해사망보장형) 선택시 부가 가능 ※ 일반자동차탑승중교통재해장해특약(무배당)은 주보험 2종(일반자동차탑승중교통재해사망보장형) 선택시 부가 가능 ※ 대중교통재해장해특약(무배당)은 주보험 3종(대중교통재해사망보장형) 선택시 부가 가능",1588-3114,,,,
주계약,재해사망보험금 (월납),주계약,재해사망보험금,피보험자가 보험기간 중 재해로 인하여 사망하였을 때,6억원,"3,000만원 원","1,149,900 원","518,100 원",3.00 %,비갱신형,대면채널  방카슈랑스  CM,2026-03-03,"1. 가입나이 : 만15세 ~ 70세(단 성별, 보험기간, 납입기간별 차등적용) 2. 보험기간 : 100세만기, 110세 만기 3. 보험료 예시기준 : 1종(50%환급형) 4형(상해보장형) 가입금액 3,000만원, 40세, 100세만기, 20년납, 월납",1588-2288,file_25.xls,흥국생명,(무)흥국생명 안심케어보험2603(해약환급금일부지급형)_1종 4형,주계약,재해사망보험금,피보험자가 보험기간 중 재해로 인하여 사망하였을 때,6억원,"3,000만원 원",1149900  원,"518,100  원",3.00 %,-,-,89.8 %,87.3 %,-,-,-,-,보험기간(1년 초과),무해지/저해지환급,비갱신형,비유니버셜,대면채널  방카슈랑스  CM,2026-03-03,"1. 가입나이 : 만15세 ~ 70세(단 성별, 보험기간, 납입기간별 차등적용) 2. 보험기간 : 100세만기, 110세 만기 3. 보험료 예시기준 : 1종(50%환급형) 4형(상해보장형) 가입금액 3,000만원, 40세, 100세만기, 20년납, 월납",1588-2288,,,,
주계약,재해장해보험금 (월납),주계약,재해장해보험금,피보험자가 보험기간 중 보장개시일 이후에 재 해로 인하여 장해분류표에서 정한 각 장해지 급률에 해당하는 장해상태가 되었을 경우,보험가입금액 x 해당 장해지급률,"3,000만원 원","1,170 원",690 원,2.75 %,갱신형,대면채널  TM,2026-03-03,"1.가입나이: 만15세~80세(단 성별, 보험기간, 납입기간별 차등적용) 2.보험기간: 20년(단, 갱신계약의 경우 1~20년), 30년(단, 갱신계약의 경우 1~30년) 3.보험료 예시기준: 가입금액 3,000만원, 20년만기, 전기납,월납, 40세 (단, 자사 최대 가입한도는 1,000만원임)",1588-2288,file_25.xls,흥국생명,(무)흥국생명 다사랑3.1.1간편건강보험(해약환급금미지급형)(갱신형),주계약,재해장해보험금,피보험자가 보험기간 중 보장개시일 이후에 재 해로 인하여 장해분류표에서 정한 각 장해지 급률에 해당하는 장해상태가 되었을 경우,보험가입금액 x 해당 장해지급률,"3,000만원 원",1170  원,690  원,2.75 %,-,-,118.7 %,104.6 %,-,-,-,-,보험기간(1년 초과),순수보장,갱신형,비유니버셜,대면채널  TM,2026-03-03,"1.가입나이: 만15세~80세(단 성별, 보험기간, 납입기간별 차등적용) 2.보험기간: 20년(단, 갱신계약의 경우 1~20년), 30년(단, 갱신계약의 경우 1~30년) 3.보험료 예시기준: 가입금액 3,000만원, 20년만기, 전기납,월납, 40세 (단, 자사 최대 가입한도는 1,000만원임)",1588-2288,,,,
주계약,재해장해보험금 (월납),특약,(무)간편한질병수술특약S(기본형)(갱신형),피보험자가 보험기간 중 보장개시일 이후에 질병으로 인하여 그 치료를 직접목적으로 하 여 수술을 받았을 때 (동일한 질병당 1회한),"1년 미만 5만원, 1년 이후 10만원",10만원 원,"2,604 원","3,282 원",2.75 %,갱신형,대면채널  TM,2026-03-03,"1.가입나이: 만15세~80세(단 성별, 보험기간, 납입기간별 차등적용) 2.보험기간: 20년(단, 갱신계약의 경우 1~20년), 30년(단, 갱신계약의 경우 1~30년) 3.보험료 예시기준: 가입금액 3,000만원, 20년만기, 전기납,월납, 40세 (단, 자사 최대 가입한도는 1,000만원임)",1588-2288,file_25.xls,흥국생명,(무)흥국생명 다사랑3.1.1간편건강보험(해약환급금미지급형)(갱신형),특약,(무)간편한질병수술특약S(기본형)(갱신형),피보험자가 보험기간 중 보장개시일 이후에 질병으로 인하여 그 치료를 직접목적으로 하 여 수술을 받았을 때 (동일한 질병당 1회한),"1년 미만 5만원, 1년 이후 10만원",10만원 원,2604  원,"3,282  원",2.75 %,-,-,118.7 %,104.6 %,-,-,-,-,보험기간(1년 초과),순수보장,갱신형,비유니버셜,대면채널  TM,2026-03-03,"1.가입나이: 만15세~80세(단 성별, 보험기간, 납입기간별 차등적용) 2.보험기간: 20년(단, 갱신계약의 경우 1~20년), 30년(단, 갱신계약의 경우 1~30년) 3.보험료 예시기준: 가입금액 3,000만원, 20년만기, 전기납,월납, 40세 (단, 자사 최대 가입한도는 1,000만원임)",1588-2288,,,,
주계약,재해장해보험금 (월납),특약,(무)간편한암진단특약S(갱신형),피보험자가 보험기간 중 암보장개시일 이후에 암으로 진단확정 되었을 때 (최초 1회에 한함),"180일 미만 100만원, 180일 이후 1,000만원 다만, 1년 미만에 유방암으로 진단확정되었을 경우 50%만 지급",1000만원 원,"7,600 원","9,100 원",2.75 %,갱신형,대면채널  TM,2026-03-03,"1.가입나이: 만15세~80세(단 성별, 보험기간, 납입기간별 차등적용) 2.보험기간: 20년(단, 갱신계약의 경우 1~20년), 30년(단, 갱신계약의 경우 1~30년) 3.보험료 예시기준: 가입금액 3,000만원, 20년만기, 전기납,월납, 40세 (단, 자사 최대 가입한도는 1,000만원임)",1588-2288,file_25.xls,흥국생명,(무)흥국생명 다사랑3.1.1간편건강보험(해약환급금미지급형)(갱신형),특약,(무)간편한암진단특약S(갱신형),피보험자가 보험기간 중 암보장개시일 이후에 암으로 진단확정 되었을 때 (최초 1회에 한함),"180일 미만 100만원, 180일 이후 1,000만원 다만, 1년 미만에 유방암으로 진단확정되었을 경우 50%만 지급",1000만원 원,7600  원,"9,100  원",2.75 %,-,-,118.7 %,104.6 %,-,-,-,-,보험기간(1년 초과),순수보장,갱신형,비유니버셜,대면채널  TM,2026-03-03,"1.가입나이: 만15세~80세(단 성별, 보험기간, 납입기간별 차등적용) 2.보험기간: 20년(단, 갱신계약의 경우 1~20년), 30년(단, 갱신계약의 경우 1~30년) 3.보험료 예시기준: 가입금액 3,000만원, 20년만기, 전기납,월납, 40세 (단, 자사 최대 가입한도는 1,000만원임)",1588-2288,,,,
주계약,재해장해보험금 (월납),특약,(무)간편한항암약물치료특약S(갱신형),"피보험자가 보험기간 중 암보장개시일 이후에 암으로 진단 확정되고, 그 암의 직접적인 치료 를 목적으로 항암약물치료를 받았을 때 (최초 1회에 한함) * 이외 보장담보는 상품요약서 참조","암항암약물치료비: 1년 미만 50만원, 1년 이후 100만원",100만원 원,195 원,285 원,2.75 %,갱신형,대면채널  TM,2026-03-03,"1.가입나이: 만15세~80세(단 성별, 보험기간, 납입기간별 차등적용) 2.보험기간: 20년(단, 갱신계약의 경우 1~20년), 30년(단, 갱신계약의 경우 1~30년) 3.보험료 예시기준: 가입금액 3,000만원, 20년만기, 전기납,월납, 40세 (단, 자사 최대 가입한도는 1,000만원임)",1588-2288,file_25.xls,흥국생명,(무)흥국생명 다사랑3.1.1간편건강보험(해약환급금미지급형)(갱신형),특약,(무)간편한항암약물치료특약S(갱신형),"피보험자가 보험기간 중 암보장개시일 이후에 암으로 진단 확정되고, 그 암의 직접적인 치료 를 목적으로 항암약물치료를 받았을 때 (최초 1회에 한함) * 이외 보장담보는 상품요약서 참조","암항암약물치료비: 1년 미만 50만원, 1년 이후 100만원",100만원 원,195  원,285  원,2.75 %,-,-,118.7 %,104.6 %,-,-,-,-,보험기간(1년 초과),순수보장,갱신형,비유니버셜,대면채널  TM,2026-03-03,"1.가입나이: 만15세~80세(단 성별, 보험기간, 납입기간별 차등적용) 2.보험기간: 20년(단, 갱신계약의 경우 1~20년), 30년(단, 갱신계약의 경우 1~30년) 3.보험료 예시기준: 가입금액 3,000만원, 20년만기, 전기납,월납, 40세 (단, 자사 최대 가입한도는 1,000만원임)",1588-2288,,,,
주계약,재해장해보험금 (월납),특약,(무)간편한항암방사선치료특약S(갱신형),"피보험자가 보험기간 중 암보장개시일 이후에 암으로 진단 확정되고, 그 암의 직접적인 치료를 목적으로 항암방사선치료를 받았을 때 (최초 1회에 한함) * 이외 보장담보는 상품요약서 참조","암 항암방사선치료비: 1년 미만 50만원, 1년 이후 100만원",100만원 원,120 원,210 원,2.75 %,갱신형,대면채널  TM,2026-03-03,"1.가입나이: 만15세~80세(단 성별, 보험기간, 납입기간별 차등적용) 2.보험기간: 20년(단, 갱신계약의 경우 1~20년), 30년(단, 갱신계약의 경우 1~30년) 3.보험료 예시기준: 가입금액 3,000만원, 20년만기, 전기납,월납, 40세 (단, 자사 최대 가입한도는 1,000만원임)",1588-2288,file_25.xls,흥국생명,(무)흥국생명 다사랑3.1.1간편건강보험(해약환급금미지급형)(갱신형),특약,(무)간편한항암방사선치료특약S(갱신형),"피보험자가 보험기간 중 암보장개시일 이후에 암으로 진단 확정되고, 그 암의 직접적인 치료를 목적으로 항암방사선치료를 받았을 때 (최초 1회에 한함) * 이외 보장담보는 상품요약서 참조","암 항암방사선치료비: 1년 미만 50만원, 1년 이후 100만원",100만원 원,120  원,210  원,2.75 %,-,-,118.7 %,104.6 %,-,-,-,-,보험기간(1년 초과),순수보장,갱신형,비유니버셜,대면채널  TM,2026-03-03,"1.가입나이: 만15세~80세(단 성별, 보험기간, 납입기간별 차등적용) 2.보험기간: 20년(단, 갱신계약의 경우 1~20년), 30년(단, 갱신계약의 경우 1~30년) 3.보험료 예시기준: 가입금액 3,000만원, 20년만기, 전기납,월납, 40세 (단, 자사 최대 가입한도는 1,000만원임)",1588-2288,,,,
주계약,재해장해보험금 (월납),주계약,재해장해보험금,피보험자가 보험기간 중 보장개시일 이후에 재 해로 인하여 장해분류표에서 정한 각 장해지 급률에 해당하는 장해상태가 되었을 경우,보험가입금액 x 해당 장해지급률,"3,000만원","1,050 원",630 원,2.75 %,갱신형,대면채널  TM,2026-03-03,"1.가입나이: 만15세~80세(단 성별, 보험기간, 납입기간별 차등적용) 2.보험기간: 10년(단, 갱신계약의 경우 1~10년), 20년(단, 갱신계약의 경우 1~20년) 3.보험료 예시기준: 가입금액 3,000만원, 20년만기, 전기납,월납, 40세 (단, 자사 최대 가입한도는 1,000만원임)",1588-2288,file_25.xls,흥국생명,(무)흥국생명 다사랑3.10.5간편건강보험(해약환급금미지급형)(갱신형),주계약,재해장해보험금,피보험자가 보험기간 중 보장개시일 이후에 재 해로 인하여 장해분류표에서 정한 각 장해지 급률에 해당하는 장해상태가 되었을 경우,보험가입금액 x 해당 장해지급률,"3,000만원",1050  원,630  원,2.75 %,-,-,106.5 %,95.5 %,-,-,-,-,보험기간(1년 초과),순수보장,갱신형,비유니버셜,대면채널  TM,2026-03-03,"1.가입나이: 만15세~80세(단 성별, 보험기간, 납입기간별 차등적용) 2.보험기간: 10년(단, 갱신계약의 경우 1~10년), 20년(단, 갱신계약의 경우 1~20년) 3.보험료 예시기준: 가입금액 3,000만원, 20년만기, 전기납,월납, 40세 (단, 자사 최대 가입한도는 1,000만원임)",1588-2288,,,,
주계약,재해장해보험금 (월납),특약,(무)간편한(3.10.5)질병수술특약S(기본형)(해약환급금미지급형)(갱신형),피보험자가 보험기간 중 보장개시일 이후에 질병으로 인하여 그 치료를 직접목적으로 하 여 수술을 받았을 때 (동일한 질병당 1회한),"1년 미만 5만원, 1년 이후 10만원",10만원,"1,458 원","1,851 원",2.75 %,갱신형,대면채널  TM,2026-03-03,"1.가입나이: 만15세~80세(단 성별, 보험기간, 납입기간별 차등적용) 2.보험기간: 10년(단, 갱신계약의 경우 1~10년), 20년(단, 갱신계약의 경우 1~20년) 3.보험료 예시기준: 가입금액 3,000만원, 20년만기, 전기납,월납, 40세 (단, 자사 최대 가입한도는 1,000만원임)",1588-2288,file_25.xls,흥국생명,(무)흥국생명 다사랑3.10.5간편건강보험(해약환급금미지급형)(갱신형),특약,(무)간편한(3.10.5)질병수술특약S(기본형)(해약환급금미지급형)(갱신형),피보험자가 보험기간 중 보장개시일 이후에 질병으로 인하여 그 치료를 직접목적으로 하 여 수술을 받았을 때 (동일한 질병당 1회한),"1년 미만 5만원, 1년 이후 10만원",10만원,1458  원,"1,851  원",2.75 %,-,-,106.5 %,95.5 %,-,-,-,-,보험기간(1년 초과),순수보장,갱신형,비유니버셜,대면채널  TM,2026-03-03,"1.가입나이: 만15세~80세(단 성별, 보험기간, 납입기간별 차등적용) 2.보험기간: 10년(단, 갱신계약의 경우 1~10년), 20년(단, 갱신계약의 경우 1~20년) 3.보험료 예시기준: 가입금액 3,000만원, 20년만기, 전기납,월납, 40세 (단, 자사 최대 가입한도는 1,000만원임)",1588-2288,,,,
주계약,재해장해보험금 (월납),특약,(무)간편한(3.10.5)암진단특약S(해약환급금미지급형)(갱신형),피보험자가 보험기간 중 암보장개시일 이후 에 암으로 진단확정 되었을 때 (최초 1회에 한함),"180일 미만 100만원, 180일 이후 1,000만원 다만, 1년 미만에 유방암으로 진단확정되었을 경우 50%만 지급",1000만원,"4,400 원","5,900 원",2.75 %,갱신형,대면채널  TM,2026-03-03,"1.가입나이: 만15세~80세(단 성별, 보험기간, 납입기간별 차등적용) 2.보험기간: 10년(단, 갱신계약의 경우 1~10년), 20년(단, 갱신계약의 경우 1~20년) 3.보험료 예시기준: 가입금액 3,000만원, 20년만기, 전기납,월납, 40세 (단, 자사 최대 가입한도는 1,000만원임)",1588-2288,file_25.xls,흥국생명,(무)흥국생명 다사랑3.10.5간편건강보험(해약환급금미지급형)(갱신형),특약,(무)간편한(3.10.5)암진단특약S(해약환급금미지급형)(갱신형),피보험자가 보험기간 중 암보장개시일 이후 에 암으로 진단확정 되었을 때 (최초 1회에 한함),"180일 미만 100만원, 180일 이후 1,000만원 다만, 1년 미만에 유방암으로 진단확정되었을 경우 50%만 지급",1000만원,4400  원,"5,900  원",2.75 %,-,-,106.5 %,95.5 %,-,-,-,-,보험기간(1년 초과),순수보장,갱신형,비유니버셜,대면채널  TM,2026-03-03,"1.가입나이: 만15세~80세(단 성별, 보험기간, 납입기간별 차등적용) 2.보험기간: 10년(단, 갱신계약의 경우 1~10년), 20년(단, 갱신계약의 경우 1~20년) 3.보험료 예시기준: 가입금액 3,000만원, 20년만기, 전기납,월납, 40세 (단, 자사 최대 가입한도는 1,000만원임)",1588-2288,,,,
주계약,재해장해보험금 (월납),특약,(무)간편한(3.10.5)항암약물치료특약S(해약환급금미지급형)(갱신형),"피보험자가 보험기간 중 암보장개시일 이후에 암으로 진단 확정되고, 그 암의 직접적인 치료 를 목적으로 항암약물치료를 받았을 때 (최초 1회에 한함) * 이외 보장담보는 상품요약서 참조","암항암약물치료비: 1년 미만 50만원, 1년 이후 100만원",100만원,118 원,194 원,2.75 %,갱신형,대면채널  TM,2026-03-03,"1.가입나이: 만15세~80세(단 성별, 보험기간, 납입기간별 차등적용) 2.보험기간: 10년(단, 갱신계약의 경우 1~10년), 20년(단, 갱신계약의 경우 1~20년) 3.보험료 예시기준: 가입금액 3,000만원, 20년만기, 전기납,월납, 40세 (단, 자사 최대 가입한도는 1,000만원임)",1588-2288,file_25.xls,흥국생명,(무)흥국생명 다사랑3.10.5간편건강보험(해약환급금미지급형)(갱신형),특약,(무)간편한(3.10.5)항암약물치료특약S(해약환급금미지급형)(갱신형),"피보험자가 보험기간 중 암보장개시일 이후에 암으로 진단 확정되고, 그 암의 직접적인 치료 를 목적으로 항암약물치료를 받았을 때 (최초 1회에 한함) * 이외 보장담보는 상품요약서 참조","암항암약물치료비: 1년 미만 50만원, 1년 이후 100만원",100만원,118  원,194  원,2.75 %,-,-,106.5 %,95.5 %,-,-,-,-,보험기간(1년 초과),순수보장,갱신형,비유니버셜,대면채널  TM,2026-03-03,"1.가입나이: 만15세~80세(단 성별, 보험기간, 납입기간별 차등적용) 2.보험기간: 10년(단, 갱신계약의 경우 1~10년), 20년(단, 갱신계약의 경우 1~20년) 3.보험료 예시기준: 가입금액 3,000만원, 20년만기, 전기납,월납, 40세 (단, 자사 최대 가입한도는 1,000만원임)",1588-2288,,,,
주계약,재해장해보험금 (월납),특약,(무)간편한(3.10.5)항암방사선치료특약S(해약환급금미지급형)(갱신형),"피보험자가 보험기간 중 암보장개시일 이후에 암으로 진단 확정되고, 그 암의 직접적인 치 료를 목적으로 항암방사선치료를 받았을 때 (최초 1회에 한함) * 이외 보장담보는 상품요약서 참조","암항암방사선치료비: 1년 미만 50만원, 1년 이후 100만원",100만원,75 원,147 원,2.75 %,갱신형,대면채널  TM,2026-03-03,"1.가입나이: 만15세~80세(단 성별, 보험기간, 납입기간별 차등적용) 2.보험기간: 10년(단, 갱신계약의 경우 1~10년), 20년(단, 갱신계약의 경우 1~20년) 3.보험료 예시기준: 가입금액 3,000만원, 20년만기, 전기납,월납, 40세 (단, 자사 최대 가입한도는 1,000만원임)",1588-2288,file_25.xls,흥국생명,(무)흥국생명 다사랑3.10.5간편건강보험(해약환급금미지급형)(갱신형),특약,(무)간편한(3.10.5)항암방사선치료특약S(해약환급금미지급형)(갱신형),"피보험자가 보험기간 중 암보장개시일 이후에 암으로 진단 확정되고, 그 암의 직접적인 치 료를 목적으로 항암방사선치료를 받았을 때 (최초 1회에 한함) * 이외 보장담보는 상품요약서 참조","암항암방사선치료비: 1년 미만 50만원, 1년 이후 100만원",100만원,75  원,147  원,2.75 %,-,-,106.5 %,95.5 %,-,-,-,-,보험기간(1년 초과),순수보장,갱신형,비유니버셜,대면채널  TM,2026-03-03,"1.가입나이: 만15세~80세(단 성별, 보험기간, 납입기간별 차등적용) 2.보험기간: 10년(단, 갱신계약의 경우 1~10년), 20년(단, 갱신계약의 경우 1~20년) 3.보험료 예시기준: 가입금액 3,000만원, 20년만기, 전기납,월납, 40세 (단, 자사 최대 가입한도는 1,000만원임)",1588-2288,,,,
주계약,재해장해보험금 (월납),주계약,재해장해보험금,피보험자가 보험기간 중 보장개시일 이후에 재해로 인하여 장해분류표에서 정한 각 장해지급률에 해당하는 장해상태가 되었을 경우,"1,000만원 × 해당 장해지급률","3,000만원","1,620 원","1,380 원",2.75 %,비갱신형,대면채널,2026-02-08,"1. 가입나이 : 0세 ~ 30세(단, 성별, 보험기간, 납입기간별 차등적용) 2. 보험기간 : 90세만기, 100세만기 3. 보험료 예시 및 보험가격지수 산출기준 : 1종(해약환급금 미지급형V2), 1형(재해장해보장형), 가입금액 3,000만원, 5세, 100세만기, 20년납, 월납",1588-2288,file_25.xls,흥국생명,(무)흥국생명다재다능종합보험(해약환급금미지급형V2),주계약,재해장해보험금,피보험자가 보험기간 중 보장개시일 이후에 재해로 인하여 장해분류표에서 정한 각 장해지급률에 해당하는 장해상태가 되었을 경우,"1,000만원 × 해당 장해지급률","3,000만원",1620  원,"1,380  원",2.75 %,-,-,95.8 %,98.1 %,-,-,-,-,보험기간(1년 초과),무해지/저해지환급,비갱신형,비유니버셜,대면채널,2026-02-08,"1. 가입나이 : 0세 ~ 30세(단, 성별, 보험기간, 납입기간별 차등적용) 2. 보험기간 : 90세만기, 100세만기 3. 보험료 예시 및 보험가격지수 산출기준 : 1종(해약환급금 미지급형V2), 1형(재해장해보장형), 가입금액 3,000만원, 5세, 100세만기, 20년납, 월납",1588-2288,,,,
주계약,재해장해보험금 (월납),특약,(무)골절진단(치아파절제외)특약,"피보험자가 보험기간 중 보장개시일 이후에 재해골절(치아파절 제외)이 발생하였을 때(발생 1회당) (다만, 동일재해에 의한 경우 1회에 한함)",가입금액의 100%,"1,000만원",869 원,716 원,2.75 %,비갱신형,대면채널,2026-02-08,"1. 가입나이 : 0세 ~ 30세(단, 성별, 보험기간, 납입기간별 차등적용) 2. 보험기간 : 90세만기, 100세만기 3. 보험료 예시 및 보험가격지수 산출기준 : 1종(해약환급금 미지급형V2), 1형(재해장해보장형), 가입금액 3,000만원, 5세, 100세만기, 20년납, 월납",1588-2288,file_25.xls,흥국생명,(무)흥국생명다재다능종합보험(해약환급금미지급형V2),특약,(무)골절진단(치아파절제외)특약,"피보험자가 보험기간 중 보장개시일 이후에 재해골절(치아파절 제외)이 발생하였을 때(발생 1회당) (다만, 동일재해에 의한 경우 1회에 한함)",가입금액의 100%,"1,000만원",869  원,716  원,2.75 %,-,-,95.8 %,98.1 %,-,-,-,-,보험기간(1년 초과),무해지/저해지환급,비갱신형,비유니버셜,대면채널,2026-02-08,"1. 가입나이 : 0세 ~ 30세(단, 성별, 보험기간, 납입기간별 차등적용) 2. 보험기간 : 90세만기, 100세만기 3. 보험료 예시 및 보험가격지수 산출기준 : 1종(해약환급금 미지급형V2), 1형(재해장해보장형), 가입금액 3,000만원, 5세, 100세만기, 20년납, 월납",1588-2288,,,,
주계약,재해장해보험금 (월납),특약,(무)허혈심장질환특약Ⅱ,"피보험자가 보험기간 중 보장개시일 이후에 허혈심장질환으로 진단확정 되었을 때(다만, 최초 1회에 한함)",가입금액의 100%,10만원,"3,600 원","1,900 원",2.75 %,비갱신형,대면채널,2026-02-08,"1. 가입나이 : 0세 ~ 30세(단, 성별, 보험기간, 납입기간별 차등적용) 2. 보험기간 : 90세만기, 100세만기 3. 보험료 예시 및 보험가격지수 산출기준 : 1종(해약환급금 미지급형V2), 1형(재해장해보장형), 가입금액 3,000만원, 5세, 100세만기, 20년납, 월납",1588-2288,file_25.xls,흥국생명,(무)흥국생명다재다능종합보험(해약환급금미지급형V2),특약,(무)허혈심장질환특약Ⅱ,"피보험자가 보험기간 중 보장개시일 이후에 허혈심장질환으로 진단확정 되었을 때(다만, 최초 1회에 한함)",가입금액의 100%,10만원,3600  원,"1,900  원",2.75 %,-,-,95.8 %,98.1 %,-,-,-,-,보험기간(1년 초과),무해지/저해지환급,비갱신형,비유니버셜,대면채널,2026-02-08,"1. 가입나이 : 0세 ~ 30세(단, 성별, 보험기간, 납입기간별 차등적용) 2. 보험기간 : 90세만기, 100세만기 3. 보험료 예시 및 보험가격지수 산출기준 : 1종(해약환급금 미지급형V2), 1형(재해장해보장형), 가입금액 3,000만원, 5세, 100세만기, 20년납, 월납",1588-2288,,,,
주계약,재해장해보험금 (월납),특약,(무)수술보장특약Ⅲ,피보험자가 보험기간 중 보장개시일 이후에 질병 또는 재해로 인하여 그 치료를 직접 목적으로 별표3(1~5종 수술분류표)에서 정한 수술을 받았을 때(수술 1회당),"1종 : 20만원 2종 : 50만원 3종 : 100만원 4종 : 500만원 5종 : 1,000만원","1,000만원","12,400 원","12,300 원",2.75 %,비갱신형,대면채널,2026-02-08,"1. 가입나이 : 0세 ~ 30세(단, 성별, 보험기간, 납입기간별 차등적용) 2. 보험기간 : 90세만기, 100세만기 3. 보험료 예시 및 보험가격지수 산출기준 : 1종(해약환급금 미지급형V2), 1형(재해장해보장형), 가입금액 3,000만원, 5세, 100세만기, 20년납, 월납",1588-2288,file_25.xls,흥국생명,(무)흥국생명다재다능종합보험(해약환급금미지급형V2),특약,(무)수술보장특약Ⅲ,피보험자가 보험기간 중 보장개시일 이후에 질병 또는 재해로 인하여 그 치료를 직접 목적으로 별표3(1~5종 수술분류표)에서 정한 수술을 받았을 때(수술 1회당),"1종 : 20만원 2종 : 50만원 3종 : 100만원 4종 : 500만원 5종 : 1,000만원","1,000만원",12400  원,"12,300  원",2.75 %,-,-,95.8 %,98.1 %,-,-,-,-,보험기간(1년 초과),무해지/저해지환급,비갱신형,비유니버셜,대면채널,2026-02-08,"1. 가입나이 : 0세 ~ 30세(단, 성별, 보험기간, 납입기간별 차등적용) 2. 보험기간 : 90세만기, 100세만기 3. 보험료 예시 및 보험가격지수 산출기준 : 1종(해약환급금 미지급형V2), 1형(재해장해보장형), 가입금액 3,000만원, 5세, 100세만기, 20년납, 월납",1588-2288,,,,
주계약,재해장해보험금 (월납),특약,(무)암진단특약Ⅲ(해약환급금 미지급형V2),피보험자가 암보장개시일 이후에 암으로 진단 확 정되었을 때,가입금액의 100%,"1,000만원","6,970 원","5,170 원",2.75 %,비갱신형,대면채널,2026-02-08,"1. 가입나이 : 0세 ~ 30세(단, 성별, 보험기간, 납입기간별 차등적용) 2. 보험기간 : 90세만기, 100세만기 3. 보험료 예시 및 보험가격지수 산출기준 : 1종(해약환급금 미지급형V2), 1형(재해장해보장형), 가입금액 3,000만원, 5세, 100세만기, 20년납, 월납",1588-2288,file_25.xls,흥국생명,(무)흥국생명다재다능종합보험(해약환급금미지급형V2),특약,(무)암진단특약Ⅲ(해약환급금 미지급형V2),피보험자가 암보장개시일 이후에 암으로 진단 확 정되었을 때,가입금액의 100%,"1,000만원",6970  원,"5,170  원",2.75 %,-,-,95.8 %,98.1 %,-,-,-,-,보험기간(1년 초과),무해지/저해지환급,비갱신형,비유니버셜,대면채널,2026-02-08,"1. 가입나이 : 0세 ~ 30세(단, 성별, 보험기간, 납입기간별 차등적용) 2. 보험기간 : 90세만기, 100세만기 3. 보험료 예시 및 보험가격지수 산출기준 : 1종(해약환급금 미지급형V2), 1형(재해장해보장형), 가입금액 3,000만원, 5세, 100세만기, 20년납, 월납",1588-2288,,,,
흥국생명,(무)처음만난흥국생명상해보험 (월납),주계약,"뺑소니,무보험차 교통재해 장해급여금","피보험자가 보험기간 중 보장개시일 이후에 제3조(“뺑소니,무보험차 교통재해”의 정의)에서 정한 뺑소니 ？ 무보험차에 의한 교통재해로 인하여 장해분류표에서 정한 장해지급률에 해당하는 장해상태가 되었을 때","남자 1,000만원 × 해당 장해지급률 / 여자 2,000만원 × 해당 장해지급률",10만원,"3,000 원","3,000 원",2.75 %,비갱신형,대면채널,2026-02-08,"1. 가입나이 : 자녀형(0세~20세), 레저형 및 성인형(만15세~65세) 2. 보험기간 : 1년 3. 보험료 예시기준 : 1형(자녀형), 가입금액 1구좌(10만원), 1년만기, 일시납, 5세",1588-2288,file_25.xls,흥국생명,(무)처음만난흥국생명상해보험,주계약,"뺑소니,무보험차 교통재해 장해급여금","피보험자가 보험기간 중 보장개시일 이후에 제3조(“뺑소니,무보험차 교통재해”의 정의)에서 정한 뺑소니 ？ 무보험차에 의한 교통재해로 인하여 장해분류표에서 정한 장해지급률에 해당하는 장해상태가 되었을 때","남자 1,000만원 × 해당 장해지급률 / 여자 2,000만원 × 해당 장해지급률",10만원,3000  원,"3,000  원",2.75 %,-,-,121.0 %,70.4 %,-,-,-,-,보험기간(1년 이하),순수보장,비갱신형,비유니버셜,대면채널,2026-02-08,"1. 가입나이 : 자녀형(0세~20세), 레저형 및 성인형(만15세~65세) 2. 보험기간 : 1년 3. 보험료 예시기준 : 1형(자녀형), 가입금액 1구좌(10만원), 1년만기, 일시납, 5세",1588-2288,,,,
흥국생명,(무)처음만난흥국생명상해보험 (월납),주계약,일반재해 장해급여금,"피보험자가 보험기간 중 보장개시일 이후에 발생한 뺑소니,무보험차에 의한 교통재해 이외의 재해로 인하여 장해분류표에서 정한 장해지급률에 해당하는 장해상태가 되었을 때",남자 300만원 × 해당 장해지급률 / 여자 600만원 × 해당 장해지급률,10만원,"3,000 원","3,000 원",2.75 %,비갱신형,대면채널,2026-02-08,"1. 가입나이 : 자녀형(0세~20세), 레저형 및 성인형(만15세~65세) 2. 보험기간 : 1년 3. 보험료 예시기준 : 1형(자녀형), 가입금액 1구좌(10만원), 1년만기, 일시납, 5세",1588-2288,file_25.xls,흥국생명,(무)처음만난흥국생명상해보험,주계약,일반재해 장해급여금,"피보험자가 보험기간 중 보장개시일 이후에 발생한 뺑소니,무보험차에 의한 교통재해 이외의 재해로 인하여 장해분류표에서 정한 장해지급률에 해당하는 장해상태가 되었을 때",남자 300만원 × 해당 장해지급률 / 여자 600만원 × 해당 장해지급률,10만원,3000  원,"3,000  원",2.75 %,-,-,121.0 %,70.4 %,-,-,-,-,보험기간(1년 이하),순수보장,비갱신형,비유니버셜,대면채널,2026-02-08,"1. 가입나이 : 자녀형(0세~20세), 레저형 및 성인형(만15세~65세) 2. 보험기간 : 1년 3. 보험료 예시기준 : 1형(자녀형), 가입금액 1구좌(10만원), 1년만기, 일시납, 5세",1588-2288,,,,
흥국생명,(무)처음만난흥국생명상해보험 (월납),주계약,재해골절 (치아파절 제외) 수술비,피보험자가 보험기간 중 보장개시일 이후에 재해로 인하여 제4조(“재해골절(치아파절 제외)”의 정의 및 진단확정)에서 정한 골절상태가 되어 그 치료를 직접적인 목적으로 수술을 받았을 때(수술 1회당),남자 10만원 / 여자 20만원,10만원,"3,000 원","3,000 원",2.75 %,비갱신형,대면채널,2026-02-08,"1. 가입나이 : 자녀형(0세~20세), 레저형 및 성인형(만15세~65세) 2. 보험기간 : 1년 3. 보험료 예시기준 : 1형(자녀형), 가입금액 1구좌(10만원), 1년만기, 일시납, 5세",1588-2288,file_25.xls,흥국생명,(무)처음만난흥국생명상해보험,주계약,재해골절 (치아파절 제외) 수술비,피보험자가 보험기간 중 보장개시일 이후에 재해로 인하여 제4조(“재해골절(치아파절 제외)”의 정의 및 진단확정)에서 정한 골절상태가 되어 그 치료를 직접적인 목적으로 수술을 받았을 때(수술 1회당),남자 10만원 / 여자 20만원,10만원,3000  원,"3,000  원",2.75 %,-,-,121.0 %,70.4 %,-,-,-,-,보험기간(1년 이하),순수보장,비갱신형,비유니버셜,대면채널,2026-02-08,"1. 가입나이 : 자녀형(0세~20세), 레저형 및 성인형(만15세~65세) 2. 보험기간 : 1년 3. 보험료 예시기준 : 1형(자녀형), 가입금액 1구좌(10만원), 1년만기, 일시납, 5세",1588-2288,,,,
흥국생명,(무)처음만난흥국생명상해보험 (월납),주계약,화상 및 부식 입원비,"피보험자가 보험기간 중 보장개시일 이후에 재해를 직접적인 원인으로 화상 및 부식 이 진단확정되고 그 화상 및 부식치료를 직접목적으로 하여 11일이상 계속입원 하였을 때(110일 한도, 10일초과 1일당)",남자 5만원 / 여자 10만원,10만원,"3,000 원","3,000 원",2.75 %,비갱신형,대면채널,2026-02-08,"1. 가입나이 : 자녀형(0세~20세), 레저형 및 성인형(만15세~65세) 2. 보험기간 : 1년 3. 보험료 예시기준 : 1형(자녀형), 가입금액 1구좌(10만원), 1년만기, 일시납, 5세",1588-2288,file_25.xls,흥국생명,(무)처음만난흥국생명상해보험,주계약,화상 및 부식 입원비,"피보험자가 보험기간 중 보장개시일 이후에 재해를 직접적인 원인으로 화상 및 부식 이 진단확정되고 그 화상 및 부식치료를 직접목적으로 하여 11일이상 계속입원 하였을 때(110일 한도, 10일초과 1일당)",남자 5만원 / 여자 10만원,10만원,3000  원,"3,000  원",2.75 %,-,-,121.0 %,70.4 %,-,-,-,-,보험기간(1년 이하),순수보장,비갱신형,비유니버셜,대면채널,2026-02-08,"1. 가입나이 : 자녀형(0세~20세), 레저형 및 성인형(만15세~65세) 2. 보험기간 : 1년 3. 보험료 예시기준 : 1형(자녀형), 가입금액 1구좌(10만원), 1년만기, 일시납, 5세",1588-2288,,,,
흥국생명,(무)흥국생명 다사랑통합상해보험(갱신형) (월납),주계약,경증 재해사고급여금,피보험자가 보험기간 중 보장개시일 이후에 재해를 원인으 로 약관 별표2(재해사고분류표)에서 정한 경증재해사고가 발생하였을 경우 (부위별로 연간 1회한),보험가입금액의 10%,"3,000만원","511,200 원","482,100 원",2.75 %,갱신형,대면채널  TM,2026-02-08,"""1. 가입나이 : 만15세 ~ 80세(단 성별, 보험기간, 납입기간별 차등적용) 2. 보험기간 : 20년(단, 갱신계약의 경우 1~20년) , 30년(단, 갱신계약의 경우 1~30년) 3. 보험료 예시기준 : 가입금액 3,000만원, 20년만기, 전기납, 월납, 40세 (단, 자사 최대 가입한도는 10만원임)",1588-2288,file_25.xls,흥국생명,(무)흥국생명 다사랑통합상해보험(갱신형),주계약,경증 재해사고급여금,피보험자가 보험기간 중 보장개시일 이후에 재해를 원인으 로 약관 별표2(재해사고분류표)에서 정한 경증재해사고가 발생하였을 경우 (부위별로 연간 1회한),보험가입금액의 10%,"3,000만원",511200  원,"482,100  원",2.75 %,-,-,124.3 %,114.7 %,-,-,-,-,보험기간(1년 초과),순수보장,갱신형,비유니버셜,대면채널  TM,2026-02-08,"""1. 가입나이 : 만15세 ~ 80세(단 성별, 보험기간, 납입기간별 차등적용) 2. 보험기간 : 20년(단, 갱신계약의 경우 1~20년) , 30년(단, 갱신계약의 경우 1~30년) 3. 보험료 예시기준 : 가입금액 3,000만원, 20년만기, 전기납, 월납, 40세 (단, 자사 최대 가입한도는 10만원임)",1588-2288,,,,
흥국생명,(무)흥국생명 다사랑통합상해보험(갱신형) (월납),주계약,중등증 재해사고급여금,피보험자가 보험기간 중 보장개시일 이후에 재해를 원인으 로 약관 별표2(재해사고분류표)에서 정한 중등증재해사고가 발생하였을 경우 (부위별로 연간 1회한),보험가입금액의 50%,"3,000만원","511,200 원","482,100 원",2.75 %,갱신형,대면채널  TM,2026-02-08,"""1. 가입나이 : 만15세 ~ 80세(단 성별, 보험기간, 납입기간별 차등적용) 2. 보험기간 : 20년(단, 갱신계약의 경우 1~20년) , 30년(단, 갱신계약의 경우 1~30년) 3. 보험료 예시기준 : 가입금액 3,000만원, 20년만기, 전기납, 월납, 40세 (단, 자사 최대 가입한도는 10만원임)",1588-2288,file_25.xls,흥국생명,(무)흥국생명 다사랑통합상해보험(갱신형),주계약,중등증 재해사고급여금,피보험자가 보험기간 중 보장개시일 이후에 재해를 원인으 로 약관 별표2(재해사고분류표)에서 정한 중등증재해사고가 발생하였을 경우 (부위별로 연간 1회한),보험가입금액의 50%,"3,000만원",511200  원,"482,100  원",2.75 %,-,-,124.3 %,114.7 %,-,-,-,-,보험기간(1년 초과),순수보장,갱신형,비유니버셜,대면채널  TM,2026-02-08,"""1. 가입나이 : 만15세 ~ 80세(단 성별, 보험기간, 납입기간별 차등적용) 2. 보험기간 : 20년(단, 갱신계약의 경우 1~20년) , 30년(단, 갱신계약의 경우 1~30년) 3. 보험료 예시기준 : 가입금액 3,000만원, 20년만기, 전기납, 월납, 40세 (단, 자사 최대 가입한도는 10만원임)",1588-2288,,,,
흥국생명,(무)흥국생명 다사랑통합상해보험(갱신형) (월납),주계약,중증 재해사고급여금,피보험자가 보험기간 중 보장개시일 이후에 재해를 원인으 로 약관 별표2(재해사고분류표)에서 정한 중증재해사고가 발생하였을 경우 (부위별로 연간 1회한),보험가입금액의 100%,"3,000만원","511,200 원","482,100 원",2.75 %,갱신형,대면채널  TM,2026-02-08,"""1. 가입나이 : 만15세 ~ 80세(단 성별, 보험기간, 납입기간별 차등적용) 2. 보험기간 : 20년(단, 갱신계약의 경우 1~20년) , 30년(단, 갱신계약의 경우 1~30년) 3. 보험료 예시기준 : 가입금액 3,000만원, 20년만기, 전기납, 월납, 40세 (단, 자사 최대 가입한도는 10만원임)",1588-2288,file_25.xls,흥국생명,(무)흥국생명 다사랑통합상해보험(갱신형),주계약,중증 재해사고급여금,피보험자가 보험기간 중 보장개시일 이후에 재해를 원인으 로 약관 별표2(재해사고분류표)에서 정한 중증재해사고가 발생하였을 경우 (부위별로 연간 1회한),보험가입금액의 100%,"3,000만원",511200  원,"482,100  원",2.75 %,-,-,124.3 %,114.7 %,-,-,-,-,보험기간(1년 초과),순수보장,갱신형,비유니버셜,대면채널  TM,2026-02-08,"""1. 가입나이 : 만15세 ~ 80세(단 성별, 보험기간, 납입기간별 차등적용) 2. 보험기간 : 20년(단, 갱신계약의 경우 1~20년) , 30년(단, 갱신계약의 경우 1~30년) 3. 보험료 예시기준 : 가입금액 3,000만원, 20년만기, 전기납, 월납, 40세 (단, 자사 최대 가입한도는 10만원임)",1588-2288,,,,
흥국생명,(무)흥국생명 다사랑통합상해보험(갱신형) (월납),특약,(무)OK신5대골절수술특약(갱신형),"피보험자가 보험기간 중 보장개시일 이후에 신5대골절로 진단확정 되고, 그 신5대골절의 치료를 직접적인 목적으로 수술을 받았을 때 (수술 1회당)",가입금액의 100%,100만원,70 원,60 원,2.75 %,갱신형,대면채널  TM,2026-02-08,"""1. 가입나이 : 만15세 ~ 80세(단 성별, 보험기간, 납입기간별 차등적용) 2. 보험기간 : 20년(단, 갱신계약의 경우 1~20년) , 30년(단, 갱신계약의 경우 1~30년) 3. 보험료 예시기준 : 가입금액 3,000만원, 20년만기, 전기납, 월납, 40세 (단, 자사 최대 가입한도는 10만원임)",1588-2288,file_25.xls,흥국생명,(무)흥국생명 다사랑통합상해보험(갱신형),특약,(무)OK신5대골절수술특약(갱신형),"피보험자가 보험기간 중 보장개시일 이후에 신5대골절로 진단확정 되고, 그 신5대골절의 치료를 직접적인 목적으로 수술을 받았을 때 (수술 1회당)",가입금액의 100%,100만원,70  원,60  원,2.75 %,-,-,124.3 %,114.7 %,-,-,-,-,보험기간(1년 초과),순수보장,갱신형,비유니버셜,대면채널  TM,2026-02-08,"""1. 가입나이 : 만15세 ~ 80세(단 성별, 보험기간, 납입기간별 차등적용) 2. 보험기간 : 20년(단, 갱신계약의 경우 1~20년) , 30년(단, 갱신계약의 경우 1~30년) 3. 보험료 예시기준 : 가입금액 3,000만원, 20년만기, 전기납, 월납, 40세 (단, 자사 최대 가입한도는 10만원임)",1588-2288,,,,
흥국생명,(무)흥국생명 다사랑통합상해보험(갱신형) (월납),특약,(무)OK재해수술보장특약(갱신형),피보험자가 보험기간 중 보장개시일 이후에 재해로 인하여 그 치료를 직접적인 목적으로 하여 수술을 받았을 때 (수술 1회당),가입금액의 100%,10만원,357 원,237 원,2.75 %,갱신형,대면채널  TM,2026-02-08,"""1. 가입나이 : 만15세 ~ 80세(단 성별, 보험기간, 납입기간별 차등적용) 2. 보험기간 : 20년(단, 갱신계약의 경우 1~20년) , 30년(단, 갱신계약의 경우 1~30년) 3. 보험료 예시기준 : 가입금액 3,000만원, 20년만기, 전기납, 월납, 40세 (단, 자사 최대 가입한도는 10만원임)",1588-2288,file_25.xls,흥국생명,(무)흥국생명 다사랑통합상해보험(갱신형),특약,(무)OK재해수술보장특약(갱신형),피보험자가 보험기간 중 보장개시일 이후에 재해로 인하여 그 치료를 직접적인 목적으로 하여 수술을 받았을 때 (수술 1회당),가입금액의 100%,10만원,357  원,237  원,2.75 %,-,-,124.3 %,114.7 %,-,-,-,-,보험기간(1년 초과),순수보장,갱신형,비유니버셜,대면채널  TM,2026-02-08,"""1. 가입나이 : 만15세 ~ 80세(단 성별, 보험기간, 납입기간별 차등적용) 2. 보험기간 : 20년(단, 갱신계약의 경우 1~20년) , 30년(단, 갱신계약의 경우 1~30년) 3. 보험료 예시기준 : 가입금액 3,000만원, 20년만기, 전기납, 월납, 40세 (단, 자사 최대 가입한도는 10만원임)",1588-2288,,,,
흥국생명,(무)흥국생명 다사랑통합상해보험(갱신형) (월납),특약,(무)OK통합상해진단비특약(중증)(갱신형),피보험자가 보험기간 중 보장개시일 이후에 재해를 원인으 로 약관 별표2(재해사고분류표)에서 정한 중증재해사고가 발생하였을 경우 (부위별로 연간 1회한),가입금액의 100%,100만원,670 원,330 원,2.75 %,갱신형,대면채널  TM,2026-02-08,"""1. 가입나이 : 만15세 ~ 80세(단 성별, 보험기간, 납입기간별 차등적용) 2. 보험기간 : 20년(단, 갱신계약의 경우 1~20년) , 30년(단, 갱신계약의 경우 1~30년) 3. 보험료 예시기준 : 가입금액 3,000만원, 20년만기, 전기납, 월납, 40세 (단, 자사 최대 가입한도는 10만원임)",1588-2288,file_25.xls,흥국생명,(무)흥국생명 다사랑통합상해보험(갱신형),특약,(무)OK통합상해진단비특약(중증)(갱신형),피보험자가 보험기간 중 보장개시일 이후에 재해를 원인으 로 약관 별표2(재해사고분류표)에서 정한 중증재해사고가 발생하였을 경우 (부위별로 연간 1회한),가입금액의 100%,100만원,670  원,330  원,2.75 %,-,-,124.3 %,114.7 %,-,-,-,-,보험기간(1년 초과),순수보장,갱신형,비유니버셜,대면채널  TM,2026-02-08,"""1. 가입나이 : 만15세 ~ 80세(단 성별, 보험기간, 납입기간별 차등적용) 2. 보험기간 : 20년(단, 갱신계약의 경우 1~20년) , 30년(단, 갱신계약의 경우 1~30년) 3. 보험료 예시기준 : 가입금액 3,000만원, 20년만기, 전기납, 월납, 40세 (단, 자사 최대 가입한도는 10만원임)",1588-2288,,,,
흥국생명,(무)흥국생명 다사랑통합상해보험(갱신형) (월납),특약,(무)OK탈구및염좌과긴장수술특약(갱신형),"피보험자가 보험기간 중 보장개시일 이후에 탈구, 관절 및 인접근육의 염좌 및 과긴장으로 진단확정되고, 그 치료를 직접적인 목적으로 수술을 받았을 때 (수술 1회당)",가입금액의 100%,100만원,520 원,380 원,2.75 %,갱신형,대면채널  TM,2026-02-08,"""1. 가입나이 : 만15세 ~ 80세(단 성별, 보험기간, 납입기간별 차등적용) 2. 보험기간 : 20년(단, 갱신계약의 경우 1~20년) , 30년(단, 갱신계약의 경우 1~30년) 3. 보험료 예시기준 : 가입금액 3,000만원, 20년만기, 전기납, 월납, 40세 (단, 자사 최대 가입한도는 10만원임)",1588-2288,file_25.xls,흥국생명,(무)흥국생명 다사랑통합상해보험(갱신형),특약,(무)OK탈구및염좌과긴장수술특약(갱신형),"피보험자가 보험기간 중 보장개시일 이후에 탈구, 관절 및 인접근육의 염좌 및 과긴장으로 진단확정되고, 그 치료를 직접적인 목적으로 수술을 받았을 때 (수술 1회당)",가입금액의 100%,100만원,520  원,380  원,2.75 %,-,-,124.3 %,114.7 %,-,-,-,-,보험기간(1년 초과),순수보장,갱신형,비유니버셜,대면채널  TM,2026-02-08,"""1. 가입나이 : 만15세 ~ 80세(단 성별, 보험기간, 납입기간별 차등적용) 2. 보험기간 : 20년(단, 갱신계약의 경우 1~20년) , 30년(단, 갱신계약의 경우 1~30년) 3. 보험료 예시기준 : 가입금액 3,000만원, 20년만기, 전기납, 월납, 40세 (단, 자사 최대 가입한도는 10만원임)",1588-2288,,,,
교보생명,교보e대중교통안심보험 (무배당) (월납),주계약,대중교통 재해사망보험금,"피보험자가 보험기간 중 ""대중교통 이용 중 교통재해""로 사망하였을 경우",보험가입금액의 100%,"1,000만원","5,250 원","3,580 원",2.00 %,비갱신형,CM,2026-01-01,"■필수기재사항 1. 가입나이 : 20세 ~ 60세 2. 보험기간 : 1년 3. 납입기간 : 일시납 ■선택기재사항 1. 보험료 예시기준 : 보험가입금액 1,000만원, 40세, 1년만기, 일시납",1588-1001,file_25.xls,교보생명,교보e대중교통안심보험 (무배당),주계약,대중교통 재해사망보험금,"피보험자가 보험기간 중 ""대중교통 이용 중 교통재해""로 사망하였을 경우",보험가입금액의 100%,"1,000만원",5250  원,"3,580  원",2.00 %,-,-,110.0 %,99.8 %,-,-,-,-,보험기간(1년 이하),순수보장,비갱신형,비유니버셜,CM,2026-01-01,"■필수기재사항 1. 가입나이 : 20세 ~ 60세 2. 보험기간 : 1년 3. 납입기간 : 일시납 ■선택기재사항 1. 보험료 예시기준 : 보험가입금액 1,000만원, 40세, 1년만기, 일시납",1588-1001,,,,
교보생명,교보e대중교통안심보험 (무배당) (월납),주계약,교통재해 장해급여금,"피보험자가 보험기간 중 ""교통재해""를 원인으로 장해분류표에서 정한 각 장해지급률 중 3%이상 100%이하에 해당하는 장해상태가 되었을 경우",보험가입금액 X 해당 장해지급률,"1,000만원","5,250 원","3,580 원",2.00 %,비갱신형,CM,2026-01-01,"■필수기재사항 1. 가입나이 : 20세 ~ 60세 2. 보험기간 : 1년 3. 납입기간 : 일시납 ■선택기재사항 1. 보험료 예시기준 : 보험가입금액 1,000만원, 40세, 1년만기, 일시납",1588-1001,file_25.xls,교보생명,교보e대중교통안심보험 (무배당),주계약,교통재해 장해급여금,"피보험자가 보험기간 중 ""교통재해""를 원인으로 장해분류표에서 정한 각 장해지급률 중 3%이상 100%이하에 해당하는 장해상태가 되었을 경우",보험가입금액 X 해당 장해지급률,"1,000만원",5250  원,"3,580  원",2.00 %,-,-,110.0 %,99.8 %,-,-,-,-,보험기간(1년 이하),순수보장,비갱신형,비유니버셜,CM,2026-01-01,"■필수기재사항 1. 가입나이 : 20세 ~ 60세 2. 보험기간 : 1년 3. 납입기간 : 일시납 ■선택기재사항 1. 보험료 예시기준 : 보험가입금액 1,000만원, 40세, 1년만기, 일시납",1588-1001,,,,
교보생명,교보e대중교통안심보험 (무배당) (월납),주계약,재해골절 진단보험금,"피보험자가 보험기간 중 재해로 인하여 재해골절[치아파절(깨짐, 부러짐) 제외]로 진단확정되었을 경우 [다만, 치아파절(깨짐, 부러짐) 제외, 연간 1회에 한하여 지급]",10만원,"1,000만원","5,250 원","3,580 원",2.00 %,비갱신형,CM,2026-01-01,"■필수기재사항 1. 가입나이 : 20세 ~ 60세 2. 보험기간 : 1년 3. 납입기간 : 일시납 ■선택기재사항 1. 보험료 예시기준 : 보험가입금액 1,000만원, 40세, 1년만기, 일시납",1588-1001,file_25.xls,교보생명,교보e대중교통안심보험 (무배당),주계약,재해골절 진단보험금,"피보험자가 보험기간 중 재해로 인하여 재해골절[치아파절(깨짐, 부러짐) 제외]로 진단확정되었을 경우 [다만, 치아파절(깨짐, 부러짐) 제외, 연간 1회에 한하여 지급]",10만원,"1,000만원",5250  원,"3,580  원",2.00 %,-,-,110.0 %,99.8 %,-,-,-,-,보험기간(1년 이하),순수보장,비갱신형,비유니버셜,CM,2026-01-01,"■필수기재사항 1. 가입나이 : 20세 ~ 60세 2. 보험기간 : 1년 3. 납입기간 : 일시납 ■선택기재사항 1. 보험료 예시기준 : 보험가입금액 1,000만원, 40세, 1년만기, 일시납",1588-1001,,,,
교보생명,교보e대중교통안심보험 (무배당) (월납),주계약,깁스치료보험금,피보험자가 보험기간 중 질병 또는 재해로 “깁스(Cast)치료”를 받았을 경우,깁스치료 1회당 10만원,"1,000만원","5,250 원","3,580 원",2.00 %,비갱신형,CM,2026-01-01,"■필수기재사항 1. 가입나이 : 20세 ~ 60세 2. 보험기간 : 1년 3. 납입기간 : 일시납 ■선택기재사항 1. 보험료 예시기준 : 보험가입금액 1,000만원, 40세, 1년만기, 일시납",1588-1001,file_25.xls,교보생명,교보e대중교통안심보험 (무배당),주계약,깁스치료보험금,피보험자가 보험기간 중 질병 또는 재해로 “깁스(Cast)치료”를 받았을 경우,깁스치료 1회당 10만원,"1,000만원",5250  원,"3,580  원",2.00 %,-,-,110.0 %,99.8 %,-,-,-,-,보험기간(1년 이하),순수보장,비갱신형,비유니버셜,CM,2026-01-01,"■필수기재사항 1. 가입나이 : 20세 ~ 60세 2. 보험기간 : 1년 3. 납입기간 : 일시납 ■선택기재사항 1. 보험료 예시기준 : 보험가입금액 1,000만원, 40세, 1년만기, 일시납",1588-1001,,,,
교보생명,교보e교통안심보험 (무배당) (월납),주계약,교통재해사망보험금,"피보험자가 보험기간 중 ""교통재해""로 사망하였을 경우",보험가입금액의 100%,"1,000만원","2,920 원","1,110 원",2.00 %,비갱신형,CM,2026-01-01,"■필수기재사항 1. 가입나이 : 20세 ~ 60세 2. 보험기간 : 1년 3. 납입기간 : 일시납 ■선택기재사항 1. 보험료 예시기준 : 보험가입금액 1,000만원, 40세, 1년만기, 일시납",1588-1001,file_25.xls,교보생명,교보e교통안심보험 (무배당),주계약,교통재해사망보험금,"피보험자가 보험기간 중 ""교통재해""로 사망하였을 경우",보험가입금액의 100%,"1,000만원",2920  원,"1,110  원",2.00 %,-,-,149.3 %,152.6 %,-,-,-,-,보험기간(1년 이하),순수보장,비갱신형,비유니버셜,CM,2026-01-01,"■필수기재사항 1. 가입나이 : 20세 ~ 60세 2. 보험기간 : 1년 3. 납입기간 : 일시납 ■선택기재사항 1. 보험료 예시기준 : 보험가입금액 1,000만원, 40세, 1년만기, 일시납",1588-1001,,,,
교보생명,교보e교통안심보험 (무배당) (월납),주계약,교통재해장해급여금,"피보험자가 보험기간 중 ""교통재해""를 원인으로 장해분류표에서 정한 각 장해지급률 중 3%이상 100%이하에 해당하는 장해상태가 되었을 경우",보험가입금액 X 해당 장해지급률,"1,000만원","2,920 원","1,110 원",2.00 %,비갱신형,CM,2026-01-01,"■필수기재사항 1. 가입나이 : 20세 ~ 60세 2. 보험기간 : 1년 3. 납입기간 : 일시납 ■선택기재사항 1. 보험료 예시기준 : 보험가입금액 1,000만원, 40세, 1년만기, 일시납",1588-1001,file_25.xls,교보생명,교보e교통안심보험 (무배당),주계약,교통재해장해급여금,"피보험자가 보험기간 중 ""교통재해""를 원인으로 장해분류표에서 정한 각 장해지급률 중 3%이상 100%이하에 해당하는 장해상태가 되었을 경우",보험가입금액 X 해당 장해지급률,"1,000만원",2920  원,"1,110  원",2.00 %,-,-,149.3 %,152.6 %,-,-,-,-,보험기간(1년 이하),순수보장,비갱신형,비유니버셜,CM,2026-01-01,"■필수기재사항 1. 가입나이 : 20세 ~ 60세 2. 보험기간 : 1년 3. 납입기간 : 일시납 ■선택기재사항 1. 보험료 예시기준 : 보험가입금액 1,000만원, 40세, 1년만기, 일시납",1588-1001,,,,
교보생명,교보e교통안심보험 (무배당) (월납),주계약,강력범죄 위로금,"피보험자가 보험기간 중 ""강력범죄""를 직접적인 원인으로 ""신체피해로 전치 1개월을 초과하는 상해""가 발생하였을 경우 (사고 1회당, 동일사고에 의한 경우 1회에 한함)",100만원,"1,000만원","2,920 원","1,110 원",2.00 %,비갱신형,CM,2026-01-01,"■필수기재사항 1. 가입나이 : 20세 ~ 60세 2. 보험기간 : 1년 3. 납입기간 : 일시납 ■선택기재사항 1. 보험료 예시기준 : 보험가입금액 1,000만원, 40세, 1년만기, 일시납",1588-1001,file_25.xls,교보생명,교보e교통안심보험 (무배당),주계약,강력범죄 위로금,"피보험자가 보험기간 중 ""강력범죄""를 직접적인 원인으로 ""신체피해로 전치 1개월을 초과하는 상해""가 발생하였을 경우 (사고 1회당, 동일사고에 의한 경우 1회에 한함)",100만원,"1,000만원",2920  원,"1,110  원",2.00 %,-,-,149.3 %,152.6 %,-,-,-,-,보험기간(1년 이하),순수보장,비갱신형,비유니버셜,CM,2026-01-01,"■필수기재사항 1. 가입나이 : 20세 ~ 60세 2. 보험기간 : 1년 3. 납입기간 : 일시납 ■선택기재사항 1. 보험료 예시기준 : 보험가입금액 1,000만원, 40세, 1년만기, 일시납",1588-1001,,,,
교보생명,교보상해케어보험 23.11 (무배당) (월납),주계약,강력범죄위로금,피보험자가 보험기간 중 “강력범죄”를 직접적인 원인으로 “신체피해로 전치 1개월을 초과하는 상해”가 발생하였을 경우 (동일사고에 의한 경우 1회에 한함),300만원(사고 1회당),"1,000만원","1,100 원",710 원,2.00 %,비갱신형,대면채널,2026-01-01,"■필수기재사항 1. 가입나이 : 20 ~ 60세 2. 보험기간 : 1년 3. 납입기간 : 전기납 ■선택기재사항 1. 보험료 예시기준 : 보험가입금액 1,000만원, 40세, 1년만기, 전기납, 월납",1588-1001,file_25.xls,교보생명,교보상해케어보험 23.11 (무배당),주계약,강력범죄위로금,피보험자가 보험기간 중 “강력범죄”를 직접적인 원인으로 “신체피해로 전치 1개월을 초과하는 상해”가 발생하였을 경우 (동일사고에 의한 경우 1회에 한함),300만원(사고 1회당),"1,000만원",1100  원,710  원,2.00 %,-,-,92.5 %,85.6 %,-,-,-,-,보험기간(1년 이하),순수보장,비갱신형,비유니버셜,대면채널,2026-01-01,"■필수기재사항 1. 가입나이 : 20 ~ 60세 2. 보험기간 : 1년 3. 납입기간 : 전기납 ■선택기재사항 1. 보험료 예시기준 : 보험가입금액 1,000만원, 40세, 1년만기, 전기납, 월납",1588-1001,,,,
교보생명,교보상해케어보험 23.11 (무배당) (월납),주계약,깁스치료비,피보험자가 보험기간 중 질병 또는 재해로 “깁스(Cast)치료”를 받았을 경우,10만원(깁스치료 1회당),"1,000만원","1,100 원",710 원,2.00 %,비갱신형,대면채널,2026-01-01,"■필수기재사항 1. 가입나이 : 20 ~ 60세 2. 보험기간 : 1년 3. 납입기간 : 전기납 ■선택기재사항 1. 보험료 예시기준 : 보험가입금액 1,000만원, 40세, 1년만기, 전기납, 월납",1588-1001,file_25.xls,교보생명,교보상해케어보험 23.11 (무배당),주계약,깁스치료비,피보험자가 보험기간 중 질병 또는 재해로 “깁스(Cast)치료”를 받았을 경우,10만원(깁스치료 1회당),"1,000만원",1100  원,710  원,2.00 %,-,-,92.5 %,85.6 %,-,-,-,-,보험기간(1년 이하),순수보장,비갱신형,비유니버셜,대면채널,2026-01-01,"■필수기재사항 1. 가입나이 : 20 ~ 60세 2. 보험기간 : 1년 3. 납입기간 : 전기납 ■선택기재사항 1. 보험료 예시기준 : 보험가입금액 1,000만원, 40세, 1년만기, 전기납, 월납",1588-1001,,,,
교보생명,교보상해케어보험 23.11 (무배당) (월납),주계약,재해골절치료비,"피보험자가 보험기간 중 재해로 인하여 재해골절[치아파절(깨짐, 부러짐) 제외]로 진단확정되었을 경우 [다만, 치아파절(깨짐, 부러짐) 제외, 연간 1회에 한하여 지급]",10만원(골절발생 1회당),"1,000만원","1,100 원",710 원,2.00 %,비갱신형,대면채널,2026-01-01,"■필수기재사항 1. 가입나이 : 20 ~ 60세 2. 보험기간 : 1년 3. 납입기간 : 전기납 ■선택기재사항 1. 보험료 예시기준 : 보험가입금액 1,000만원, 40세, 1년만기, 전기납, 월납",1588-1001,file_25.xls,교보생명,교보상해케어보험 23.11 (무배당),주계약,재해골절치료비,"피보험자가 보험기간 중 재해로 인하여 재해골절[치아파절(깨짐, 부러짐) 제외]로 진단확정되었을 경우 [다만, 치아파절(깨짐, 부러짐) 제외, 연간 1회에 한하여 지급]",10만원(골절발생 1회당),"1,000만원",1100  원,710  원,2.00 %,-,-,92.5 %,85.6 %,-,-,-,-,보험기간(1년 이하),순수보장,비갱신형,비유니버셜,대면채널,2026-01-01,"■필수기재사항 1. 가입나이 : 20 ~ 60세 2. 보험기간 : 1년 3. 납입기간 : 전기납 ■선택기재사항 1. 보험료 예시기준 : 보험가입금액 1,000만원, 40세, 1년만기, 전기납, 월납",1588-1001,,,,
교보생명,교보상해케어보험 23.11 (무배당) (월납),주계약,응급실내원비,"피보험자가 보험기간 중 “응급환자”로 응급실에 내원하여 진료를 받았을 경우(다만, 1일 1회에 한함)",1만원(내원 1회당),"1,000만원","1,100 원",710 원,2.00 %,비갱신형,대면채널,2026-01-01,"■필수기재사항 1. 가입나이 : 20 ~ 60세 2. 보험기간 : 1년 3. 납입기간 : 전기납 ■선택기재사항 1. 보험료 예시기준 : 보험가입금액 1,000만원, 40세, 1년만기, 전기납, 월납",1588-1001,file_25.xls,교보생명,교보상해케어보험 23.11 (무배당),주계약,응급실내원비,"피보험자가 보험기간 중 “응급환자”로 응급실에 내원하여 진료를 받았을 경우(다만, 1일 1회에 한함)",1만원(내원 1회당),"1,000만원",1100  원,710  원,2.00 %,-,-,92.5 %,85.6 %,-,-,-,-,보험기간(1년 이하),순수보장,비갱신형,비유니버셜,대면채널,2026-01-01,"■필수기재사항 1. 가입나이 : 20 ~ 60세 2. 보험기간 : 1년 3. 납입기간 : 전기납 ■선택기재사항 1. 보험료 예시기준 : 보험가입금액 1,000만원, 40세, 1년만기, 전기납, 월납",1588-1001,,,,
교보생명,교보상해케어보험 23.11 (무배당) (월납),주계약,재해입원비,피보험자가 보험기간 중 재해로 인한 직접적인 치료를 목적으로 1일 이상 입원하였을 경우,입원일수 1일당 1만원(1회 입원당지급일수 120일 한도),"1,000만원","1,100 원",710 원,2.00 %,비갱신형,대면채널,2026-01-01,"■필수기재사항 1. 가입나이 : 20 ~ 60세 2. 보험기간 : 1년 3. 납입기간 : 전기납 ■선택기재사항 1. 보험료 예시기준 : 보험가입금액 1,000만원, 40세, 1년만기, 전기납, 월납",1588-1001,file_25.xls,교보생명,교보상해케어보험 23.11 (무배당),주계약,재해입원비,피보험자가 보험기간 중 재해로 인한 직접적인 치료를 목적으로 1일 이상 입원하였을 경우,입원일수 1일당 1만원(1회 입원당지급일수 120일 한도),"1,000만원",1100  원,710  원,2.00 %,-,-,92.5 %,85.6 %,-,-,-,-,보험기간(1년 이하),순수보장,비갱신형,비유니버셜,대면채널,2026-01-01,"■필수기재사항 1. 가입나이 : 20 ~ 60세 2. 보험기간 : 1년 3. 납입기간 : 전기납 ■선택기재사항 1. 보험료 예시기준 : 보험가입금액 1,000만원, 40세, 1년만기, 전기납, 월납",1588-1001,,,,
교보생명,교보상해케어보험 23.11 (무배당) (월납),주계약,재해수술비,피보험자가 보험기간 중 재해를 직접적인 원인으로 수술을 받았을 경우,10만원(수술 1회당),"1,000만원","1,100 원",710 원,2.00 %,비갱신형,대면채널,2026-01-01,"■필수기재사항 1. 가입나이 : 20 ~ 60세 2. 보험기간 : 1년 3. 납입기간 : 전기납 ■선택기재사항 1. 보험료 예시기준 : 보험가입금액 1,000만원, 40세, 1년만기, 전기납, 월납",1588-1001,file_25.xls,교보생명,교보상해케어보험 23.11 (무배당),주계약,재해수술비,피보험자가 보험기간 중 재해를 직접적인 원인으로 수술을 받았을 경우,10만원(수술 1회당),"1,000만원",1100  원,710  원,2.00 %,-,-,92.5 %,85.6 %,-,-,-,-,보험기간(1년 이하),순수보장,비갱신형,비유니버셜,대면채널,2026-01-01,"■필수기재사항 1. 가입나이 : 20 ~ 60세 2. 보험기간 : 1년 3. 납입기간 : 전기납 ■선택기재사항 1. 보험료 예시기준 : 보험가입금액 1,000만원, 40세, 1년만기, 전기납, 월납",1588-1001,,,,
교보생명,교보상해케어보험 23.11 (무배당) (월납),주계약,특정외모상해수술비,"피보험자가 보험기간 중 “특정외모상해”로 진단확정되고, “특정외모상해”의 직접적인 치료를 목적으로 수술을 받았을 경우 ※ 다만, 연간 1회에 한함",30만원 (수술 1회당),"1,000만원","1,100 원",710 원,2.00 %,비갱신형,대면채널,2026-01-01,"■필수기재사항 1. 가입나이 : 20 ~ 60세 2. 보험기간 : 1년 3. 납입기간 : 전기납 ■선택기재사항 1. 보험료 예시기준 : 보험가입금액 1,000만원, 40세, 1년만기, 전기납, 월납",1588-1001,file_25.xls,교보생명,교보상해케어보험 23.11 (무배당),주계약,특정외모상해수술비,"피보험자가 보험기간 중 “특정외모상해”로 진단확정되고, “특정외모상해”의 직접적인 치료를 목적으로 수술을 받았을 경우 ※ 다만, 연간 1회에 한함",30만원 (수술 1회당),"1,000만원",1100  원,710  원,2.00 %,-,-,92.5 %,85.6 %,-,-,-,-,보험기간(1년 이하),순수보장,비갱신형,비유니버셜,대면채널,2026-01-01,"■필수기재사항 1. 가입나이 : 20 ~ 60세 2. 보험기간 : 1년 3. 납입기간 : 전기납 ■선택기재사항 1. 보험료 예시기준 : 보험가입금액 1,000만원, 40세, 1년만기, 전기납, 월납",1588-1001,,,,
교보생명,교보상해보험 [D](무배당)[만기환급형(100%)] (월납),주계약,재해사망보험금,피보험자가 보험기간 중 발생한 재해로 사망하였을 경우,보험가입금액의 500%,"1,000만원","152,496 원","82,530 원",2.00 %,비갱신형,TM,2025-03-26,"■필수기재사항 1. 가입나이 : 19 ~ 60세 2. 보험기간 : 20년 3. 보험료 예시기준 : 만기환급형(100%), 보험가입금액 1,000만원, 40세, 20년만기, 20년납, 월납, 비위험직 ■선택기재사항 1. 납입기간 : 5년, 10년, 15년, 20년 2. 납입방법 : 월납 / 연납",1588-1001,file_25.xls,교보생명,교보상해보험 [D](무배당)[만기환급형(100%)],주계약,재해사망보험금,피보험자가 보험기간 중 발생한 재해로 사망하였을 경우,보험가입금액의 500%,"1,000만원",152496  원,"82,530  원",2.00 %,-,-,1028.2 %,991.8 %,-,-,-,-,보험기간(1년 초과),만기환급,비갱신형,비유니버셜,TM,2025-03-26,"■필수기재사항 1. 가입나이 : 19 ~ 60세 2. 보험기간 : 20년 3. 보험료 예시기준 : 만기환급형(100%), 보험가입금액 1,000만원, 40세, 20년만기, 20년납, 월납, 비위험직 ■선택기재사항 1. 납입기간 : 5년, 10년, 15년, 20년 2. 납입방법 : 월납 / 연납",1588-1001,,,,
교보생명,교보상해보험 [D](무배당)[만기환급형(100%)] (월납),주계약,만기환급금,만기환급형의 경우 보험기간이 끝날 때까지 피보험자가 살아 있을 경우,이미 납입한 주계약 보험료의 100%,"1,000만원","152,496 원","82,530 원",2.00 %,비갱신형,TM,2025-03-26,"■필수기재사항 1. 가입나이 : 19 ~ 60세 2. 보험기간 : 20년 3. 보험료 예시기준 : 만기환급형(100%), 보험가입금액 1,000만원, 40세, 20년만기, 20년납, 월납, 비위험직 ■선택기재사항 1. 납입기간 : 5년, 10년, 15년, 20년 2. 납입방법 : 월납 / 연납",1588-1001,file_25.xls,교보생명,교보상해보험 [D](무배당)[만기환급형(100%)],주계약,만기환급금,만기환급형의 경우 보험기간이 끝날 때까지 피보험자가 살아 있을 경우,이미 납입한 주계약 보험료의 100%,"1,000만원",152496  원,"82,530  원",2.00 %,-,-,1028.2 %,991.8 %,-,-,-,-,보험기간(1년 초과),만기환급,비갱신형,비유니버셜,TM,2025-03-26,"■필수기재사항 1. 가입나이 : 19 ~ 60세 2. 보험기간 : 20년 3. 보험료 예시기준 : 만기환급형(100%), 보험가입금액 1,000만원, 40세, 20년만기, 20년납, 월납, 비위험직 ■선택기재사항 1. 납입기간 : 5년, 10년, 15년, 20년 2. 납입방법 : 월납 / 연납",1588-1001,,,,
교보생명,교보상해보험 [D](무배당)[만기환급형(100%)] (월납),특약,(무)교보재해수술특약,피보험자가 이 특약의 보험기간 중 재해를 직접 적인 원인으로 수술을 받았을 경우,수술1회당 10만원,"1,000만원",190 원,130 원,2.00 %,비갱신형,TM,2025-03-26,"■필수기재사항 1. 가입나이 : 19 ~ 60세 2. 보험기간 : 20년 3. 보험료 예시기준 : 만기환급형(100%), 보험가입금액 1,000만원, 40세, 20년만기, 20년납, 월납, 비위험직 ■선택기재사항 1. 납입기간 : 5년, 10년, 15년, 20년 2. 납입방법 : 월납 / 연납",1588-1001,file_25.xls,교보생명,교보상해보험 [D](무배당)[만기환급형(100%)],특약,(무)교보재해수술특약,피보험자가 이 특약의 보험기간 중 재해를 직접 적인 원인으로 수술을 받았을 경우,수술1회당 10만원,"1,000만원",190  원,130  원,2.00 %,-,-,1028.2 %,991.8 %,-,-,-,-,보험기간(1년 초과),만기환급,비갱신형,비유니버셜,TM,2025-03-26,"■필수기재사항 1. 가입나이 : 19 ~ 60세 2. 보험기간 : 20년 3. 보험료 예시기준 : 만기환급형(100%), 보험가입금액 1,000만원, 40세, 20년만기, 20년납, 월납, 비위험직 ■선택기재사항 1. 납입기간 : 5년, 10년, 15년, 20년 2. 납입방법 : 월납 / 연납",1588-1001,,,,
교보생명,교보상해보험 [D](무배당)[만기환급형(100%)] (월납),특약,(무)재해상해특약(1형),피보험자가 이 특약의 보험기간 중 발생한 재해로 약관 장해분류표에서 정한 각 장해지급률에 해당하 는 장해상태가 되었을 경우,특약보험가입금액의 100% ×해당 장해지급률,"1,000만원",480 원,270 원,2.00 %,비갱신형,TM,2025-03-26,"■필수기재사항 1. 가입나이 : 19 ~ 60세 2. 보험기간 : 20년 3. 보험료 예시기준 : 만기환급형(100%), 보험가입금액 1,000만원, 40세, 20년만기, 20년납, 월납, 비위험직 ■선택기재사항 1. 납입기간 : 5년, 10년, 15년, 20년 2. 납입방법 : 월납 / 연납",1588-1001,file_25.xls,교보생명,교보상해보험 [D](무배당)[만기환급형(100%)],특약,(무)재해상해특약(1형),피보험자가 이 특약의 보험기간 중 발생한 재해로 약관 장해분류표에서 정한 각 장해지급률에 해당하 는 장해상태가 되었을 경우,특약보험가입금액의 100% ×해당 장해지급률,"1,000만원",480  원,270  원,2.00 %,-,-,1028.2 %,991.8 %,-,-,-,-,보험기간(1년 초과),만기환급,비갱신형,비유니버셜,TM,2025-03-26,"■필수기재사항 1. 가입나이 : 19 ~ 60세 2. 보험기간 : 20년 3. 보험료 예시기준 : 만기환급형(100%), 보험가입금액 1,000만원, 40세, 20년만기, 20년납, 월납, 비위험직 ■선택기재사항 1. 납입기간 : 5년, 10년, 15년, 20년 2. 납입방법 : 월납 / 연납",1588-1001,,,,
교보생명,교보상해보험 [D](무배당)[만기환급형(100%)] (월납),특약,(무)재해입원특약Ⅱ,피보험자가 이 특약의 보험기간 중 재해로 인한 직접적인 치료를 목적으로 1일 이상 입원하였을 때,입원일수 1일당 1만원 (1회 입원당 지급일수 120일 한도),"1,000만원",650 원,610 원,2.00 %,비갱신형,TM,2025-03-26,"■필수기재사항 1. 가입나이 : 19 ~ 60세 2. 보험기간 : 20년 3. 보험료 예시기준 : 만기환급형(100%), 보험가입금액 1,000만원, 40세, 20년만기, 20년납, 월납, 비위험직 ■선택기재사항 1. 납입기간 : 5년, 10년, 15년, 20년 2. 납입방법 : 월납 / 연납",1588-1001,file_25.xls,교보생명,교보상해보험 [D](무배당)[만기환급형(100%)],특약,(무)재해입원특약Ⅱ,피보험자가 이 특약의 보험기간 중 재해로 인한 직접적인 치료를 목적으로 1일 이상 입원하였을 때,입원일수 1일당 1만원 (1회 입원당 지급일수 120일 한도),"1,000만원",650  원,610  원,2.00 %,-,-,1028.2 %,991.8 %,-,-,-,-,보험기간(1년 초과),만기환급,비갱신형,비유니버셜,TM,2025-03-26,"■필수기재사항 1. 가입나이 : 19 ~ 60세 2. 보험기간 : 20년 3. 보험료 예시기준 : 만기환급형(100%), 보험가입금액 1,000만원, 40세, 20년만기, 20년납, 월납, 비위험직 ■선택기재사항 1. 납입기간 : 5년, 10년, 15년, 20년 2. 납입방법 : 월납 / 연납",1588-1001,,,,
교보생명,교보상해보험 [D](무배당)[만기환급형(100%)] (월납),특약,(무)교보깁스치료(부목제외)특약,피보험자가 이 특약의 보험기간 중 질병 또는 재해로 “깁스(Cast)치료”를 받았을 경우(발생 1회당),깁스치료 1회당 10만원,"1,000만원",70 원,100 원,2.00 %,비갱신형,TM,2025-03-26,"■필수기재사항 1. 가입나이 : 19 ~ 60세 2. 보험기간 : 20년 3. 보험료 예시기준 : 만기환급형(100%), 보험가입금액 1,000만원, 40세, 20년만기, 20년납, 월납, 비위험직 ■선택기재사항 1. 납입기간 : 5년, 10년, 15년, 20년 2. 납입방법 : 월납 / 연납",1588-1001,file_25.xls,교보생명,교보상해보험 [D](무배당)[만기환급형(100%)],특약,(무)교보깁스치료(부목제외)특약,피보험자가 이 특약의 보험기간 중 질병 또는 재해로 “깁스(Cast)치료”를 받았을 경우(발생 1회당),깁스치료 1회당 10만원,"1,000만원",70  원,100  원,2.00 %,-,-,1028.2 %,991.8 %,-,-,-,-,보험기간(1년 초과),만기환급,비갱신형,비유니버셜,TM,2025-03-26,"■필수기재사항 1. 가입나이 : 19 ~ 60세 2. 보험기간 : 20년 3. 보험료 예시기준 : 만기환급형(100%), 보험가입금액 1,000만원, 40세, 20년만기, 20년납, 월납, 비위험직 ■선택기재사항 1. 납입기간 : 5년, 10년, 15년, 20년 2. 납입방법 : 월납 / 연납",1588-1001,,,,
교보생명,교보상해보험 [D](무배당)[순수보장형] (월납),주계약,재해사망보험금,피보험자가 보험기간 중 발생한 재해로 사망하였을 경우,보험가입금액의 500%,"1,000만원","1,544 원",532 원,2.00 %,비갱신형,TM,2025-03-26,"■필수기재사항 1. 가입나이 : 19 ~ 60세 2. 보험기간 : 20년 3. 보험료 예시기준 : 순수보장형, 보험가입금액 1,000만원, 40세, 20년만기, 20년납, 월납, 비위험직 ■선택기재사항 1. 납입기간 : 5년, 10년, 15년, 20년 2. 납입방법 : 월납 / 연납",1588-1001,file_25.xls,교보생명,교보상해보험 [D](무배당)[순수보장형],주계약,재해사망보험금,피보험자가 보험기간 중 발생한 재해로 사망하였을 경우,보험가입금액의 500%,"1,000만원",1544  원,532  원,2.00 %,-,-,159.7 %,165.3 %,-,-,-,-,보험기간(1년 초과),순수보장,비갱신형,비유니버셜,TM,2025-03-26,"■필수기재사항 1. 가입나이 : 19 ~ 60세 2. 보험기간 : 20년 3. 보험료 예시기준 : 순수보장형, 보험가입금액 1,000만원, 40세, 20년만기, 20년납, 월납, 비위험직 ■선택기재사항 1. 납입기간 : 5년, 10년, 15년, 20년 2. 납입방법 : 월납 / 연납",1588-1001,,,,
교보생명,교보상해보험 [D](무배당)[순수보장형] (월납),특약,(무)교보재해수술특약,피보험자가 이 특약의 보험기간 중 재해를 직접적인 원인으로 수술을 받았을 경우,수술1회당 10만원,"1,000만원",190 원,130 원,2.00 %,비갱신형,TM,2025-03-26,"■필수기재사항 1. 가입나이 : 19 ~ 60세 2. 보험기간 : 20년 3. 보험료 예시기준 : 순수보장형, 보험가입금액 1,000만원, 40세, 20년만기, 20년납, 월납, 비위험직 ■선택기재사항 1. 납입기간 : 5년, 10년, 15년, 20년 2. 납입방법 : 월납 / 연납",1588-1001,file_25.xls,교보생명,교보상해보험 [D](무배당)[순수보장형],특약,(무)교보재해수술특약,피보험자가 이 특약의 보험기간 중 재해를 직접적인 원인으로 수술을 받았을 경우,수술1회당 10만원,"1,000만원",190  원,130  원,2.00 %,-,-,159.7 %,165.3 %,-,-,-,-,보험기간(1년 초과),순수보장,비갱신형,비유니버셜,TM,2025-03-26,"■필수기재사항 1. 가입나이 : 19 ~ 60세 2. 보험기간 : 20년 3. 보험료 예시기준 : 순수보장형, 보험가입금액 1,000만원, 40세, 20년만기, 20년납, 월납, 비위험직 ■선택기재사항 1. 납입기간 : 5년, 10년, 15년, 20년 2. 납입방법 : 월납 / 연납",1588-1001,,,,
교보생명,교보상해보험 [D](무배당)[순수보장형] (월납),특약,(무)재해상해특약(1형),피보험자가 이 특약의 보험기간 중 발생한 재해로 약관 장해분류표에서 정한 각 장해지급률에 해당하는 장해상태가 되었을 경우,특약보험가입금액의100%×해당 장해지급률,"1,000만원",480 원,270 원,2.00 %,비갱신형,TM,2025-03-26,"■필수기재사항 1. 가입나이 : 19 ~ 60세 2. 보험기간 : 20년 3. 보험료 예시기준 : 순수보장형, 보험가입금액 1,000만원, 40세, 20년만기, 20년납, 월납, 비위험직 ■선택기재사항 1. 납입기간 : 5년, 10년, 15년, 20년 2. 납입방법 : 월납 / 연납",1588-1001,file_25.xls,교보생명,교보상해보험 [D](무배당)[순수보장형],특약,(무)재해상해특약(1형),피보험자가 이 특약의 보험기간 중 발생한 재해로 약관 장해분류표에서 정한 각 장해지급률에 해당하는 장해상태가 되었을 경우,특약보험가입금액의100%×해당 장해지급률,"1,000만원",480  원,270  원,2.00 %,-,-,159.7 %,165.3 %,-,-,-,-,보험기간(1년 초과),순수보장,비갱신형,비유니버셜,TM,2025-03-26,"■필수기재사항 1. 가입나이 : 19 ~ 60세 2. 보험기간 : 20년 3. 보험료 예시기준 : 순수보장형, 보험가입금액 1,000만원, 40세, 20년만기, 20년납, 월납, 비위험직 ■선택기재사항 1. 납입기간 : 5년, 10년, 15년, 20년 2. 납입방법 : 월납 / 연납",1588-1001,,,,
교보생명,교보상해보험 [D](무배당)[순수보장형] (월납),특약,(무)재해입원특약Ⅱ,피보험자가 이 특약의 보험기간 중 재해로 인한 직접적인 치료를 목적으로 1일 이상 입원하였을 때,입원일수 1일당 1만원 (1회 입원당 지급일수 120일 한도),"1,000만원",650 원,610 원,2.00 %,비갱신형,TM,2025-03-26,"■필수기재사항 1. 가입나이 : 19 ~ 60세 2. 보험기간 : 20년 3. 보험료 예시기준 : 순수보장형, 보험가입금액 1,000만원, 40세, 20년만기, 20년납, 월납, 비위험직 ■선택기재사항 1. 납입기간 : 5년, 10년, 15년, 20년 2. 납입방법 : 월납 / 연납",1588-1001,file_25.xls,교보생명,교보상해보험 [D](무배당)[순수보장형],특약,(무)재해입원특약Ⅱ,피보험자가 이 특약의 보험기간 중 재해로 인한 직접적인 치료를 목적으로 1일 이상 입원하였을 때,입원일수 1일당 1만원 (1회 입원당 지급일수 120일 한도),"1,000만원",650  원,610  원,2.00 %,-,-,159.7 %,165.3 %,-,-,-,-,보험기간(1년 초과),순수보장,비갱신형,비유니버셜,TM,2025-03-26,"■필수기재사항 1. 가입나이 : 19 ~ 60세 2. 보험기간 : 20년 3. 보험료 예시기준 : 순수보장형, 보험가입금액 1,000만원, 40세, 20년만기, 20년납, 월납, 비위험직 ■선택기재사항 1. 납입기간 : 5년, 10년, 15년, 20년 2. 납입방법 : 월납 / 연납",1588-1001,,,,
교보생명,교보상해보험 [D](무배당)[순수보장형] (월납),특약,(무)교보깁스치료(부목제외)특약,피보험자가 이 특약의 보험기간 중 질병 또는 재해로 “깁스(Cast)치료”를 받았을 경우(발생 1회당),깁스치료1회당10만원,"1,000만원",70 원,100 원,2.00 %,비갱신형,TM,2025-03-26,"■필수기재사항 1. 가입나이 : 19 ~ 60세 2. 보험기간 : 20년 3. 보험료 예시기준 : 순수보장형, 보험가입금액 1,000만원, 40세, 20년만기, 20년납, 월납, 비위험직 ■선택기재사항 1. 납입기간 : 5년, 10년, 15년, 20년 2. 납입방법 : 월납 / 연납",1588-1001,file_25.xls,교보생명,교보상해보험 [D](무배당)[순수보장형],특약,(무)교보깁스치료(부목제외)특약,피보험자가 이 특약의 보험기간 중 질병 또는 재해로 “깁스(Cast)치료”를 받았을 경우(발생 1회당),깁스치료1회당10만원,"1,000만원",70  원,100  원,2.00 %,-,-,159.7 %,165.3 %,-,-,-,-,보험기간(1년 초과),순수보장,비갱신형,비유니버셜,TM,2025-03-26,"■필수기재사항 1. 가입나이 : 19 ~ 60세 2. 보험기간 : 20년 3. 보험료 예시기준 : 순수보장형, 보험가입금액 1,000만원, 40세, 20년만기, 20년납, 월납, 비위험직 ■선택기재사항 1. 납입기간 : 5년, 10년, 15년, 20년 2. 납입방법 : 월납 / 연납",1588-1001,,,,
iM라이프,iM 프리미엄안심보험 무배당 2603 3종(상해보장형) 2형(일반형) (월납),주계약,재해사망보험금,피보험자가 보험기간 중 재해로 사망하였을 때,7억 5천만원,"3,000만원 원","1,645,500 원","722,700 원",2.75 %,비갱신형,대면채널  방카슈랑스,2026-03-03,"1. 가입나이 : 만15세 ~ 최고 75세 2. 보험기간 : 100세/110세만기 3. 납입기간 : 5/7/10/15/20년납 4. 보험료 및 보험가격지수 예시 기준 : 3종(상해보장형), 40세, 100세 만기, 20년납, 월납, 가입금액 3천만원 기준 5. 적용이율: 10년이내 연복리 2.75%, 10년초과 연복리 1.25%",1588-4770,file_25.xls,iM라이프,iM 프리미엄안심보험 무배당 2603 3종(상해보장형) 2형(일반형),주계약,재해사망보험금,피보험자가 보험기간 중 재해로 사망하였을 때,7억 5천만원,"3,000만원 원",1645500  원,"722,700  원",2.75 %,-,-,109.3 %,101.5 %,-,-,-,-,보험기간(1년 초과),순수보장,비갱신형,비유니버셜,대면채널  방카슈랑스,2026-03-03,"1. 가입나이 : 만15세 ~ 최고 75세 2. 보험기간 : 100세/110세만기 3. 납입기간 : 5/7/10/15/20년납 4. 보험료 및 보험가격지수 예시 기준 : 3종(상해보장형), 40세, 100세 만기, 20년납, 월납, 가입금액 3천만원 기준 5. 적용이율: 10년이내 연복리 2.75%, 10년초과 연복리 1.25%",1588-4770,,,,
iM라이프,iM 프리미엄안심보험 무배당 2603 3종(상해보장형) 2형(일반형) (월납),주계약,고도장해보험금,피보험자가 보험기간 중 발생한 동일한 재해 또는 재해 이외의 동일한 원인으로 장해분류표에서 정한 기준에 따른 여러 신체부위의 장해지급률을 더하여 80%이상인 장해상태가 되었을 때(최초 1회에 한함),"9억원(다만, 계약일로부터 1년 미만에 재해 이외의 동일한 원인으로 80%이상인 장해상태가 되었을 때 50% 지급)","3,000만원 원","1,645,500 원","722,700 원",2.75 %,비갱신형,대면채널  방카슈랑스,2026-03-03,"1. 가입나이 : 만15세 ~ 최고 75세 2. 보험기간 : 100세/110세만기 3. 납입기간 : 5/7/10/15/20년납 4. 보험료 및 보험가격지수 예시 기준 : 3종(상해보장형), 40세, 100세 만기, 20년납, 월납, 가입금액 3천만원 기준 5. 적용이율: 10년이내 연복리 2.75%, 10년초과 연복리 1.25%",1588-4770,file_25.xls,iM라이프,iM 프리미엄안심보험 무배당 2603 3종(상해보장형) 2형(일반형),주계약,고도장해보험금,피보험자가 보험기간 중 발생한 동일한 재해 또는 재해 이외의 동일한 원인으로 장해분류표에서 정한 기준에 따른 여러 신체부위의 장해지급률을 더하여 80%이상인 장해상태가 되었을 때(최초 1회에 한함),"9억원(다만, 계약일로부터 1년 미만에 재해 이외의 동일한 원인으로 80%이상인 장해상태가 되었을 때 50% 지급)","3,000만원 원",1645500  원,"722,700  원",2.75 %,-,-,109.3 %,101.5 %,-,-,-,-,보험기간(1년 초과),순수보장,비갱신형,비유니버셜,대면채널  방카슈랑스,2026-03-03,"1. 가입나이 : 만15세 ~ 최고 75세 2. 보험기간 : 100세/110세만기 3. 납입기간 : 5/7/10/15/20년납 4. 보험료 및 보험가격지수 예시 기준 : 3종(상해보장형), 40세, 100세 만기, 20년납, 월납, 가입금액 3천만원 기준 5. 적용이율: 10년이내 연복리 2.75%, 10년초과 연복리 1.25%",1588-4770,,,,
주계약,재해사망보험금 (월납),주계약,재해사망보험금,피보험자가 보험기간 중 재해로 사망하였을 때,7억 5천만원,"3,000만원 원","1,606,500 원","709,200 원",2.75 %,비갱신형,대면채널  방카슈랑스,2026-03-03,"1. 가입나이 : 만15세 ~ 최고 75세 2. 보험기간 : 100세/110세만기 3. 납입기간 : 5/7/10/15/20년납 4. 보험료 및 보험가격지수 예시 기준 : 3종(상해보장형), 40세, 100세 만기, 20년납, 월납, 가입금액 3천만원 기준 5. 적용이율: 10년이내 연복리 2.75%, 10년초과 연복리 1.25%",1588-4770,file_25.xls,iM라이프,iM 프리미엄안심보험 무배당 2603 3종(상해보장형) 1형(해약환급금 일부지급형),주계약,재해사망보험금,피보험자가 보험기간 중 재해로 사망하였을 때,7억 5천만원,"3,000만원 원",1606500  원,"709,200  원",2.75 %,-,-,126.6 %,119.0 %,-,-,-,-,보험기간(1년 초과),무해지/저해지환급,비갱신형,비유니버셜,대면채널  방카슈랑스,2026-03-03,"1. 가입나이 : 만15세 ~ 최고 75세 2. 보험기간 : 100세/110세만기 3. 납입기간 : 5/7/10/15/20년납 4. 보험료 및 보험가격지수 예시 기준 : 3종(상해보장형), 40세, 100세 만기, 20년납, 월납, 가입금액 3천만원 기준 5. 적용이율: 10년이내 연복리 2.75%, 10년초과 연복리 1.25%",1588-4770,,,,
DB생명,(무)백년친구 안심보험(2602)(상해보장형) (월납),주계약,재해사망보험금,피보험자가 보험기간 중 재해로 인하여 사망하였을 때,2억원,"1,000만원","619,600 원","435,000 원",2.75 %,비갱신형,대면채널  방카슈랑스,2026-02-01,"○ 상품형태: 상해보장형 ○ 가입연령 : 15세 ~ 최고75세 ○ 보험기간 : 110세만기 ○ 납입기간 : 5. 7, 10, 15, 20년납 ○ 보험료 예시 기준  가입금액 1,000만원, 40세, 110세만기, 20년납, 월납 ○ 보험가격지수 예시 기준  -.가입금액 3,000만원, 40세, 110세만기, 20년납, 월납 ※기타 자세한 사항은 상품요약서 참조",1588-3131,file_25.xls,DB생명,(무)백년친구 안심보험(2602)(상해보장형),주계약,재해사망보험금,피보험자가 보험기간 중 재해로 인하여 사망하였을 때,2억원,"1,000만원",619600  원,"435,000  원",2.75 %,-,-,69.3 %,64.5 %,-,-,-,-,보험기간(1년 초과),순수보장,비갱신형,비유니버셜,대면채널  방카슈랑스,2026-02-01,"○ 상품형태: 상해보장형 ○ 가입연령 : 15세 ~ 최고75세 ○ 보험기간 : 110세만기 ○ 납입기간 : 5. 7, 10, 15, 20년납 ○ 보험료 예시 기준  가입금액 1,000만원, 40세, 110세만기, 20년납, 월납 ○ 보험가격지수 예시 기준  -.가입금액 3,000만원, 40세, 110세만기, 20년납, 월납 ※기타 자세한 사항은 상품요약서 참조",1588-3131,,,,
DB생명,(무)백년친구 안심보험(2602)(상해보장형) (월납),주계약,고도장해급여금,피보험자가 보험기간 중 「동일한 재해 또는 재해 이외의 동일한 원인」 을 직접적인 원인으로 장해분류표 중 여러 신체부위의 장해지급률을 더하여 80%이상인 장해상태가 되었을 때(최초1회한),"3억원(단, 계약일로부터 1년 미만에 재해 이외의 동일한 원인으로 80%이상인 장해상태가 되었을 때 50% 지급)","1,000만원","619,600 원","435,000 원",2.75 %,비갱신형,대면채널  방카슈랑스,2026-02-01,"○ 상품형태: 상해보장형 ○ 가입연령 : 15세 ~ 최고75세 ○ 보험기간 : 110세만기 ○ 납입기간 : 5. 7, 10, 15, 20년납 ○ 보험료 예시 기준  가입금액 1,000만원, 40세, 110세만기, 20년납, 월납 ○ 보험가격지수 예시 기준  -.가입금액 3,000만원, 40세, 110세만기, 20년납, 월납 ※기타 자세한 사항은 상품요약서 참조",1588-3131,file_25.xls,DB생명,(무)백년친구 안심보험(2602)(상해보장형),주계약,고도장해급여금,피보험자가 보험기간 중 「동일한 재해 또는 재해 이외의 동일한 원인」 을 직접적인 원인으로 장해분류표 중 여러 신체부위의 장해지급률을 더하여 80%이상인 장해상태가 되었을 때(최초1회한),"3억원(단, 계약일로부터 1년 미만에 재해 이외의 동일한 원인으로 80%이상인 장해상태가 되었을 때 50% 지급)","1,000만원",619600  원,"435,000  원",2.75 %,-,-,69.3 %,64.5 %,-,-,-,-,보험기간(1년 초과),순수보장,비갱신형,비유니버셜,대면채널  방카슈랑스,2026-02-01,"○ 상품형태: 상해보장형 ○ 가입연령 : 15세 ~ 최고75세 ○ 보험기간 : 110세만기 ○ 납입기간 : 5. 7, 10, 15, 20년납 ○ 보험료 예시 기준  가입금액 1,000만원, 40세, 110세만기, 20년납, 월납 ○ 보험가격지수 예시 기준  -.가입금액 3,000만원, 40세, 110세만기, 20년납, 월납 ※기타 자세한 사항은 상품요약서 참조",1588-3131,,,,
동양생명,"(무)엔젤안심보험(상해보장형,표준형) (월납)",주계약,고도장해보험금,"피보험자가 보험기간 중 보장개시일 이후 「동일한 재해 또는 재해 이외의 동일한 원인」으로 인하여 장해분류표 중 여러 신체부위의 장해지급률을 더하여 80%이상인 장해상태가 되었을 때 (다만, 최초 1회에 한함)","3억원 (다만, 계약일로부터 1년 미만에 재해 이외의 동일한 원인으로 80%이상인 장해상태가 되었을 때 50%지급)","1,000만원","168,600 원","91,300 원",2.75 %,비갱신형,대면채널  방카슈랑스,2026-01-01,"1. 가입나이 : 15세~최대75세 2. 상품형태 : 치매보장형, 생활비보장형(장해), 상해보장형 / 해약환급금 일부지급형Ⅲ, 표준형 3. 보험기간 : 90·100·110세만기 4. 보험료 예시기준: 상해보장형, 표준형, 보험가입금액 1,000만원, 40세, 90세만기, 20년납, 월납 5. 보험가격지수 예시기준: 상해보장형, 표준형, 보험가입금액 1,000만원, 40세, 90세만기, 20년납, 월납 6. 확정이율 : 10년 이내 2.75%, 10년 초과 2.00%",1577-1004,file_25.xls,동양생명,"(무)엔젤안심보험(상해보장형,표준형)",주계약,고도장해보험금,"피보험자가 보험기간 중 보장개시일 이후 「동일한 재해 또는 재해 이외의 동일한 원인」으로 인하여 장해분류표 중 여러 신체부위의 장해지급률을 더하여 80%이상인 장해상태가 되었을 때 (다만, 최초 1회에 한함)","3억원 (다만, 계약일로부터 1년 미만에 재해 이외의 동일한 원인으로 80%이상인 장해상태가 되었을 때 50%지급)","1,000만원",168600  원,"91,300  원",2.75 %,-,-,95.7 %,89.8 %,-,-,-,-,보험기간(1년 초과),순수보장,비갱신형,비유니버셜,대면채널  방카슈랑스,2026-01-01,"1. 가입나이 : 15세~최대75세 2. 상품형태 : 치매보장형, 생활비보장형(장해), 상해보장형 / 해약환급금 일부지급형Ⅲ, 표준형 3. 보험기간 : 90·100·110세만기 4. 보험료 예시기준: 상해보장형, 표준형, 보험가입금액 1,000만원, 40세, 90세만기, 20년납, 월납 5. 보험가격지수 예시기준: 상해보장형, 표준형, 보험가입금액 1,000만원, 40세, 90세만기, 20년납, 월납 6. 확정이율 : 10년 이내 2.75%, 10년 초과 2.00%",1577-1004,,,,
동양생명,"(무)엔젤안심보험(상해보장형,표준형) (월납)",주계약,재해사망보험금,피보험자가 보험기간 중 재해를 직접적인 원인으로 사망하였을 때,2억원,"1,000만원","168,600 원","91,300 원",2.75 %,비갱신형,대면채널  방카슈랑스,2026-01-01,"1. 가입나이 : 15세~최대75세 2. 상품형태 : 치매보장형, 생활비보장형(장해), 상해보장형 / 해약환급금 일부지급형Ⅲ, 표준형 3. 보험기간 : 90·100·110세만기 4. 보험료 예시기준: 상해보장형, 표준형, 보험가입금액 1,000만원, 40세, 90세만기, 20년납, 월납 5. 보험가격지수 예시기준: 상해보장형, 표준형, 보험가입금액 1,000만원, 40세, 90세만기, 20년납, 월납 6. 확정이율 : 10년 이내 2.75%, 10년 초과 2.00%",1577-1004,file_25.xls,동양생명,"(무)엔젤안심보험(상해보장형,표준형)",주계약,재해사망보험금,피보험자가 보험기간 중 재해를 직접적인 원인으로 사망하였을 때,2억원,"1,000만원",168600  원,"91,300  원",2.75 %,-,-,95.7 %,89.8 %,-,-,-,-,보험기간(1년 초과),순수보장,비갱신형,비유니버셜,대면채널  방카슈랑스,2026-01-01,"1. 가입나이 : 15세~최대75세 2. 상품형태 : 치매보장형, 생활비보장형(장해), 상해보장형 / 해약환급금 일부지급형Ⅲ, 표준형 3. 보험기간 : 90·100·110세만기 4. 보험료 예시기준: 상해보장형, 표준형, 보험가입금액 1,000만원, 40세, 90세만기, 20년납, 월납 5. 보험가격지수 예시기준: 상해보장형, 표준형, 보험가입금액 1,000만원, 40세, 90세만기, 20년납, 월납 6. 확정이율 : 10년 이내 2.75%, 10년 초과 2.00%",1577-1004,,,,
동양생명,"(무)엔젤안심보험(상해보장형,표준형) (월납)",주계약,장해생활자금Ⅰ,"피보험자가 보험기간 중 보장개시일 이후 「동일한 재해 또는 재해 이외의 동일한 원인」으로 인하여 장해분류표 중 여러 신체부위의 장해지급률을 더하여 50%이상인 장해상태가 되었을 때 (다만, 최초 1회에 한함)","매월 장해생활자금Ⅰ 지급해당일 : 10만원 (180회 확정지급) (다만, 계약일로부터 1년 미만에 재해 이외의 동일한 원인으로 50%이상인 장해상태가 되었을 때 매월 장해생활자금Ⅰ 지급해당일에 5만원 지급)","1,000만원","119,700 원","74,700 원",2.75 %,비갱신형,대면채널  방카슈랑스,2026-01-01,"1. 가입나이 : 0세~최대75세 2. 상품형태 : 치매보장형, 생활비보장형(장해), 상해보장형 / 해약환급금 일부지급형Ⅲ, 표준형 3. 보험기간 : 90·100·110세만기 4. 보험료 예시기준: 생활비보장형(장해), 해약환급금 일부지급형Ⅲ, 보험가입금액 1,000만원, 40세, 90세만기, 20년납, 월납 5. 보험가격지수 예시기준: 생활비보장형(장해), 해약환급금 일부지급형Ⅲ, 보험가입금액 1,000만원, 40세, 90세만기, 20년납, 월납 6. 확정이율 : 10년 이내 2.75%, 10년 초과 2.00%",1577-1004,file_25.xls,동양생명,"(무)엔젤안심보험(생활비보장형(장해),해약환급금 일부지급형Ⅲ)",주계약,장해생활자금Ⅰ,"피보험자가 보험기간 중 보장개시일 이후 「동일한 재해 또는 재해 이외의 동일한 원인」으로 인하여 장해분류표 중 여러 신체부위의 장해지급률을 더하여 50%이상인 장해상태가 되었을 때 (다만, 최초 1회에 한함)","매월 장해생활자금Ⅰ 지급해당일 : 10만원 (180회 확정지급) (다만, 계약일로부터 1년 미만에 재해 이외의 동일한 원인으로 50%이상인 장해상태가 되었을 때 매월 장해생활자금Ⅰ 지급해당일에 5만원 지급)","1,000만원",119700  원,"74,700  원",2.75 %,-,-,98.9 %,92.2 %,-,-,-,-,보험기간(1년 초과),무해지/저해지환급,비갱신형,비유니버셜,대면채널  방카슈랑스,2026-01-01,"1. 가입나이 : 0세~최대75세 2. 상품형태 : 치매보장형, 생활비보장형(장해), 상해보장형 / 해약환급금 일부지급형Ⅲ, 표준형 3. 보험기간 : 90·100·110세만기 4. 보험료 예시기준: 생활비보장형(장해), 해약환급금 일부지급형Ⅲ, 보험가입금액 1,000만원, 40세, 90세만기, 20년납, 월납 5. 보험가격지수 예시기준: 생활비보장형(장해), 해약환급금 일부지급형Ⅲ, 보험가입금액 1,000만원, 40세, 90세만기, 20년납, 월납 6. 확정이율 : 10년 이내 2.75%, 10년 초과 2.00%",1577-1004,,,,
동양생명,"(무)엔젤안심보험(상해보장형,표준형) (월납)",주계약,장해생활자금Ⅱ,"피보험자가 보험기간 중 보장개시일 이후 「동일한 재해 또는 재해 이외의 동일한 원인」으로 인하여 장해분류표 중 여러 신체부위의 장해지급률을 더하여 60%이상인 장해상태가 되었을 때 (다만, 최초 1회에 한함)","매월 장해생활자금Ⅱ 지급해당일 : 50만원 (180회 확정지급) (다만, 계약일로부터 1년 미만에 재해 이외의 동일한 원인으로 60%이상인 장해상태가 되었을 때 매월 장해생활자금Ⅱ 지급해당일에 25만원 지급)","1,000만원","119,700 원","74,700 원",2.75 %,비갱신형,대면채널  방카슈랑스,2026-01-01,"1. 가입나이 : 0세~최대75세 2. 상품형태 : 치매보장형, 생활비보장형(장해), 상해보장형 / 해약환급금 일부지급형Ⅲ, 표준형 3. 보험기간 : 90·100·110세만기 4. 보험료 예시기준: 생활비보장형(장해), 해약환급금 일부지급형Ⅲ, 보험가입금액 1,000만원, 40세, 90세만기, 20년납, 월납 5. 보험가격지수 예시기준: 생활비보장형(장해), 해약환급금 일부지급형Ⅲ, 보험가입금액 1,000만원, 40세, 90세만기, 20년납, 월납 6. 확정이율 : 10년 이내 2.75%, 10년 초과 2.00%",1577-1004,file_25.xls,동양생명,"(무)엔젤안심보험(생활비보장형(장해),해약환급금 일부지급형Ⅲ)",주계약,장해생활자금Ⅱ,"피보험자가 보험기간 중 보장개시일 이후 「동일한 재해 또는 재해 이외의 동일한 원인」으로 인하여 장해분류표 중 여러 신체부위의 장해지급률을 더하여 60%이상인 장해상태가 되었을 때 (다만, 최초 1회에 한함)","매월 장해생활자금Ⅱ 지급해당일 : 50만원 (180회 확정지급) (다만, 계약일로부터 1년 미만에 재해 이외의 동일한 원인으로 60%이상인 장해상태가 되었을 때 매월 장해생활자금Ⅱ 지급해당일에 25만원 지급)","1,000만원",119700  원,"74,700  원",2.75 %,-,-,98.9 %,92.2 %,-,-,-,-,보험기간(1년 초과),무해지/저해지환급,비갱신형,비유니버셜,대면채널  방카슈랑스,2026-01-01,"1. 가입나이 : 0세~최대75세 2. 상품형태 : 치매보장형, 생활비보장형(장해), 상해보장형 / 해약환급금 일부지급형Ⅲ, 표준형 3. 보험기간 : 90·100·110세만기 4. 보험료 예시기준: 생활비보장형(장해), 해약환급금 일부지급형Ⅲ, 보험가입금액 1,000만원, 40세, 90세만기, 20년납, 월납 5. 보험가격지수 예시기준: 생활비보장형(장해), 해약환급금 일부지급형Ⅲ, 보험가입금액 1,000만원, 40세, 90세만기, 20년납, 월납 6. 확정이율 : 10년 이내 2.75%, 10년 초과 2.00%",1577-1004,,,,
동양생명,"(무)엔젤안심보험(상해보장형,표준형) (월납)",주계약,장해생활자금Ⅲ,"피보험자가 보험기간 중 보장개시일 이후 「동일한 재해 또는 재해 이외의 동일한 원인」으로 인하여 장해분류표 중 여러 신체부위의 장해지급률을 더하여 80%이상인 장해상태가 되었을 때 (다만, 최초 1회에 한함)","매월 장해생활자금Ⅲ 지급해당일 : 50만원 (180회 확정지급) (다만, 계약일로부터 1년 미만에 재해 이외의 동일한 원인으로 80%이상인 장해상태가 되었을 때 매월 장해생활자금Ⅲ 지급해당일에 25만원 지급)","1,000만원","119,700 원","74,700 원",2.75 %,비갱신형,대면채널  방카슈랑스,2026-01-01,"1. 가입나이 : 0세~최대75세 2. 상품형태 : 치매보장형, 생활비보장형(장해), 상해보장형 / 해약환급금 일부지급형Ⅲ, 표준형 3. 보험기간 : 90·100·110세만기 4. 보험료 예시기준: 생활비보장형(장해), 해약환급금 일부지급형Ⅲ, 보험가입금액 1,000만원, 40세, 90세만기, 20년납, 월납 5. 보험가격지수 예시기준: 생활비보장형(장해), 해약환급금 일부지급형Ⅲ, 보험가입금액 1,000만원, 40세, 90세만기, 20년납, 월납 6. 확정이율 : 10년 이내 2.75%, 10년 초과 2.00%",1577-1004,file_25.xls,동양생명,"(무)엔젤안심보험(생활비보장형(장해),해약환급금 일부지급형Ⅲ)",주계약,장해생활자금Ⅲ,"피보험자가 보험기간 중 보장개시일 이후 「동일한 재해 또는 재해 이외의 동일한 원인」으로 인하여 장해분류표 중 여러 신체부위의 장해지급률을 더하여 80%이상인 장해상태가 되었을 때 (다만, 최초 1회에 한함)","매월 장해생활자금Ⅲ 지급해당일 : 50만원 (180회 확정지급) (다만, 계약일로부터 1년 미만에 재해 이외의 동일한 원인으로 80%이상인 장해상태가 되었을 때 매월 장해생활자금Ⅲ 지급해당일에 25만원 지급)","1,000만원",119700  원,"74,700  원",2.75 %,-,-,98.9 %,92.2 %,-,-,-,-,보험기간(1년 초과),무해지/저해지환급,비갱신형,비유니버셜,대면채널  방카슈랑스,2026-01-01,"1. 가입나이 : 0세~최대75세 2. 상품형태 : 치매보장형, 생활비보장형(장해), 상해보장형 / 해약환급금 일부지급형Ⅲ, 표준형 3. 보험기간 : 90·100·110세만기 4. 보험료 예시기준: 생활비보장형(장해), 해약환급금 일부지급형Ⅲ, 보험가입금액 1,000만원, 40세, 90세만기, 20년납, 월납 5. 보험가격지수 예시기준: 생활비보장형(장해), 해약환급금 일부지급형Ⅲ, 보험가입금액 1,000만원, 40세, 90세만기, 20년납, 월납 6. 확정이율 : 10년 이내 2.75%, 10년 초과 2.00%",1577-1004,,,,
동양생명,"(무)엔젤안심보험(상해보장형,표준형) (월납)",주계약,장해보험금,피보험자가 보험기간 중 보장개시일 이후 「동일한 재해 또는 재해 이외의 동일한 원인」으로 인하여 장해분류표에서 정한 각 장해지급률에 해당하는 장해상태가 되었을 때,"보험가입금액의 100% ⅹ 해당 지급률 (다만, 계약일로부터 1년 미만에 재해 이외의 동일한 원인으로 인하여 장해분류표에서 정한 각 장해지급률에 해당하는 장해상태가 되었을 때 50% 지급)","1,000만원","119,700 원","74,700 원",2.75 %,비갱신형,대면채널  방카슈랑스,2026-01-01,"1. 가입나이 : 0세~최대75세 2. 상품형태 : 치매보장형, 생활비보장형(장해), 상해보장형 / 해약환급금 일부지급형Ⅲ, 표준형 3. 보험기간 : 90·100·110세만기 4. 보험료 예시기준: 생활비보장형(장해), 해약환급금 일부지급형Ⅲ, 보험가입금액 1,000만원, 40세, 90세만기, 20년납, 월납 5. 보험가격지수 예시기준: 생활비보장형(장해), 해약환급금 일부지급형Ⅲ, 보험가입금액 1,000만원, 40세, 90세만기, 20년납, 월납 6. 확정이율 : 10년 이내 2.75%, 10년 초과 2.00%",1577-1004,file_25.xls,동양생명,"(무)엔젤안심보험(생활비보장형(장해),해약환급금 일부지급형Ⅲ)",주계약,장해보험금,피보험자가 보험기간 중 보장개시일 이후 「동일한 재해 또는 재해 이외의 동일한 원인」으로 인하여 장해분류표에서 정한 각 장해지급률에 해당하는 장해상태가 되었을 때,"보험가입금액의 100% ⅹ 해당 지급률 (다만, 계약일로부터 1년 미만에 재해 이외의 동일한 원인으로 인하여 장해분류표에서 정한 각 장해지급률에 해당하는 장해상태가 되었을 때 50% 지급)","1,000만원",119700  원,"74,700  원",2.75 %,-,-,98.9 %,92.2 %,-,-,-,-,보험기간(1년 초과),무해지/저해지환급,비갱신형,비유니버셜,대면채널  방카슈랑스,2026-01-01,"1. 가입나이 : 0세~최대75세 2. 상품형태 : 치매보장형, 생활비보장형(장해), 상해보장형 / 해약환급금 일부지급형Ⅲ, 표준형 3. 보험기간 : 90·100·110세만기 4. 보험료 예시기준: 생활비보장형(장해), 해약환급금 일부지급형Ⅲ, 보험가입금액 1,000만원, 40세, 90세만기, 20년납, 월납 5. 보험가격지수 예시기준: 생활비보장형(장해), 해약환급금 일부지급형Ⅲ, 보험가입금액 1,000만원, 40세, 90세만기, 20년납, 월납 6. 확정이율 : 10년 이내 2.75%, 10년 초과 2.00%",1577-1004,,,,
주계약,재해사망보험금 (월납),주계약,재해사망보험금,피보험자가 보험기간 중 재해를 직접적인 원인으로 사망하였을 때,2억원,"1,000만원","165,900 원","90,300 원",2.75 %,비갱신형,대면채널  방카슈랑스,2026-01-01,"1. 가입나이 : 15세~최대75세 2. 상품형태 : 치매보장형, 생활비보장형(장해), 상해보장형 / 해약환급금 일부지급형Ⅲ, 표준형 3. 보험기간 : 90·100·110세만기 4. 보험료 예시기준: 상해보장형, 해약환급금 일부지급형Ⅲ, 보험가입금액 1,000만원, 40세, 90세만기, 20년납, 월납 5. 보험가격지수 예시기준: 상해보장형, 해약환급금 일부지급형Ⅲ, 보험가입금액 1,000만원, 40세, 90세만기, 20년납, 월납 6. 확정이율 : 10년 이내 2.75%, 10년 초과 2.00%",1577-1004,file_25.xls,동양생명,"(무)엔젤안심보험(상해보장형,해약환급금 일부지급형Ⅲ)",주계약,재해사망보험금,피보험자가 보험기간 중 재해를 직접적인 원인으로 사망하였을 때,2억원,"1,000만원",165900  원,"90,300  원",2.75 %,-,-,98.2 %,92.8 %,-,-,-,-,보험기간(1년 초과),무해지/저해지환급,비갱신형,비유니버셜,대면채널  방카슈랑스,2026-01-01,"1. 가입나이 : 15세~최대75세 2. 상품형태 : 치매보장형, 생활비보장형(장해), 상해보장형 / 해약환급금 일부지급형Ⅲ, 표준형 3. 보험기간 : 90·100·110세만기 4. 보험료 예시기준: 상해보장형, 해약환급금 일부지급형Ⅲ, 보험가입금액 1,000만원, 40세, 90세만기, 20년납, 월납 5. 보험가격지수 예시기준: 상해보장형, 해약환급금 일부지급형Ⅲ, 보험가입금액 1,000만원, 40세, 90세만기, 20년납, 월납 6. 확정이율 : 10년 이내 2.75%, 10년 초과 2.00%",1577-1004,,,,
동양생명,(무)우리WON하는미니상해보험 (월납),주계약,재해골절치료비,피보험자가 보험기간 중 발생한 재해를 직접적인 원인으로 재해골절(치아파절 제외) 상태가 되었을 때(발생1회당),10만원,10만원,"3,660 원","3,450 원",2.90 %,비갱신형,대면채널  CM,2026-01-01,"1. 가입나이: 20세~70세 2. 보험기간: 1년만기 3. 상품형태: - 4. 보험료 예시기준: 보험가입금액 10만원, 40세, 1년만기, 일시납 5. 보험가격지수 예시 기준: 보험가입금액 10만원, 40세, 1년만기, 일시납",1577-1004,file_25.xls,동양생명,(무)우리WON하는미니상해보험,주계약,재해골절치료비,피보험자가 보험기간 중 발생한 재해를 직접적인 원인으로 재해골절(치아파절 제외) 상태가 되었을 때(발생1회당),10만원,10만원,3660  원,"3,450  원",2.90 %,-,-,77.4 %,71.3 %,-,-,-,-,보험기간(1년 이하),순수보장,비갱신형,비유니버셜,대면채널  CM,2026-01-01,"1. 가입나이: 20세~70세 2. 보험기간: 1년만기 3. 상품형태: - 4. 보험료 예시기준: 보험가입금액 10만원, 40세, 1년만기, 일시납 5. 보험가격지수 예시 기준: 보험가입금액 10만원, 40세, 1년만기, 일시납",1577-1004,,,,
동양생명,(무)우리WON하는미니상해보험 (월납),주계약,깁스치료비,피보험자가 보험기간 중 치료를 직접적인 목적으로 깁스(Cast) 치료를 받았을 때(깁스치료 1회당),10만원,10만원,"3,660 원","3,450 원",2.90 %,비갱신형,대면채널  CM,2026-01-01,"1. 가입나이: 20세~70세 2. 보험기간: 1년만기 3. 상품형태: - 4. 보험료 예시기준: 보험가입금액 10만원, 40세, 1년만기, 일시납 5. 보험가격지수 예시 기준: 보험가입금액 10만원, 40세, 1년만기, 일시납",1577-1004,file_25.xls,동양생명,(무)우리WON하는미니상해보험,주계약,깁스치료비,피보험자가 보험기간 중 치료를 직접적인 목적으로 깁스(Cast) 치료를 받았을 때(깁스치료 1회당),10만원,10만원,3660  원,"3,450  원",2.90 %,-,-,77.4 %,71.3 %,-,-,-,-,보험기간(1년 이하),순수보장,비갱신형,비유니버셜,대면채널  CM,2026-01-01,"1. 가입나이: 20세~70세 2. 보험기간: 1년만기 3. 상품형태: - 4. 보험료 예시기준: 보험가입금액 10만원, 40세, 1년만기, 일시납 5. 보험가격지수 예시 기준: 보험가입금액 10만원, 40세, 1년만기, 일시납",1577-1004,,,,
동양생명,(무)우리WON하는mini교통재해보험 (월납),주계약,교통재해응급실내원진료비(응급),"피보험자가 보험기간 중 발생한 ""교통재해""를 직접적인 원인으로 ""응급환자""로 응급실에 내원하여 진료를 받았을 때 (내원 1회당)",10만원,"1,000만원","2,980 원","1,340 원",2.90 %,비갱신형,대면채널  CM,2026-01-01,"1. 가입나이: 20세~70세 2. 보험기간: 1년만기 3. 상품형태: - 4. 보험료 예시기준: 보험가입금액 1,000만원, 40세, 1년만기, 일시납 5. 보험가격지수 예시 기준: 보험가입금액 1,000만원, 40세, 1년만기, 일시납",1577-1004,file_25.xls,동양생명,(무)우리WON하는mini교통재해보험,주계약,교통재해응급실내원진료비(응급),"피보험자가 보험기간 중 발생한 ""교통재해""를 직접적인 원인으로 ""응급환자""로 응급실에 내원하여 진료를 받았을 때 (내원 1회당)",10만원,"1,000만원",2980  원,"1,340  원",2.90 %,-,-,77.1 %,71.3 %,-,-,-,-,보험기간(1년 이하),순수보장,비갱신형,비유니버셜,대면채널  CM,2026-01-01,"1. 가입나이: 20세~70세 2. 보험기간: 1년만기 3. 상품형태: - 4. 보험료 예시기준: 보험가입금액 1,000만원, 40세, 1년만기, 일시납 5. 보험가격지수 예시 기준: 보험가입금액 1,000만원, 40세, 1년만기, 일시납",1577-1004,,,,
동양생명,(무)우리WON하는mini교통재해보험 (월납),주계약,교통재해골절(치아파절포함)치료비,"피보험자가 보험기간 중 발생한 ""교통재해""를 직접적인 원인으로 ""재해골절(치아파절포함)""로 진단확정 되었을 때 (발생 1회당)",10만원,"1,000만원","2,980 원","1,340 원",2.90 %,비갱신형,대면채널  CM,2026-01-01,"1. 가입나이: 20세~70세 2. 보험기간: 1년만기 3. 상품형태: - 4. 보험료 예시기준: 보험가입금액 1,000만원, 40세, 1년만기, 일시납 5. 보험가격지수 예시 기준: 보험가입금액 1,000만원, 40세, 1년만기, 일시납",1577-1004,file_25.xls,동양생명,(무)우리WON하는mini교통재해보험,주계약,교통재해골절(치아파절포함)치료비,"피보험자가 보험기간 중 발생한 ""교통재해""를 직접적인 원인으로 ""재해골절(치아파절포함)""로 진단확정 되었을 때 (발생 1회당)",10만원,"1,000만원",2980  원,"1,340  원",2.90 %,-,-,77.1 %,71.3 %,-,-,-,-,보험기간(1년 이하),순수보장,비갱신형,비유니버셜,대면채널  CM,2026-01-01,"1. 가입나이: 20세~70세 2. 보험기간: 1년만기 3. 상품형태: - 4. 보험료 예시기준: 보험가입금액 1,000만원, 40세, 1년만기, 일시납 5. 보험가격지수 예시 기준: 보험가입금액 1,000만원, 40세, 1년만기, 일시납",1577-1004,,,,
동양생명,(무)우리WON하는mini교통재해보험 (월납),주계약,교통사고중상치료비,"피보험자가 보험기간 중 발생한 ""교통사고""를 직접적인 원인으로 ""교통사고중상"" 상태가 되었을 때 (발생 1회당)",100만원,"1,000만원","2,980 원","1,340 원",2.90 %,비갱신형,대면채널  CM,2026-01-01,"1. 가입나이: 20세~70세 2. 보험기간: 1년만기 3. 상품형태: - 4. 보험료 예시기준: 보험가입금액 1,000만원, 40세, 1년만기, 일시납 5. 보험가격지수 예시 기준: 보험가입금액 1,000만원, 40세, 1년만기, 일시납",1577-1004,file_25.xls,동양생명,(무)우리WON하는mini교통재해보험,주계약,교통사고중상치료비,"피보험자가 보험기간 중 발생한 ""교통사고""를 직접적인 원인으로 ""교통사고중상"" 상태가 되었을 때 (발생 1회당)",100만원,"1,000만원",2980  원,"1,340  원",2.90 %,-,-,77.1 %,71.3 %,-,-,-,-,보험기간(1년 이하),순수보장,비갱신형,비유니버셜,대면채널  CM,2026-01-01,"1. 가입나이: 20세~70세 2. 보험기간: 1년만기 3. 상품형태: - 4. 보험료 예시기준: 보험가입금액 1,000만원, 40세, 1년만기, 일시납 5. 보험가격지수 예시 기준: 보험가입금액 1,000만원, 40세, 1년만기, 일시납",1577-1004,,,,
동양생명,(무)엔젤상해보험 (월납),주계약,만기보험금,피보험자가 보험기간이 끝날 때까지 살아있을 때,이미 납입한 보험료의 100%,"5,000만원","45,000 원","22,000 원",3.00 %,비갱신형,대면채널  방카슈랑스,2024-04-01,"1. 가입나이: 만15세~70세 2. 보험기간: 3·5·7·10·15·20년만기 3. 납입주기: 월납, 3개월납, 6개월납, 연납 4. 보험료 예시기준: 기본형, 가입금액 5,000만원, 40세, 비위험, 20년만기, 15년납, 월납 5. 보험가격지수 예시기준: 기본형, 가입금액 3,000만원, 40세, 비위험, 20년만기, 15년납, 월납",1577-1004,file_25.xls,동양생명,(무)엔젤상해보험,주계약,만기보험금,피보험자가 보험기간이 끝날 때까지 살아있을 때,이미 납입한 보험료의 100%,"5,000만원",45000  원,"22,000  원",3.00 %,-,-,108.3 %,95.8 %,-,-,-,-,보험기간(1년 초과),만기환급,비갱신형,비유니버셜,대면채널  방카슈랑스,2024-04-01,"1. 가입나이: 만15세~70세 2. 보험기간: 3·5·7·10·15·20년만기 3. 납입주기: 월납, 3개월납, 6개월납, 연납 4. 보험료 예시기준: 기본형, 가입금액 5,000만원, 40세, 비위험, 20년만기, 15년납, 월납 5. 보험가격지수 예시기준: 기본형, 가입금액 3,000만원, 40세, 비위험, 20년만기, 15년납, 월납",1577-1004,,,,
동양생명,(무)엔젤상해보험 (월납),주계약,재해사망보험금,재해로 인하여 사망하였을 때,2억원 + 사망 당시 이미 납입한 보험료,"5,000만원","45,000 원","22,000 원",3.00 %,비갱신형,대면채널  방카슈랑스,2024-04-01,"1. 가입나이: 만15세~70세 2. 보험기간: 3·5·7·10·15·20년만기 3. 납입주기: 월납, 3개월납, 6개월납, 연납 4. 보험료 예시기준: 기본형, 가입금액 5,000만원, 40세, 비위험, 20년만기, 15년납, 월납 5. 보험가격지수 예시기준: 기본형, 가입금액 3,000만원, 40세, 비위험, 20년만기, 15년납, 월납",1577-1004,file_25.xls,동양생명,(무)엔젤상해보험,주계약,재해사망보험금,재해로 인하여 사망하였을 때,2억원 + 사망 당시 이미 납입한 보험료,"5,000만원",45000  원,"22,000  원",3.00 %,-,-,108.3 %,95.8 %,-,-,-,-,보험기간(1년 초과),만기환급,비갱신형,비유니버셜,대면채널  방카슈랑스,2024-04-01,"1. 가입나이: 만15세~70세 2. 보험기간: 3·5·7·10·15·20년만기 3. 납입주기: 월납, 3개월납, 6개월납, 연납 4. 보험료 예시기준: 기본형, 가입금액 5,000만원, 40세, 비위험, 20년만기, 15년납, 월납 5. 보험가격지수 예시기준: 기본형, 가입금액 3,000만원, 40세, 비위험, 20년만기, 15년납, 월납",1577-1004,,,,
동양생명,(무)엔젤상해보험 (월납),주계약,재해장해보험금,보장개시일 이후 발생한 동일한 재해로 장해분류표에서 정한 각 장해지급률에 해당하는 장해상태가 되었을 때,"4,000만원 + 해당장해지급률","5,000만원","45,000 원","22,000 원",3.00 %,비갱신형,대면채널  방카슈랑스,2024-04-01,"1. 가입나이: 만15세~70세 2. 보험기간: 3·5·7·10·15·20년만기 3. 납입주기: 월납, 3개월납, 6개월납, 연납 4. 보험료 예시기준: 기본형, 가입금액 5,000만원, 40세, 비위험, 20년만기, 15년납, 월납 5. 보험가격지수 예시기준: 기본형, 가입금액 3,000만원, 40세, 비위험, 20년만기, 15년납, 월납",1577-1004,file_25.xls,동양생명,(무)엔젤상해보험,주계약,재해장해보험금,보장개시일 이후 발생한 동일한 재해로 장해분류표에서 정한 각 장해지급률에 해당하는 장해상태가 되었을 때,"4,000만원 + 해당장해지급률","5,000만원",45000  원,"22,000  원",3.00 %,-,-,108.3 %,95.8 %,-,-,-,-,보험기간(1년 초과),만기환급,비갱신형,비유니버셜,대면채널  방카슈랑스,2024-04-01,"1. 가입나이: 만15세~70세 2. 보험기간: 3·5·7·10·15·20년만기 3. 납입주기: 월납, 3개월납, 6개월납, 연납 4. 보험료 예시기준: 기본형, 가입금액 5,000만원, 40세, 비위험, 20년만기, 15년납, 월납 5. 보험가격지수 예시기준: 기본형, 가입금액 3,000만원, 40세, 비위험, 20년만기, 15년납, 월납",1577-1004,,,,
메트라이프생명,무배당 메트라이프 mini 재해보험 (월납),주계약,재해사망보험금,보험 기간 중 별표 3 (재해분류표)에서 정하는 재해 (이하 “재해”라 합니다)를 직접적인 원인으로 하여 사망하였을 때,"1,000만원","1,000만원","4,900 원","3,000 원",2.30 %,비갱신형,CM,2024-04-01,"1. 가입연령 : 20세 ~ 70세 2. 보험기간 및 납입기간 : 1년 만기 및 일시납 3. 보험가입금액 : 1,000만원 4. 보험가격지수 예시 기준 : 1년만기, 일시납, 가입금액 1,000만원, 40세 5. 보험료 예시 기준 : 가입금액 1,000만원, 40세 남/여, 1년만기, 일시납",1588-9600,file_25.xls,메트라이프생명,무배당 메트라이프 mini 재해보험,주계약,재해사망보험금,보험 기간 중 별표 3 (재해분류표)에서 정하는 재해 (이하 “재해”라 합니다)를 직접적인 원인으로 하여 사망하였을 때,"1,000만원","1,000만원",4900  원,"3,000  원",2.30 %,-,-,89.5 %,104.3 %,-,-,-,-,보험기간(1년 이하),순수보장,비갱신형,비유니버셜,CM,2024-04-01,"1. 가입연령 : 20세 ~ 70세 2. 보험기간 및 납입기간 : 1년 만기 및 일시납 3. 보험가입금액 : 1,000만원 4. 보험가격지수 예시 기준 : 1년만기, 일시납, 가입금액 1,000만원, 40세 5. 보험료 예시 기준 : 가입금액 1,000만원, 40세 남/여, 1년만기, 일시납",1588-9600,,,,
메트라이프생명,무배당 메트라이프 mini 재해보험 (월납),주계약,재해골절진단보험금,"보험기간 중 재해로 인하여 골절 (치아파절 제외) 로 진단 확정 되었을 때 (다만, 동일한 재해로 2 가지 이상의 골절(복합골절)시 1 회만 지급함)",재해골절 발생 1 회당 10 만원 (보험가입금액의 1 %),"1,000만원","4,900 원","3,000 원",2.30 %,비갱신형,CM,2024-04-01,"1. 가입연령 : 20세 ~ 70세 2. 보험기간 및 납입기간 : 1년 만기 및 일시납 3. 보험가입금액 : 1,000만원 4. 보험가격지수 예시 기준 : 1년만기, 일시납, 가입금액 1,000만원, 40세 5. 보험료 예시 기준 : 가입금액 1,000만원, 40세 남/여, 1년만기, 일시납",1588-9600,file_25.xls,메트라이프생명,무배당 메트라이프 mini 재해보험,주계약,재해골절진단보험금,"보험기간 중 재해로 인하여 골절 (치아파절 제외) 로 진단 확정 되었을 때 (다만, 동일한 재해로 2 가지 이상의 골절(복합골절)시 1 회만 지급함)",재해골절 발생 1 회당 10 만원 (보험가입금액의 1 %),"1,000만원",4900  원,"3,000  원",2.30 %,-,-,89.5 %,104.3 %,-,-,-,-,보험기간(1년 이하),순수보장,비갱신형,비유니버셜,CM,2024-04-01,"1. 가입연령 : 20세 ~ 70세 2. 보험기간 및 납입기간 : 1년 만기 및 일시납 3. 보험가입금액 : 1,000만원 4. 보험가격지수 예시 기준 : 1년만기, 일시납, 가입금액 1,000만원, 40세 5. 보험료 예시 기준 : 가입금액 1,000만원, 40세 남/여, 1년만기, 일시납",1588-9600,,,,
메트라이프생명,무배당 메트라이프 교통재해사망보험 (월납),주계약,교통재해사망보험금,보험 기간 중 별표 3 (교통재해사고)에서 정하는 교통재해 (이하 “교통재해”라 합니다)를 직접적인 원인으로 하여 사망하였을 때,"1,000만원","1,000만원","1,100 원",600 원,2.30 %,비갱신형,CM,2024-04-01,"1. 가입연령 : 20세 ~ 70세 2. 보험기간 및 납입기간 : 1년 만기 및 일시납 3. 보험가입금액 : 1,000만원 4. 보험가격지수 예시 기준 : 1년만기, 일시납, 가입금액 1,000만원, 40세 5. 보험료 예시 기준 : 가입금액 1,000만원, 40세 남/여, 1년만기, 일시납",1588-9600,file_25.xls,메트라이프생명,무배당 메트라이프 교통재해사망보험,주계약,교통재해사망보험금,보험 기간 중 별표 3 (교통재해사고)에서 정하는 교통재해 (이하 “교통재해”라 합니다)를 직접적인 원인으로 하여 사망하였을 때,"1,000만원","1,000만원",1100  원,600  원,2.30 %,-,-,140.6 %,354.6 %,-,-,-,-,보험기간(1년 이하),순수보장,비갱신형,비유니버셜,CM,2024-04-01,"1. 가입연령 : 20세 ~ 70세 2. 보험기간 및 납입기간 : 1년 만기 및 일시납 3. 보험가입금액 : 1,000만원 4. 보험가격지수 예시 기준 : 1년만기, 일시납, 가입금액 1,000만원, 40세 5. 보험료 예시 기준 : 가입금액 1,000만원, 40세 남/여, 1년만기, 일시납",1588-9600,,,,
메트라이프생명,무배당 뼈 미니 재해골절보험 (월납),주계약,재해골절진단보험금,"보험기간 중 재해로 인하여 골절 (치아파절 제외) 로 진단 확정 되었을 때 (다만, 동일한 재해로 2 가지 이상의 골절(복합골절)시 1 회만 지급함)",재해골절 발생 1 회당 10 만원 (보험가입금액의 1 %),"1,000만원","3,700 원","2,600 원",2.30 %,비갱신형,CM,2025-04-01,"1. 가입연령 : 20세 ~ 70세 2. 보험기간 및 납입기간 : 1년 만기 및 일시납 3. 보험가입금액 : 1,000만원 4. 보험가격지수 예시 기준 : 1년만기, 일시납, 가입금액 1,000만원, 40세 5. 보험료 예시 기준 : 가입금액 1,000만원, 40세 남/여, 1년만기, 일시납",1588-9600,file_25.xls,메트라이프생명,무배당 뼈 미니 재해골절보험,주계약,재해골절진단보험금,"보험기간 중 재해로 인하여 골절 (치아파절 제외) 로 진단 확정 되었을 때 (다만, 동일한 재해로 2 가지 이상의 골절(복합골절)시 1 회만 지급함)",재해골절 발생 1 회당 10 만원 (보험가입금액의 1 %),"1,000만원",3700  원,"2,600  원",2.30 %,-,-,102.8 %,109.8 %,-,-,-,-,보험기간(1년 이하),순수보장,비갱신형,비유니버셜,CM,2025-04-01,"1. 가입연령 : 20세 ~ 70세 2. 보험기간 및 납입기간 : 1년 만기 및 일시납 3. 보험가입금액 : 1,000만원 4. 보험가격지수 예시 기준 : 1년만기, 일시납, 가입금액 1,000만원, 40세 5. 보험료 예시 기준 : 가입금액 1,000만원, 40세 남/여, 1년만기, 일시납",1588-9600,,,,
메트라이프생명,무배당 뼈대있는깁스보험 (월납),주계약,깁스치료비,피보험자가 보험기간 중 재해 또는 질병으로 깁스치료를 받았을 때,1만원 (발생 1회당),1만원,770 원,770 원,2.30 %,비갱신형,CM,2025-04-01,"1. 가입연령 : 20세 ~ 70세 2. 보험기간 및 납입기간 : 1년 만기 및 일시납 3. 보험가입금액 : 1만원 4. 보험가격지수 예시 기준 : 1년만기, 일시납, 가입금액 1만원, 40세 5. 보험료 예시 기준 : 가입금액 1만원, 40세 남/여, 1년만기, 일시납",1588-9600,file_25.xls,메트라이프생명,무배당 뼈대있는깁스보험,주계약,깁스치료비,피보험자가 보험기간 중 재해 또는 질병으로 깁스치료를 받았을 때,1만원 (발생 1회당),1만원,770  원,770  원,2.30 %,-,-,136.3 %,126.1 %,-,-,-,-,보험기간(1년 이하),순수보장,비갱신형,비유니버셜,CM,2025-04-01,"1. 가입연령 : 20세 ~ 70세 2. 보험기간 및 납입기간 : 1년 만기 및 일시납 3. 보험가입금액 : 1만원 4. 보험가격지수 예시 기준 : 1년만기, 일시납, 가입금액 1만원, 40세 5. 보험료 예시 기준 : 가입금액 1만원, 40세 남/여, 1년만기, 일시납",1588-9600,,,,
KB라이프생명,KB 지켜주는 교통안심보험 무배당 (월납),주계약,교통재해사망보험금,피보험자가 보험기간 중 “교통사고”로 인하여 사망하였 을 때,"1,000만원","1,000만원","6,110 원","2,460 원",2.70 %,비갱신형,CM,2025-09-01,"1. 가입나이 : 만19세 ~ 64세 2. 보험기간 : 1년만기, 3년만기 3. 납입기간 : 일시납 5. 보험료 기준 : 40세, 3년만기, 일시납, 가입금액 1,000만원 6. 보험가격지수 기준 : 40세, 3년만기, 일시납, 가입금액 1,000만원",1588-3374,file_25.xls,KB라이프생명,KB 지켜주는 교통안심보험 무배당,주계약,교통재해사망보험금,피보험자가 보험기간 중 “교통사고”로 인하여 사망하였 을 때,"1,000만원","1,000만원",6110  원,"2,460  원",2.70 %,-,-,115.9 %,106.9 %,-,-,-,-,보험기간(1년 초과),순수보장,비갱신형,비유니버셜,CM,2025-09-01,"1. 가입나이 : 만19세 ~ 64세 2. 보험기간 : 1년만기, 3년만기 3. 납입기간 : 일시납 5. 보험료 기준 : 40세, 3년만기, 일시납, 가입금액 1,000만원 6. 보험가격지수 기준 : 40세, 3년만기, 일시납, 가입금액 1,000만원",1588-3374,,,,
KB라이프생명,KB 지켜주는 교통안심보험 무배당 (월납),주계약,교통재해장해급여금,피보험자가 보험기간 중 “교통사고”로 인하여 장해분류 표(약관 별표2 참조)에서 정한 각 장해지급률 중 3%이 상 100%이하에 해당하는 장해상태가 되었을 때,500만원× 해당 장해지급률,"1,000만원","6,110 원","2,460 원",2.70 %,비갱신형,CM,2025-09-01,"1. 가입나이 : 만19세 ~ 64세 2. 보험기간 : 1년만기, 3년만기 3. 납입기간 : 일시납 5. 보험료 기준 : 40세, 3년만기, 일시납, 가입금액 1,000만원 6. 보험가격지수 기준 : 40세, 3년만기, 일시납, 가입금액 1,000만원",1588-3374,file_25.xls,KB라이프생명,KB 지켜주는 교통안심보험 무배당,주계약,교통재해장해급여금,피보험자가 보험기간 중 “교통사고”로 인하여 장해분류 표(약관 별표2 참조)에서 정한 각 장해지급률 중 3%이 상 100%이하에 해당하는 장해상태가 되었을 때,500만원× 해당 장해지급률,"1,000만원",6110  원,"2,460  원",2.70 %,-,-,115.9 %,106.9 %,-,-,-,-,보험기간(1년 초과),순수보장,비갱신형,비유니버셜,CM,2025-09-01,"1. 가입나이 : 만19세 ~ 64세 2. 보험기간 : 1년만기, 3년만기 3. 납입기간 : 일시납 5. 보험료 기준 : 40세, 3년만기, 일시납, 가입금액 1,000만원 6. 보험가격지수 기준 : 40세, 3년만기, 일시납, 가입금액 1,000만원",1588-3374,,,,
KB라이프생명,KB 지켜주는 대중교통안심보험 무배당 (월납),주계약,대중교통재해사망보험금,피보험자가 보험기간 중 “대중교통 이용 중 교통사고”로 인하여 사망하였을 때,"5,000만원","5,000만원","1,200 원",500 원,2.70 %,비갱신형,CM,2025-09-01,"1. 가입나이 : 만19세 ~ 64세 2. 보험기간 : 1년만기, 3년만기 3. 납입기간 : 일시납 5. 보험료 기준 : 40세, 3년만기, 일시납, 가입금액 5,000만원 6. 보험가격지수 기준 : 40세, 3년만기, 일시납, 가입금액 5,000만원",1588-3374,file_25.xls,KB라이프생명,KB 지켜주는 대중교통안심보험 무배당,주계약,대중교통재해사망보험금,피보험자가 보험기간 중 “대중교통 이용 중 교통사고”로 인하여 사망하였을 때,"5,000만원","5,000만원",1200  원,500  원,2.70 %,-,-,118.0 %,118.2 %,-,-,-,-,보험기간(1년 초과),순수보장,비갱신형,비유니버셜,CM,2025-09-01,"1. 가입나이 : 만19세 ~ 64세 2. 보험기간 : 1년만기, 3년만기 3. 납입기간 : 일시납 5. 보험료 기준 : 40세, 3년만기, 일시납, 가입금액 5,000만원 6. 보험가격지수 기준 : 40세, 3년만기, 일시납, 가입금액 5,000만원",1588-3374,,,,
KB라이프생명,KB 지켜주는 대중교통안심보험 무배당 (월납),주계약,대중교통재해장해급여금,피보험자가 보험기간 중 “대중교통 이용 중 교통사고”로 인하여 장해분류표(약관 별표2 참조)에서 정한 각 장해 지급률 중 3%이상 100%이하에 해당하는 장해상태가 되었을 때,"1,500만원× 해당 장해지급률","5,000만원","1,200 원",500 원,2.70 %,비갱신형,CM,2025-09-01,"1. 가입나이 : 만19세 ~ 64세 2. 보험기간 : 1년만기, 3년만기 3. 납입기간 : 일시납 5. 보험료 기준 : 40세, 3년만기, 일시납, 가입금액 5,000만원 6. 보험가격지수 기준 : 40세, 3년만기, 일시납, 가입금액 5,000만원",1588-3374,file_25.xls,KB라이프생명,KB 지켜주는 대중교통안심보험 무배당,주계약,대중교통재해장해급여금,피보험자가 보험기간 중 “대중교통 이용 중 교통사고”로 인하여 장해분류표(약관 별표2 참조)에서 정한 각 장해 지급률 중 3%이상 100%이하에 해당하는 장해상태가 되었을 때,"1,500만원× 해당 장해지급률","5,000만원",1200  원,500  원,2.70 %,-,-,118.0 %,118.2 %,-,-,-,-,보험기간(1년 초과),순수보장,비갱신형,비유니버셜,CM,2025-09-01,"1. 가입나이 : 만19세 ~ 64세 2. 보험기간 : 1년만기, 3년만기 3. 납입기간 : 일시납 5. 보험료 기준 : 40세, 3년만기, 일시납, 가입금액 5,000만원 6. 보험가격지수 기준 : 40세, 3년만기, 일시납, 가입금액 5,000만원",1588-3374,,,,
신한라이프생명,신한SOL대중교통보험 mini(무배당) (일시납),주계약,대중교통재해장해급여금,"보험기간 중 피보험자가 ""대중교통 이용 중 교통사고""를 직접적인 원인으로 보험기간 중 장해분류표에서 정한 장해지급률 중 3%이상 100%이하에 해당하는 장해상태가 되었을 경우","보험가입금액의 1,000% x 해당 장해지급률",500만원,950 원,610 원,2.10 %,비갱신형,대면채널  CM,2026-01-01,"1. 가입나이 : 0세(태아불가) ~ 75세 2. 보험료 납입기간 및 납입주기 : 일시납 3. 가입한도 : 500만원~1,000만원(디지털채널, 대면채널) 100만원~500만원(제휴채널) 4. 보험기간 : 1/2/3년만기 5. 보험료 및 보험가격지수 기준 : 40세, 3년만기, 일시납, 가입금액 500만원",1588-5580,file_25.xls,신한라이프생명,신한SOL대중교통보험 mini(무배당),주계약,대중교통재해장해급여금,"보험기간 중 피보험자가 ""대중교통 이용 중 교통사고""를 직접적인 원인으로 보험기간 중 장해분류표에서 정한 장해지급률 중 3%이상 100%이하에 해당하는 장해상태가 되었을 경우","보험가입금액의 1,000% x 해당 장해지급률",500만원,950  원,610  원,2.10 %,-,-,92.0 %,84.8 %,-,-,-,-,보험기간(1년 초과),순수보장,비갱신형,비유니버셜,대면채널  CM,2026-01-01,"1. 가입나이 : 0세(태아불가) ~ 75세 2. 보험료 납입기간 및 납입주기 : 일시납 3. 가입한도 : 500만원~1,000만원(디지털채널, 대면채널) 100만원~500만원(제휴채널) 4. 보험기간 : 1/2/3년만기 5. 보험료 및 보험가격지수 기준 : 40세, 3년만기, 일시납, 가입금액 500만원",1588-5580,,,,
푸본현대생명,푸본현대 상해보험 안심픽 무배당(A2601) (월납),주계약,재해사망보험금,보험기간 중 피보험자가 재해를 직접적인 원인으로 사망하였을 경우,6억원,"3,000만원","6,703,500 원","4,748,100 원",3.25 %,비갱신형,대면채널,2026-01-01,"1. 가입나이 : 만 20세 ~ 최고 75세 2. 보험기간 : 110세만기 3. 납입기간 : 3/4/5년납 4. 기간별 적용이율 : 계약일로부터 10년 이내 연복리 3.25%, 10년 초과 연복리 1.50% * 주계약 보험료 예시 : 40세, 가입금액 3천만원, 110세만기, 5년납, 월납 기준 * 보험가격지수 예시 : 40세, 가입금액 3천만원, 110세만기, 5년납, 월납 기준",1577-3311,file_25.xls,푸본현대생명,푸본현대 상해보험 안심픽 무배당(A2601),주계약,재해사망보험금,보험기간 중 피보험자가 재해를 직접적인 원인으로 사망하였을 경우,6억원,"3,000만원",6703500  원,"4,748,100  원",3.25 %,-,-,100.7 %,97.2 %,-,-,-,-,보험기간(1년 초과),순수보장,비갱신형,비유니버셜,대면채널,2026-01-01,"1. 가입나이 : 만 20세 ~ 최고 75세 2. 보험기간 : 110세만기 3. 납입기간 : 3/4/5년납 4. 기간별 적용이율 : 계약일로부터 10년 이내 연복리 3.25%, 10년 초과 연복리 1.50% * 주계약 보험료 예시 : 40세, 가입금액 3천만원, 110세만기, 5년납, 월납 기준 * 보험가격지수 예시 : 40세, 가입금액 3천만원, 110세만기, 5년납, 월납 기준",1577-3311,,,,
푸본현대생명,푸본현대 상해보험 안심픽 무배당(A2601) (월납),주계약,고도장해보험금,"보험기간 중 피보험자가 장해분류표 중 동일한 재해 또는 재해 이외의 동일한 원인으로 여러 신체부위의 장해지급률을 더하여 80%이상에 해당하는 장해상태가 되었을 경우(단, 최초 1회 한함)","9억원 (단, 계약일부터 1년미만에 재해 이외의 동일한 원인으로 지급사유 발생 시 상기금액의 50% 지급)","3,000만원","6,703,500 원","4,748,100 원",3.25 %,비갱신형,대면채널,2026-01-01,"1. 가입나이 : 만 20세 ~ 최고 75세 2. 보험기간 : 110세만기 3. 납입기간 : 3/4/5년납 4. 기간별 적용이율 : 계약일로부터 10년 이내 연복리 3.25%, 10년 초과 연복리 1.50% * 주계약 보험료 예시 : 40세, 가입금액 3천만원, 110세만기, 5년납, 월납 기준 * 보험가격지수 예시 : 40세, 가입금액 3천만원, 110세만기, 5년납, 월납 기준",1577-3311,file_25.xls,푸본현대생명,푸본현대 상해보험 안심픽 무배당(A2601),주계약,고도장해보험금,"보험기간 중 피보험자가 장해분류표 중 동일한 재해 또는 재해 이외의 동일한 원인으로 여러 신체부위의 장해지급률을 더하여 80%이상에 해당하는 장해상태가 되었을 경우(단, 최초 1회 한함)","9억원 (단, 계약일부터 1년미만에 재해 이외의 동일한 원인으로 지급사유 발생 시 상기금액의 50% 지급)","3,000만원",6703500  원,"4,748,100  원",3.25 %,-,-,100.7 %,97.2 %,-,-,-,-,보험기간(1년 초과),순수보장,비갱신형,비유니버셜,대면채널,2026-01-01,"1. 가입나이 : 만 20세 ~ 최고 75세 2. 보험기간 : 110세만기 3. 납입기간 : 3/4/5년납 4. 기간별 적용이율 : 계약일로부터 10년 이내 연복리 3.25%, 10년 초과 연복리 1.50% * 주계약 보험료 예시 : 40세, 가입금액 3천만원, 110세만기, 5년납, 월납 기준 * 보험가격지수 예시 : 40세, 가입금액 3천만원, 110세만기, 5년납, 월납 기준",1577-3311,,,,
주계약,재해사망보험금 (월납),주계약,재해사망보험금,보험기간 중 피보험자가 재해를 직접적인 원인으로 사망하였을 경우,6억원,"3,000만원","2,072,400 원","1,468,200 원",3.25 %,비갱신형,방카슈랑스,2026-01-01,"1. 가입나이 : 만 20세 ~ 최고 75세 2. 보험기간 : 110세만기 3. 납입기간 : 3/4/5/20년납 4. 기간별 적용이율 : 계약일로부터 10년 이내 연복리 3.25%, 10년 초과 연복리 1.50% * 주계약 보험료 예시 : 40세, 가입금액 3천만원, 110세만기, 20년납, 월납 기준 * 보험가격지수 예시 : 40세, 가입금액 3천만원, 110세만기, 20년납, 월납 기준",1577-3311,file_25.xls,푸본현대생명,푸본현대 상해보험 안심픽 무배당/해약환급금 일부지급형(B2601),주계약,재해사망보험금,보험기간 중 피보험자가 재해를 직접적인 원인으로 사망하였을 경우,6억원,"3,000만원",2072400  원,"1,468,200  원",3.25 %,-,-,104.3 %,100.8 %,-,-,-,-,보험기간(1년 초과),순수보장,비갱신형,비유니버셜,방카슈랑스,2026-01-01,"1. 가입나이 : 만 20세 ~ 최고 75세 2. 보험기간 : 110세만기 3. 납입기간 : 3/4/5/20년납 4. 기간별 적용이율 : 계약일로부터 10년 이내 연복리 3.25%, 10년 초과 연복리 1.50% * 주계약 보험료 예시 : 40세, 가입금액 3천만원, 110세만기, 20년납, 월납 기준 * 보험가격지수 예시 : 40세, 가입금액 3천만원, 110세만기, 20년납, 월납 기준",1577-3311,,,,
주계약,재해사망보험금 (월납),주계약,재해사망보험금,피보험자가 보험기간 중 재해로 인하여 사망한 경우,"3,000만원","3,000만원 원",900 원,240 원,2.25 %,갱신형,대면채널  TM,2026-02-02,"1. 가입나이 : 최초계약 기준 30세~80세 2. 보험기간 : 10년만기, 20년만기, 30년만기 ※최종 갱신계약의 보험기간 만료일은 피보험자의 100세 계약해당일 3. 납입기간 : 전기납 4. 보험료 및 보험가격지수 작성기준 : 최초계약, 40세, 20년만기, 전기납, 월납, 가입금액 3,000만원",15880058,file_25.xls,라이나생명,"(무)새로담는간편건강보험(3.5.5)(해약환급금미지급형,갱신형)",주계약,재해사망보험금,피보험자가 보험기간 중 재해로 인하여 사망한 경우,"3,000만원","3,000만원 원",900  원,240  원,2.25 %,-,-,91.3 %,94.6 %,-,-,-,-,보험기간(1년 초과),무해지/저해지환급,갱신형,비유니버셜,대면채널  TM,2026-02-02,"1. 가입나이 : 최초계약 기준 30세~80세 2. 보험기간 : 10년만기, 20년만기, 30년만기 ※최종 갱신계약의 보험기간 만료일은 피보험자의 100세 계약해당일 3. 납입기간 : 전기납 4. 보험료 및 보험가격지수 작성기준 : 최초계약, 40세, 20년만기, 전기납, 월납, 가입금액 3,000만원",15880058,,,,
주계약,재해사망보험금 (월납),특약,"무배당 간편고지암진단특약(3.5.5)(해약환급금미지급형,갱신형)","피보험자가 보험기간 중 암보장개시일 이후에 “암”으로 진단확정 되었을 때 (단, 최초 1 회에 한하여 지급함)","3,000만원(단, 보험계약일로부터 1 년이 지난 보험계약해당일 전일 이전에 지급사유가 발생하였을 경우에는 상기금액의 50%를 지급)",3000만원 원,"19,200 원","26,100 원",2.25 %,갱신형,대면채널  TM,2026-02-02,"1. 가입나이 : 최초계약 기준 30세~80세 2. 보험기간 : 10년만기, 20년만기, 30년만기 ※최종 갱신계약의 보험기간 만료일은 피보험자의 100세 계약해당일 3. 납입기간 : 전기납 4. 보험료 및 보험가격지수 작성기준 : 최초계약, 40세, 20년만기, 전기납, 월납, 가입금액 3,000만원",15880058,file_25.xls,라이나생명,"(무)새로담는간편건강보험(3.5.5)(해약환급금미지급형,갱신형)",특약,"무배당 간편고지암진단특약(3.5.5)(해약환급금미지급형,갱신형)","피보험자가 보험기간 중 암보장개시일 이후에 “암”으로 진단확정 되었을 때 (단, 최초 1 회에 한하여 지급함)","3,000만원(단, 보험계약일로부터 1 년이 지난 보험계약해당일 전일 이전에 지급사유가 발생하였을 경우에는 상기금액의 50%를 지급)",3000만원 원,19200  원,"26,100  원",2.25 %,-,-,91.3 %,94.6 %,-,-,-,-,보험기간(1년 초과),무해지/저해지환급,갱신형,비유니버셜,대면채널  TM,2026-02-02,"1. 가입나이 : 최초계약 기준 30세~80세 2. 보험기간 : 10년만기, 20년만기, 30년만기 ※최종 갱신계약의 보험기간 만료일은 피보험자의 100세 계약해당일 3. 납입기간 : 전기납 4. 보험료 및 보험가격지수 작성기준 : 최초계약, 40세, 20년만기, 전기납, 월납, 가입금액 3,000만원",15880058,,,,
주계약,재해사망보험금 (월납),특약,"무배당 간편고지소액암진단특약(3.5.5)(해약환급금미지급형,갱신형)","피보험자가 보험기간 중 “갑상선암”, “기타피부암”, “제자리암(상피내암)” 또는 “경계성종양”으로 진단확정 되었을 때 (단, 각각 최초 1 회에 한하여 지급함)","600만원(단, 최초계약의 계약일로부터 1 년이내에 지급사유가 발생하였을 경우에는 상기금액의 50%를 지급)",600만원 원,"1,056 원","3,666 원",2.25 %,갱신형,대면채널  TM,2026-02-02,"1. 가입나이 : 최초계약 기준 30세~80세 2. 보험기간 : 10년만기, 20년만기, 30년만기 ※최종 갱신계약의 보험기간 만료일은 피보험자의 100세 계약해당일 3. 납입기간 : 전기납 4. 보험료 및 보험가격지수 작성기준 : 최초계약, 40세, 20년만기, 전기납, 월납, 가입금액 3,000만원",15880058,file_25.xls,라이나생명,"(무)새로담는간편건강보험(3.5.5)(해약환급금미지급형,갱신형)",특약,"무배당 간편고지소액암진단특약(3.5.5)(해약환급금미지급형,갱신형)","피보험자가 보험기간 중 “갑상선암”, “기타피부암”, “제자리암(상피내암)” 또는 “경계성종양”으로 진단확정 되었을 때 (단, 각각 최초 1 회에 한하여 지급함)","600만원(단, 최초계약의 계약일로부터 1 년이내에 지급사유가 발생하였을 경우에는 상기금액의 50%를 지급)",600만원 원,1056  원,"3,666  원",2.25 %,-,-,91.3 %,94.6 %,-,-,-,-,보험기간(1년 초과),무해지/저해지환급,갱신형,비유니버셜,대면채널  TM,2026-02-02,"1. 가입나이 : 최초계약 기준 30세~80세 2. 보험기간 : 10년만기, 20년만기, 30년만기 ※최종 갱신계약의 보험기간 만료일은 피보험자의 100세 계약해당일 3. 납입기간 : 전기납 4. 보험료 및 보험가격지수 작성기준 : 최초계약, 40세, 20년만기, 전기납, 월납, 가입금액 3,000만원",15880058,,,,
주계약,재해사망보험금 (월납),특약,"무배당 간편고지뇌출혈진단특약(3.5.5)(해약환급금미지급형,갱신형)","피보험자가 보험기간 중 뇌출혈로 진단확정 되었을 때 (다만, 최초 1 회에 한하여 지급함)","3,000만원(단, 보험계약일로부터 1 년이 지난 보험계약해당일 전일 이전에 지급사유가 발생하였을 경우에는 상기금액의 50%를 지급)",3000만원 원,"3,630 원","2,610 원",2.25 %,갱신형,대면채널  TM,2026-02-02,"1. 가입나이 : 최초계약 기준 30세~80세 2. 보험기간 : 10년만기, 20년만기, 30년만기 ※최종 갱신계약의 보험기간 만료일은 피보험자의 100세 계약해당일 3. 납입기간 : 전기납 4. 보험료 및 보험가격지수 작성기준 : 최초계약, 40세, 20년만기, 전기납, 월납, 가입금액 3,000만원",15880058,file_25.xls,라이나생명,"(무)새로담는간편건강보험(3.5.5)(해약환급금미지급형,갱신형)",특약,"무배당 간편고지뇌출혈진단특약(3.5.5)(해약환급금미지급형,갱신형)","피보험자가 보험기간 중 뇌출혈로 진단확정 되었을 때 (다만, 최초 1 회에 한하여 지급함)","3,000만원(단, 보험계약일로부터 1 년이 지난 보험계약해당일 전일 이전에 지급사유가 발생하였을 경우에는 상기금액의 50%를 지급)",3000만원 원,3630  원,"2,610  원",2.25 %,-,-,91.3 %,94.6 %,-,-,-,-,보험기간(1년 초과),무해지/저해지환급,갱신형,비유니버셜,대면채널  TM,2026-02-02,"1. 가입나이 : 최초계약 기준 30세~80세 2. 보험기간 : 10년만기, 20년만기, 30년만기 ※최종 갱신계약의 보험기간 만료일은 피보험자의 100세 계약해당일 3. 납입기간 : 전기납 4. 보험료 및 보험가격지수 작성기준 : 최초계약, 40세, 20년만기, 전기납, 월납, 가입금액 3,000만원",15880058,,,,
주계약,재해사망보험금 (월납),특약,"무배당 간편고지뇌졸중진단특약(3.5.5)(해약환급금미지급형,갱신형)","피보험자가 보험기간 중 뇌졸중으로 진단확정 되었을 때 (다만, 최초 1 회에 한하여 지급함)","1,500만원(단, 보험계약일로부터 1 년이 지난 보험계약해당일 전일 이전에 지급사유가 발생하였을 경우에는 상기금액의 50%를 지급)",1500만원 원,"4,905 원","2,910 원",2.25 %,갱신형,대면채널  TM,2026-02-02,"1. 가입나이 : 최초계약 기준 30세~80세 2. 보험기간 : 10년만기, 20년만기, 30년만기 ※최종 갱신계약의 보험기간 만료일은 피보험자의 100세 계약해당일 3. 납입기간 : 전기납 4. 보험료 및 보험가격지수 작성기준 : 최초계약, 40세, 20년만기, 전기납, 월납, 가입금액 3,000만원",15880058,file_25.xls,라이나생명,"(무)새로담는간편건강보험(3.5.5)(해약환급금미지급형,갱신형)",특약,"무배당 간편고지뇌졸중진단특약(3.5.5)(해약환급금미지급형,갱신형)","피보험자가 보험기간 중 뇌졸중으로 진단확정 되었을 때 (다만, 최초 1 회에 한하여 지급함)","1,500만원(단, 보험계약일로부터 1 년이 지난 보험계약해당일 전일 이전에 지급사유가 발생하였을 경우에는 상기금액의 50%를 지급)",1500만원 원,4905  원,"2,910  원",2.25 %,-,-,91.3 %,94.6 %,-,-,-,-,보험기간(1년 초과),무해지/저해지환급,갱신형,비유니버셜,대면채널  TM,2026-02-02,"1. 가입나이 : 최초계약 기준 30세~80세 2. 보험기간 : 10년만기, 20년만기, 30년만기 ※최종 갱신계약의 보험기간 만료일은 피보험자의 100세 계약해당일 3. 납입기간 : 전기납 4. 보험료 및 보험가격지수 작성기준 : 최초계약, 40세, 20년만기, 전기납, 월납, 가입금액 3,000만원",15880058,,,,
주계약,재해사망보험금 (월납),주계약,재해사망보험금,피보험자가 보험기간 중 재해로 인하여 사망한 경우,"3,000만원","3,000만원 원",810 원,210 원,2.25 %,갱신형,대면채널  TM,2026-02-02,"1. 가입나이 : 최초계약 기준 30세~80세 2. 보험기간 : 10년만기, 20년만기, 30년만기 ※최종 갱신계약의 보험기간 만료일은 피보험자의 100세 계약해당일 3. 납입기간 : 전기납 4. 보험료 및 보험가격지수 작성기준 : 최초계약, 40세, 20년만기, 전기납, 월납, 가입금액 3,000만원",15880058,file_25.xls,라이나생명,"(무)새로담는간편건강보험(3.10.5)(해약환급금미지급형,갱신형)",주계약,재해사망보험금,피보험자가 보험기간 중 재해로 인하여 사망한 경우,"3,000만원","3,000만원 원",810  원,210  원,2.25 %,-,-,90.8 %,82.7 %,-,-,-,-,보험기간(1년 초과),무해지/저해지환급,갱신형,비유니버셜,대면채널  TM,2026-02-02,"1. 가입나이 : 최초계약 기준 30세~80세 2. 보험기간 : 10년만기, 20년만기, 30년만기 ※최종 갱신계약의 보험기간 만료일은 피보험자의 100세 계약해당일 3. 납입기간 : 전기납 4. 보험료 및 보험가격지수 작성기준 : 최초계약, 40세, 20년만기, 전기납, 월납, 가입금액 3,000만원",15880058,,,,
주계약,재해사망보험금 (월납),특약,"무배당 간편고지암진단특약(3.10.5)(해약환급금미지급형,갱신형)","피보험자가 보험기간 중 암보장개시일 이후에 “암”으로 진단확정 되었을 때 (단, 최초 1 회에 한하여 지급함)","3,000만원(단, 보험계약일로부터 1 년이 지난 보험계약해당일 전일 이전에 지급사유가 발생하였을 경우에는 상기금액의 50%를 지급)",3000만원 원,"18,000 원","24,000 원",2.25 %,갱신형,대면채널  TM,2026-02-02,"1. 가입나이 : 최초계약 기준 30세~80세 2. 보험기간 : 10년만기, 20년만기, 30년만기 ※최종 갱신계약의 보험기간 만료일은 피보험자의 100세 계약해당일 3. 납입기간 : 전기납 4. 보험료 및 보험가격지수 작성기준 : 최초계약, 40세, 20년만기, 전기납, 월납, 가입금액 3,000만원",15880058,file_25.xls,라이나생명,"(무)새로담는간편건강보험(3.10.5)(해약환급금미지급형,갱신형)",특약,"무배당 간편고지암진단특약(3.10.5)(해약환급금미지급형,갱신형)","피보험자가 보험기간 중 암보장개시일 이후에 “암”으로 진단확정 되었을 때 (단, 최초 1 회에 한하여 지급함)","3,000만원(단, 보험계약일로부터 1 년이 지난 보험계약해당일 전일 이전에 지급사유가 발생하였을 경우에는 상기금액의 50%를 지급)",3000만원 원,18000  원,"24,000  원",2.25 %,-,-,90.8 %,82.7 %,-,-,-,-,보험기간(1년 초과),무해지/저해지환급,갱신형,비유니버셜,대면채널  TM,2026-02-02,"1. 가입나이 : 최초계약 기준 30세~80세 2. 보험기간 : 10년만기, 20년만기, 30년만기 ※최종 갱신계약의 보험기간 만료일은 피보험자의 100세 계약해당일 3. 납입기간 : 전기납 4. 보험료 및 보험가격지수 작성기준 : 최초계약, 40세, 20년만기, 전기납, 월납, 가입금액 3,000만원",15880058,,,,
주계약,재해사망보험금 (월납),특약,"무배당 간편고지소액암진단특약(3.10.5)(해약환급금미지급형,갱신형)","피보험자가 보험기간 중 “갑상선암”, “기타피부암”, “제자리암(상피내암)” 또는 “경계성종양”으로 진단확정 되었을 때 (단, 각각 최초 1 회에 한하여 지급함)","600만원(단, 최초계약일로부터 1 년이내에 지급사유가 발생하였을 경우에는 상기금액의 50%를 지급)",600만원 원,996 원,"3,354 원",2.25 %,갱신형,대면채널  TM,2026-02-02,"1. 가입나이 : 최초계약 기준 30세~80세 2. 보험기간 : 10년만기, 20년만기, 30년만기 ※최종 갱신계약의 보험기간 만료일은 피보험자의 100세 계약해당일 3. 납입기간 : 전기납 4. 보험료 및 보험가격지수 작성기준 : 최초계약, 40세, 20년만기, 전기납, 월납, 가입금액 3,000만원",15880058,file_25.xls,라이나생명,"(무)새로담는간편건강보험(3.10.5)(해약환급금미지급형,갱신형)",특약,"무배당 간편고지소액암진단특약(3.10.5)(해약환급금미지급형,갱신형)","피보험자가 보험기간 중 “갑상선암”, “기타피부암”, “제자리암(상피내암)” 또는 “경계성종양”으로 진단확정 되었을 때 (단, 각각 최초 1 회에 한하여 지급함)","600만원(단, 최초계약일로부터 1 년이내에 지급사유가 발생하였을 경우에는 상기금액의 50%를 지급)",600만원 원,996  원,"3,354  원",2.25 %,-,-,90.8 %,82.7 %,-,-,-,-,보험기간(1년 초과),무해지/저해지환급,갱신형,비유니버셜,대면채널  TM,2026-02-02,"1. 가입나이 : 최초계약 기준 30세~80세 2. 보험기간 : 10년만기, 20년만기, 30년만기 ※최종 갱신계약의 보험기간 만료일은 피보험자의 100세 계약해당일 3. 납입기간 : 전기납 4. 보험료 및 보험가격지수 작성기준 : 최초계약, 40세, 20년만기, 전기납, 월납, 가입금액 3,000만원",15880058,,,,
주계약,재해사망보험금 (월납),특약,"무배당 간편고지뇌출혈진단특약(3.10.5)(해약환급금미지급형,갱신형)","피보험자가 보험기간 중 뇌출혈로 진단확정 되었을 때 (다만, 최초 1 회에 한하여 지급함)","3,000만원(단, 보험계약일로부터 1 년이 지난 보험계약해당일 전일 이전에 지급사유가 발생하였을 경우에는 상기금액의 50%를 지급)",3000만원 원,"3,420 원","2,400 원",2.25 %,갱신형,대면채널  TM,2026-02-02,"1. 가입나이 : 최초계약 기준 30세~80세 2. 보험기간 : 10년만기, 20년만기, 30년만기 ※최종 갱신계약의 보험기간 만료일은 피보험자의 100세 계약해당일 3. 납입기간 : 전기납 4. 보험료 및 보험가격지수 작성기준 : 최초계약, 40세, 20년만기, 전기납, 월납, 가입금액 3,000만원",15880058,file_25.xls,라이나생명,"(무)새로담는간편건강보험(3.10.5)(해약환급금미지급형,갱신형)",특약,"무배당 간편고지뇌출혈진단특약(3.10.5)(해약환급금미지급형,갱신형)","피보험자가 보험기간 중 뇌출혈로 진단확정 되었을 때 (다만, 최초 1 회에 한하여 지급함)","3,000만원(단, 보험계약일로부터 1 년이 지난 보험계약해당일 전일 이전에 지급사유가 발생하였을 경우에는 상기금액의 50%를 지급)",3000만원 원,3420  원,"2,400  원",2.25 %,-,-,90.8 %,82.7 %,-,-,-,-,보험기간(1년 초과),무해지/저해지환급,갱신형,비유니버셜,대면채널  TM,2026-02-02,"1. 가입나이 : 최초계약 기준 30세~80세 2. 보험기간 : 10년만기, 20년만기, 30년만기 ※최종 갱신계약의 보험기간 만료일은 피보험자의 100세 계약해당일 3. 납입기간 : 전기납 4. 보험료 및 보험가격지수 작성기준 : 최초계약, 40세, 20년만기, 전기납, 월납, 가입금액 3,000만원",15880058,,,,
주계약,재해사망보험금 (월납),특약,"무배당 간편고지뇌졸중진단특약(3.10.5)(해약환급금미지급형,갱신형)","피보험자가 보험기간 중 뇌졸중으로 진단확정 되었을 때 (다만, 최초 1 회에 한하여 지급함)","1,500만원(단, 보험계약일부터 1년이 지난 보험계약해당일 전일 이전에 지급사유가 발생하였을 경우에는 상기금액의 50%를 지급",1500만원 원,"4,635 원","2,685 원",2.25 %,갱신형,대면채널  TM,2026-02-02,"1. 가입나이 : 최초계약 기준 30세~80세 2. 보험기간 : 10년만기, 20년만기, 30년만기 ※최종 갱신계약의 보험기간 만료일은 피보험자의 100세 계약해당일 3. 납입기간 : 전기납 4. 보험료 및 보험가격지수 작성기준 : 최초계약, 40세, 20년만기, 전기납, 월납, 가입금액 3,000만원",15880058,file_25.xls,라이나생명,"(무)새로담는간편건강보험(3.10.5)(해약환급금미지급형,갱신형)",특약,"무배당 간편고지뇌졸중진단특약(3.10.5)(해약환급금미지급형,갱신형)","피보험자가 보험기간 중 뇌졸중으로 진단확정 되었을 때 (다만, 최초 1 회에 한하여 지급함)","1,500만원(단, 보험계약일부터 1년이 지난 보험계약해당일 전일 이전에 지급사유가 발생하였을 경우에는 상기금액의 50%를 지급",1500만원 원,4635  원,"2,685  원",2.25 %,-,-,90.8 %,82.7 %,-,-,-,-,보험기간(1년 초과),무해지/저해지환급,갱신형,비유니버셜,대면채널  TM,2026-02-02,"1. 가입나이 : 최초계약 기준 30세~80세 2. 보험기간 : 10년만기, 20년만기, 30년만기 ※최종 갱신계약의 보험기간 만료일은 피보험자의 100세 계약해당일 3. 납입기간 : 전기납 4. 보험료 및 보험가격지수 작성기준 : 최초계약, 40세, 20년만기, 전기납, 월납, 가입금액 3,000만원",15880058,,,,
주계약,재해사망보험금 (월납),주계약,재해사망보험금,피보험자가 보험기간 중 재해로 인하여 사망한 경우,"1,000만원","1,000만원 원",300 원,80 원,2.25 %,갱신형,TM,2026-01-01,"1. 가입나이 : 최초계약 기준 30세~80세 2. 보험기간 : 10년만기, 20년만기, 30년만기 ※최종 갱신계약의 보험기간 만료일은 피보험자의 100세 계약해당일 3. 납입기간 : 전기납 4. 보험료 및 보험가격지수 작성기준 : 최초계약, 40세, 20년만기, 전기납, 월납, 가입금액 1,000만원",15880058,file_25.xls,라이나생명,"(무)뉴스타트골라담는간편건강보험(해약환급금 미지급형,갱신형)",주계약,재해사망보험금,피보험자가 보험기간 중 재해로 인하여 사망한 경우,"1,000만원","1,000만원 원",300  원,80  원,2.25 %,-,-,91.3 %,94.6 %,-,-,-,-,보험기간(1년 초과),무해지/저해지환급,갱신형,비유니버셜,TM,2026-01-01,"1. 가입나이 : 최초계약 기준 30세~80세 2. 보험기간 : 10년만기, 20년만기, 30년만기 ※최종 갱신계약의 보험기간 만료일은 피보험자의 100세 계약해당일 3. 납입기간 : 전기납 4. 보험료 및 보험가격지수 작성기준 : 최초계약, 40세, 20년만기, 전기납, 월납, 가입금액 1,000만원",15880058,,,,
주계약,재해사망보험금 (월납),특약,"무배당뉴스타트간편고지뇌출혈진단특약(해약환급금미지급형,갱신형)","피보험자가 보험기간 중 뇌출혈로 진단확정 되었을 때 (다만, 최초 1회에 한하여 지급함)","3,000만원",3000만원 원,"3,450 원","2,430 원",2.25 %,갱신형,TM,2026-01-01,"1. 가입나이 : 최초계약 기준 30세~80세 2. 보험기간 : 10년만기, 20년만기, 30년만기 ※최종 갱신계약의 보험기간 만료일은 피보험자의 100세 계약해당일 3. 납입기간 : 전기납 4. 보험료 및 보험가격지수 작성기준 : 최초계약, 40세, 20년만기, 전기납, 월납, 가입금액 1,000만원",15880058,file_25.xls,라이나생명,"(무)뉴스타트골라담는간편건강보험(해약환급금 미지급형,갱신형)",특약,"무배당뉴스타트간편고지뇌출혈진단특약(해약환급금미지급형,갱신형)","피보험자가 보험기간 중 뇌출혈로 진단확정 되었을 때 (다만, 최초 1회에 한하여 지급함)","3,000만원",3000만원 원,3450  원,"2,430  원",2.25 %,-,-,91.3 %,94.6 %,-,-,-,-,보험기간(1년 초과),무해지/저해지환급,갱신형,비유니버셜,TM,2026-01-01,"1. 가입나이 : 최초계약 기준 30세~80세 2. 보험기간 : 10년만기, 20년만기, 30년만기 ※최종 갱신계약의 보험기간 만료일은 피보험자의 100세 계약해당일 3. 납입기간 : 전기납 4. 보험료 및 보험가격지수 작성기준 : 최초계약, 40세, 20년만기, 전기납, 월납, 가입금액 1,000만원",15880058,,,,
주계약,재해사망보험금 (월납),특약,"무배당뉴스타트간편고지급성심근경색증진단특약(해약환급금 미지급형,갱신형","피보험자가 보험기간 중 급성심근경색증으로 진단확정 되었을 때 (다만, 최초 1회에 한하여 지급함)","3,000만원",3000만원 원,"5,610 원","1,650 원",2.25 %,갱신형,TM,2026-01-01,"1. 가입나이 : 최초계약 기준 30세~80세 2. 보험기간 : 10년만기, 20년만기, 30년만기 ※최종 갱신계약의 보험기간 만료일은 피보험자의 100세 계약해당일 3. 납입기간 : 전기납 4. 보험료 및 보험가격지수 작성기준 : 최초계약, 40세, 20년만기, 전기납, 월납, 가입금액 1,000만원",15880058,file_25.xls,라이나생명,"(무)뉴스타트골라담는간편건강보험(해약환급금 미지급형,갱신형)",특약,"무배당뉴스타트간편고지급성심근경색증진단특약(해약환급금 미지급형,갱신형","피보험자가 보험기간 중 급성심근경색증으로 진단확정 되었을 때 (다만, 최초 1회에 한하여 지급함)","3,000만원",3000만원 원,5610  원,"1,650  원",2.25 %,-,-,91.3 %,94.6 %,-,-,-,-,보험기간(1년 초과),무해지/저해지환급,갱신형,비유니버셜,TM,2026-01-01,"1. 가입나이 : 최초계약 기준 30세~80세 2. 보험기간 : 10년만기, 20년만기, 30년만기 ※최종 갱신계약의 보험기간 만료일은 피보험자의 100세 계약해당일 3. 납입기간 : 전기납 4. 보험료 및 보험가격지수 작성기준 : 최초계약, 40세, 20년만기, 전기납, 월납, 가입금액 1,000만원",15880058,,,,
주계약,재해사망보험금 (월납),특약,"무배당뉴스타트간편고지심뇌혈관질환수술특약Ⅱ(해약환급금 미지급형,갱신형)",피보험자가 보험기간 중 “심뇌혈관 질환”으로 진단 확정되고 그 치료를 직접적인 목적으로 “관혈수술”을 받 았을 때 (수술1회당) ※이외 보장담보는 상품요약서 참조,1000만원,1000만원 원,"4,420 원","1,840 원",2.25 %,갱신형,TM,2026-01-01,"1. 가입나이 : 최초계약 기준 30세~80세 2. 보험기간 : 10년만기, 20년만기, 30년만기 ※최종 갱신계약의 보험기간 만료일은 피보험자의 100세 계약해당일 3. 납입기간 : 전기납 4. 보험료 및 보험가격지수 작성기준 : 최초계약, 40세, 20년만기, 전기납, 월납, 가입금액 1,000만원",15880058,file_25.xls,라이나생명,"(무)뉴스타트골라담는간편건강보험(해약환급금 미지급형,갱신형)",특약,"무배당뉴스타트간편고지심뇌혈관질환수술특약Ⅱ(해약환급금 미지급형,갱신형)",피보험자가 보험기간 중 “심뇌혈관 질환”으로 진단 확정되고 그 치료를 직접적인 목적으로 “관혈수술”을 받 았을 때 (수술1회당) ※이외 보장담보는 상품요약서 참조,1000만원,1000만원 원,4420  원,"1,840  원",2.25 %,-,-,91.3 %,94.6 %,-,-,-,-,보험기간(1년 초과),무해지/저해지환급,갱신형,비유니버셜,TM,2026-01-01,"1. 가입나이 : 최초계약 기준 30세~80세 2. 보험기간 : 10년만기, 20년만기, 30년만기 ※최종 갱신계약의 보험기간 만료일은 피보험자의 100세 계약해당일 3. 납입기간 : 전기납 4. 보험료 및 보험가격지수 작성기준 : 최초계약, 40세, 20년만기, 전기납, 월납, 가입금액 1,000만원",15880058,,,,
주계약,재해사망보험금 (월납),특약,"무배당뉴스타트간편고지특정심뇌혈관주요치료특약(해약환급금 미지급형,갱신형)","피보험자가 보험기간 중 뇌졸중의 치료를 직접적인 목적으로 “혈전용해치료”를 받았을 때 (단, 연간 1회를 한도로 함) ※이외 보장담보는 상품요약서 참조","3,000만원",3000만원 원,"5,730 원","2,010 원",2.25 %,갱신형,TM,2026-01-01,"1. 가입나이 : 최초계약 기준 30세~80세 2. 보험기간 : 10년만기, 20년만기, 30년만기 ※최종 갱신계약의 보험기간 만료일은 피보험자의 100세 계약해당일 3. 납입기간 : 전기납 4. 보험료 및 보험가격지수 작성기준 : 최초계약, 40세, 20년만기, 전기납, 월납, 가입금액 1,000만원",15880058,file_25.xls,라이나생명,"(무)뉴스타트골라담는간편건강보험(해약환급금 미지급형,갱신형)",특약,"무배당뉴스타트간편고지특정심뇌혈관주요치료특약(해약환급금 미지급형,갱신형)","피보험자가 보험기간 중 뇌졸중의 치료를 직접적인 목적으로 “혈전용해치료”를 받았을 때 (단, 연간 1회를 한도로 함) ※이외 보장담보는 상품요약서 참조","3,000만원",3000만원 원,5730  원,"2,010  원",2.25 %,-,-,91.3 %,94.6 %,-,-,-,-,보험기간(1년 초과),무해지/저해지환급,갱신형,비유니버셜,TM,2026-01-01,"1. 가입나이 : 최초계약 기준 30세~80세 2. 보험기간 : 10년만기, 20년만기, 30년만기 ※최종 갱신계약의 보험기간 만료일은 피보험자의 100세 계약해당일 3. 납입기간 : 전기납 4. 보험료 및 보험가격지수 작성기준 : 최초계약, 40세, 20년만기, 전기납, 월납, 가입금액 1,000만원",15880058,,,,
NH농협생명,ESG쏘옥NHe대중교통보험(무배당) (월납),주계약,대중교통재해 사망보험금,"피보험자가 보험기간 중‘대중교통 이용 중 교통사고’가 발생하고, 보험기간 중 그 ‘대중교통 이용 중 교통사고’를 직접적인 원인으로 사망한 경우","2,000만원","1,000만원","1,170 원",240 원,2.50 %,비갱신형,CM,2026-01-01,"""1. 가입나이 : 만19세 ~ 60세 2. 가입한도 : 1,000만원 단일 3. 보험기간 : 1년 4. 판매채널 : CM 5. 위 보험료 및 보험가격지수 예시는 주계약 , 40세, 1년만기, 연납, 주계약 가입금액 1,000만원기준입니다.""",1544-4000,file_25.xls,NH농협생명,ESG쏘옥NHe대중교통보험(무배당),주계약,대중교통재해 사망보험금,"피보험자가 보험기간 중‘대중교통 이용 중 교통사고’가 발생하고, 보험기간 중 그 ‘대중교통 이용 중 교통사고’를 직접적인 원인으로 사망한 경우","2,000만원","1,000만원",1170  원,240  원,2.50 %,-,-,224.4 %,223.6 %,-,-,-,-,보험기간(1년 이하),순수보장,비갱신형,비유니버셜,CM,2026-01-01,"""1. 가입나이 : 만19세 ~ 60세 2. 가입한도 : 1,000만원 단일 3. 보험기간 : 1년 4. 판매채널 : CM 5. 위 보험료 및 보험가격지수 예시는 주계약 , 40세, 1년만기, 연납, 주계약 가입금액 1,000만원기준입니다.""",1544-4000,,,,
NH농협생명,ESG쏘옥NHe대중교통보험(무배당) (월납),주계약,기타교통재해 사망보험금,"피보험자가 보험기간 중 ‘대중교통 이용 중 교통사고’를 제외한 교통재해가 발생하고, 보험기간 중 그 ‘대중교통 이용 중 교통사고’를 제외한 교통재해를 직접적인 원인으로 사망한 경우",500만원,"1,000만원","1,170 원",240 원,2.50 %,비갱신형,CM,2026-01-01,"""1. 가입나이 : 만19세 ~ 60세 2. 가입한도 : 1,000만원 단일 3. 보험기간 : 1년 4. 판매채널 : CM 5. 위 보험료 및 보험가격지수 예시는 주계약 , 40세, 1년만기, 연납, 주계약 가입금액 1,000만원기준입니다.""",1544-4000,file_25.xls,NH농협생명,ESG쏘옥NHe대중교통보험(무배당),주계약,기타교통재해 사망보험금,"피보험자가 보험기간 중 ‘대중교통 이용 중 교통사고’를 제외한 교통재해가 발생하고, 보험기간 중 그 ‘대중교통 이용 중 교통사고’를 제외한 교통재해를 직접적인 원인으로 사망한 경우",500만원,"1,000만원",1170  원,240  원,2.50 %,-,-,224.4 %,223.6 %,-,-,-,-,보험기간(1년 이하),순수보장,비갱신형,비유니버셜,CM,2026-01-01,"""1. 가입나이 : 만19세 ~ 60세 2. 가입한도 : 1,000만원 단일 3. 보험기간 : 1년 4. 판매채널 : CM 5. 위 보험료 및 보험가격지수 예시는 주계약 , 40세, 1년만기, 연납, 주계약 가입금액 1,000만원기준입니다.""",1544-4000,,,,
NH농협생명,심플한NH재해보험(무배당) (월납),주계약,재해사망보험금,피보험자가 보험기간 중 재해로 사망한 경우,"5,000만원","1,000만원","3,800 원","2,340 원",2.50 %,비갱신형,방카슈랑스,2025-08-04,"1. 가입나이 : 만15세 이상 ~ 80세 2. 가입한도 : 1,000만원 3. 보험기간 : 3년 4. 판매채널 : 방카슈랑스 5. 위 보험료 및 보험가격지수 예시는 주계약 가입금액 1,000만원, 가입연령 40세 기준, 3년 만기, 3년납, 월납 기준입니다.",1544-4000,file_25.xls,NH농협생명,심플한NH재해보험(무배당),주계약,재해사망보험금,피보험자가 보험기간 중 재해로 사망한 경우,"5,000만원","1,000만원",3800  원,"2,340  원",2.50 %,-,-,233.5 %,288.1 %,-,-,-,-,보험기간(1년 초과),순수보장,비갱신형,비유니버셜,방카슈랑스,2025-08-04,"1. 가입나이 : 만15세 이상 ~ 80세 2. 가입한도 : 1,000만원 3. 보험기간 : 3년 4. 판매채널 : 방카슈랑스 5. 위 보험료 및 보험가격지수 예시는 주계약 가입금액 1,000만원, 가입연령 40세 기준, 3년 만기, 3년납, 월납 기준입니다.",1544-4000,,,,
NH농협생명,심플한NH재해보험(무배당) (월납),주계약,재해장해연금,"피보험자가 이 계약의 보험기간 중 동일한 재해로 여러 신체부위의 장해지급률을 더하여 50%이상인 장해상태가 되었을때 (다만, 최초발생 1회에 한하여 지급) ※이외 보장담보는 상품요약서 참조",매년 500만원 X 10회,"1,000만원","3,800 원","2,340 원",2.50 %,비갱신형,방카슈랑스,2025-08-04,"1. 가입나이 : 만15세 이상 ~ 80세 2. 가입한도 : 1,000만원 3. 보험기간 : 3년 4. 판매채널 : 방카슈랑스 5. 위 보험료 및 보험가격지수 예시는 주계약 가입금액 1,000만원, 가입연령 40세 기준, 3년 만기, 3년납, 월납 기준입니다.",1544-4000,file_25.xls,NH농협생명,심플한NH재해보험(무배당),주계약,재해장해연금,"피보험자가 이 계약의 보험기간 중 동일한 재해로 여러 신체부위의 장해지급률을 더하여 50%이상인 장해상태가 되었을때 (다만, 최초발생 1회에 한하여 지급) ※이외 보장담보는 상품요약서 참조",매년 500만원 X 10회,"1,000만원",3800  원,"2,340  원",2.50 %,-,-,233.5 %,288.1 %,-,-,-,-,보험기간(1년 초과),순수보장,비갱신형,비유니버셜,방카슈랑스,2025-08-04,"1. 가입나이 : 만15세 이상 ~ 80세 2. 가입한도 : 1,000만원 3. 보험기간 : 3년 4. 판매채널 : 방카슈랑스 5. 위 보험료 및 보험가격지수 예시는 주계약 가입금액 1,000만원, 가입연령 40세 기준, 3년 만기, 3년납, 월납 기준입니다.",1544-4000,,,,
NH농협생명,심플한NH재해보험(무배당) (월납),주계약,응급실내원진료비(응급환자),피보험자가 이 계약의 보험기간 중 ‘응급실 내원 진료비 대상자(응급환자)’에 해당 되었을 때,3만원 (응급실내원 1회당),"1,000만원","3,800 원","2,340 원",2.50 %,비갱신형,방카슈랑스,2025-08-04,"1. 가입나이 : 만15세 이상 ~ 80세 2. 가입한도 : 1,000만원 3. 보험기간 : 3년 4. 판매채널 : 방카슈랑스 5. 위 보험료 및 보험가격지수 예시는 주계약 가입금액 1,000만원, 가입연령 40세 기준, 3년 만기, 3년납, 월납 기준입니다.",1544-4000,file_25.xls,NH농협생명,심플한NH재해보험(무배당),주계약,응급실내원진료비(응급환자),피보험자가 이 계약의 보험기간 중 ‘응급실 내원 진료비 대상자(응급환자)’에 해당 되었을 때,3만원 (응급실내원 1회당),"1,000만원",3800  원,"2,340  원",2.50 %,-,-,233.5 %,288.1 %,-,-,-,-,보험기간(1년 초과),순수보장,비갱신형,비유니버셜,방카슈랑스,2025-08-04,"1. 가입나이 : 만15세 이상 ~ 80세 2. 가입한도 : 1,000만원 3. 보험기간 : 3년 4. 판매채널 : 방카슈랑스 5. 위 보험료 및 보험가격지수 예시는 주계약 가입금액 1,000만원, 가입연령 40세 기준, 3년 만기, 3년납, 월납 기준입니다.",1544-4000,,,,
NH농협생명,NH모두안심재해보험(무배당) (월납),주계약,재해사망보험금,피보험자가 보험기간 중 재해로 사망한 경우,"3,000만원","3,000만원 원","1,530 원",684 원,2.50 %,비갱신형,방카슈랑스,2025-08-04,"1. 가입나이 : 만15세 이상 ~ 87세 2. 가입한도 : 10,000만원 (66세 이상은 최대 5,000만원) 3. 보험기간 : 3년 4. 판매채널 : 방카슈랑스(농·축협) 5. 위 보험료 및 보험가격지수 예시는 주계약 가입금액 3,000만원, 가입연령 40세 기준, 3년 만기, 3년납, 월납 기준입니다. 6. 위 특약보험료 예시는 가입금액 1,000만원, 가입연령 40세 기준, 3년 만기, 3년납, 월납 기준입니다. 7. 공시된 보험료와 상품요약서 상 보험료의 예시 기준이 다름에 따라 보험료가 다를 수 있습니다.",1544-4000,file_25.xls,NH농협생명,NH모두안심재해보험(무배당),주계약,재해사망보험금,피보험자가 보험기간 중 재해로 사망한 경우,"3,000만원","3,000만원 원",1530  원,684  원,2.50 %,-,-,319.5 %,481.2 %,-,-,-,-,보험기간(1년 초과),순수보장,비갱신형,비유니버셜,방카슈랑스,2025-08-04,"1. 가입나이 : 만15세 이상 ~ 87세 2. 가입한도 : 10,000만원 (66세 이상은 최대 5,000만원) 3. 보험기간 : 3년 4. 판매채널 : 방카슈랑스(농·축협) 5. 위 보험료 및 보험가격지수 예시는 주계약 가입금액 3,000만원, 가입연령 40세 기준, 3년 만기, 3년납, 월납 기준입니다. 6. 위 특약보험료 예시는 가입금액 1,000만원, 가입연령 40세 기준, 3년 만기, 3년납, 월납 기준입니다. 7. 공시된 보험료와 상품요약서 상 보험료의 예시 기준이 다름에 따라 보험료가 다를 수 있습니다.",1544-4000,,,,
NH농협생명,NH모두안심재해보험(무배당) (월납),특약,모두안심 재해장해연금특약(무배당),"피보험자가 이 특약의 보험기간 중 동일한 재해로 여러 신체부위의 장해지급률을 더하여 50%이상인 장해상태가 되었을때 (다만, 최초발생 1회에 한하여 지급) ※이외 보장담보는 상품요약서 참조",매년 500만원 X 10회,1000만원 원,462 원,216 원,2.50 %,비갱신형,방카슈랑스,2025-08-04,"1. 가입나이 : 만15세 이상 ~ 87세 2. 가입한도 : 10,000만원 (66세 이상은 최대 5,000만원) 3. 보험기간 : 3년 4. 판매채널 : 방카슈랑스(농·축협) 5. 위 보험료 및 보험가격지수 예시는 주계약 가입금액 3,000만원, 가입연령 40세 기준, 3년 만기, 3년납, 월납 기준입니다. 6. 위 특약보험료 예시는 가입금액 1,000만원, 가입연령 40세 기준, 3년 만기, 3년납, 월납 기준입니다. 7. 공시된 보험료와 상품요약서 상 보험료의 예시 기준이 다름에 따라 보험료가 다를 수 있습니다.",1544-4000,file_25.xls,NH농협생명,NH모두안심재해보험(무배당),특약,모두안심 재해장해연금특약(무배당),"피보험자가 이 특약의 보험기간 중 동일한 재해로 여러 신체부위의 장해지급률을 더하여 50%이상인 장해상태가 되었을때 (다만, 최초발생 1회에 한하여 지급) ※이외 보장담보는 상품요약서 참조",매년 500만원 X 10회,1000만원 원,462  원,216  원,2.50 %,-,-,319.5 %,481.2 %,-,-,-,-,보험기간(1년 초과),순수보장,비갱신형,비유니버셜,방카슈랑스,2025-08-04,"1. 가입나이 : 만15세 이상 ~ 87세 2. 가입한도 : 10,000만원 (66세 이상은 최대 5,000만원) 3. 보험기간 : 3년 4. 판매채널 : 방카슈랑스(농·축협) 5. 위 보험료 및 보험가격지수 예시는 주계약 가입금액 3,000만원, 가입연령 40세 기준, 3년 만기, 3년납, 월납 기준입니다. 6. 위 특약보험료 예시는 가입금액 1,000만원, 가입연령 40세 기준, 3년 만기, 3년납, 월납 기준입니다. 7. 공시된 보험료와 상품요약서 상 보험료의 예시 기준이 다름에 따라 보험료가 다를 수 있습니다.",1544-4000,,,,
NH농협생명,NH모두안심재해보험(무배당) (월납),특약,모두안심 응급실내원특약(무배당),피보험자가 이 특약의 보험기간 중 ‘응급실 내원 진료비 대상자(응급환자)’에 해당 되었을 때,3만원 (응급실내원 1회당),1000만원 원,460 원,450 원,2.50 %,비갱신형,방카슈랑스,2025-08-04,"1. 가입나이 : 만15세 이상 ~ 87세 2. 가입한도 : 10,000만원 (66세 이상은 최대 5,000만원) 3. 보험기간 : 3년 4. 판매채널 : 방카슈랑스(농·축협) 5. 위 보험료 및 보험가격지수 예시는 주계약 가입금액 3,000만원, 가입연령 40세 기준, 3년 만기, 3년납, 월납 기준입니다. 6. 위 특약보험료 예시는 가입금액 1,000만원, 가입연령 40세 기준, 3년 만기, 3년납, 월납 기준입니다. 7. 공시된 보험료와 상품요약서 상 보험료의 예시 기준이 다름에 따라 보험료가 다를 수 있습니다.",1544-4000,file_25.xls,NH농협생명,NH모두안심재해보험(무배당),특약,모두안심 응급실내원특약(무배당),피보험자가 이 특약의 보험기간 중 ‘응급실 내원 진료비 대상자(응급환자)’에 해당 되었을 때,3만원 (응급실내원 1회당),1000만원 원,460  원,450  원,2.50 %,-,-,319.5 %,481.2 %,-,-,-,-,보험기간(1년 초과),순수보장,비갱신형,비유니버셜,방카슈랑스,2025-08-04,"1. 가입나이 : 만15세 이상 ~ 87세 2. 가입한도 : 10,000만원 (66세 이상은 최대 5,000만원) 3. 보험기간 : 3년 4. 판매채널 : 방카슈랑스(농·축협) 5. 위 보험료 및 보험가격지수 예시는 주계약 가입금액 3,000만원, 가입연령 40세 기준, 3년 만기, 3년납, 월납 기준입니다. 6. 위 특약보험료 예시는 가입금액 1,000만원, 가입연령 40세 기준, 3년 만기, 3년납, 월납 기준입니다. 7. 공시된 보험료와 상품요약서 상 보험료의 예시 기준이 다름에 따라 보험료가 다를 수 있습니다.",1544-4000,,,,
NH농협생명,효밍아웃NH부모님안전보험(무배당)_2404 (월납),주계약,재해골절 치료급여금,피보험자가 보험기간 중 재해를 직접적인 원인으로 재해골절(치아파절 제외)이 발생하였을 때,20만원 (재해골절발생 1회당),"1,000만원","9,500 원","9,000 원",2.50 %,비갱신형,방카슈랑스,2025-06-09,"1. 가입나이 : 만19세 이상 2. 가입한도 : 1,000만원 3. 보험기간 : 1년 4. 판매채널 : 방카슈랑스 5. 위 보험료 및 보험가격지수 예시는 주계약 가입금액 1,000만원, 가입연령 40세 기준, 1년 만기, 1년납, 연납 기준입니다.",1544-4000,file_25.xls,NH농협생명,효밍아웃NH부모님안전보험(무배당)_2404,주계약,재해골절 치료급여금,피보험자가 보험기간 중 재해를 직접적인 원인으로 재해골절(치아파절 제외)이 발생하였을 때,20만원 (재해골절발생 1회당),"1,000만원",9500  원,"9,000  원",2.50 %,-,-,84.3 %,78.2 %,-,-,-,-,보험기간(1년 이하),순수보장,비갱신형,비유니버셜,방카슈랑스,2025-06-09,"1. 가입나이 : 만19세 이상 2. 가입한도 : 1,000만원 3. 보험기간 : 1년 4. 판매채널 : 방카슈랑스 5. 위 보험료 및 보험가격지수 예시는 주계약 가입금액 1,000만원, 가입연령 40세 기준, 1년 만기, 1년납, 연납 기준입니다.",1544-4000,,,,
NH농협생명,효밍아웃NH부모님안전보험(무배당)_2404 (월납),주계약,깁스치료급여금,피보험자가 보험기간 중 ‘깁스(Cast)’ 치료를 받았을 때,5만원 (깁스치료 1회당),"1,000만원","9,500 원","9,000 원",2.50 %,비갱신형,방카슈랑스,2025-06-09,"1. 가입나이 : 만19세 이상 2. 가입한도 : 1,000만원 3. 보험기간 : 1년 4. 판매채널 : 방카슈랑스 5. 위 보험료 및 보험가격지수 예시는 주계약 가입금액 1,000만원, 가입연령 40세 기준, 1년 만기, 1년납, 연납 기준입니다.",1544-4000,file_25.xls,NH농협생명,효밍아웃NH부모님안전보험(무배당)_2404,주계약,깁스치료급여금,피보험자가 보험기간 중 ‘깁스(Cast)’ 치료를 받았을 때,5만원 (깁스치료 1회당),"1,000만원",9500  원,"9,000  원",2.50 %,-,-,84.3 %,78.2 %,-,-,-,-,보험기간(1년 이하),순수보장,비갱신형,비유니버셜,방카슈랑스,2025-06-09,"1. 가입나이 : 만19세 이상 2. 가입한도 : 1,000만원 3. 보험기간 : 1년 4. 판매채널 : 방카슈랑스 5. 위 보험료 및 보험가격지수 예시는 주계약 가입금액 1,000만원, 가입연령 40세 기준, 1년 만기, 1년납, 연납 기준입니다.",1544-4000,,,,
NH농협생명,효밍아웃NH부모님안전보험(무배당)_2404 (월납),주계약,아나필락시스 쇼크진단보험금,피보험자가 보험기간 중 ‘아나필락시스쇼크’로 진단확정 되었을 때,200만원 (최초 1회한),"1,000만원","9,500 원","9,000 원",2.50 %,비갱신형,방카슈랑스,2025-06-09,"1. 가입나이 : 만19세 이상 2. 가입한도 : 1,000만원 3. 보험기간 : 1년 4. 판매채널 : 방카슈랑스 5. 위 보험료 및 보험가격지수 예시는 주계약 가입금액 1,000만원, 가입연령 40세 기준, 1년 만기, 1년납, 연납 기준입니다.",1544-4000,file_25.xls,NH농협생명,효밍아웃NH부모님안전보험(무배당)_2404,주계약,아나필락시스 쇼크진단보험금,피보험자가 보험기간 중 ‘아나필락시스쇼크’로 진단확정 되었을 때,200만원 (최초 1회한),"1,000만원",9500  원,"9,000  원",2.50 %,-,-,84.3 %,78.2 %,-,-,-,-,보험기간(1년 이하),순수보장,비갱신형,비유니버셜,방카슈랑스,2025-06-09,"1. 가입나이 : 만19세 이상 2. 가입한도 : 1,000만원 3. 보험기간 : 1년 4. 판매채널 : 방카슈랑스 5. 위 보험료 및 보험가격지수 예시는 주계약 가입금액 1,000만원, 가입연령 40세 기준, 1년 만기, 1년납, 연납 기준입니다.",1544-4000,,,,
NH농협생명,효밍아웃NH부모님안전보험(무배당)_2404 (월납),주계약,강력범죄·폭력사고 위로금,"피보험자가 보험기간 중 """"강력범죄·폭력사고""""를 직접적인 원인으로 피해자가 되어 """"전치 1개월(4주)을 초과하는 상해""""가 발생하였을 때 (동일사고에 의한 경우 1회에 한함)",300만원 (사고 1회당),"1,000만원","9,500 원","9,000 원",2.50 %,비갱신형,방카슈랑스,2025-06-09,"1. 가입나이 : 만19세 이상 2. 가입한도 : 1,000만원 3. 보험기간 : 1년 4. 판매채널 : 방카슈랑스 5. 위 보험료 및 보험가격지수 예시는 주계약 가입금액 1,000만원, 가입연령 40세 기준, 1년 만기, 1년납, 연납 기준입니다.",1544-4000,file_25.xls,NH농협생명,효밍아웃NH부모님안전보험(무배당)_2404,주계약,강력범죄·폭력사고 위로금,"피보험자가 보험기간 중 """"강력범죄·폭력사고""""를 직접적인 원인으로 피해자가 되어 """"전치 1개월(4주)을 초과하는 상해""""가 발생하였을 때 (동일사고에 의한 경우 1회에 한함)",300만원 (사고 1회당),"1,000만원",9500  원,"9,000  원",2.50 %,-,-,84.3 %,78.2 %,-,-,-,-,보험기간(1년 이하),순수보장,비갱신형,비유니버셜,방카슈랑스,2025-06-09,"1. 가입나이 : 만19세 이상 2. 가입한도 : 1,000만원 3. 보험기간 : 1년 4. 판매채널 : 방카슈랑스 5. 위 보험료 및 보험가격지수 예시는 주계약 가입금액 1,000만원, 가입연령 40세 기준, 1년 만기, 1년납, 연납 기준입니다.",1544-4000,,,,
NH농협생명,농작업근로자NH안전보험(무배당) (월납),주계약,유족급여금,피보험자가 보험기간 중에 농업작업안전재해 또는 농업작업안전질병으로 사망하였을 때,"1,000만원","1,000만원","30,300 원","30,300 원",2.25 %,비갱신형,방카슈랑스,2026-01-01,"1. 가입나이 : 만15세 ~ 87세 2. 가입한도 : 1,000만원 단일 3. 보험기간 : 1종(일반형)의 경우 1일~89일(일단위), 2종(외국인계절근로자(E-8)형)의 경우 3개월~8개월(월단위) 4. 판매채널 : 방카슈랑스(농·축협) 5. 위 보험료 예시는 주계약 1종(일반형), 기본형, 40세, 89일만기, 일시납, 주계약 가입금액 1,000만원기준입니다. 6. 위 보험가격지수 예시는 주계약 1종(일반형), 기본형, 40세, 1년만기, 일시납, 주계약 가입금액 1,000만원기준입니다.",1544-4000,file_25.xls,NH농협생명,농작업근로자NH안전보험(무배당),주계약,유족급여금,피보험자가 보험기간 중에 농업작업안전재해 또는 농업작업안전질병으로 사망하였을 때,"1,000만원","1,000만원",30300  원,"30,300  원",2.25 %,-,-,91.4 %,84.5 %,-,-,-,-,보험기간(1년 이하),순수보장,비갱신형,비유니버셜,방카슈랑스,2026-01-01,"1. 가입나이 : 만15세 ~ 87세 2. 가입한도 : 1,000만원 단일 3. 보험기간 : 1종(일반형)의 경우 1일~89일(일단위), 2종(외국인계절근로자(E-8)형)의 경우 3개월~8개월(월단위) 4. 판매채널 : 방카슈랑스(농·축협) 5. 위 보험료 예시는 주계약 1종(일반형), 기본형, 40세, 89일만기, 일시납, 주계약 가입금액 1,000만원기준입니다. 6. 위 보험가격지수 예시는 주계약 1종(일반형), 기본형, 40세, 1년만기, 일시납, 주계약 가입금액 1,000만원기준입니다.",1544-4000,,,,
NH농협생명,농작업근로자NH안전보험(무배당) (월납),주계약,장례비,피보험자가 보험기간 중에 농업작업안전재해 또는 농업작업안전질병으로 사망하였을 때,100만원,"1,000만원","30,300 원","30,300 원",2.25 %,비갱신형,방카슈랑스,2026-01-01,"1. 가입나이 : 만15세 ~ 87세 2. 가입한도 : 1,000만원 단일 3. 보험기간 : 1종(일반형)의 경우 1일~89일(일단위), 2종(외국인계절근로자(E-8)형)의 경우 3개월~8개월(월단위) 4. 판매채널 : 방카슈랑스(농·축협) 5. 위 보험료 예시는 주계약 1종(일반형), 기본형, 40세, 89일만기, 일시납, 주계약 가입금액 1,000만원기준입니다. 6. 위 보험가격지수 예시는 주계약 1종(일반형), 기본형, 40세, 1년만기, 일시납, 주계약 가입금액 1,000만원기준입니다.",1544-4000,file_25.xls,NH농협생명,농작업근로자NH안전보험(무배당),주계약,장례비,피보험자가 보험기간 중에 농업작업안전재해 또는 농업작업안전질병으로 사망하였을 때,100만원,"1,000만원",30300  원,"30,300  원",2.25 %,-,-,91.4 %,84.5 %,-,-,-,-,보험기간(1년 이하),순수보장,비갱신형,비유니버셜,방카슈랑스,2026-01-01,"1. 가입나이 : 만15세 ~ 87세 2. 가입한도 : 1,000만원 단일 3. 보험기간 : 1종(일반형)의 경우 1일~89일(일단위), 2종(외국인계절근로자(E-8)형)의 경우 3개월~8개월(월단위) 4. 판매채널 : 방카슈랑스(농·축협) 5. 위 보험료 예시는 주계약 1종(일반형), 기본형, 40세, 89일만기, 일시납, 주계약 가입금액 1,000만원기준입니다. 6. 위 보험가격지수 예시는 주계약 1종(일반형), 기본형, 40세, 1년만기, 일시납, 주계약 가입금액 1,000만원기준입니다.",1544-4000,,,,
NH농협생명,농작업근로자NH안전보험(무배당) (월납),주계약,고도장해급여금,피보험자가 보험기간 중에 동일한 농업작업안전재해 또는 동일한 농업작업안전질병으로 인하여 장해분류표 상의 여러 신체부위의 장해지급률을 더하여 80% 이상인 장해상태가 되었을 때(최초 1회 한),"1,000만원","1,000만원","30,300 원","30,300 원",2.25 %,비갱신형,방카슈랑스,2026-01-01,"1. 가입나이 : 만15세 ~ 87세 2. 가입한도 : 1,000만원 단일 3. 보험기간 : 1종(일반형)의 경우 1일~89일(일단위), 2종(외국인계절근로자(E-8)형)의 경우 3개월~8개월(월단위) 4. 판매채널 : 방카슈랑스(농·축협) 5. 위 보험료 예시는 주계약 1종(일반형), 기본형, 40세, 89일만기, 일시납, 주계약 가입금액 1,000만원기준입니다. 6. 위 보험가격지수 예시는 주계약 1종(일반형), 기본형, 40세, 1년만기, 일시납, 주계약 가입금액 1,000만원기준입니다.",1544-4000,file_25.xls,NH농협생명,농작업근로자NH안전보험(무배당),주계약,고도장해급여금,피보험자가 보험기간 중에 동일한 농업작업안전재해 또는 동일한 농업작업안전질병으로 인하여 장해분류표 상의 여러 신체부위의 장해지급률을 더하여 80% 이상인 장해상태가 되었을 때(최초 1회 한),"1,000만원","1,000만원",30300  원,"30,300  원",2.25 %,-,-,91.4 %,84.5 %,-,-,-,-,보험기간(1년 이하),순수보장,비갱신형,비유니버셜,방카슈랑스,2026-01-01,"1. 가입나이 : 만15세 ~ 87세 2. 가입한도 : 1,000만원 단일 3. 보험기간 : 1종(일반형)의 경우 1일~89일(일단위), 2종(외국인계절근로자(E-8)형)의 경우 3개월~8개월(월단위) 4. 판매채널 : 방카슈랑스(농·축협) 5. 위 보험료 예시는 주계약 1종(일반형), 기본형, 40세, 89일만기, 일시납, 주계약 가입금액 1,000만원기준입니다. 6. 위 보험가격지수 예시는 주계약 1종(일반형), 기본형, 40세, 1년만기, 일시납, 주계약 가입금액 1,000만원기준입니다.",1544-4000,,,,
NH농협생명,농작업근로자NH안전보험(무배당) (월납),주계약,재해장해급여금,피보험자가 보험기간 중에 농업작업안전재해로 인하여 장해분류표에서 정한 장해지급률 중 3%이상 80% 미만 장해상태가 되었을 때,"1,000만원 X 장해율","1,000만원","30,300 원","30,300 원",2.25 %,비갱신형,방카슈랑스,2026-01-01,"1. 가입나이 : 만15세 ~ 87세 2. 가입한도 : 1,000만원 단일 3. 보험기간 : 1종(일반형)의 경우 1일~89일(일단위), 2종(외국인계절근로자(E-8)형)의 경우 3개월~8개월(월단위) 4. 판매채널 : 방카슈랑스(농·축협) 5. 위 보험료 예시는 주계약 1종(일반형), 기본형, 40세, 89일만기, 일시납, 주계약 가입금액 1,000만원기준입니다. 6. 위 보험가격지수 예시는 주계약 1종(일반형), 기본형, 40세, 1년만기, 일시납, 주계약 가입금액 1,000만원기준입니다.",1544-4000,file_25.xls,NH농협생명,농작업근로자NH안전보험(무배당),주계약,재해장해급여금,피보험자가 보험기간 중에 농업작업안전재해로 인하여 장해분류표에서 정한 장해지급률 중 3%이상 80% 미만 장해상태가 되었을 때,"1,000만원 X 장해율","1,000만원",30300  원,"30,300  원",2.25 %,-,-,91.4 %,84.5 %,-,-,-,-,보험기간(1년 이하),순수보장,비갱신형,비유니버셜,방카슈랑스,2026-01-01,"1. 가입나이 : 만15세 ~ 87세 2. 가입한도 : 1,000만원 단일 3. 보험기간 : 1종(일반형)의 경우 1일~89일(일단위), 2종(외국인계절근로자(E-8)형)의 경우 3개월~8개월(월단위) 4. 판매채널 : 방카슈랑스(농·축협) 5. 위 보험료 예시는 주계약 1종(일반형), 기본형, 40세, 89일만기, 일시납, 주계약 가입금액 1,000만원기준입니다. 6. 위 보험가격지수 예시는 주계약 1종(일반형), 기본형, 40세, 1년만기, 일시납, 주계약 가입금액 1,000만원기준입니다.",1544-4000,,,,
NH농협생명,농작업근로자NH안전보험(무배당) (월납),주계약,간병급여금,피보험자가 보험기간 중에 동일한 농업작업안전재해로 인하여 장해분류표 상의 여러 신체부위의 장해지급률을 더하여 50% 이상인 장해상태가 되었을 때 또는 동일한 농업작업안전질병으로 인하여 장해분류표 상의 여러 신체부위의 장해지급률을 더하여 80% 이상인 장해상태가 되었을 때(각각 최초 1회 한),500만원,"1,000만원","30,300 원","30,300 원",2.25 %,비갱신형,방카슈랑스,2026-01-01,"1. 가입나이 : 만15세 ~ 87세 2. 가입한도 : 1,000만원 단일 3. 보험기간 : 1종(일반형)의 경우 1일~89일(일단위), 2종(외국인계절근로자(E-8)형)의 경우 3개월~8개월(월단위) 4. 판매채널 : 방카슈랑스(농·축협) 5. 위 보험료 예시는 주계약 1종(일반형), 기본형, 40세, 89일만기, 일시납, 주계약 가입금액 1,000만원기준입니다. 6. 위 보험가격지수 예시는 주계약 1종(일반형), 기본형, 40세, 1년만기, 일시납, 주계약 가입금액 1,000만원기준입니다.",1544-4000,file_25.xls,NH농협생명,농작업근로자NH안전보험(무배당),주계약,간병급여금,피보험자가 보험기간 중에 동일한 농업작업안전재해로 인하여 장해분류표 상의 여러 신체부위의 장해지급률을 더하여 50% 이상인 장해상태가 되었을 때 또는 동일한 농업작업안전질병으로 인하여 장해분류표 상의 여러 신체부위의 장해지급률을 더하여 80% 이상인 장해상태가 되었을 때(각각 최초 1회 한),500만원,"1,000만원",30300  원,"30,300  원",2.25 %,-,-,91.4 %,84.5 %,-,-,-,-,보험기간(1년 이하),순수보장,비갱신형,비유니버셜,방카슈랑스,2026-01-01,"1. 가입나이 : 만15세 ~ 87세 2. 가입한도 : 1,000만원 단일 3. 보험기간 : 1종(일반형)의 경우 1일~89일(일단위), 2종(외국인계절근로자(E-8)형)의 경우 3개월~8개월(월단위) 4. 판매채널 : 방카슈랑스(농·축협) 5. 위 보험료 예시는 주계약 1종(일반형), 기본형, 40세, 89일만기, 일시납, 주계약 가입금액 1,000만원기준입니다. 6. 위 보험가격지수 예시는 주계약 1종(일반형), 기본형, 40세, 1년만기, 일시납, 주계약 가입금액 1,000만원기준입니다.",1544-4000,,,,
NH농협생명,농작업근로자NH안전보험(무배당) (월납),주계약,휴업(입원)급여금,피보험자가 보험기간 중에 농업작업안전재해 또는 농업작업안전질병으로 인하여 그 치료를 직접목적으로 4일 이상 계속하여 입원하였을 때(1회 입원당 120일 한도),2만원(3일 초과 입원 1일당),"1,000만원","30,300 원","30,300 원",2.25 %,비갱신형,방카슈랑스,2026-01-01,"1. 가입나이 : 만15세 ~ 87세 2. 가입한도 : 1,000만원 단일 3. 보험기간 : 1종(일반형)의 경우 1일~89일(일단위), 2종(외국인계절근로자(E-8)형)의 경우 3개월~8개월(월단위) 4. 판매채널 : 방카슈랑스(농·축협) 5. 위 보험료 예시는 주계약 1종(일반형), 기본형, 40세, 89일만기, 일시납, 주계약 가입금액 1,000만원기준입니다. 6. 위 보험가격지수 예시는 주계약 1종(일반형), 기본형, 40세, 1년만기, 일시납, 주계약 가입금액 1,000만원기준입니다.",1544-4000,file_25.xls,NH농협생명,농작업근로자NH안전보험(무배당),주계약,휴업(입원)급여금,피보험자가 보험기간 중에 농업작업안전재해 또는 농업작업안전질병으로 인하여 그 치료를 직접목적으로 4일 이상 계속하여 입원하였을 때(1회 입원당 120일 한도),2만원(3일 초과 입원 1일당),"1,000만원",30300  원,"30,300  원",2.25 %,-,-,91.4 %,84.5 %,-,-,-,-,보험기간(1년 이하),순수보장,비갱신형,비유니버셜,방카슈랑스,2026-01-01,"1. 가입나이 : 만15세 ~ 87세 2. 가입한도 : 1,000만원 단일 3. 보험기간 : 1종(일반형)의 경우 1일~89일(일단위), 2종(외국인계절근로자(E-8)형)의 경우 3개월~8개월(월단위) 4. 판매채널 : 방카슈랑스(농·축협) 5. 위 보험료 예시는 주계약 1종(일반형), 기본형, 40세, 89일만기, 일시납, 주계약 가입금액 1,000만원기준입니다. 6. 위 보험가격지수 예시는 주계약 1종(일반형), 기본형, 40세, 1년만기, 일시납, 주계약 가입금액 1,000만원기준입니다.",1544-4000,,,,
NH농협생명,농작업근로자NH안전보험(무배당) (월납),주계약,재활급여금(고도장해),피보험자가 보험기간 중에 동일한 농업작업안전재해 또는 동일한 농업작업안전질병으로 인하여 장해분류표 상의 여러 신체부위의 장해지급률을 더하여 80% 이상인 장해상태가 되었을 때(최초 1회 한),500만원,"1,000만원","30,300 원","30,300 원",2.25 %,비갱신형,방카슈랑스,2026-01-01,"1. 가입나이 : 만15세 ~ 87세 2. 가입한도 : 1,000만원 단일 3. 보험기간 : 1종(일반형)의 경우 1일~89일(일단위), 2종(외국인계절근로자(E-8)형)의 경우 3개월~8개월(월단위) 4. 판매채널 : 방카슈랑스(농·축협) 5. 위 보험료 예시는 주계약 1종(일반형), 기본형, 40세, 89일만기, 일시납, 주계약 가입금액 1,000만원기준입니다. 6. 위 보험가격지수 예시는 주계약 1종(일반형), 기본형, 40세, 1년만기, 일시납, 주계약 가입금액 1,000만원기준입니다.",1544-4000,file_25.xls,NH농협생명,농작업근로자NH안전보험(무배당),주계약,재활급여금(고도장해),피보험자가 보험기간 중에 동일한 농업작업안전재해 또는 동일한 농업작업안전질병으로 인하여 장해분류표 상의 여러 신체부위의 장해지급률을 더하여 80% 이상인 장해상태가 되었을 때(최초 1회 한),500만원,"1,000만원",30300  원,"30,300  원",2.25 %,-,-,91.4 %,84.5 %,-,-,-,-,보험기간(1년 이하),순수보장,비갱신형,비유니버셜,방카슈랑스,2026-01-01,"1. 가입나이 : 만15세 ~ 87세 2. 가입한도 : 1,000만원 단일 3. 보험기간 : 1종(일반형)의 경우 1일~89일(일단위), 2종(외국인계절근로자(E-8)형)의 경우 3개월~8개월(월단위) 4. 판매채널 : 방카슈랑스(농·축협) 5. 위 보험료 예시는 주계약 1종(일반형), 기본형, 40세, 89일만기, 일시납, 주계약 가입금액 1,000만원기준입니다. 6. 위 보험가격지수 예시는 주계약 1종(일반형), 기본형, 40세, 1년만기, 일시납, 주계약 가입금액 1,000만원기준입니다.",1544-4000,,,,
NH농협생명,농작업근로자NH안전보험(무배당) (월납),주계약,재활급여금(재해장해),피보험자가 보험기간 중에 농업작업안전재해로 인하여 장해분류표에서 정한 장해지급률 중 3%이상 80% 미만 장해상태가 되었을 때,500만원 X 장해율,"1,000만원","30,300 원","30,300 원",2.25 %,비갱신형,방카슈랑스,2026-01-01,"1. 가입나이 : 만15세 ~ 87세 2. 가입한도 : 1,000만원 단일 3. 보험기간 : 1종(일반형)의 경우 1일~89일(일단위), 2종(외국인계절근로자(E-8)형)의 경우 3개월~8개월(월단위) 4. 판매채널 : 방카슈랑스(농·축협) 5. 위 보험료 예시는 주계약 1종(일반형), 기본형, 40세, 89일만기, 일시납, 주계약 가입금액 1,000만원기준입니다. 6. 위 보험가격지수 예시는 주계약 1종(일반형), 기본형, 40세, 1년만기, 일시납, 주계약 가입금액 1,000만원기준입니다.",1544-4000,file_25.xls,NH농협생명,농작업근로자NH안전보험(무배당),주계약,재활급여금(재해장해),피보험자가 보험기간 중에 농업작업안전재해로 인하여 장해분류표에서 정한 장해지급률 중 3%이상 80% 미만 장해상태가 되었을 때,500만원 X 장해율,"1,000만원",30300  원,"30,300  원",2.25 %,-,-,91.4 %,84.5 %,-,-,-,-,보험기간(1년 이하),순수보장,비갱신형,비유니버셜,방카슈랑스,2026-01-01,"1. 가입나이 : 만15세 ~ 87세 2. 가입한도 : 1,000만원 단일 3. 보험기간 : 1종(일반형)의 경우 1일~89일(일단위), 2종(외국인계절근로자(E-8)형)의 경우 3개월~8개월(월단위) 4. 판매채널 : 방카슈랑스(농·축협) 5. 위 보험료 예시는 주계약 1종(일반형), 기본형, 40세, 89일만기, 일시납, 주계약 가입금액 1,000만원기준입니다. 6. 위 보험가격지수 예시는 주계약 1종(일반형), 기본형, 40세, 1년만기, 일시납, 주계약 가입금액 1,000만원기준입니다.",1544-4000,,,,
NH농협생명,농작업근로자NH안전보험(무배당) (월납),주계약,특정감염병진단급여금,피보험자가 보험기간 중에 특정감염병으로 진단 확정되었을 때,30만원(진단1회당),"1,000만원","30,300 원","30,300 원",2.25 %,비갱신형,방카슈랑스,2026-01-01,"1. 가입나이 : 만15세 ~ 87세 2. 가입한도 : 1,000만원 단일 3. 보험기간 : 1종(일반형)의 경우 1일~89일(일단위), 2종(외국인계절근로자(E-8)형)의 경우 3개월~8개월(월단위) 4. 판매채널 : 방카슈랑스(농·축협) 5. 위 보험료 예시는 주계약 1종(일반형), 기본형, 40세, 89일만기, 일시납, 주계약 가입금액 1,000만원기준입니다. 6. 위 보험가격지수 예시는 주계약 1종(일반형), 기본형, 40세, 1년만기, 일시납, 주계약 가입금액 1,000만원기준입니다.",1544-4000,file_25.xls,NH농협생명,농작업근로자NH안전보험(무배당),주계약,특정감염병진단급여금,피보험자가 보험기간 중에 특정감염병으로 진단 확정되었을 때,30만원(진단1회당),"1,000만원",30300  원,"30,300  원",2.25 %,-,-,91.4 %,84.5 %,-,-,-,-,보험기간(1년 이하),순수보장,비갱신형,비유니버셜,방카슈랑스,2026-01-01,"1. 가입나이 : 만15세 ~ 87세 2. 가입한도 : 1,000만원 단일 3. 보험기간 : 1종(일반형)의 경우 1일~89일(일단위), 2종(외국인계절근로자(E-8)형)의 경우 3개월~8개월(월단위) 4. 판매채널 : 방카슈랑스(농·축협) 5. 위 보험료 예시는 주계약 1종(일반형), 기본형, 40세, 89일만기, 일시납, 주계약 가입금액 1,000만원기준입니다. 6. 위 보험가격지수 예시는 주계약 1종(일반형), 기본형, 40세, 1년만기, 일시납, 주계약 가입금액 1,000만원기준입니다.",1544-4000,,,,
NH농협생명,농작업근로자NH안전보험(무배당) (월납),주계약,특정질병수술급여금,피보험자가 보험기간 중에 특정질병으로 수술을 받았을 때,30만원(수술1회당),"1,000만원","30,300 원","30,300 원",2.25 %,비갱신형,방카슈랑스,2026-01-01,"1. 가입나이 : 만15세 ~ 87세 2. 가입한도 : 1,000만원 단일 3. 보험기간 : 1종(일반형)의 경우 1일~89일(일단위), 2종(외국인계절근로자(E-8)형)의 경우 3개월~8개월(월단위) 4. 판매채널 : 방카슈랑스(농·축협) 5. 위 보험료 예시는 주계약 1종(일반형), 기본형, 40세, 89일만기, 일시납, 주계약 가입금액 1,000만원기준입니다. 6. 위 보험가격지수 예시는 주계약 1종(일반형), 기본형, 40세, 1년만기, 일시납, 주계약 가입금액 1,000만원기준입니다.",1544-4000,file_25.xls,NH농협생명,농작업근로자NH안전보험(무배당),주계약,특정질병수술급여금,피보험자가 보험기간 중에 특정질병으로 수술을 받았을 때,30만원(수술1회당),"1,000만원",30300  원,"30,300  원",2.25 %,-,-,91.4 %,84.5 %,-,-,-,-,보험기간(1년 이하),순수보장,비갱신형,비유니버셜,방카슈랑스,2026-01-01,"1. 가입나이 : 만15세 ~ 87세 2. 가입한도 : 1,000만원 단일 3. 보험기간 : 1종(일반형)의 경우 1일~89일(일단위), 2종(외국인계절근로자(E-8)형)의 경우 3개월~8개월(월단위) 4. 판매채널 : 방카슈랑스(농·축협) 5. 위 보험료 예시는 주계약 1종(일반형), 기본형, 40세, 89일만기, 일시납, 주계약 가입금액 1,000만원기준입니다. 6. 위 보험가격지수 예시는 주계약 1종(일반형), 기본형, 40세, 1년만기, 일시납, 주계약 가입금액 1,000만원기준입니다.",1544-4000,,,,
NH농협생명,농작업근로자NH안전보험(무배당) (월납),주계약,상해·질병치료급여금,피보험자가 보험기간 중에 농업작업안전재해 또는 농업작업안전질병으로 치료를 받았을 때,"- 입원 5,000만원 한도 - 통원 20만원, 처방 10만원 한도 - 도수치료 350만원, 주사료 250만원, MRI 300만원 한도","1,000만원","30,300 원","30,300 원",2.25 %,비갱신형,방카슈랑스,2026-01-01,"1. 가입나이 : 만15세 ~ 87세 2. 가입한도 : 1,000만원 단일 3. 보험기간 : 1종(일반형)의 경우 1일~89일(일단위), 2종(외국인계절근로자(E-8)형)의 경우 3개월~8개월(월단위) 4. 판매채널 : 방카슈랑스(농·축협) 5. 위 보험료 예시는 주계약 1종(일반형), 기본형, 40세, 89일만기, 일시납, 주계약 가입금액 1,000만원기준입니다. 6. 위 보험가격지수 예시는 주계약 1종(일반형), 기본형, 40세, 1년만기, 일시납, 주계약 가입금액 1,000만원기준입니다.",1544-4000,file_25.xls,NH농협생명,농작업근로자NH안전보험(무배당),주계약,상해·질병치료급여금,피보험자가 보험기간 중에 농업작업안전재해 또는 농업작업안전질병으로 치료를 받았을 때,"- 입원 5,000만원 한도 - 통원 20만원, 처방 10만원 한도 - 도수치료 350만원, 주사료 250만원, MRI 300만원 한도","1,000만원",30300  원,"30,300  원",2.25 %,-,-,91.4 %,84.5 %,-,-,-,-,보험기간(1년 이하),순수보장,비갱신형,비유니버셜,방카슈랑스,2026-01-01,"1. 가입나이 : 만15세 ~ 87세 2. 가입한도 : 1,000만원 단일 3. 보험기간 : 1종(일반형)의 경우 1일~89일(일단위), 2종(외국인계절근로자(E-8)형)의 경우 3개월~8개월(월단위) 4. 판매채널 : 방카슈랑스(농·축협) 5. 위 보험료 예시는 주계약 1종(일반형), 기본형, 40세, 89일만기, 일시납, 주계약 가입금액 1,000만원기준입니다. 6. 위 보험가격지수 예시는 주계약 1종(일반형), 기본형, 40세, 1년만기, 일시납, 주계약 가입금액 1,000만원기준입니다.",1544-4000,,,,
NH농협생명,온라인농업인NH안전보험(무배당) (월납),주계약,유족급여금,피보험자가 보험기간 중에 농업작업안전재해 또는 농업작업안전질병으로 사망하였을 때,"6,000만원","1,000만원","97,300 원","97,300 원",2.25 %,비갱신형,CM,2026-01-01,"1. 가입나이 : 만19세 ~ 87세 2. 가입한도 : 1,000만원 단일 3. 보험기간 : 1년만기 4. 판매채널 : CM 5. 위 보험료 및 보험가격지수 예시는 주계약 기본형 일반형, 40세, 1년만기, 연납, 주계약 가입금액 1,000만원기준입니다. 6. 온라인농업인NH안전보험은 일반1형 및 산재형만 가입가능하며, 특약은 부가할 수 없습니다.",1544-4000,file_25.xls,NH농협생명,온라인농업인NH안전보험(무배당),주계약,유족급여금,피보험자가 보험기간 중에 농업작업안전재해 또는 농업작업안전질병으로 사망하였을 때,"6,000만원","1,000만원",97300  원,"97,300  원",2.25 %,-,-,75.3 %,69.6 %,-,-,-,-,보험기간(1년 이하),순수보장,비갱신형,비유니버셜,CM,2026-01-01,"1. 가입나이 : 만19세 ~ 87세 2. 가입한도 : 1,000만원 단일 3. 보험기간 : 1년만기 4. 판매채널 : CM 5. 위 보험료 및 보험가격지수 예시는 주계약 기본형 일반형, 40세, 1년만기, 연납, 주계약 가입금액 1,000만원기준입니다. 6. 온라인농업인NH안전보험은 일반1형 및 산재형만 가입가능하며, 특약은 부가할 수 없습니다.",1544-4000,,,,
NH농협생명,온라인농업인NH안전보험(무배당) (월납),주계약,장례비,피보험자가 보험기간 중에 농업작업안전재해 또는 농업작업안전질병으로 사망하였을 때,100만원,"1,000만원","97,300 원","97,300 원",2.25 %,비갱신형,CM,2026-01-01,"1. 가입나이 : 만19세 ~ 87세 2. 가입한도 : 1,000만원 단일 3. 보험기간 : 1년만기 4. 판매채널 : CM 5. 위 보험료 및 보험가격지수 예시는 주계약 기본형 일반형, 40세, 1년만기, 연납, 주계약 가입금액 1,000만원기준입니다. 6. 온라인농업인NH안전보험은 일반1형 및 산재형만 가입가능하며, 특약은 부가할 수 없습니다.",1544-4000,file_25.xls,NH농협생명,온라인농업인NH안전보험(무배당),주계약,장례비,피보험자가 보험기간 중에 농업작업안전재해 또는 농업작업안전질병으로 사망하였을 때,100만원,"1,000만원",97300  원,"97,300  원",2.25 %,-,-,75.3 %,69.6 %,-,-,-,-,보험기간(1년 이하),순수보장,비갱신형,비유니버셜,CM,2026-01-01,"1. 가입나이 : 만19세 ~ 87세 2. 가입한도 : 1,000만원 단일 3. 보험기간 : 1년만기 4. 판매채널 : CM 5. 위 보험료 및 보험가격지수 예시는 주계약 기본형 일반형, 40세, 1년만기, 연납, 주계약 가입금액 1,000만원기준입니다. 6. 온라인농업인NH안전보험은 일반1형 및 산재형만 가입가능하며, 특약은 부가할 수 없습니다.",1544-4000,,,,
NH농협생명,온라인농업인NH안전보험(무배당) (월납),주계약,고도장해급여금,피보험자가 보험기간 중에 동일한 농업작업안전재해 또는 동일한 농업작업안전질병으로 인하여 장해분류표 상의 여러 신체부위의 장해지급률을 더하여 80% 이상인 장해상태가 되었을 때(최초 1회 한),"5,000만원","1,000만원","97,300 원","97,300 원",2.25 %,비갱신형,CM,2026-01-01,"1. 가입나이 : 만19세 ~ 87세 2. 가입한도 : 1,000만원 단일 3. 보험기간 : 1년만기 4. 판매채널 : CM 5. 위 보험료 및 보험가격지수 예시는 주계약 기본형 일반형, 40세, 1년만기, 연납, 주계약 가입금액 1,000만원기준입니다. 6. 온라인농업인NH안전보험은 일반1형 및 산재형만 가입가능하며, 특약은 부가할 수 없습니다.",1544-4000,file_25.xls,NH농협생명,온라인농업인NH안전보험(무배당),주계약,고도장해급여금,피보험자가 보험기간 중에 동일한 농업작업안전재해 또는 동일한 농업작업안전질병으로 인하여 장해분류표 상의 여러 신체부위의 장해지급률을 더하여 80% 이상인 장해상태가 되었을 때(최초 1회 한),"5,000만원","1,000만원",97300  원,"97,300  원",2.25 %,-,-,75.3 %,69.6 %,-,-,-,-,보험기간(1년 이하),순수보장,비갱신형,비유니버셜,CM,2026-01-01,"1. 가입나이 : 만19세 ~ 87세 2. 가입한도 : 1,000만원 단일 3. 보험기간 : 1년만기 4. 판매채널 : CM 5. 위 보험료 및 보험가격지수 예시는 주계약 기본형 일반형, 40세, 1년만기, 연납, 주계약 가입금액 1,000만원기준입니다. 6. 온라인농업인NH안전보험은 일반1형 및 산재형만 가입가능하며, 특약은 부가할 수 없습니다.",1544-4000,,,,
NH농협생명,온라인농업인NH안전보험(무배당) (월납),주계약,재해장해급여금,피보험자가 보험기간 중에 농업작업안전재해로 인하여 장해분류표에서 정한 장해지급률 중 3%이상 80% 미만 장해상태가 되었을 때,"5,000만원 X 장해율","1,000만원","97,300 원","97,300 원",2.25 %,비갱신형,CM,2026-01-01,"1. 가입나이 : 만19세 ~ 87세 2. 가입한도 : 1,000만원 단일 3. 보험기간 : 1년만기 4. 판매채널 : CM 5. 위 보험료 및 보험가격지수 예시는 주계약 기본형 일반형, 40세, 1년만기, 연납, 주계약 가입금액 1,000만원기준입니다. 6. 온라인농업인NH안전보험은 일반1형 및 산재형만 가입가능하며, 특약은 부가할 수 없습니다.",1544-4000,file_25.xls,NH농협생명,온라인농업인NH안전보험(무배당),주계약,재해장해급여금,피보험자가 보험기간 중에 농업작업안전재해로 인하여 장해분류표에서 정한 장해지급률 중 3%이상 80% 미만 장해상태가 되었을 때,"5,000만원 X 장해율","1,000만원",97300  원,"97,300  원",2.25 %,-,-,75.3 %,69.6 %,-,-,-,-,보험기간(1년 이하),순수보장,비갱신형,비유니버셜,CM,2026-01-01,"1. 가입나이 : 만19세 ~ 87세 2. 가입한도 : 1,000만원 단일 3. 보험기간 : 1년만기 4. 판매채널 : CM 5. 위 보험료 및 보험가격지수 예시는 주계약 기본형 일반형, 40세, 1년만기, 연납, 주계약 가입금액 1,000만원기준입니다. 6. 온라인농업인NH안전보험은 일반1형 및 산재형만 가입가능하며, 특약은 부가할 수 없습니다.",1544-4000,,,,
NH농협생명,온라인농업인NH안전보험(무배당) (월납),주계약,간병급여금,피보험자가 보험기간 중에 동일한 농업작업안전재해로 인하여 장해분류표 상의 여러 신체부위의 장해지급률을 더하여 50% 이상인 장해상태가 되었을 때 또는 동일한 농업작업안전질병으로 인하여 장해분류표 상의 여러 신체부위의 장해지급률을 더하여 80% 이상인 장해상태가 되었을 때(각각 최초 1회 한),500만원,"1,000만원","97,300 원","97,300 원",2.25 %,비갱신형,CM,2026-01-01,"1. 가입나이 : 만19세 ~ 87세 2. 가입한도 : 1,000만원 단일 3. 보험기간 : 1년만기 4. 판매채널 : CM 5. 위 보험료 및 보험가격지수 예시는 주계약 기본형 일반형, 40세, 1년만기, 연납, 주계약 가입금액 1,000만원기준입니다. 6. 온라인농업인NH안전보험은 일반1형 및 산재형만 가입가능하며, 특약은 부가할 수 없습니다.",1544-4000,file_25.xls,NH농협생명,온라인농업인NH안전보험(무배당),주계약,간병급여금,피보험자가 보험기간 중에 동일한 농업작업안전재해로 인하여 장해분류표 상의 여러 신체부위의 장해지급률을 더하여 50% 이상인 장해상태가 되었을 때 또는 동일한 농업작업안전질병으로 인하여 장해분류표 상의 여러 신체부위의 장해지급률을 더하여 80% 이상인 장해상태가 되었을 때(각각 최초 1회 한),500만원,"1,000만원",97300  원,"97,300  원",2.25 %,-,-,75.3 %,69.6 %,-,-,-,-,보험기간(1년 이하),순수보장,비갱신형,비유니버셜,CM,2026-01-01,"1. 가입나이 : 만19세 ~ 87세 2. 가입한도 : 1,000만원 단일 3. 보험기간 : 1년만기 4. 판매채널 : CM 5. 위 보험료 및 보험가격지수 예시는 주계약 기본형 일반형, 40세, 1년만기, 연납, 주계약 가입금액 1,000만원기준입니다. 6. 온라인농업인NH안전보험은 일반1형 및 산재형만 가입가능하며, 특약은 부가할 수 없습니다.",1544-4000,,,,
NH농협생명,온라인농업인NH안전보험(무배당) (월납),주계약,휴업(입원)급여금,피보험자가 보험기간 중에 농업작업안전재해 또는 농업작업안전질병으로 인하여 그 치료를 직접목적으로 4일 이상 계속하여 입원하였을 때(1회 입원당 120일 한도),2만원(3일 초과 입원 1일당),"1,000만원","97,300 원","97,300 원",2.25 %,비갱신형,CM,2026-01-01,"1. 가입나이 : 만19세 ~ 87세 2. 가입한도 : 1,000만원 단일 3. 보험기간 : 1년만기 4. 판매채널 : CM 5. 위 보험료 및 보험가격지수 예시는 주계약 기본형 일반형, 40세, 1년만기, 연납, 주계약 가입금액 1,000만원기준입니다. 6. 온라인농업인NH안전보험은 일반1형 및 산재형만 가입가능하며, 특약은 부가할 수 없습니다.",1544-4000,file_25.xls,NH농협생명,온라인농업인NH안전보험(무배당),주계약,휴업(입원)급여금,피보험자가 보험기간 중에 농업작업안전재해 또는 농업작업안전질병으로 인하여 그 치료를 직접목적으로 4일 이상 계속하여 입원하였을 때(1회 입원당 120일 한도),2만원(3일 초과 입원 1일당),"1,000만원",97300  원,"97,300  원",2.25 %,-,-,75.3 %,69.6 %,-,-,-,-,보험기간(1년 이하),순수보장,비갱신형,비유니버셜,CM,2026-01-01,"1. 가입나이 : 만19세 ~ 87세 2. 가입한도 : 1,000만원 단일 3. 보험기간 : 1년만기 4. 판매채널 : CM 5. 위 보험료 및 보험가격지수 예시는 주계약 기본형 일반형, 40세, 1년만기, 연납, 주계약 가입금액 1,000만원기준입니다. 6. 온라인농업인NH안전보험은 일반1형 및 산재형만 가입가능하며, 특약은 부가할 수 없습니다.",1544-4000,,,,
NH농협생명,온라인농업인NH안전보험(무배당) (월납),주계약,재활급여금(고도장해),피보험자가 보험기간 중에 동일한 농업작업안전재해 또는 동일한 농업작업안전질병으로 인하여 장해분류표 상의 여러 신체부위의 장해지급률을 더하여 80% 이상인 장해상태가 되었을 때(최초 1회 한),500만원,"1,000만원","97,300 원","97,300 원",2.25 %,비갱신형,CM,2026-01-01,"1. 가입나이 : 만19세 ~ 87세 2. 가입한도 : 1,000만원 단일 3. 보험기간 : 1년만기 4. 판매채널 : CM 5. 위 보험료 및 보험가격지수 예시는 주계약 기본형 일반형, 40세, 1년만기, 연납, 주계약 가입금액 1,000만원기준입니다. 6. 온라인농업인NH안전보험은 일반1형 및 산재형만 가입가능하며, 특약은 부가할 수 없습니다.",1544-4000,file_25.xls,NH농협생명,온라인농업인NH안전보험(무배당),주계약,재활급여금(고도장해),피보험자가 보험기간 중에 동일한 농업작업안전재해 또는 동일한 농업작업안전질병으로 인하여 장해분류표 상의 여러 신체부위의 장해지급률을 더하여 80% 이상인 장해상태가 되었을 때(최초 1회 한),500만원,"1,000만원",97300  원,"97,300  원",2.25 %,-,-,75.3 %,69.6 %,-,-,-,-,보험기간(1년 이하),순수보장,비갱신형,비유니버셜,CM,2026-01-01,"1. 가입나이 : 만19세 ~ 87세 2. 가입한도 : 1,000만원 단일 3. 보험기간 : 1년만기 4. 판매채널 : CM 5. 위 보험료 및 보험가격지수 예시는 주계약 기본형 일반형, 40세, 1년만기, 연납, 주계약 가입금액 1,000만원기준입니다. 6. 온라인농업인NH안전보험은 일반1형 및 산재형만 가입가능하며, 특약은 부가할 수 없습니다.",1544-4000,,,,
NH농협생명,온라인농업인NH안전보험(무배당) (월납),주계약,재활급여금(재해장해),피보험자가 보험기간 중에 농업작업안전재해로 인하여 장해분류표에서 정한 장해지급률 중 3%이상 80% 미만 장해상태가 되었을 때,500만원 X 장해율,"1,000만원","97,300 원","97,300 원",2.25 %,비갱신형,CM,2026-01-01,"1. 가입나이 : 만19세 ~ 87세 2. 가입한도 : 1,000만원 단일 3. 보험기간 : 1년만기 4. 판매채널 : CM 5. 위 보험료 및 보험가격지수 예시는 주계약 기본형 일반형, 40세, 1년만기, 연납, 주계약 가입금액 1,000만원기준입니다. 6. 온라인농업인NH안전보험은 일반1형 및 산재형만 가입가능하며, 특약은 부가할 수 없습니다.",1544-4000,file_25.xls,NH농협생명,온라인농업인NH안전보험(무배당),주계약,재활급여금(재해장해),피보험자가 보험기간 중에 농업작업안전재해로 인하여 장해분류표에서 정한 장해지급률 중 3%이상 80% 미만 장해상태가 되었을 때,500만원 X 장해율,"1,000만원",97300  원,"97,300  원",2.25 %,-,-,75.3 %,69.6 %,-,-,-,-,보험기간(1년 이하),순수보장,비갱신형,비유니버셜,CM,2026-01-01,"1. 가입나이 : 만19세 ~ 87세 2. 가입한도 : 1,000만원 단일 3. 보험기간 : 1년만기 4. 판매채널 : CM 5. 위 보험료 및 보험가격지수 예시는 주계약 기본형 일반형, 40세, 1년만기, 연납, 주계약 가입금액 1,000만원기준입니다. 6. 온라인농업인NH안전보험은 일반1형 및 산재형만 가입가능하며, 특약은 부가할 수 없습니다.",1544-4000,,,,
NH농협생명,온라인농업인NH안전보험(무배당) (월납),주계약,특정감염병진단급여금,피보험자가 보험기간 중에 특정감염병으로 진단 확정되었을 때,30만원(진단1회당),"1,000만원","97,300 원","97,300 원",2.25 %,비갱신형,CM,2026-01-01,"1. 가입나이 : 만19세 ~ 87세 2. 가입한도 : 1,000만원 단일 3. 보험기간 : 1년만기 4. 판매채널 : CM 5. 위 보험료 및 보험가격지수 예시는 주계약 기본형 일반형, 40세, 1년만기, 연납, 주계약 가입금액 1,000만원기준입니다. 6. 온라인농업인NH안전보험은 일반1형 및 산재형만 가입가능하며, 특약은 부가할 수 없습니다.",1544-4000,file_25.xls,NH농협생명,온라인농업인NH안전보험(무배당),주계약,특정감염병진단급여금,피보험자가 보험기간 중에 특정감염병으로 진단 확정되었을 때,30만원(진단1회당),"1,000만원",97300  원,"97,300  원",2.25 %,-,-,75.3 %,69.6 %,-,-,-,-,보험기간(1년 이하),순수보장,비갱신형,비유니버셜,CM,2026-01-01,"1. 가입나이 : 만19세 ~ 87세 2. 가입한도 : 1,000만원 단일 3. 보험기간 : 1년만기 4. 판매채널 : CM 5. 위 보험료 및 보험가격지수 예시는 주계약 기본형 일반형, 40세, 1년만기, 연납, 주계약 가입금액 1,000만원기준입니다. 6. 온라인농업인NH안전보험은 일반1형 및 산재형만 가입가능하며, 특약은 부가할 수 없습니다.",1544-4000,,,,
NH농협생명,온라인농업인NH안전보험(무배당) (월납),주계약,특정질병수술급여금,피보험자가 보험기간 중에 특정질병으로 수술을 받았을 때,30만원(수술1회당),"1,000만원","97,300 원","97,300 원",2.25 %,비갱신형,CM,2026-01-01,"1. 가입나이 : 만19세 ~ 87세 2. 가입한도 : 1,000만원 단일 3. 보험기간 : 1년만기 4. 판매채널 : CM 5. 위 보험료 및 보험가격지수 예시는 주계약 기본형 일반형, 40세, 1년만기, 연납, 주계약 가입금액 1,000만원기준입니다. 6. 온라인농업인NH안전보험은 일반1형 및 산재형만 가입가능하며, 특약은 부가할 수 없습니다.",1544-4000,file_25.xls,NH농협생명,온라인농업인NH안전보험(무배당),주계약,특정질병수술급여금,피보험자가 보험기간 중에 특정질병으로 수술을 받았을 때,30만원(수술1회당),"1,000만원",97300  원,"97,300  원",2.25 %,-,-,75.3 %,69.6 %,-,-,-,-,보험기간(1년 이하),순수보장,비갱신형,비유니버셜,CM,2026-01-01,"1. 가입나이 : 만19세 ~ 87세 2. 가입한도 : 1,000만원 단일 3. 보험기간 : 1년만기 4. 판매채널 : CM 5. 위 보험료 및 보험가격지수 예시는 주계약 기본형 일반형, 40세, 1년만기, 연납, 주계약 가입금액 1,000만원기준입니다. 6. 온라인농업인NH안전보험은 일반1형 및 산재형만 가입가능하며, 특약은 부가할 수 없습니다.",1544-4000,,,,
NH농협생명,온라인농업인NH안전보험(무배당) (월납),주계약,상해·질병치료급여금,피보험자가 보험기간 중에 농업작업안전재해 또는 농업작업안전질병으로 치료를 받았을 때,"- 입원 5,000만원 한도 - 통원 20만원, 처방 10만원 한도 - 도수치료 350만원, 주사료 250만원, MRI 300만원 한도","1,000만원","97,300 원","97,300 원",2.25 %,비갱신형,CM,2026-01-01,"1. 가입나이 : 만19세 ~ 87세 2. 가입한도 : 1,000만원 단일 3. 보험기간 : 1년만기 4. 판매채널 : CM 5. 위 보험료 및 보험가격지수 예시는 주계약 기본형 일반형, 40세, 1년만기, 연납, 주계약 가입금액 1,000만원기준입니다. 6. 온라인농업인NH안전보험은 일반1형 및 산재형만 가입가능하며, 특약은 부가할 수 없습니다.",1544-4000,file_25.xls,NH농협생명,온라인농업인NH안전보험(무배당),주계약,상해·질병치료급여금,피보험자가 보험기간 중에 농업작업안전재해 또는 농업작업안전질병으로 치료를 받았을 때,"- 입원 5,000만원 한도 - 통원 20만원, 처방 10만원 한도 - 도수치료 350만원, 주사료 250만원, MRI 300만원 한도","1,000만원",97300  원,"97,300  원",2.25 %,-,-,75.3 %,69.6 %,-,-,-,-,보험기간(1년 이하),순수보장,비갱신형,비유니버셜,CM,2026-01-01,"1. 가입나이 : 만19세 ~ 87세 2. 가입한도 : 1,000만원 단일 3. 보험기간 : 1년만기 4. 판매채널 : CM 5. 위 보험료 및 보험가격지수 예시는 주계약 기본형 일반형, 40세, 1년만기, 연납, 주계약 가입금액 1,000만원기준입니다. 6. 온라인농업인NH안전보험은 일반1형 및 산재형만 가입가능하며, 특약은 부가할 수 없습니다.",1544-4000,,,,
NH농협생명,농업인NH안전보험(무배당) (월납),주계약,유족급여금,피보험자가 보험기간 중에 농업작업안전재해 또는 농업작업안전질병으로 사망하였을 때,"6,000만원","1,000만원","97,300 원","97,300 원",2.25 %,비갱신형,방카슈랑스,2026-01-01,"1. 가입나이 : 만15세 ~ 87세 2. 가입한도 : 1,000만원 단일 3. 보험기간 : 1년만기 4. 판매채널 : 방카슈랑스(농·축협) 5. 위 보험료 및 보험가격지수 예시는 주계약 기본형 일반1형, 40세, 1년만기, 연납, 주계약 가입금액 1,000만원기준입니다. 6. 위 특약보험료 예시는 40세, 1년만기, 연납 기준이며, 농업인재해골절특약(무), 농업인깁스치료특약(무)의 경우 가입금액 10만원, 농업인장제비지원특약(무)의 경우 가입금액 100만원, 농업인재해사망특약(무)의 경우 가입금액 1,000만원 기준입니다.",1544-4000,file_25.xls,NH농협생명,농업인NH안전보험(무배당),주계약,유족급여금,피보험자가 보험기간 중에 농업작업안전재해 또는 농업작업안전질병으로 사망하였을 때,"6,000만원","1,000만원",97300  원,"97,300  원",2.25 %,-,-,75.3 %,69.6 %,-,-,-,-,보험기간(1년 이하),순수보장,비갱신형,비유니버셜,방카슈랑스,2026-01-01,"1. 가입나이 : 만15세 ~ 87세 2. 가입한도 : 1,000만원 단일 3. 보험기간 : 1년만기 4. 판매채널 : 방카슈랑스(농·축협) 5. 위 보험료 및 보험가격지수 예시는 주계약 기본형 일반1형, 40세, 1년만기, 연납, 주계약 가입금액 1,000만원기준입니다. 6. 위 특약보험료 예시는 40세, 1년만기, 연납 기준이며, 농업인재해골절특약(무), 농업인깁스치료특약(무)의 경우 가입금액 10만원, 농업인장제비지원특약(무)의 경우 가입금액 100만원, 농업인재해사망특약(무)의 경우 가입금액 1,000만원 기준입니다.",1544-4000,,,,
NH농협생명,농업인NH안전보험(무배당) (월납),주계약,장례비,피보험자가 보험기간 중에 농업작업안전재해 또는 농업작업안전질병으로 사망하였을 때,100만원,"1,000만원","97,300 원","97,300 원",2.25 %,비갱신형,방카슈랑스,2026-01-01,"1. 가입나이 : 만15세 ~ 87세 2. 가입한도 : 1,000만원 단일 3. 보험기간 : 1년만기 4. 판매채널 : 방카슈랑스(농·축협) 5. 위 보험료 및 보험가격지수 예시는 주계약 기본형 일반1형, 40세, 1년만기, 연납, 주계약 가입금액 1,000만원기준입니다. 6. 위 특약보험료 예시는 40세, 1년만기, 연납 기준이며, 농업인재해골절특약(무), 농업인깁스치료특약(무)의 경우 가입금액 10만원, 농업인장제비지원특약(무)의 경우 가입금액 100만원, 농업인재해사망특약(무)의 경우 가입금액 1,000만원 기준입니다.",1544-4000,file_25.xls,NH농협생명,농업인NH안전보험(무배당),주계약,장례비,피보험자가 보험기간 중에 농업작업안전재해 또는 농업작업안전질병으로 사망하였을 때,100만원,"1,000만원",97300  원,"97,300  원",2.25 %,-,-,75.3 %,69.6 %,-,-,-,-,보험기간(1년 이하),순수보장,비갱신형,비유니버셜,방카슈랑스,2026-01-01,"1. 가입나이 : 만15세 ~ 87세 2. 가입한도 : 1,000만원 단일 3. 보험기간 : 1년만기 4. 판매채널 : 방카슈랑스(농·축협) 5. 위 보험료 및 보험가격지수 예시는 주계약 기본형 일반1형, 40세, 1년만기, 연납, 주계약 가입금액 1,000만원기준입니다. 6. 위 특약보험료 예시는 40세, 1년만기, 연납 기준이며, 농업인재해골절특약(무), 농업인깁스치료특약(무)의 경우 가입금액 10만원, 농업인장제비지원특약(무)의 경우 가입금액 100만원, 농업인재해사망특약(무)의 경우 가입금액 1,000만원 기준입니다.",1544-4000,,,,
NH농협생명,농업인NH안전보험(무배당) (월납),주계약,고도장해급여금,피보험자가 보험기간 중에 동일한 농업작업안전재해 또는 동일한 농업작업안전질병으로 인하여 장해분류표 상의 여러 신체부위의 장해지급률을 더하여 80% 이상인 장해상태가 되었을 때(최초 1회 한),"5,000만원","1,000만원","97,300 원","97,300 원",2.25 %,비갱신형,방카슈랑스,2026-01-01,"1. 가입나이 : 만15세 ~ 87세 2. 가입한도 : 1,000만원 단일 3. 보험기간 : 1년만기 4. 판매채널 : 방카슈랑스(농·축협) 5. 위 보험료 및 보험가격지수 예시는 주계약 기본형 일반1형, 40세, 1년만기, 연납, 주계약 가입금액 1,000만원기준입니다. 6. 위 특약보험료 예시는 40세, 1년만기, 연납 기준이며, 농업인재해골절특약(무), 농업인깁스치료특약(무)의 경우 가입금액 10만원, 농업인장제비지원특약(무)의 경우 가입금액 100만원, 농업인재해사망특약(무)의 경우 가입금액 1,000만원 기준입니다.",1544-4000,file_25.xls,NH농협생명,농업인NH안전보험(무배당),주계약,고도장해급여금,피보험자가 보험기간 중에 동일한 농업작업안전재해 또는 동일한 농업작업안전질병으로 인하여 장해분류표 상의 여러 신체부위의 장해지급률을 더하여 80% 이상인 장해상태가 되었을 때(최초 1회 한),"5,000만원","1,000만원",97300  원,"97,300  원",2.25 %,-,-,75.3 %,69.6 %,-,-,-,-,보험기간(1년 이하),순수보장,비갱신형,비유니버셜,방카슈랑스,2026-01-01,"1. 가입나이 : 만15세 ~ 87세 2. 가입한도 : 1,000만원 단일 3. 보험기간 : 1년만기 4. 판매채널 : 방카슈랑스(농·축협) 5. 위 보험료 및 보험가격지수 예시는 주계약 기본형 일반1형, 40세, 1년만기, 연납, 주계약 가입금액 1,000만원기준입니다. 6. 위 특약보험료 예시는 40세, 1년만기, 연납 기준이며, 농업인재해골절특약(무), 농업인깁스치료특약(무)의 경우 가입금액 10만원, 농업인장제비지원특약(무)의 경우 가입금액 100만원, 농업인재해사망특약(무)의 경우 가입금액 1,000만원 기준입니다.",1544-4000,,,,
NH농협생명,농업인NH안전보험(무배당) (월납),주계약,재해장해급여금,피보험자가 보험기간 중에 농업작업안전재해로 인하여 장해분류표에서 정한 장해지급률 중 3%이상 80% 미만 장해상태가 되었을 때,"5,000만원 X 장해율","1,000만원","97,300 원","97,300 원",2.25 %,비갱신형,방카슈랑스,2026-01-01,"1. 가입나이 : 만15세 ~ 87세 2. 가입한도 : 1,000만원 단일 3. 보험기간 : 1년만기 4. 판매채널 : 방카슈랑스(농·축협) 5. 위 보험료 및 보험가격지수 예시는 주계약 기본형 일반1형, 40세, 1년만기, 연납, 주계약 가입금액 1,000만원기준입니다. 6. 위 특약보험료 예시는 40세, 1년만기, 연납 기준이며, 농업인재해골절특약(무), 농업인깁스치료특약(무)의 경우 가입금액 10만원, 농업인장제비지원특약(무)의 경우 가입금액 100만원, 농업인재해사망특약(무)의 경우 가입금액 1,000만원 기준입니다.",1544-4000,file_25.xls,NH농협생명,농업인NH안전보험(무배당),주계약,재해장해급여금,피보험자가 보험기간 중에 농업작업안전재해로 인하여 장해분류표에서 정한 장해지급률 중 3%이상 80% 미만 장해상태가 되었을 때,"5,000만원 X 장해율","1,000만원",97300  원,"97,300  원",2.25 %,-,-,75.3 %,69.6 %,-,-,-,-,보험기간(1년 이하),순수보장,비갱신형,비유니버셜,방카슈랑스,2026-01-01,"1. 가입나이 : 만15세 ~ 87세 2. 가입한도 : 1,000만원 단일 3. 보험기간 : 1년만기 4. 판매채널 : 방카슈랑스(농·축협) 5. 위 보험료 및 보험가격지수 예시는 주계약 기본형 일반1형, 40세, 1년만기, 연납, 주계약 가입금액 1,000만원기준입니다. 6. 위 특약보험료 예시는 40세, 1년만기, 연납 기준이며, 농업인재해골절특약(무), 농업인깁스치료특약(무)의 경우 가입금액 10만원, 농업인장제비지원특약(무)의 경우 가입금액 100만원, 농업인재해사망특약(무)의 경우 가입금액 1,000만원 기준입니다.",1544-4000,,,,
NH농협생명,농업인NH안전보험(무배당) (월납),주계약,간병급여금,피보험자가 보험기간 중에 동일한 농업작업안전재해로 인하여 장해분류표 상의 여러 신체부위의 장해지급률을 더하여 50% 이상인 장해상태가 되었을 때 또는 동일한 농업작업안전질병으로 인하여 장해분류표 상의 여러 신체부위의 장해지급률을 더하여 80% 이상인 장해상태가 되었을 때(각각 최초 1회 한),500만원,"1,000만원","97,300 원","97,300 원",2.25 %,비갱신형,방카슈랑스,2026-01-01,"1. 가입나이 : 만15세 ~ 87세 2. 가입한도 : 1,000만원 단일 3. 보험기간 : 1년만기 4. 판매채널 : 방카슈랑스(농·축협) 5. 위 보험료 및 보험가격지수 예시는 주계약 기본형 일반1형, 40세, 1년만기, 연납, 주계약 가입금액 1,000만원기준입니다. 6. 위 특약보험료 예시는 40세, 1년만기, 연납 기준이며, 농업인재해골절특약(무), 농업인깁스치료특약(무)의 경우 가입금액 10만원, 농업인장제비지원특약(무)의 경우 가입금액 100만원, 농업인재해사망특약(무)의 경우 가입금액 1,000만원 기준입니다.",1544-4000,file_25.xls,NH농협생명,농업인NH안전보험(무배당),주계약,간병급여금,피보험자가 보험기간 중에 동일한 농업작업안전재해로 인하여 장해분류표 상의 여러 신체부위의 장해지급률을 더하여 50% 이상인 장해상태가 되었을 때 또는 동일한 농업작업안전질병으로 인하여 장해분류표 상의 여러 신체부위의 장해지급률을 더하여 80% 이상인 장해상태가 되었을 때(각각 최초 1회 한),500만원,"1,000만원",97300  원,"97,300  원",2.25 %,-,-,75.3 %,69.6 %,-,-,-,-,보험기간(1년 이하),순수보장,비갱신형,비유니버셜,방카슈랑스,2026-01-01,"1. 가입나이 : 만15세 ~ 87세 2. 가입한도 : 1,000만원 단일 3. 보험기간 : 1년만기 4. 판매채널 : 방카슈랑스(농·축협) 5. 위 보험료 및 보험가격지수 예시는 주계약 기본형 일반1형, 40세, 1년만기, 연납, 주계약 가입금액 1,000만원기준입니다. 6. 위 특약보험료 예시는 40세, 1년만기, 연납 기준이며, 농업인재해골절특약(무), 농업인깁스치료특약(무)의 경우 가입금액 10만원, 농업인장제비지원특약(무)의 경우 가입금액 100만원, 농업인재해사망특약(무)의 경우 가입금액 1,000만원 기준입니다.",1544-4000,,,,
NH농협생명,농업인NH안전보험(무배당) (월납),주계약,휴업(입원)급여금,피보험자가 보험기간 중에 농업작업안전재해 또는 농업작업안전질병으로 인하여 그 치료를 직접목적으로 4일 이상 계속하여 입원하였을 때(1회 입원당 120일 한도),2만원(3일 초과 입원 1일당),"1,000만원","97,300 원","97,300 원",2.25 %,비갱신형,방카슈랑스,2026-01-01,"1. 가입나이 : 만15세 ~ 87세 2. 가입한도 : 1,000만원 단일 3. 보험기간 : 1년만기 4. 판매채널 : 방카슈랑스(농·축협) 5. 위 보험료 및 보험가격지수 예시는 주계약 기본형 일반1형, 40세, 1년만기, 연납, 주계약 가입금액 1,000만원기준입니다. 6. 위 특약보험료 예시는 40세, 1년만기, 연납 기준이며, 농업인재해골절특약(무), 농업인깁스치료특약(무)의 경우 가입금액 10만원, 농업인장제비지원특약(무)의 경우 가입금액 100만원, 농업인재해사망특약(무)의 경우 가입금액 1,000만원 기준입니다.",1544-4000,file_25.xls,NH농협생명,농업인NH안전보험(무배당),주계약,휴업(입원)급여금,피보험자가 보험기간 중에 농업작업안전재해 또는 농업작업안전질병으로 인하여 그 치료를 직접목적으로 4일 이상 계속하여 입원하였을 때(1회 입원당 120일 한도),2만원(3일 초과 입원 1일당),"1,000만원",97300  원,"97,300  원",2.25 %,-,-,75.3 %,69.6 %,-,-,-,-,보험기간(1년 이하),순수보장,비갱신형,비유니버셜,방카슈랑스,2026-01-01,"1. 가입나이 : 만15세 ~ 87세 2. 가입한도 : 1,000만원 단일 3. 보험기간 : 1년만기 4. 판매채널 : 방카슈랑스(농·축협) 5. 위 보험료 및 보험가격지수 예시는 주계약 기본형 일반1형, 40세, 1년만기, 연납, 주계약 가입금액 1,000만원기준입니다. 6. 위 특약보험료 예시는 40세, 1년만기, 연납 기준이며, 농업인재해골절특약(무), 농업인깁스치료특약(무)의 경우 가입금액 10만원, 농업인장제비지원특약(무)의 경우 가입금액 100만원, 농업인재해사망특약(무)의 경우 가입금액 1,000만원 기준입니다.",1544-4000,,,,
NH농협생명,농업인NH안전보험(무배당) (월납),주계약,재활급여금(고도장해),피보험자가 보험기간 중에 동일한 농업작업안전재해 또는 동일한 농업작업안전질병으로 인하여 장해분류표 상의 여러 신체부위의 장해지급률을 더하여 80% 이상인 장해상태가 되었을 때(최초 1회 한),500만원,"1,000만원","97,300 원","97,300 원",2.25 %,비갱신형,방카슈랑스,2026-01-01,"1. 가입나이 : 만15세 ~ 87세 2. 가입한도 : 1,000만원 단일 3. 보험기간 : 1년만기 4. 판매채널 : 방카슈랑스(농·축협) 5. 위 보험료 및 보험가격지수 예시는 주계약 기본형 일반1형, 40세, 1년만기, 연납, 주계약 가입금액 1,000만원기준입니다. 6. 위 특약보험료 예시는 40세, 1년만기, 연납 기준이며, 농업인재해골절특약(무), 농업인깁스치료특약(무)의 경우 가입금액 10만원, 농업인장제비지원특약(무)의 경우 가입금액 100만원, 농업인재해사망특약(무)의 경우 가입금액 1,000만원 기준입니다.",1544-4000,file_25.xls,NH농협생명,농업인NH안전보험(무배당),주계약,재활급여금(고도장해),피보험자가 보험기간 중에 동일한 농업작업안전재해 또는 동일한 농업작업안전질병으로 인하여 장해분류표 상의 여러 신체부위의 장해지급률을 더하여 80% 이상인 장해상태가 되었을 때(최초 1회 한),500만원,"1,000만원",97300  원,"97,300  원",2.25 %,-,-,75.3 %,69.6 %,-,-,-,-,보험기간(1년 이하),순수보장,비갱신형,비유니버셜,방카슈랑스,2026-01-01,"1. 가입나이 : 만15세 ~ 87세 2. 가입한도 : 1,000만원 단일 3. 보험기간 : 1년만기 4. 판매채널 : 방카슈랑스(농·축협) 5. 위 보험료 및 보험가격지수 예시는 주계약 기본형 일반1형, 40세, 1년만기, 연납, 주계약 가입금액 1,000만원기준입니다. 6. 위 특약보험료 예시는 40세, 1년만기, 연납 기준이며, 농업인재해골절특약(무), 농업인깁스치료특약(무)의 경우 가입금액 10만원, 농업인장제비지원특약(무)의 경우 가입금액 100만원, 농업인재해사망특약(무)의 경우 가입금액 1,000만원 기준입니다.",1544-4000,,,,
NH농협생명,농업인NH안전보험(무배당) (월납),주계약,재활급여금(재해장해),피보험자가 보험기간 중에 농업작업안전재해로 인하여 장해분류표에서 정한 장해지급률 중 3%이상 80% 미만 장해상태가 되었을 때,500만원 X 장해율,"1,000만원","97,300 원","97,300 원",2.25 %,비갱신형,방카슈랑스,2026-01-01,"1. 가입나이 : 만15세 ~ 87세 2. 가입한도 : 1,000만원 단일 3. 보험기간 : 1년만기 4. 판매채널 : 방카슈랑스(농·축협) 5. 위 보험료 및 보험가격지수 예시는 주계약 기본형 일반1형, 40세, 1년만기, 연납, 주계약 가입금액 1,000만원기준입니다. 6. 위 특약보험료 예시는 40세, 1년만기, 연납 기준이며, 농업인재해골절특약(무), 농업인깁스치료특약(무)의 경우 가입금액 10만원, 농업인장제비지원특약(무)의 경우 가입금액 100만원, 농업인재해사망특약(무)의 경우 가입금액 1,000만원 기준입니다.",1544-4000,file_25.xls,NH농협생명,농업인NH안전보험(무배당),주계약,재활급여금(재해장해),피보험자가 보험기간 중에 농업작업안전재해로 인하여 장해분류표에서 정한 장해지급률 중 3%이상 80% 미만 장해상태가 되었을 때,500만원 X 장해율,"1,000만원",97300  원,"97,300  원",2.25 %,-,-,75.3 %,69.6 %,-,-,-,-,보험기간(1년 이하),순수보장,비갱신형,비유니버셜,방카슈랑스,2026-01-01,"1. 가입나이 : 만15세 ~ 87세 2. 가입한도 : 1,000만원 단일 3. 보험기간 : 1년만기 4. 판매채널 : 방카슈랑스(농·축협) 5. 위 보험료 및 보험가격지수 예시는 주계약 기본형 일반1형, 40세, 1년만기, 연납, 주계약 가입금액 1,000만원기준입니다. 6. 위 특약보험료 예시는 40세, 1년만기, 연납 기준이며, 농업인재해골절특약(무), 농업인깁스치료특약(무)의 경우 가입금액 10만원, 농업인장제비지원특약(무)의 경우 가입금액 100만원, 농업인재해사망특약(무)의 경우 가입금액 1,000만원 기준입니다.",1544-4000,,,,
NH농협생명,농업인NH안전보험(무배당) (월납),주계약,특정감염병진단급여금,피보험자가 보험기간 중에 특정감염병으로 진단 확정되었을 때,30만원(진단1회당),"1,000만원","97,300 원","97,300 원",2.25 %,비갱신형,방카슈랑스,2026-01-01,"1. 가입나이 : 만15세 ~ 87세 2. 가입한도 : 1,000만원 단일 3. 보험기간 : 1년만기 4. 판매채널 : 방카슈랑스(농·축협) 5. 위 보험료 및 보험가격지수 예시는 주계약 기본형 일반1형, 40세, 1년만기, 연납, 주계약 가입금액 1,000만원기준입니다. 6. 위 특약보험료 예시는 40세, 1년만기, 연납 기준이며, 농업인재해골절특약(무), 농업인깁스치료특약(무)의 경우 가입금액 10만원, 농업인장제비지원특약(무)의 경우 가입금액 100만원, 농업인재해사망특약(무)의 경우 가입금액 1,000만원 기준입니다.",1544-4000,file_25.xls,NH농협생명,농업인NH안전보험(무배당),주계약,특정감염병진단급여금,피보험자가 보험기간 중에 특정감염병으로 진단 확정되었을 때,30만원(진단1회당),"1,000만원",97300  원,"97,300  원",2.25 %,-,-,75.3 %,69.6 %,-,-,-,-,보험기간(1년 이하),순수보장,비갱신형,비유니버셜,방카슈랑스,2026-01-01,"1. 가입나이 : 만15세 ~ 87세 2. 가입한도 : 1,000만원 단일 3. 보험기간 : 1년만기 4. 판매채널 : 방카슈랑스(농·축협) 5. 위 보험료 및 보험가격지수 예시는 주계약 기본형 일반1형, 40세, 1년만기, 연납, 주계약 가입금액 1,000만원기준입니다. 6. 위 특약보험료 예시는 40세, 1년만기, 연납 기준이며, 농업인재해골절특약(무), 농업인깁스치료특약(무)의 경우 가입금액 10만원, 농업인장제비지원특약(무)의 경우 가입금액 100만원, 농업인재해사망특약(무)의 경우 가입금액 1,000만원 기준입니다.",1544-4000,,,,
NH농협생명,농업인NH안전보험(무배당) (월납),주계약,특정질병수술급여금,피보험자가 보험기간 중에 특정질병으로 수술을 받았을 때,30만원(수술1회당),"1,000만원","97,300 원","97,300 원",2.25 %,비갱신형,방카슈랑스,2026-01-01,"1. 가입나이 : 만15세 ~ 87세 2. 가입한도 : 1,000만원 단일 3. 보험기간 : 1년만기 4. 판매채널 : 방카슈랑스(농·축협) 5. 위 보험료 및 보험가격지수 예시는 주계약 기본형 일반1형, 40세, 1년만기, 연납, 주계약 가입금액 1,000만원기준입니다. 6. 위 특약보험료 예시는 40세, 1년만기, 연납 기준이며, 농업인재해골절특약(무), 농업인깁스치료특약(무)의 경우 가입금액 10만원, 농업인장제비지원특약(무)의 경우 가입금액 100만원, 농업인재해사망특약(무)의 경우 가입금액 1,000만원 기준입니다.",1544-4000,file_25.xls,NH농협생명,농업인NH안전보험(무배당),주계약,특정질병수술급여금,피보험자가 보험기간 중에 특정질병으로 수술을 받았을 때,30만원(수술1회당),"1,000만원",97300  원,"97,300  원",2.25 %,-,-,75.3 %,69.6 %,-,-,-,-,보험기간(1년 이하),순수보장,비갱신형,비유니버셜,방카슈랑스,2026-01-01,"1. 가입나이 : 만15세 ~ 87세 2. 가입한도 : 1,000만원 단일 3. 보험기간 : 1년만기 4. 판매채널 : 방카슈랑스(농·축협) 5. 위 보험료 및 보험가격지수 예시는 주계약 기본형 일반1형, 40세, 1년만기, 연납, 주계약 가입금액 1,000만원기준입니다. 6. 위 특약보험료 예시는 40세, 1년만기, 연납 기준이며, 농업인재해골절특약(무), 농업인깁스치료특약(무)의 경우 가입금액 10만원, 농업인장제비지원특약(무)의 경우 가입금액 100만원, 농업인재해사망특약(무)의 경우 가입금액 1,000만원 기준입니다.",1544-4000,,,,
NH농협생명,농업인NH안전보험(무배당) (월납),주계약,상해·질병치료급여금,피보험자가 보험기간 중에 농업작업안전재해 또는 농업작업안전질병으로 치료를 받았을 때,"- 입원 5,000만원 한도 - 통원 20만원, 처방 10만원 한도 - 도수치료 350만원, 주사료 250만원, MRI 300만원 한도","1,000만원","97,300 원","97,300 원",2.25 %,비갱신형,방카슈랑스,2026-01-01,"1. 가입나이 : 만15세 ~ 87세 2. 가입한도 : 1,000만원 단일 3. 보험기간 : 1년만기 4. 판매채널 : 방카슈랑스(농·축협) 5. 위 보험료 및 보험가격지수 예시는 주계약 기본형 일반1형, 40세, 1년만기, 연납, 주계약 가입금액 1,000만원기준입니다. 6. 위 특약보험료 예시는 40세, 1년만기, 연납 기준이며, 농업인재해골절특약(무), 농업인깁스치료특약(무)의 경우 가입금액 10만원, 농업인장제비지원특약(무)의 경우 가입금액 100만원, 농업인재해사망특약(무)의 경우 가입금액 1,000만원 기준입니다.",1544-4000,file_25.xls,NH농협생명,농업인NH안전보험(무배당),주계약,상해·질병치료급여금,피보험자가 보험기간 중에 농업작업안전재해 또는 농업작업안전질병으로 치료를 받았을 때,"- 입원 5,000만원 한도 - 통원 20만원, 처방 10만원 한도 - 도수치료 350만원, 주사료 250만원, MRI 300만원 한도","1,000만원",97300  원,"97,300  원",2.25 %,-,-,75.3 %,69.6 %,-,-,-,-,보험기간(1년 이하),순수보장,비갱신형,비유니버셜,방카슈랑스,2026-01-01,"1. 가입나이 : 만15세 ~ 87세 2. 가입한도 : 1,000만원 단일 3. 보험기간 : 1년만기 4. 판매채널 : 방카슈랑스(농·축협) 5. 위 보험료 및 보험가격지수 예시는 주계약 기본형 일반1형, 40세, 1년만기, 연납, 주계약 가입금액 1,000만원기준입니다. 6. 위 특약보험료 예시는 40세, 1년만기, 연납 기준이며, 농업인재해골절특약(무), 농업인깁스치료특약(무)의 경우 가입금액 10만원, 농업인장제비지원특약(무)의 경우 가입금액 100만원, 농업인재해사망특약(무)의 경우 가입금액 1,000만원 기준입니다.",1544-4000,,,,
NH농협생명,농업인NH안전보험(무배당) (월납),특약,농업인재해골절특약(무),"""보험기간 중 재해를 원인으로 골절(치아파절 제외)이 발생한 때""",10만원,10만원,"5,300 원","5,300 원",2.25 %,비갱신형,방카슈랑스,2026-01-01,"1. 가입나이 : 만15세 ~ 87세 2. 가입한도 : 1,000만원 단일 3. 보험기간 : 1년만기 4. 판매채널 : 방카슈랑스(농·축협) 5. 위 보험료 및 보험가격지수 예시는 주계약 기본형 일반1형, 40세, 1년만기, 연납, 주계약 가입금액 1,000만원기준입니다. 6. 위 특약보험료 예시는 40세, 1년만기, 연납 기준이며, 농업인재해골절특약(무), 농업인깁스치료특약(무)의 경우 가입금액 10만원, 농업인장제비지원특약(무)의 경우 가입금액 100만원, 농업인재해사망특약(무)의 경우 가입금액 1,000만원 기준입니다.",1544-4000,file_25.xls,NH농협생명,농업인NH안전보험(무배당),특약,농업인재해골절특약(무),"""보험기간 중 재해를 원인으로 골절(치아파절 제외)이 발생한 때""",10만원,10만원,5300  원,"5,300  원",2.25 %,-,-,75.3 %,69.6 %,-,-,-,-,보험기간(1년 이하),순수보장,비갱신형,비유니버셜,방카슈랑스,2026-01-01,"1. 가입나이 : 만15세 ~ 87세 2. 가입한도 : 1,000만원 단일 3. 보험기간 : 1년만기 4. 판매채널 : 방카슈랑스(농·축협) 5. 위 보험료 및 보험가격지수 예시는 주계약 기본형 일반1형, 40세, 1년만기, 연납, 주계약 가입금액 1,000만원기준입니다. 6. 위 특약보험료 예시는 40세, 1년만기, 연납 기준이며, 농업인재해골절특약(무), 농업인깁스치료특약(무)의 경우 가입금액 10만원, 농업인장제비지원특약(무)의 경우 가입금액 100만원, 농업인재해사망특약(무)의 경우 가입금액 1,000만원 기준입니다.",1544-4000,,,,
NH농협생명,농업인NH안전보험(무배당) (월납),특약,농업인장제비지원특약(무),보험기간 중 사망시,100만원,100만원,"11,600 원","11,600 원",2.25 %,비갱신형,방카슈랑스,2026-01-01,"1. 가입나이 : 만15세 ~ 87세 2. 가입한도 : 1,000만원 단일 3. 보험기간 : 1년만기 4. 판매채널 : 방카슈랑스(농·축협) 5. 위 보험료 및 보험가격지수 예시는 주계약 기본형 일반1형, 40세, 1년만기, 연납, 주계약 가입금액 1,000만원기준입니다. 6. 위 특약보험료 예시는 40세, 1년만기, 연납 기준이며, 농업인재해골절특약(무), 농업인깁스치료특약(무)의 경우 가입금액 10만원, 농업인장제비지원특약(무)의 경우 가입금액 100만원, 농업인재해사망특약(무)의 경우 가입금액 1,000만원 기준입니다.",1544-4000,file_25.xls,NH농협생명,농업인NH안전보험(무배당),특약,농업인장제비지원특약(무),보험기간 중 사망시,100만원,100만원,11600  원,"11,600  원",2.25 %,-,-,75.3 %,69.6 %,-,-,-,-,보험기간(1년 이하),순수보장,비갱신형,비유니버셜,방카슈랑스,2026-01-01,"1. 가입나이 : 만15세 ~ 87세 2. 가입한도 : 1,000만원 단일 3. 보험기간 : 1년만기 4. 판매채널 : 방카슈랑스(농·축협) 5. 위 보험료 및 보험가격지수 예시는 주계약 기본형 일반1형, 40세, 1년만기, 연납, 주계약 가입금액 1,000만원기준입니다. 6. 위 특약보험료 예시는 40세, 1년만기, 연납 기준이며, 농업인재해골절특약(무), 농업인깁스치료특약(무)의 경우 가입금액 10만원, 농업인장제비지원특약(무)의 경우 가입금액 100만원, 농업인재해사망특약(무)의 경우 가입금액 1,000만원 기준입니다.",1544-4000,,,,
NH농협생명,농업인NH안전보험(무배당) (월납),특약,농업인재해사망특약(무),보험기간 중 재해로 사망시,"1,000만원","1,000만원","11,400 원","11,400 원",2.25 %,비갱신형,방카슈랑스,2026-01-01,"1. 가입나이 : 만15세 ~ 87세 2. 가입한도 : 1,000만원 단일 3. 보험기간 : 1년만기 4. 판매채널 : 방카슈랑스(농·축협) 5. 위 보험료 및 보험가격지수 예시는 주계약 기본형 일반1형, 40세, 1년만기, 연납, 주계약 가입금액 1,000만원기준입니다. 6. 위 특약보험료 예시는 40세, 1년만기, 연납 기준이며, 농업인재해골절특약(무), 농업인깁스치료특약(무)의 경우 가입금액 10만원, 농업인장제비지원특약(무)의 경우 가입금액 100만원, 농업인재해사망특약(무)의 경우 가입금액 1,000만원 기준입니다.",1544-4000,file_25.xls,NH농협생명,농업인NH안전보험(무배당),특약,농업인재해사망특약(무),보험기간 중 재해로 사망시,"1,000만원","1,000만원",11400  원,"11,400  원",2.25 %,-,-,75.3 %,69.6 %,-,-,-,-,보험기간(1년 이하),순수보장,비갱신형,비유니버셜,방카슈랑스,2026-01-01,"1. 가입나이 : 만15세 ~ 87세 2. 가입한도 : 1,000만원 단일 3. 보험기간 : 1년만기 4. 판매채널 : 방카슈랑스(농·축협) 5. 위 보험료 및 보험가격지수 예시는 주계약 기본형 일반1형, 40세, 1년만기, 연납, 주계약 가입금액 1,000만원기준입니다. 6. 위 특약보험료 예시는 40세, 1년만기, 연납 기준이며, 농업인재해골절특약(무), 농업인깁스치료특약(무)의 경우 가입금액 10만원, 농업인장제비지원특약(무)의 경우 가입금액 100만원, 농업인재해사망특약(무)의 경우 가입금액 1,000만원 기준입니다.",1544-4000,,,,
NH농협생명,농업인NH안전보험(무배당) (월납),특약,농업인깁스치료특약(무),보험기간 중 ‘깁스(Cast)’치료를 받은 때,10만원,10만원,"1,700 원","1,700 원",2.25 %,비갱신형,방카슈랑스,2026-01-01,"1. 가입나이 : 만15세 ~ 87세 2. 가입한도 : 1,000만원 단일 3. 보험기간 : 1년만기 4. 판매채널 : 방카슈랑스(농·축협) 5. 위 보험료 및 보험가격지수 예시는 주계약 기본형 일반1형, 40세, 1년만기, 연납, 주계약 가입금액 1,000만원기준입니다. 6. 위 특약보험료 예시는 40세, 1년만기, 연납 기준이며, 농업인재해골절특약(무), 농업인깁스치료특약(무)의 경우 가입금액 10만원, 농업인장제비지원특약(무)의 경우 가입금액 100만원, 농업인재해사망특약(무)의 경우 가입금액 1,000만원 기준입니다.",1544-4000,file_25.xls,NH농협생명,농업인NH안전보험(무배당),특약,농업인깁스치료특약(무),보험기간 중 ‘깁스(Cast)’치료를 받은 때,10만원,10만원,1700  원,"1,700  원",2.25 %,-,-,75.3 %,69.6 %,-,-,-,-,보험기간(1년 이하),순수보장,비갱신형,비유니버셜,방카슈랑스,2026-01-01,"1. 가입나이 : 만15세 ~ 87세 2. 가입한도 : 1,000만원 단일 3. 보험기간 : 1년만기 4. 판매채널 : 방카슈랑스(농·축협) 5. 위 보험료 및 보험가격지수 예시는 주계약 기본형 일반1형, 40세, 1년만기, 연납, 주계약 가입금액 1,000만원기준입니다. 6. 위 특약보험료 예시는 40세, 1년만기, 연납 기준이며, 농업인재해골절특약(무), 농업인깁스치료특약(무)의 경우 가입금액 10만원, 농업인장제비지원특약(무)의 경우 가입금액 100만원, 농업인재해사망특약(무)의 경우 가입금액 1,000만원 기준입니다.",1544-4000,,,,
주계약,재해사망보험금 (월납),주계약,재해사망보험금,피보험자가 보험기간 중 재해 분류표에서 정한 재해를 원인으로 사망하였을 때,6억원,"3,000만원","507,000 원","270,900 원",3.00 %,비갱신형,방카슈랑스,2026-04-01,"1. 가입나이 : 만 19세 ~ 최대 65세 2. 보험기간 : 90세/100세/110세만기 3. 보험료 예시 기준 : 보험가입금액 3,000만원, 40세, 90세만기, 20년납, 월납 4. 보험료 납입기간 : 5년/7년/10년/15년/20년납 5. 보험료 납입주기 : 월납 6. 가입한도 : 보험가입금액 최저 10만원 ~ 최고 7,000만원 7. 보험가격지수 : 보험가입금액 3,000만원, 40세, 90세만기, 20년납, 월납 8. 적용이율 : 10년 이하 연 복리 3.00%, 10년 초과 연 복리 1.5%",1566-0999,file_25.xls,교보라이프플래닛생명,"(무)교보라플안심보험(상해보장형, 해약환급금 일부지급형)",주계약,재해사망보험금,피보험자가 보험기간 중 재해 분류표에서 정한 재해를 원인으로 사망하였을 때,6억원,"3,000만원",507000  원,"270,900  원",3.00 %,-,-,122.3 %,117.2 %,-,-,-,-,보험기간(1년 초과),무해지/저해지환급,비갱신형,비유니버셜,방카슈랑스,2026-04-01,"1. 가입나이 : 만 19세 ~ 최대 65세 2. 보험기간 : 90세/100세/110세만기 3. 보험료 예시 기준 : 보험가입금액 3,000만원, 40세, 90세만기, 20년납, 월납 4. 보험료 납입기간 : 5년/7년/10년/15년/20년납 5. 보험료 납입주기 : 월납 6. 가입한도 : 보험가입금액 최저 10만원 ~ 최고 7,000만원 7. 보험가격지수 : 보험가입금액 3,000만원, 40세, 90세만기, 20년납, 월납 8. 적용이율 : 10년 이하 연 복리 3.00%, 10년 초과 연 복리 1.5%",1566-0999,,,,
주계약,안심보장플러스 재해사망보험금 (월납),주계약,안심보장플러스 재해사망보험금,피보험자가 안심보장플러스 보험기간 중 안심보장플러스 보장개시일 이후에 재해 분류표에서 정한 재해를 원인으로 사망하였을 때,안심보장플러스 보장금액의 100%,"3,000만원","507,000 원","270,900 원",3.00 %,비갱신형,방카슈랑스,2026-04-01,"1. 가입나이 : 만 19세 ~ 최대 65세 2. 보험기간 : 90세/100세/110세만기 3. 보험료 예시 기준 : 보험가입금액 3,000만원, 40세, 90세만기, 20년납, 월납 4. 보험료 납입기간 : 5년/7년/10년/15년/20년납 5. 보험료 납입주기 : 월납 6. 가입한도 : 보험가입금액 최저 10만원 ~ 최고 7,000만원 7. 보험가격지수 : 보험가입금액 3,000만원, 40세, 90세만기, 20년납, 월납 8. 적용이율 : 10년 이하 연 복리 3.00%, 10년 초과 연 복리 1.5%",1566-0999,file_25.xls,교보라이프플래닛생명,"(무)교보라플안심보험(상해보장형, 해약환급금 일부지급형)",주계약,안심보장플러스 재해사망보험금,피보험자가 안심보장플러스 보험기간 중 안심보장플러스 보장개시일 이후에 재해 분류표에서 정한 재해를 원인으로 사망하였을 때,안심보장플러스 보장금액의 100%,"3,000만원",507000  원,"270,900  원",3.00 %,-,-,122.3 %,117.2 %,-,-,-,-,보험기간(1년 초과),무해지/저해지환급,비갱신형,비유니버셜,방카슈랑스,2026-04-01,"1. 가입나이 : 만 19세 ~ 최대 65세 2. 보험기간 : 90세/100세/110세만기 3. 보험료 예시 기준 : 보험가입금액 3,000만원, 40세, 90세만기, 20년납, 월납 4. 보험료 납입기간 : 5년/7년/10년/15년/20년납 5. 보험료 납입주기 : 월납 6. 가입한도 : 보험가입금액 최저 10만원 ~ 최고 7,000만원 7. 보험가격지수 : 보험가입금액 3,000만원, 40세, 90세만기, 20년납, 월납 8. 적용이율 : 10년 이하 연 복리 3.00%, 10년 초과 연 복리 1.5%",1566-0999,,,,
교보라이프플래닛,"(무)교보라플안심보험(상해보장형, 표준형) (월납)",주계약,재해사망보험금,피보험자가 보험기간 중 재해 분류표에서 정한 재해를 원인으로 사망하였을 때,6억원,"3,000만원","528,000 원","282,000 원",3.00 %,비갱신형,방카슈랑스,2026-04-01,"1. 가입나이 : 만 19세 ~ 최대 65세 2. 보험기간 : 90세/100세/110세만기 3. 보험료 예시 기준 : 보험가입금액 3,000만원, 40세, 90세만기, 20년납, 월납 4. 보험료 납입기간 : 5년/7년/10년/15년/20년납 5. 보험료 납입주기 : 월납 6. 가입한도 : 보험가입금액 최저 10만원 ~ 최고 7,000만원 7. 보험가격지수 : 보험가입금액 3,000만원, 40세, 90세만기, 20년납, 월납 8. 적용이율 : 10년 이하 연 복리 3.00%, 10년 초과 연 복리 1.5%",1566-0999,file_25.xls,교보라이프플래닛생명,"(무)교보라플안심보험(상해보장형, 표준형)",주계약,재해사망보험금,피보험자가 보험기간 중 재해 분류표에서 정한 재해를 원인으로 사망하였을 때,6억원,"3,000만원",528000  원,"282,000  원",3.00 %,-,-,109.9 %,1043.9 %,-,-,-,-,보험기간(1년 초과),순수보장,비갱신형,비유니버셜,방카슈랑스,2026-04-01,"1. 가입나이 : 만 19세 ~ 최대 65세 2. 보험기간 : 90세/100세/110세만기 3. 보험료 예시 기준 : 보험가입금액 3,000만원, 40세, 90세만기, 20년납, 월납 4. 보험료 납입기간 : 5년/7년/10년/15년/20년납 5. 보험료 납입주기 : 월납 6. 가입한도 : 보험가입금액 최저 10만원 ~ 최고 7,000만원 7. 보험가격지수 : 보험가입금액 3,000만원, 40세, 90세만기, 20년납, 월납 8. 적용이율 : 10년 이하 연 복리 3.00%, 10년 초과 연 복리 1.5%",1566-0999,,,,
교보라이프플래닛,"(무)교보라플안심보험(상해보장형, 표준형) (월납)",주계약,고도장해보험금,"피보험자가 보험기간 중 보장개시일 이후 동일한 재해 또는 재해 이외의 동일한 원 인으로 인하여 장해분류표 중 여러 신체부 위의 장해지급률을 더하여 80%이상인 장 해상태가 되었을 때 (다만, 최초 1 회에 한함)","9억원 (다만, 가입 후 1년 미만에 재해 이외 의 동일한 원인으로 80%이상인 장해 상태가 되었을 경우 4억 5천만원 지급)","3,000만원","528,000 원","282,000 원",3.00 %,비갱신형,방카슈랑스,2026-04-01,"1. 가입나이 : 만 19세 ~ 최대 65세 2. 보험기간 : 90세/100세/110세만기 3. 보험료 예시 기준 : 보험가입금액 3,000만원, 40세, 90세만기, 20년납, 월납 4. 보험료 납입기간 : 5년/7년/10년/15년/20년납 5. 보험료 납입주기 : 월납 6. 가입한도 : 보험가입금액 최저 10만원 ~ 최고 7,000만원 7. 보험가격지수 : 보험가입금액 3,000만원, 40세, 90세만기, 20년납, 월납 8. 적용이율 : 10년 이하 연 복리 3.00%, 10년 초과 연 복리 1.5%",1566-0999,file_25.xls,교보라이프플래닛생명,"(무)교보라플안심보험(상해보장형, 표준형)",주계약,고도장해보험금,"피보험자가 보험기간 중 보장개시일 이후 동일한 재해 또는 재해 이외의 동일한 원 인으로 인하여 장해분류표 중 여러 신체부 위의 장해지급률을 더하여 80%이상인 장 해상태가 되었을 때 (다만, 최초 1 회에 한함)","9억원 (다만, 가입 후 1년 미만에 재해 이외 의 동일한 원인으로 80%이상인 장해 상태가 되었을 경우 4억 5천만원 지급)","3,000만원",528000  원,"282,000  원",3.00 %,-,-,109.9 %,1043.9 %,-,-,-,-,보험기간(1년 초과),순수보장,비갱신형,비유니버셜,방카슈랑스,2026-04-01,"1. 가입나이 : 만 19세 ~ 최대 65세 2. 보험기간 : 90세/100세/110세만기 3. 보험료 예시 기준 : 보험가입금액 3,000만원, 40세, 90세만기, 20년납, 월납 4. 보험료 납입기간 : 5년/7년/10년/15년/20년납 5. 보험료 납입주기 : 월납 6. 가입한도 : 보험가입금액 최저 10만원 ~ 최고 7,000만원 7. 보험가격지수 : 보험가입금액 3,000만원, 40세, 90세만기, 20년납, 월납 8. 적용이율 : 10년 이하 연 복리 3.00%, 10년 초과 연 복리 1.5%",1566-0999,,,,
교보라이프플래닛,"(무)교보라플안심보험(상해보장형, 표준형) (월납)",주계약,안심보장플러스 재해사망보험금,피보험자가 안심보장플러스 보험기간 중 안심보장플러스 보장개시일 이후에 재해 분류표에서 정한 재해를 원인으로 사망하였을 때,안심보장플러스 보장금액의 100%,"3,000만원","528,000 원","282,000 원",3.00 %,비갱신형,방카슈랑스,2026-04-01,"1. 가입나이 : 만 19세 ~ 최대 65세 2. 보험기간 : 90세/100세/110세만기 3. 보험료 예시 기준 : 보험가입금액 3,000만원, 40세, 90세만기, 20년납, 월납 4. 보험료 납입기간 : 5년/7년/10년/15년/20년납 5. 보험료 납입주기 : 월납 6. 가입한도 : 보험가입금액 최저 10만원 ~ 최고 7,000만원 7. 보험가격지수 : 보험가입금액 3,000만원, 40세, 90세만기, 20년납, 월납 8. 적용이율 : 10년 이하 연 복리 3.00%, 10년 초과 연 복리 1.5%",1566-0999,file_25.xls,교보라이프플래닛생명,"(무)교보라플안심보험(상해보장형, 표준형)",주계약,안심보장플러스 재해사망보험금,피보험자가 안심보장플러스 보험기간 중 안심보장플러스 보장개시일 이후에 재해 분류표에서 정한 재해를 원인으로 사망하였을 때,안심보장플러스 보장금액의 100%,"3,000만원",528000  원,"282,000  원",3.00 %,-,-,109.9 %,1043.9 %,-,-,-,-,보험기간(1년 초과),순수보장,비갱신형,비유니버셜,방카슈랑스,2026-04-01,"1. 가입나이 : 만 19세 ~ 최대 65세 2. 보험기간 : 90세/100세/110세만기 3. 보험료 예시 기준 : 보험가입금액 3,000만원, 40세, 90세만기, 20년납, 월납 4. 보험료 납입기간 : 5년/7년/10년/15년/20년납 5. 보험료 납입주기 : 월납 6. 가입한도 : 보험가입금액 최저 10만원 ~ 최고 7,000만원 7. 보험가격지수 : 보험가입금액 3,000만원, 40세, 90세만기, 20년납, 월납 8. 적용이율 : 10년 이하 연 복리 3.00%, 10년 초과 연 복리 1.5%",1566-0999,,,,
신한라이프생명,신한SOL다치면속상해보험 mini(무배당) (월납),주계약,재해수술급여금,보험기간 중 피보험자가 재해로 인한 그 직접적인 치료를 목적으로 보험기간 중 수술을 받았을 때(수 술 1회당),【수술 1회당】 10 만원,"1,000 만원 원","12,600 원","8,650 원",2.10 %,비유니버셜,2026-01-01,"1. 보험기간 : 1년/3년 2. 보험형태 : 순수보장형 3. 가입나이 : 15세~70세(디지털채널:19세~ 60세) 4. 1년,3년만기/일시납 으로 운영 5. 보험료 및 보험가격지수 예시 기준 : 가입금액 1,000만원, 1년만기, 일시납, 40세",1588-5580,,file_29.xls,신한라이프생명,신한SOL다치면속상해보험 mini(무배당),주계약,재해수술급여금,보험기간 중 피보험자가 재해로 인한 그 직접적인 치료를 목적으로 보험기간 중 수술을 받았을 때(수 술 1회당),【수술 1회당】 10 만원,"1,000 만원 원",12600  원,"8,650  원",2.10 %,-,-,129.0 %,118.6 %,-,-,-,-,순수보장,비갱신형,비유니버셜,대면채널  CM,2026-01-01,"1. 보험기간 : 1년/3년 2. 보험형태 : 순수보장형 3. 가입나이 : 15세~70세(디지털채널:19세~ 60세) 4. 1년,3년만기/일시납 으로 운영 5. 보험료 및 보험가격지수 예시 기준 : 가입금액 1,000만원, 1년만기, 일시납, 40세",1588-5580,,,,,
신한라이프생명,신한SOL다치면속상해보험 mini(무배당) (월납),주계약,재해골절치료급여금,보험기간 중 피보험자에게 재해가 발생하고 그 재 해를 직접적인 원인으로 보험기간 중 재해골절(치 아파절 제외)로 진단이 확정되었을 때,【골절 1회당】 10 만원,"1,000 만원 원","12,600 원","8,650 원",2.10 %,비유니버셜,2026-01-01,"1. 보험기간 : 1년/3년 2. 보험형태 : 순수보장형 3. 가입나이 : 15세~70세(디지털채널:19세~ 60세) 4. 1년,3년만기/일시납 으로 운영 5. 보험료 및 보험가격지수 예시 기준 : 가입금액 1,000만원, 1년만기, 일시납, 40세",1588-5580,,file_29.xls,신한라이프생명,신한SOL다치면속상해보험 mini(무배당),주계약,재해골절치료급여금,보험기간 중 피보험자에게 재해가 발생하고 그 재 해를 직접적인 원인으로 보험기간 중 재해골절(치 아파절 제외)로 진단이 확정되었을 때,【골절 1회당】 10 만원,"1,000 만원 원",12600  원,"8,650  원",2.10 %,-,-,129.0 %,118.6 %,-,-,-,-,순수보장,비갱신형,비유니버셜,대면채널  CM,2026-01-01,"1. 보험기간 : 1년/3년 2. 보험형태 : 순수보장형 3. 가입나이 : 15세~70세(디지털채널:19세~ 60세) 4. 1년,3년만기/일시납 으로 운영 5. 보험료 및 보험가격지수 예시 기준 : 가입금액 1,000만원, 1년만기, 일시납, 40세",1588-5580,,,,,
신한라이프생명,신한SOL다치면속상해보험 mini(무배당) (월납),주계약,첫날부터재해입원급여금,"보험기간 중 피보험자에게 재해로 인한 그 직접적 인 치료를 목적으로 보험기간 중 1일 이상 계속 입원하였을 때(다만, 1회 입원당 10일 한도)",【입원일수 1일당】 1 만원,"1,000 만원 원","12,600 원","8,650 원",2.10 %,비유니버셜,2026-01-01,"1. 보험기간 : 1년/3년 2. 보험형태 : 순수보장형 3. 가입나이 : 15세~70세(디지털채널:19세~ 60세) 4. 1년,3년만기/일시납 으로 운영 5. 보험료 및 보험가격지수 예시 기준 : 가입금액 1,000만원, 1년만기, 일시납, 40세",1588-5580,,file_29.xls,신한라이프생명,신한SOL다치면속상해보험 mini(무배당),주계약,첫날부터재해입원급여금,"보험기간 중 피보험자에게 재해로 인한 그 직접적 인 치료를 목적으로 보험기간 중 1일 이상 계속 입원하였을 때(다만, 1회 입원당 10일 한도)",【입원일수 1일당】 1 만원,"1,000 만원 원",12600  원,"8,650  원",2.10 %,-,-,129.0 %,118.6 %,-,-,-,-,순수보장,비갱신형,비유니버셜,대면채널  CM,2026-01-01,"1. 보험기간 : 1년/3년 2. 보험형태 : 순수보장형 3. 가입나이 : 15세~70세(디지털채널:19세~ 60세) 4. 1년,3년만기/일시납 으로 운영 5. 보험료 및 보험가격지수 예시 기준 : 가입금액 1,000만원, 1년만기, 일시납, 40세",1588-5580,,,,,
상급병실료차액,질병 또는 상해로 인하여 상급병실에서 입원하여 치료시 상급병실료차액 보험금을 계약일 또는 매년 계약해당일부터 1년 단위로 연간 2천만원 한도 내에서 보상 (월납),주계약,상급병실료차액,질병 또는 상해로 인하여 상급병실에서 입원하여 치료시 상급병실료차액 보험금을 계약일 또는 매년 계약해당일부터 1년 단위로 연간 2천만원 한도 내에서 보상,2000만원 한도,2000만원 한도,,,,비갱신형,,,,,file_30.xls,,,,상급병실료차액,질병 또는 상해로 인하여 상급병실에서 입원하여 치료시 상급병실료차액 보험금을 계약일 또는 매년 계약해당일부터 1년 단위로 연간 2천만원 한도 내에서 보상,2000만원 한도,,,,,,,,,,,,,,,,,,,,,,,,
상급병실료차액,질병 또는 상해로 인하여 상급병실에서 입원하여 치료시 상급병실료차액 보험금을 계약일 또는 매년 계약해당일부터 1년 단위로 연간 2천만원 한도 내에서 보상 (월납),주계약,요양병원의료비,질병 또는 상해로 인하여 요양병원에서 입원 또는 통원하여 치료를 받거나 처방조제를 받은 경우(상급병실료차액 제외) 계약일 또는 매년 계약해당일부터 1년 단위로 연간 5천만원 한도(통원의 경우 회(건)당 최고 100만원 한도) 내에서 보상,5000만원 한도,5000만원 한도,,,,비갱신형,,,,,file_30.xls,,,,요양병원의료비,질병 또는 상해로 인하여 요양병원에서 입원 또는 통원하여 치료를 받거나 처방조제를 받은 경우(상급병실료차액 제외) 계약일 또는 매년 계약해당일부터 1년 단위로 연간 5천만원 한도(통원의 경우 회(건)당 최고 100만원 한도) 내에서 보상,5000만원 한도,,,,,,,,,,,,,,,,,,,,,,,,
,[건강]보험료 납입면제대상(특정상해진단수술) (월납),주계약,[건강]보험료 납입면제대상(특정상해진단수술),보험기간 중 약관에서 정한 중대 화상·부식으로 진단 확정되거나 뇌·내장손상 수술로 보험료 납입면제사유가 발생한 경우 가입금액 지급(최초 1회한),,,,,,비갱신형,,,,,file_43.xls,,,,[건강]보험료 납입면제대상(특정상해진단수술),보험기간 중 약관에서 정한 중대 화상·부식으로 진단 확정되거나 뇌·내장손상 수술로 보험료 납입면제사유가 발생한 경우 가입금액 지급(최초 1회한),,,,,,,,,,,,,,,,,,,,,,,,,
,[건강]보험료 납입면제대상(특정상해진단수술) (월납),주계약,[건강]상해 사망,상해사고로 사망한 경우,,,,,,비갱신형,,,,,file_43.xls,,,,[건강]상해 사망,상해사고로 사망한 경우,,,,,,,,,,,,,,,,,,,,,,,,,
,[건강]보험료 납입면제대상(특정상해진단수술) (월납),주계약,[건강]암 진단비(유사암 제외),"보험기간 중 암(유사암 제외)으로 진단 확정된 경우 가입금액 지급(최초 1회한)※ 유사암은 기타피부암, 갑상선암, 대장점막내암, 제자리암, 경계성종양임",,,,,,비갱신형,,,,,file_43.xls,,,,[건강]암 진단비(유사암 제외),"보험기간 중 암(유사암 제외)으로 진단 확정된 경우 가입금액 지급(최초 1회한)※ 유사암은 기타피부암, 갑상선암, 대장점막내암, 제자리암, 경계성종양임",,,,,,,,,,,,,,,,,,,,,,,,,
,[건강]보험료 납입면제대상(특정상해진단수술) (월납),주계약,[건강]유사암 진단비,"보험기간 중 유사암으로 진단확정된 경우(각각 최초 1회한 지급)※ 유사암은 기타피부암, 갑상선암, 대장점막내암, 제자리암, 경계성종양임",,,,,,비갱신형,,,,,file_43.xls,,,,[건강]유사암 진단비,"보험기간 중 유사암으로 진단확정된 경우(각각 최초 1회한 지급)※ 유사암은 기타피부암, 갑상선암, 대장점막내암, 제자리암, 경계성종양임",,,,,,,,,,,,,,,,,,,,,,,,,
,[건강]보험료 납입면제대상(특정상해진단수술) (월납),주계약,[건강]허혈성심장질환 진단비,보험기간 중 약관에 정한 허혈성심장질환으로 진단 확정된 경우 가입금액 지급(최초 1회한),,,,,,비갱신형,,,,,file_43.xls,,,,[건강]허혈성심장질환 진단비,보험기간 중 약관에 정한 허혈성심장질환으로 진단 확정된 경우 가입금액 지급(최초 1회한),,,,,,,,,,,,,,,,,,,,,,,,,
메리츠화재,(무) 메리츠 상해안심보험2601 (월납),주계약,갱신형·골절진단비Ⅱ,골절로 진단확정되었을때,50만원,50만원,"25,639 원","23,371 원",,비갱신형,,,,,file_47.xls,,메리츠화재,(무) 메리츠 상해안심보험2601,갱신형·골절진단비Ⅱ,골절로 진단확정되었을때,50만원,"25,639","23,371",122.3,124.8,,,,,,,,,,,,,,,,,,,,
메리츠화재,(무) 메리츠 상해안심보험2601 (월납),주계약,갱신형·일반상해80%이상후유장해,상해에서 정한 장해지급률이 80%이상에 해당하는 장해상태가 되었을 때,10000만원,10000만원,,,,비갱신형,,,,,file_47.xls,,,,갱신형·일반상해80%이상후유장해,상해에서 정한 장해지급률이 80%이상에 해당하는 장해상태가 되었을 때,10000만원,,,,,,,,,,,,,,,,,,,,,,,,
메리츠화재,(무) 메리츠 상해안심보험2601 (월납),주계약,갱신형·일반상해사망,상해의 직접결과로써 사망한 경우(질병으로 인한 사망은 제외합니다),,,,,,비갱신형,,,,,file_47.xls,,,,갱신형·일반상해사망,상해의 직접결과로써 사망한 경우(질병으로 인한 사망은 제외합니다),,,,,,,,,,,,,,,,,,,,,,,,,
메리츠화재,(무) 메리츠 상해안심보험2601 (월납),주계약,갱신형·일반상해입원일당(1일이상),상해로 생활기능 또는 업무능력에 지장을 가져와 입원하여 치료를 받은 경우,4만원,4만원,,,,비갱신형,,,,,file_47.xls,,,,갱신형·일반상해입원일당(1일이상),상해로 생활기능 또는 업무능력에 지장을 가져와 입원하여 치료를 받은 경우,4만원,,,,,,,,,,,,,,,,,,,,,,,,
메리츠화재,(무) 메리츠 상해안심보험2601 (월납),주계약,갱신형·통합상해진단비Ⅱ(무사고축하금)(기본계약),"「무사고축하금의 지급시기」까지 약관에서 정한 「특정다빈도상해」, 「화상,부식 및 동상」, 「특정상해손상」, 「특정고심도상해」에 해당하는 보험금 지급사유가 모두 발생하지 않은 경우",5만원,5만원,,,,비갱신형,,,,,file_47.xls,,,,갱신형·통합상해진단비Ⅱ(무사고축하금)(기본계약),"「무사고축하금의 지급시기」까지 약관에서 정한 「특정다빈도상해」, 「화상,부식 및 동상」, 「특정상해손상」, 「특정고심도상해」에 해당하는 보험금 지급사유가 모두 발생하지 않은 경우",5만원,,,,,,,,,,,,,,,,,,,,,,,,
메리츠화재,(무) 메리츠 상해안심보험2601 (월납),주계약,갱신형·통합상해진단비Ⅱ(특정고심도상해진단비(연간1회한))(기본계약),「특정고심도상해」로 진단확정되었을 때,500만원,500만원,,,,비갱신형,,,,,file_47.xls,,,,갱신형·통합상해진단비Ⅱ(특정고심도상해진단비(연간1회한))(기본계약),「특정고심도상해」로 진단확정되었을 때,500만원,,,,,,,,,,,,,,,,,,,,,,,,
메리츠화재,(무) 메리츠 상해안심보험2601 (월납),주계약,갱신형·통합상해진단비Ⅱ(특정다빈도상해진단비(연간5회한))(기본계약),「특정다빈도상해」로 진단확정되었을 때,5만원,5만원,,,,비갱신형,,,,,file_47.xls,,,,갱신형·통합상해진단비Ⅱ(특정다빈도상해진단비(연간5회한))(기본계약),「특정다빈도상해」로 진단확정되었을 때,5만원,,,,,,,,,,,,,,,,,,,,,,,,
메리츠화재,(무) 메리츠 상해안심보험2601 (월납),주계약,갱신형·통합상해진단비Ⅱ(특정상해손상진단비(연간1회한))(기본계약),「특정상해손상」으로 진단확정되었을 때,50만원,50만원,,,,비갱신형,,,,,file_47.xls,,,,갱신형·통합상해진단비Ⅱ(특정상해손상진단비(연간1회한))(기본계약),「특정상해손상」으로 진단확정되었을 때,50만원,,,,,,,,,,,,,,,,,,,,,,,,
메리츠화재,(무) 메리츠 상해안심보험2601 (월납),주계약,"갱신형·통합상해진단비Ⅱ(화상,부식및동상진단비(연간1회한))(기본계약)","「화상,부식 및 동상」으로 진단확정되었을 때",5만원,5만원,,,,비갱신형,,,,,file_47.xls,,,,"갱신형·통합상해진단비Ⅱ(화상,부식및동상진단비(연간1회한))(기본계약)","「화상,부식 및 동상」으로 진단확정되었을 때",5만원,,,,,,,,,,,,,,,,,,,,,,,,
롯데손보,(무) 다쳤을땐 상해보험(2601) (월납),주계약,"상해재활치료비(급여,1일1회,연간30회한)","보험기간 중에 상해의 직접결과로써 병원에 입원 또는 통원하여'상해재활치료(급여)'를 받은 경우 각각 1일 1회에 한하여 보험가입금액 지급※ 단,'입원 상해재활치료(급여)'와'통원 상해재활치료(급여)'를 합산하여 연간 30회한도로 보장합니다.",보험가입금액,보험가입금액,"12,991 원","10,281 원",,비갱신형,,,,,file_47.xls,,롯데손보,(무) 다쳤을땐 상해보험(2601),"상해재활치료비(급여,1일1회,연간30회한)","보험기간 중에 상해의 직접결과로써 병원에 입원 또는 통원하여'상해재활치료(급여)'를 받은 경우 각각 1일 1회에 한하여 보험가입금액 지급※ 단,'입원 상해재활치료(급여)'와'통원 상해재활치료(급여)'를 합산하여 연간 30회한도로 보장합니다.",보험가입금액,"12,991","10,281",114.8,114.5,,,,,,,,,,,,,,,,,,,,
롯데손보,(무) 다쳤을땐 상해보험(2601) (월납),주계약,상해흉터복원수술비,"상해로 병원 또는 의원 등에서 치료를 받고 그 직접적인 결과로 인하여 안면부, 상지, 하지에 외형상의 반흔이나 추상장해, 신체의 기형이나 기능장해가 발생하여 그 원상회복을 목적으로 상해 발생일로부터 2년내에 성형외과 전문의로부터 성형수술을 받은 경우 다음 금액 지급 (하나의 상해에 대하여 500만원 한도) 1. 안면부 : 수술 1cm당 14만원 2. 상지, 하지 : 수술 1cm당 7만원(단, 3cm이상의 경우에 한함)",,,,,,비갱신형,,,,,file_47.xls,,,,상해흉터복원수술비,"상해로 병원 또는 의원 등에서 치료를 받고 그 직접적인 결과로 인하여 안면부, 상지, 하지에 외형상의 반흔이나 추상장해, 신체의 기형이나 기능장해가 발생하여 그 원상회복을 목적으로 상해 발생일로부터 2년내에 성형외과 전문의로부터 성형수술을 받은 경우 다음 금액 지급 (하나의 상해에 대하여 500만원 한도) 1. 안면부 : 수술 1cm당 14만원 2. 상지, 하지 : 수술 1cm당 7만원(단, 3cm이상의 경우에 한함)",,,,,,,,,,,,,,,,,,,,,,,,,
롯데손보,(무) 다쳤을땐 상해보험(2601) (월납),주계약,"창상봉합술(3/5cm미만)치료비(급여,1일1회,연간3회한)","보험기간 중에 상해의 직접결과로써 그 치료를 목적으로 창상봉합술(3/5cm미만,급여)을 받은 경우 1일 1회, 연간 3회에 한하여 보험가입금액 지급※ (지급기준) 창상봉합술(안면/경부) : 표재성 3cm 미만, 창상봉합술(안면/경부 외) : 표재성 5cm미만",,,,,,비갱신형,,,,,file_47.xls,,,,"창상봉합술(3/5cm미만)치료비(급여,1일1회,연간3회한)","보험기간 중에 상해의 직접결과로써 그 치료를 목적으로 창상봉합술(3/5cm미만,급여)을 받은 경우 1일 1회, 연간 3회에 한하여 보험가입금액 지급※ (지급기준) 창상봉합술(안면/경부) : 표재성 3cm 미만, 창상봉합술(안면/경부 외) : 표재성 5cm미만",,,,,,,,,,,,,,,,,,,,,,,,,
롯데손보,(무) 다쳤을땐 상해보험(2601) (월납),주계약,"창상봉합술(3/5cm이상)치료비(급여,1일1회,연간3회한)","보험기간 중에 상해의 직접결과로써 그 치료를 목적으로 창상봉합술(3/5cm이상,급여)을 받은 경우 1일 1회, 연간 3회에 한하여 보험가입금액 지급※ (지급기준) 창상봉합술(안면/경부) : 3cm이상 또는 근육에 달하는 것, 창상봉합술(안면/경부 외) : 5cm이상 또는 근육에 달하는 것",,,,,,비갱신형,,,,,file_47.xls,,,,"창상봉합술(3/5cm이상)치료비(급여,1일1회,연간3회한)","보험기간 중에 상해의 직접결과로써 그 치료를 목적으로 창상봉합술(3/5cm이상,급여)을 받은 경우 1일 1회, 연간 3회에 한하여 보험가입금액 지급※ (지급기준) 창상봉합술(안면/경부) : 3cm이상 또는 근육에 달하는 것, 창상봉합술(안면/경부 외) : 5cm이상 또는 근육에 달하는 것",,,,,,,,,,,,,,,,,,,,,,,,,
롯데손보,(무) 다쳤을땐 상해보험(2601) (월납),주계약,"창상봉합술(안면/경부,3cm이상)치료비(급여,1일1회,연간3회한)","보험기간 중에 상해의 직접결과로써 그 치료를 목적으로 창상봉합술(안면/경부,3cm이상,급여)을 받은 경우 1일 1회, 연간 3회에 한하여 보험가입금액 지급※ (지급기준) 창상봉합술(안면/경부) : 3cm이상 또는 근육에 달하는 것",,,,,,비갱신형,,,,,file_47.xls,,,,"창상봉합술(안면/경부,3cm이상)치료비(급여,1일1회,연간3회한)","보험기간 중에 상해의 직접결과로써 그 치료를 목적으로 창상봉합술(안면/경부,3cm이상,급여)을 받은 경우 1일 1회, 연간 3회에 한하여 보험가입금액 지급※ (지급기준) 창상봉합술(안면/경부) : 3cm이상 또는 근육에 달하는 것",,,,,,,,,,,,,,,,,,,,,,,,,
롯데손보,(무) 다쳤을땐 상해보험(2601) (월납),주계약,"통합상해진단비Ⅱ(머리및목,복부및등의경증상해진단비(연간1회한)보장)","보험기간 중에 상해의 직접결과로써 제2항에서 정한'통합상해사고Ⅱ'로 진단확정된 경우, 약관에 표기된 구분 및 부위별로 연간1회에 한하여 통합상해진단비Ⅱ를 지급",,,,,,비갱신형,,,,,file_47.xls,,,,"통합상해진단비Ⅱ(머리및목,복부및등의경증상해진단비(연간1회한)보장)","보험기간 중에 상해의 직접결과로써 제2항에서 정한'통합상해사고Ⅱ'로 진단확정된 경우, 약관에 표기된 구분 및 부위별로 연간1회에 한하여 통합상해진단비Ⅱ를 지급",,,,,,,,,,,,,,,,,,,,,,,,,
롯데손보,(무) 다쳤을땐 상해보험(2601) (월납),주계약,"통합상해진단비Ⅱ(머리및목,복부및등의중등증상해진단비(연간1회한)보장)",,,,,,,비갱신형,,,,,file_47.xls,,,,"통합상해진단비Ⅱ(머리및목,복부및등의중등증상해진단비(연간1회한)보장)",,,,,,,,,,,,,,,,,,,,,,,,,,
롯데손보,(무) 다쳤을땐 상해보험(2601) (월납),주계약,"통합상해진단비Ⅱ(머리및목,복부및등의중증상해진단비(연간1회한)보장)",,,,,,,비갱신형,,,,,file_47.xls,,,,"통합상해진단비Ⅱ(머리및목,복부및등의중증상해진단비(연간1회한)보장)",,,,,,,,,,,,,,,,,,,,,,,,,,
롯데손보,(무) 다쳤을땐 상해보험(2601) (월납),주계약,"통합상해진단비Ⅱ(사지및엉덩이,기타경증상해진단비(연간1회한)보장)",,,,,,,비갱신형,,,,,file_47.xls,,,,"통합상해진단비Ⅱ(사지및엉덩이,기타경증상해진단비(연간1회한)보장)",,,,,,,,,,,,,,,,,,,,,,,,,,
롯데손보,(무) 다쳤을땐 상해보험(2601) (월납),주계약,"통합상해진단비Ⅱ(사지및엉덩이,기타중등증상해진단비(연간1회한)보장)",,,,,,,비갱신형,,,,,file_47.xls,,,,"통합상해진단비Ⅱ(사지및엉덩이,기타중등증상해진단비(연간1회한)보장)",,,,,,,,,,,,,,,,,,,,,,,,,,
롯데손보,(무) 다쳤을땐 상해보험(2601) (월납),주계약,"통합상해진단비Ⅱ(사지및엉덩이,기타중증상해진단비(연간1회한)",,,,,,,비갱신형,,,,,file_47.xls,,,,"통합상해진단비Ⅱ(사지및엉덩이,기타중증상해진단비(연간1회한)",,,,,,,,,,,,,,,,,,,,,,,,,,
롯데손보,(무) let:care 상해보험(2601) (월납),주계약,급성심근경색증진단비,급성심근경색증으로 진단확정된 경우,"보험가입금액(단, 계약일로부터 경과기간 1년 미만시 보험가입금액의 50%)","보험가입금액(단, 계약일로부터 경과기간 1년 미만시 보험가입금액의 50%)","15,276 원","16,204 원",,비갱신형,,,,,file_47.xls,,롯데손보,(무) let:care 상해보험(2601),급성심근경색증진단비,급성심근경색증으로 진단확정된 경우,"보험가입금액(단, 계약일로부터 경과기간 1년 미만시 보험가입금액의 50%)","15,276","16,204",89.7,93.1,,,,,,,,,,,,,,,,,,,,
롯데손보,(무) let:care 상해보험(2601) (월납),주계약,뇌졸중진단비,뇌졸중으로 진단확정된 경우,,,,,,비갱신형,,,,,file_47.xls,,,,뇌졸중진단비,뇌졸중으로 진단확정된 경우,,,,,,,,,,,,,,,,,,,,,,,,,
롯데손보,(무) let:care 상해보험(2601) (월납),주계약,상해80%이상후유장해,상해로 장해분류표에서 정한 80%이상 장해 지급률에 해당하는 장해상태가 된 경우,보험가입금액,보험가입금액,,,,비갱신형,,,,,file_47.xls,,,,상해80%이상후유장해,상해로 장해분류표에서 정한 80%이상 장해 지급률에 해당하는 장해상태가 된 경우,보험가입금액,,,,,,,,,,,,,,,,,,,,,,,,
롯데손보,(무) let:care 상해보험(2601) (월납),주계약,상해사망,상해의 직접결과로써 사망한 경우,,,,,,비갱신형,,,,,file_47.xls,,,,상해사망,상해의 직접결과로써 사망한 경우,,,,,,,,,,,,,,,,,,,,,,,,,
롯데손보,(무) let:care 상해보험(2601) (월납),주계약,암진단비,"일반암, 갑상선암, 기타피부암, 제자리암 또는 경계성종양으로 진단확정된 경우(각1회한)","일반암 : 보험가입금액(단, 계약일로부터 경과기간 1년 미만시 보험가입금액의 50%)갑상선암,기타피부암,제자리암 또는 경계성종양 : 보험가입금액의 10%(단, 계약일로부터 경과기간 1년 미만시 보험가입금액의 5%)","일반암 : 보험가입금액(단, 계약일로부터 경과기간 1년 미만시 보험가입금액의 50%)갑상선암,기타피부암,제자리암 또는 경계성종양 : 보험가입금액의 10%(단, 계약일로부터 경과기간 1년 미만시 보험가입금액의 5%)",,,,비갱신형,,,,,file_47.xls,,,,암진단비,"일반암, 갑상선암, 기타피부암, 제자리암 또는 경계성종양으로 진단확정된 경우(각1회한)","일반암 : 보험가입금액(단, 계약일로부터 경과기간 1년 미만시 보험가입금액의 50%)갑상선암,기타피부암,제자리암 또는 경계성종양 : 보험가입금액의 10%(단, 계약일로부터 경과기간 1년 미만시 보험가입금액의 5%)",,,,,,,,,,,,,,,,,,,,,,,,
롯데손보,(무) let:care 상해보험(2601) (월납),주계약,질병사망,질병으로 인하여 사망한 경우,보험가입금액,보험가입금액,,,,비갱신형,,,,,file_47.xls,,,,질병사망,질병으로 인하여 사망한 경우,보험가입금액,,,,,,,,,,,,,,,,,,,,,,,,
롯데손보,(무) let:care 생활상해종합보험(주택플러스)(2602) (월납),주계약,상급종합병원 상해입원비(1일-180일),상해로 상급종합병원에 입원하여 치료를 받은 경우 1일당 보험가입금액 지급 (보험금 지급 일수는 1회 입원당 180일 한도),보험가입금액,보험가입금액,"8,911 원","6,823 원",,비갱신형,,,,,file_47.xls,,롯데손보,(무) let:care 생활상해종합보험(주택플러스)(2602),상급종합병원 상해입원비(1일-180일),상해로 상급종합병원에 입원하여 치료를 받은 경우 1일당 보험가입금액 지급 (보험금 지급 일수는 1회 입원당 180일 한도),보험가입금액,"8,911","6,823",134,135.8,,,,,,,,,,,,,,,,,,,,
롯데손보,(무) let:care 생활상해종합보험(주택플러스)(2602) (월납),주계약,상해50%이상후유장해,상해사고로 50%이상 후유장해가 발생한 경우 보험금 지급사유 발생일 1년 후부터 20년간 매년 보험가입금액 지급(최초1회한),,,,,,비갱신형,,,,,file_47.xls,,,,상해50%이상후유장해,상해사고로 50%이상 후유장해가 발생한 경우 보험금 지급사유 발생일 1년 후부터 20년간 매년 보험가입금액 지급(최초1회한),,,,,,,,,,,,,,,,,,,,,,,,,
롯데손보,(무) let:care 생활상해종합보험(주택플러스)(2602) (월납),주계약,상해80%이상후유장해,상해사고로 80%이상 후유장해가 발생한 경우 최초 1회한 보험가입금액 지급,,,,,,비갱신형,,,,,file_47.xls,,,,상해80%이상후유장해,상해사고로 80%이상 후유장해가 발생한 경우 최초 1회한 보험가입금액 지급,,,,,,,,,,,,,,,,,,,,,,,,,
롯데손보,(무) let:care 생활상해종합보험(주택플러스)(2602) (월납),주계약,상해사망,상해의 직접결과로써 사망한 경우,,,,,,비갱신형,,,,,file_47.xls,,,,상해사망,상해의 직접결과로써 사망한 경우,,,,,,,,,,,,,,,,,,,,,,,,,
롯데손보,(무) let:care 생활상해종합보험(주택플러스)(2602) (월납),주계약,상해입원비(1일-180일),상해사고로 병원에 입원하여 치료를 받은 경우 입원 1일당 보험가입금액 지급 (보험금 지급일수는 1회 입원당 180일 한도),,,,,,비갱신형,,,,,file_47.xls,,,,상해입원비(1일-180일),상해사고로 병원에 입원하여 치료를 받은 경우 입원 1일당 보험가입금액 지급 (보험금 지급일수는 1회 입원당 180일 한도),,,,,,,,,,,,,,,,,,,,,,,,,
롯데손보,(무) let:care 생활상해종합보험(주택플러스)(2602) (월납),주계약,화재벌금,"형법 제170조(실화) 혹은 동법 제171조(업무상실화, 중실화)에 따른 벌금형이 확정판결된 경우 ▶형법 제170조: 1,500만원한도, 형법 제171조: 2,000만원 한도로 실손보상",,,,,,비갱신형,,,,,file_47.xls,,,,화재벌금,"형법 제170조(실화) 혹은 동법 제171조(업무상실화, 중실화)에 따른 벌금형이 확정판결된 경우 ▶형법 제170조: 1,500만원한도, 형법 제171조: 2,000만원 한도로 실손보상",,,,,,,,,,,,,,,,,,,,,,,,,
롯데손보,(무) let:care 생활상해종합보험(주택플러스)(2602) (월납),주계약,뇌혈관질환진단비Ⅱ(추가고지형),뇌혈관질환으로 진단확정시,"보험가입금액(비갱신형 및 갱신형(최초계약) 90일미만 10%, 1년 미만 50%)","보험가입금액(비갱신형 및 갱신형(최초계약) 90일미만 10%, 1년 미만 50%)","147,170 원","109,340 원",,비갱신형,,,,,file_47.xls,,흥국화재,무배당 흥Good 고당지 3.10.5 간편종합보험(26.02)_(1종)(납입후 해약환급금지급형의 50‰지급형),뇌혈관질환진단비Ⅱ(추가고지형),뇌혈관질환으로 진단확정시,"보험가입금액(비갱신형 및 갱신형(최초계약) 90일미만 10%, 1년 미만 50%)","147,170","109,340",81.6,86.4,,,,,,,,,,,,,,,,,,,,
롯데손보,(무) let:care 생활상해종합보험(주택플러스)(2602) (월납),주계약,암진단비(유사암제외)(추가고지형),암(유사암제외)로 진단확정시(암 보장개시일 이후),보험가입금액(비갱신형 및 갱신형(최초계약) 1년 미만 50%),보험가입금액(비갱신형 및 갱신형(최초계약) 1년 미만 50%),,,,비갱신형,,,,,file_47.xls,,,,암진단비(유사암제외)(추가고지형),암(유사암제외)로 진단확정시(암 보장개시일 이후),보험가입금액(비갱신형 및 갱신형(최초계약) 1년 미만 50%),,,,,,,,,,,,,,,,,,,,,,,,
롯데손보,(무) let:care 생활상해종합보험(주택플러스)(2602) (월납),주계약,일반상해사망(추가고지형),일반상해로 사망시,보험가입금액,보험가입금액,,,,비갱신형,,,,,file_47.xls,,,,일반상해사망(추가고지형),일반상해로 사망시,보험가입금액,,,,,,,,,,,,,,,,,,,,,,,,
롯데손보,(무) let:care 생활상해종합보험(주택플러스)(2602) (월납),주계약,항암방사선약물치료비(추가고지형),암등으로 진단 확정되고 그 치료를 목적으로 항암방사선치료 또는 항암약물치료를 받은 경우,"암: 보험가입금액(1년미만 50%)갑상선암, 기타피부암: 보험가입금액의 20%(1년 미만 50%)","암: 보험가입금액(1년미만 50%)갑상선암, 기타피부암: 보험가입금액의 20%(1년 미만 50%)",,,,비갱신형,,,,,file_47.xls,,,,항암방사선약물치료비(추가고지형),암등으로 진단 확정되고 그 치료를 목적으로 항암방사선치료 또는 항암약물치료를 받은 경우,"암: 보험가입금액(1년미만 50%)갑상선암, 기타피부암: 보험가입금액의 20%(1년 미만 50%)",,,,,,,,,,,,,,,,,,,,,,,,
롯데손보,(무) let:care 생활상해종합보험(주택플러스)(2602) (월납),주계약,허혈성심질환진단비Ⅱ(추가고지형),허혈성심질환으로 진단확정시,"보험가입금액(비갱신형 및 갱신형(최초계약) 90일미만 10%, 1년 미만 50%)","보험가입금액(비갱신형 및 갱신형(최초계약) 90일미만 10%, 1년 미만 50%)",,,,비갱신형,,,,,file_47.xls,,,,허혈성심질환진단비Ⅱ(추가고지형),허혈성심질환으로 진단확정시,"보험가입금액(비갱신형 및 갱신형(최초계약) 90일미만 10%, 1년 미만 50%)",,,,,,,,,,,,,,,,,,,,,,,,
롯데손보,(무) let:care 생활상해종합보험(주택플러스)(2602) (월납),주계약,뇌혈관질환진단비Ⅱ(추가고지형),뇌혈관질환으로 진단확정시,"보험가입금액(비갱신형 및 갱신형(최초계약) 90일미만 10%, 1년 미만 50%)","보험가입금액(비갱신형 및 갱신형(최초계약) 90일미만 10%, 1년 미만 50%)","173,130 원","127,940 원",,비갱신형,,,,,file_47.xls,,흥국화재,무배당 흥Good 고당지 3.10.5 간편종합보험(26.02)_(1종)(해약환급금지급형),뇌혈관질환진단비Ⅱ(추가고지형),뇌혈관질환으로 진단확정시,"보험가입금액(비갱신형 및 갱신형(최초계약) 90일미만 10%, 1년 미만 50%)","173,130","127,940",80.2,84.3,,,,,,,,,,,,,,,,,,,,
롯데손보,(무) let:care 생활상해종합보험(주택플러스)(2602) (월납),주계약,암진단비(유사암제외)(추가고지형),암(유사암제외)로 진단확정시(암 보장개시일 이후),보험가입금액(비갱신형 및 갱신형(최초계약) 1년 미만 50%),보험가입금액(비갱신형 및 갱신형(최초계약) 1년 미만 50%),,,,비갱신형,,,,,file_47.xls,,,,암진단비(유사암제외)(추가고지형),암(유사암제외)로 진단확정시(암 보장개시일 이후),보험가입금액(비갱신형 및 갱신형(최초계약) 1년 미만 50%),,,,,,,,,,,,,,,,,,,,,,,,
롯데손보,(무) let:care 생활상해종합보험(주택플러스)(2602) (월납),주계약,일반상해사망(추가고지형),일반상해로 사망시,보험가입금액,보험가입금액,,,,비갱신형,,,,,file_47.xls,,,,일반상해사망(추가고지형),일반상해로 사망시,보험가입금액,,,,,,,,,,,,,,,,,,,,,,,,
롯데손보,(무) let:care 생활상해종합보험(주택플러스)(2602) (월납),주계약,항암방사선약물치료비(추가고지형),암등으로 진단 확정되고 그 치료를 목적으로 항암방사선치료 또는 항암약물치료를 받은 경우,"암: 보험가입금액(1년미만 50%)갑상선암, 기타피부암: 보험가입금액의 20%(1년 미만 50%)","암: 보험가입금액(1년미만 50%)갑상선암, 기타피부암: 보험가입금액의 20%(1년 미만 50%)",,,,비갱신형,,,,,file_47.xls,,,,항암방사선약물치료비(추가고지형),암등으로 진단 확정되고 그 치료를 목적으로 항암방사선치료 또는 항암약물치료를 받은 경우,"암: 보험가입금액(1년미만 50%)갑상선암, 기타피부암: 보험가입금액의 20%(1년 미만 50%)",,,,,,,,,,,,,,,,,,,,,,,,
롯데손보,(무) let:care 생활상해종합보험(주택플러스)(2602) (월납),주계약,허혈성심질환진단비Ⅱ(추가고지형),허혈성심질환으로 진단확정시,"보험가입금액(비갱신형 및 갱신형(최초계약) 90일미만 10%, 1년 미만 50%)","보험가입금액(비갱신형 및 갱신형(최초계약) 90일미만 10%, 1년 미만 50%)",,,,비갱신형,,,,,file_47.xls,,,,허혈성심질환진단비Ⅱ(추가고지형),허혈성심질환으로 진단확정시,"보험가입금액(비갱신형 및 갱신형(최초계약) 90일미만 10%, 1년 미만 50%)",,,,,,,,,,,,,,,,,,,,,,,,
롯데손보,(무) let:care 생활상해종합보험(주택플러스)(2602) (월납),주계약,뇌혈관질환진단비Ⅱ(추가고지형),뇌혈관질환으로 진단확정시,"보험가입금액(비갱신형 및 갱신형(최초계약) 90일 미만 10%, 1년 미만 50%)","보험가입금액(비갱신형 및 갱신형(최초계약) 90일 미만 10%, 1년 미만 50%)","104,830 원","77,750 원",,비갱신형,,,,,file_47.xls,,흥국화재,무배당 흥Good 고당지 3.10.5 간편종합보험(26.02)_(2종)(20년갱신형)(해약환급금지급형),뇌혈관질환진단비Ⅱ(추가고지형),뇌혈관질환으로 진단확정시,"보험가입금액(비갱신형 및 갱신형(최초계약) 90일 미만 10%, 1년 미만 50%)","104,830","77,750",82.2,88.8,,,,,,,,,,,,,,,,,,,,
롯데손보,(무) let:care 생활상해종합보험(주택플러스)(2602) (월납),주계약,암진단비(유사암제외)(추가고지형),암(유사암제외)로 진단확정시(암 보장개시일 이후),보험가입금액(비갱신형 및 갱신형(최초계약) 1년 미만 50%),보험가입금액(비갱신형 및 갱신형(최초계약) 1년 미만 50%),,,,비갱신형,,,,,file_47.xls,,,,암진단비(유사암제외)(추가고지형),암(유사암제외)로 진단확정시(암 보장개시일 이후),보험가입금액(비갱신형 및 갱신형(최초계약) 1년 미만 50%),,,,,,,,,,,,,,,,,,,,,,,,
롯데손보,(무) let:care 생활상해종합보험(주택플러스)(2602) (월납),주계약,일반상해사망(추가고지형),일반상해로 사망시,보험가입금액,보험가입금액,,,,비갱신형,,,,,file_47.xls,,,,일반상해사망(추가고지형),일반상해로 사망시,보험가입금액,,,,,,,,,,,,,,,,,,,,,,,,
롯데손보,(무) let:care 생활상해종합보험(주택플러스)(2602) (월납),주계약,항암방사선약물치료비(추가고지형),암등으로 진단 확정되고 그 치료를 목적으로 항암방사선치료 또는 항암약물치료를 받은 경우,"암: 보험가입금액(1년미만 50%)갑상선암, 기타피부암: 보험가입금액의 20%(1년 미만 50%)","암: 보험가입금액(1년미만 50%)갑상선암, 기타피부암: 보험가입금액의 20%(1년 미만 50%)",,,,비갱신형,,,,,file_47.xls,,,,항암방사선약물치료비(추가고지형),암등으로 진단 확정되고 그 치료를 목적으로 항암방사선치료 또는 항암약물치료를 받은 경우,"암: 보험가입금액(1년미만 50%)갑상선암, 기타피부암: 보험가입금액의 20%(1년 미만 50%)",,,,,,,,,,,,,,,,,,,,,,,,
롯데손보,(무) let:care 생활상해종합보험(주택플러스)(2602) (월납),주계약,허혈성심질환진단비Ⅱ(추가고지형),허혈성심질환으로 진단확정시,"보험가입금액(비갱신형 및 갱신형(최초계약) 90일 미만 10%, 1년 미만 50%)","보험가입금액(비갱신형 및 갱신형(최초계약) 90일 미만 10%, 1년 미만 50%)",,,,비갱신형,,,,,file_47.xls,,,,허혈성심질환진단비Ⅱ(추가고지형),허혈성심질환으로 진단확정시,"보험가입금액(비갱신형 및 갱신형(최초계약) 90일 미만 10%, 1년 미만 50%)",,,,,,,,,,,,,,,,,,,,,,,,
롯데손보,(무) let:care 생활상해종합보험(주택플러스)(2602) (월납),주계약,뇌혈관질환진단비Ⅱ(추가고지형),뇌혈관질환으로 진단확정시,"보험가입금액(비갱신형 및 갱신형(최초계약) 90일 미만 10%, 1년 미만 50%)","보험가입금액(비갱신형 및 갱신형(최초계약) 90일 미만 10%, 1년 미만 50%)","93,170 원","69,380 원",,비갱신형,,,,,file_47.xls,,흥국화재,무배당 흥Good 고당지 3.10.5 간편종합보험(26.02)_(2종)(해약환급금미지급형),뇌혈관질환진단비Ⅱ(추가고지형),뇌혈관질환으로 진단확정시,"보험가입금액(비갱신형 및 갱신형(최초계약) 90일 미만 10%, 1년 미만 50%)","93,170","69,380",79.9,86.8,,,,,,,,,,,,,,,,,,,,
롯데손보,(무) let:care 생활상해종합보험(주택플러스)(2602) (월납),주계약,암진단비(유사암제외)(추가고지형),암(유사암제외)로 진단확정시(암 보장개시일 이후),보험가입금액(비갱신형 및 갱신형(최초계약) 1년 미만 50%),보험가입금액(비갱신형 및 갱신형(최초계약) 1년 미만 50%),,,,비갱신형,,,,,file_47.xls,,,,암진단비(유사암제외)(추가고지형),암(유사암제외)로 진단확정시(암 보장개시일 이후),보험가입금액(비갱신형 및 갱신형(최초계약) 1년 미만 50%),,,,,,,,,,,,,,,,,,,,,,,,
롯데손보,(무) let:care 생활상해종합보험(주택플러스)(2602) (월납),주계약,일반상해사망(추가고지형),일반상해로 사망시,보험가입금액,보험가입금액,,,,비갱신형,,,,,file_47.xls,,,,일반상해사망(추가고지형),일반상해로 사망시,보험가입금액,,,,,,,,,,,,,,,,,,,,,,,,
롯데손보,(무) let:care 생활상해종합보험(주택플러스)(2602) (월납),주계약,항암방사선약물치료비(추가고지형),암등으로 진단 확정되고 그 치료를 목적으로 항암방사선치료 또는 항암약물치료를 받은 경우,"암: 보험가입금액(1년미만 50%)갑상선암, 기타피부암: 보험가입금액의 20%(1년 미만 50%)","암: 보험가입금액(1년미만 50%)갑상선암, 기타피부암: 보험가입금액의 20%(1년 미만 50%)",,,,비갱신형,,,,,file_47.xls,,,,항암방사선약물치료비(추가고지형),암등으로 진단 확정되고 그 치료를 목적으로 항암방사선치료 또는 항암약물치료를 받은 경우,"암: 보험가입금액(1년미만 50%)갑상선암, 기타피부암: 보험가입금액의 20%(1년 미만 50%)",,,,,,,,,,,,,,,,,,,,,,,,
롯데손보,(무) let:care 생활상해종합보험(주택플러스)(2602) (월납),주계약,허혈성심질환진단비Ⅱ(추가고지형),허혈성심질환으로 진단확정시,"보험가입금액(비갱신형 및 갱신형(최초계약) 90일 미만 10%, 1년 미만 50%)","보험가입금액(비갱신형 및 갱신형(최초계약) 90일 미만 10%, 1년 미만 50%)",,,,비갱신형,,,,,file_47.xls,,,,허혈성심질환진단비Ⅱ(추가고지형),허혈성심질환으로 진단확정시,"보험가입금액(비갱신형 및 갱신형(최초계약) 90일 미만 10%, 1년 미만 50%)",,,,,,,,,,,,,,,,,,,,,,,,
롯데손보,(무) let:care 생활상해종합보험(주택플러스)(2602) (월납),주계약,뇌혈관질환진단비Ⅱ,뇌혈관질환으로 진단확정시,"보험가입금액(비갱신형 및 갱신형(최초계약) 90일미만 10%, 1년 미만 50%)","보험가입금액(비갱신형 및 갱신형(최초계약) 90일미만 10%, 1년 미만 50%)","140,720 원","93,740 원",,비갱신형,,,,,file_47.xls,,흥국화재,무배당 흥Good 든든한 3N5 간편종합보험(26.03)_(1종)(일반심사형)(해약환급금지급형),뇌혈관질환진단비Ⅱ,뇌혈관질환으로 진단확정시,"보험가입금액(비갱신형 및 갱신형(최초계약) 90일미만 10%, 1년 미만 50%)","140,720","93,740",76.6,76,,,,,,,,,,,,,,,,,,,,
롯데손보,(무) let:care 생활상해종합보험(주택플러스)(2602) (월납),주계약,암진단비(유사암제외),암(유사암제외)로 진단확정시(암 보장개시일 이후),보험가입금액(비갱신형 및 갱신형(최초계약) 1년 미만 50%),보험가입금액(비갱신형 및 갱신형(최초계약) 1년 미만 50%),,,,비갱신형,,,,,file_47.xls,,,,암진단비(유사암제외),암(유사암제외)로 진단확정시(암 보장개시일 이후),보험가입금액(비갱신형 및 갱신형(최초계약) 1년 미만 50%),,,,,,,,,,,,,,,,,,,,,,,,
롯데손보,(무) let:care 생활상해종합보험(주택플러스)(2602) (월납),주계약,일반상해사망,일반상해로 사망시,보험가입금액,보험가입금액,,,,비갱신형,,,,,file_47.xls,,,,일반상해사망,일반상해로 사망시,보험가입금액,,,,,,,,,,,,,,,,,,,,,,,,
롯데손보,(무) let:care 생활상해종합보험(주택플러스)(2602) (월납),주계약,항암방사선약물치료비,암등으로 진단 확정되고 그 치료를 목적으로 항암방사선치료 또는 항암약물치료를 받은 경우,"암: 보험가입금액(1년미만 50%)갑상선암, 기타피부암: 보험가입금액의 20%(1년 미만 50%)","암: 보험가입금액(1년미만 50%)갑상선암, 기타피부암: 보험가입금액의 20%(1년 미만 50%)",,,,비갱신형,,,,,file_47.xls,,,,항암방사선약물치료비,암등으로 진단 확정되고 그 치료를 목적으로 항암방사선치료 또는 항암약물치료를 받은 경우,"암: 보험가입금액(1년미만 50%)갑상선암, 기타피부암: 보험가입금액의 20%(1년 미만 50%)",,,,,,,,,,,,,,,,,,,,,,,,
롯데손보,(무) let:care 생활상해종합보험(주택플러스)(2602) (월납),주계약,허혈성심질환진단비Ⅱ,허혈성심질환으로 진단확정시,"보험가입금액(비갱신형 및 갱신형(최초계약) 90일미만 10%, 1년 미만 50%)","보험가입금액(비갱신형 및 갱신형(최초계약) 90일미만 10%, 1년 미만 50%)",,,,비갱신형,,,,,file_47.xls,,,,허혈성심질환진단비Ⅱ,허혈성심질환으로 진단확정시,"보험가입금액(비갱신형 및 갱신형(최초계약) 90일미만 10%, 1년 미만 50%)",,,,,,,,,,,,,,,,,,,,,,,,
롯데손보,(무) let:care 생활상해종합보험(주택플러스)(2602) (월납),주계약,뇌혈관질환진단비Ⅱ,뇌혈관질환으로 진단확정시,"보험가입금액(비갱신형 및 갱신형(최초계약) 90일미만 10%, 1년 미만 50%)","보험가입금액(비갱신형 및 갱신형(최초계약) 90일미만 10%, 1년 미만 50%)","119,620 원","80,220 원",,비갱신형,,,,,file_47.xls,,흥국화재,무배당 흥Good 든든한 3N5 간편종합보험(26.03)_(1종)(일반심사형)(납입후 해약환급금지급형의 50‰지급형),뇌혈관질환진단비Ⅱ,뇌혈관질환으로 진단확정시,"보험가입금액(비갱신형 및 갱신형(최초계약) 90일미만 10%, 1년 미만 50%)","119,620","80,220",77.8,77.8,,,,,,,,,,,,,,,,,,,,
롯데손보,(무) let:care 생활상해종합보험(주택플러스)(2602) (월납),주계약,암진단비(유사암제외),암(유사암제외)로 진단확정시(암 보장개시일 이후),보험가입금액(비갱신형 및 갱신형(최초계약) 1년 미만 50%),보험가입금액(비갱신형 및 갱신형(최초계약) 1년 미만 50%),,,,비갱신형,,,,,file_47.xls,,,,암진단비(유사암제외),암(유사암제외)로 진단확정시(암 보장개시일 이후),보험가입금액(비갱신형 및 갱신형(최초계약) 1년 미만 50%),,,,,,,,,,,,,,,,,,,,,,,,
롯데손보,(무) let:care 생활상해종합보험(주택플러스)(2602) (월납),주계약,일반상해사망,일반상해로 사망시,보험가입금액,보험가입금액,,,,비갱신형,,,,,file_47.xls,,,,일반상해사망,일반상해로 사망시,보험가입금액,,,,,,,,,,,,,,,,,,,,,,,,
롯데손보,(무) let:care 생활상해종합보험(주택플러스)(2602) (월납),주계약,항암방사선약물치료비,암등으로 진단 확정되고 그 치료를 목적으로 항암방사선치료 또는 항암약물치료를 받은 경우,"암: 보험가입금액(1년미만 50%)갑상선암, 기타피부암: 보험가입금액의 20%(1년 미만 50%)","암: 보험가입금액(1년미만 50%)갑상선암, 기타피부암: 보험가입금액의 20%(1년 미만 50%)",,,,비갱신형,,,,,file_47.xls,,,,항암방사선약물치료비,암등으로 진단 확정되고 그 치료를 목적으로 항암방사선치료 또는 항암약물치료를 받은 경우,"암: 보험가입금액(1년미만 50%)갑상선암, 기타피부암: 보험가입금액의 20%(1년 미만 50%)",,,,,,,,,,,,,,,,,,,,,,,,
롯데손보,(무) let:care 생활상해종합보험(주택플러스)(2602) (월납),주계약,허혈성심질환진단비Ⅱ,허혈성심질환으로 진단확정시,"보험가입금액(비갱신형 및 갱신형(최초계약) 90일미만 10%, 1년 미만 50%)","보험가입금액(비갱신형 및 갱신형(최초계약) 90일미만 10%, 1년 미만 50%)",,,,비갱신형,,,,,file_47.xls,,,,허혈성심질환진단비Ⅱ,허혈성심질환으로 진단확정시,"보험가입금액(비갱신형 및 갱신형(최초계약) 90일미만 10%, 1년 미만 50%)",,,,,,,,,,,,,,,,,,,,,,,,
롯데손보,(무) let:care 생활상해종합보험(주택플러스)(2602) (월납),주계약,뇌혈관질환진단비Ⅱ(간편가입형),뇌혈관질환으로 진단확정시,"보험가입금액(비갱신형 및 갱신형(최초계약) 90일미만 10%, 1년 미만 50%)","보험가입금액(비갱신형 및 갱신형(최초계약) 90일미만 10%, 1년 미만 50%)","197,070 원","145,600 원",,비갱신형,,,,,file_47.xls,,흥국화재,무배당 흥Good 든든한 3N5 간편종합보험(26.03)_(1종)(통합간편가입형)(해약환급금지급형),뇌혈관질환진단비Ⅱ(간편가입형),뇌혈관질환으로 진단확정시,"보험가입금액(비갱신형 및 갱신형(최초계약) 90일미만 10%, 1년 미만 50%)","197,070","145,600",91.3,96.2,,,,,,,,,,,,,,,,,,,,
롯데손보,(무) let:care 생활상해종합보험(주택플러스)(2602) (월납),주계약,암진단비(유사암제외)(간편가입형),암(유사암제외)로 진단확정시(암 보장개시일 이후),보험가입금액(비갱신형 및 갱신형(최초계약) 1년 미만 50%),보험가입금액(비갱신형 및 갱신형(최초계약) 1년 미만 50%),,,,비갱신형,,,,,file_47.xls,,,,암진단비(유사암제외)(간편가입형),암(유사암제외)로 진단확정시(암 보장개시일 이후),보험가입금액(비갱신형 및 갱신형(최초계약) 1년 미만 50%),,,,,,,,,,,,,,,,,,,,,,,,
롯데손보,(무) let:care 생활상해종합보험(주택플러스)(2602) (월납),주계약,일반상해사망(간편가입형),일반상해로 사망시,보험가입금액,보험가입금액,,,,비갱신형,,,,,file_47.xls,,,,일반상해사망(간편가입형),일반상해로 사망시,보험가입금액,,,,,,,,,,,,,,,,,,,,,,,,
롯데손보,(무) let:care 생활상해종합보험(주택플러스)(2602) (월납),주계약,항암방사선약물치료비(간편가입형),암등으로 진단 확정되고 그 치료를 목적으로 항암방사선치료 또는 항암약물치료를 받은 경우,"암: 보험가입금액(1년미만 50%)갑상선암, 기타피부암: 보험가입금액의 20%(1년 미만 50%)","암: 보험가입금액(1년미만 50%)갑상선암, 기타피부암: 보험가입금액의 20%(1년 미만 50%)",,,,비갱신형,,,,,file_47.xls,,,,항암방사선약물치료비(간편가입형),암등으로 진단 확정되고 그 치료를 목적으로 항암방사선치료 또는 항암약물치료를 받은 경우,"암: 보험가입금액(1년미만 50%)갑상선암, 기타피부암: 보험가입금액의 20%(1년 미만 50%)",,,,,,,,,,,,,,,,,,,,,,,,
롯데손보,(무) let:care 생활상해종합보험(주택플러스)(2602) (월납),주계약,허혈성심질환진단비Ⅱ(간편가입형),허혈성심질환으로 진단확정시,"보험가입금액(비갱신형 및 갱신형(최초계약) 90일미만 10%, 1년 미만 50%)","보험가입금액(비갱신형 및 갱신형(최초계약) 90일미만 10%, 1년 미만 50%)",,,,비갱신형,,,,,file_47.xls,,,,허혈성심질환진단비Ⅱ(간편가입형),허혈성심질환으로 진단확정시,"보험가입금액(비갱신형 및 갱신형(최초계약) 90일미만 10%, 1년 미만 50%)",,,,,,,,,,,,,,,,,,,,,,,,
롯데손보,(무) let:care 생활상해종합보험(주택플러스)(2602) (월납),주계약,뇌혈관질환진단비Ⅱ(간편가입형),뇌혈관질환으로 진단확정시,"보험가입금액(비갱신형 및 갱신형(최초계약) 90일미만 10%, 1년 미만 50%)","보험가입금액(비갱신형 및 갱신형(최초계약) 90일미만 10%, 1년 미만 50%)","167,670 원","124,330 원",,비갱신형,,,,,file_47.xls,,흥국화재,무배당 흥Good 든든한 3N5 간편종합보험(26.03)_(1종)(통합간편가입형)(납입후 해약환급금지급형의 50‰지급형),뇌혈관질환진단비Ⅱ(간편가입형),뇌혈관질환으로 진단확정시,"보험가입금액(비갱신형 및 갱신형(최초계약) 90일미만 10%, 1년 미만 50%)","167,670","124,330",93,98.6,,,,,,,,,,,,,,,,,,,,
롯데손보,(무) let:care 생활상해종합보험(주택플러스)(2602) (월납),주계약,암진단비(유사암제외)(간편가입형),암(유사암제외)로 진단확정시(암 보장개시일 이후),보험가입금액(비갱신형 및 갱신형(최초계약) 1년 미만 50%),보험가입금액(비갱신형 및 갱신형(최초계약) 1년 미만 50%),,,,비갱신형,,,,,file_47.xls,,,,암진단비(유사암제외)(간편가입형),암(유사암제외)로 진단확정시(암 보장개시일 이후),보험가입금액(비갱신형 및 갱신형(최초계약) 1년 미만 50%),,,,,,,,,,,,,,,,,,,,,,,,
롯데손보,(무) let:care 생활상해종합보험(주택플러스)(2602) (월납),주계약,일반상해사망(간편가입형),일반상해로 사망시,보험가입금액,보험가입금액,,,,비갱신형,,,,,file_47.xls,,,,일반상해사망(간편가입형),일반상해로 사망시,보험가입금액,,,,,,,,,,,,,,,,,,,,,,,,
롯데손보,(무) let:care 생활상해종합보험(주택플러스)(2602) (월납),주계약,항암방사선약물치료비(간편가입형),암등으로 진단 확정되고 그 치료를 목적으로 항암방사선치료 또는 항암약물치료를 받은 경우,"암: 보험가입금액(1년미만 50%)갑상선암, 기타피부암: 보험가입금액의 20%(1년 미만 50%)","암: 보험가입금액(1년미만 50%)갑상선암, 기타피부암: 보험가입금액의 20%(1년 미만 50%)",,,,비갱신형,,,,,file_47.xls,,,,항암방사선약물치료비(간편가입형),암등으로 진단 확정되고 그 치료를 목적으로 항암방사선치료 또는 항암약물치료를 받은 경우,"암: 보험가입금액(1년미만 50%)갑상선암, 기타피부암: 보험가입금액의 20%(1년 미만 50%)",,,,,,,,,,,,,,,,,,,,,,,,
롯데손보,(무) let:care 생활상해종합보험(주택플러스)(2602) (월납),주계약,허혈성심질환진단비Ⅱ(간편가입형),허혈성심질환으로 진단확정시,"보험가입금액(비갱신형 및 갱신형(최초계약) 90일미만 10%, 1년 미만 50%)","보험가입금액(비갱신형 및 갱신형(최초계약) 90일미만 10%, 1년 미만 50%)",,,,비갱신형,,,,,file_47.xls,,,,허혈성심질환진단비Ⅱ(간편가입형),허혈성심질환으로 진단확정시,"보험가입금액(비갱신형 및 갱신형(최초계약) 90일미만 10%, 1년 미만 50%)",,,,,,,,,,,,,,,,,,,,,,,,
롯데손보,(무) let:care 생활상해종합보험(주택플러스)(2602) (월납),주계약,뇌혈관질환진단비Ⅱ(경증간편가입형),뇌혈관질환으로 진단확정시,"보험가입금액(비갱신형 및 갱신형(최초계약) 90일미만 10%, 1년 미만 50%)","보험가입금액(비갱신형 및 갱신형(최초계약) 90일미만 10%, 1년 미만 50%)","181,420 원","135,670 원",,비갱신형,,,,,file_47.xls,,흥국화재,무배당 흥Good 든든한 3N5 간편종합보험(26.03)_(1종)(초경증간편가입형)(해약환급금지급형),뇌혈관질환진단비Ⅱ(경증간편가입형),뇌혈관질환으로 진단확정시,"보험가입금액(비갱신형 및 갱신형(최초계약) 90일미만 10%, 1년 미만 50%)","181,420","135,670",84.1,89.7,,,,,,,,,,,,,,,,,,,,
롯데손보,(무) let:care 생활상해종합보험(주택플러스)(2602) (월납),주계약,암진단비(유사암제외)(경증간편가입형),암(유사암제외)로 진단확정시(암 보장개시일 이후),보험가입금액(비갱신형 및 갱신형(최초계약) 1년 미만 50%),보험가입금액(비갱신형 및 갱신형(최초계약) 1년 미만 50%),,,,비갱신형,,,,,file_47.xls,,,,암진단비(유사암제외)(경증간편가입형),암(유사암제외)로 진단확정시(암 보장개시일 이후),보험가입금액(비갱신형 및 갱신형(최초계약) 1년 미만 50%),,,,,,,,,,,,,,,,,,,,,,,,
롯데손보,(무) let:care 생활상해종합보험(주택플러스)(2602) (월납),주계약,일반상해사망(경증간편가입형),일반상해로 사망시,보험가입금액,보험가입금액,,,,비갱신형,,,,,file_47.xls,,,,일반상해사망(경증간편가입형),일반상해로 사망시,보험가입금액,,,,,,,,,,,,,,,,,,,,,,,,
롯데손보,(무) let:care 생활상해종합보험(주택플러스)(2602) (월납),주계약,항암방사선약물치료비(경증간편가입형),암등으로 진단 확정되고 그 치료를 목적으로 항암방사선치료 또는 항암약물치료를 받은 경우,"암: 보험가입금액(1년미만 50%)갑상선암, 기타피부암: 보험가입금액의 20%(1년 미만 50%)","암: 보험가입금액(1년미만 50%)갑상선암, 기타피부암: 보험가입금액의 20%(1년 미만 50%)",,,,비갱신형,,,,,file_47.xls,,,,항암방사선약물치료비(경증간편가입형),암등으로 진단 확정되고 그 치료를 목적으로 항암방사선치료 또는 항암약물치료를 받은 경우,"암: 보험가입금액(1년미만 50%)갑상선암, 기타피부암: 보험가입금액의 20%(1년 미만 50%)",,,,,,,,,,,,,,,,,,,,,,,,
롯데손보,(무) let:care 생활상해종합보험(주택플러스)(2602) (월납),주계약,허혈성심질환진단비Ⅱ(경증간편가입형),허혈성심질환으로 진단확정시,"보험가입금액(비갱신형 및 갱신형(최초계약) 90일미만 10%, 1년 미만 50%)","보험가입금액(비갱신형 및 갱신형(최초계약) 90일미만 10%, 1년 미만 50%)",,,,비갱신형,,,,,file_47.xls,,,,허혈성심질환진단비Ⅱ(경증간편가입형),허혈성심질환으로 진단확정시,"보험가입금액(비갱신형 및 갱신형(최초계약) 90일미만 10%, 1년 미만 50%)",,,,,,,,,,,,,,,,,,,,,,,,
롯데손보,(무) let:care 생활상해종합보험(주택플러스)(2602) (월납),주계약,뇌혈관질환진단비Ⅱ(경증간편가입형),뇌혈관질환으로 진단확정시,"보험가입금액(비갱신형 및 갱신형(최초계약) 90일미만 10%, 1년 미만 50%)","보험가입금액(비갱신형 및 갱신형(최초계약) 90일미만 10%, 1년 미만 50%)","154,200 원","115,910 원",,비갱신형,,,,,file_47.xls,,흥국화재,무배당 흥Good 든든한 3N5 간편종합보험(26.03)_(1종)(초경증간편가입형)(납입후 해약환급금지급형의 50‰지급형),뇌혈관질환진단비Ⅱ(경증간편가입형),뇌혈관질환으로 진단확정시,"보험가입금액(비갱신형 및 갱신형(최초계약) 90일미만 10%, 1년 미만 50%)","154,200","115,910",85.5,91.9,,,,,,,,,,,,,,,,,,,,
롯데손보,(무) let:care 생활상해종합보험(주택플러스)(2602) (월납),주계약,암진단비(유사암제외)(경증간편가입형),암(유사암제외)로 진단확정시(암 보장개시일 이후),보험가입금액(비갱신형 및 갱신형(최초계약) 1년 미만 50%),보험가입금액(비갱신형 및 갱신형(최초계약) 1년 미만 50%),,,,비갱신형,,,,,file_47.xls,,,,암진단비(유사암제외)(경증간편가입형),암(유사암제외)로 진단확정시(암 보장개시일 이후),보험가입금액(비갱신형 및 갱신형(최초계약) 1년 미만 50%),,,,,,,,,,,,,,,,,,,,,,,,
롯데손보,(무) let:care 생활상해종합보험(주택플러스)(2602) (월납),주계약,일반상해사망(경증간편가입형),일반상해로 사망시,보험가입금액,보험가입금액,,,,비갱신형,,,,,file_47.xls,,,,일반상해사망(경증간편가입형),일반상해로 사망시,보험가입금액,,,,,,,,,,,,,,,,,,,,,,,,
롯데손보,(무) let:care 생활상해종합보험(주택플러스)(2602) (월납),주계약,항암방사선약물치료비(경증간편가입형),암등으로 진단 확정되고 그 치료를 목적으로 항암방사선치료 또는 항암약물치료를 받은 경우,"암: 보험가입금액(1년미만 50%)갑상선암, 기타피부암: 보험가입금액의 20%(1년 미만 50%)","암: 보험가입금액(1년미만 50%)갑상선암, 기타피부암: 보험가입금액의 20%(1년 미만 50%)",,,,비갱신형,,,,,file_47.xls,,,,항암방사선약물치료비(경증간편가입형),암등으로 진단 확정되고 그 치료를 목적으로 항암방사선치료 또는 항암약물치료를 받은 경우,"암: 보험가입금액(1년미만 50%)갑상선암, 기타피부암: 보험가입금액의 20%(1년 미만 50%)",,,,,,,,,,,,,,,,,,,,,,,,
롯데손보,(무) let:care 생활상해종합보험(주택플러스)(2602) (월납),주계약,허혈성심질환진단비Ⅱ(경증간편가입형),허혈성심질환으로 진단확정시,"보험가입금액(비갱신형 및 갱신형(최초계약) 90일미만 10%, 1년 미만 50%)","보험가입금액(비갱신형 및 갱신형(최초계약) 90일미만 10%, 1년 미만 50%)",,,,비갱신형,,,,,file_47.xls,,,,허혈성심질환진단비Ⅱ(경증간편가입형),허혈성심질환으로 진단확정시,"보험가입금액(비갱신형 및 갱신형(최초계약) 90일미만 10%, 1년 미만 50%)",,,,,,,,,,,,,,,,,,,,,,,,
롯데손보,(무) let:care 생활상해종합보험(주택플러스)(2602) (월납),주계약,뇌혈관질환진단비Ⅱ,뇌혈관질환으로 진단확정시,"보험가입금액(비갱신형 및 갱신형(최초계약) 90일 미만 10%, 1년 미만 50%)","보험가입금액(비갱신형 및 갱신형(최초계약) 90일 미만 10%, 1년 미만 50%)","83,980 원","55,310 원",,비갱신형,,,,,file_47.xls,,흥국화재,무배당 흥Good 든든한 3N5 간편종합보험(26.03)_(2종)(20년갱신형)(일반심사형)(해약환급금지급형),뇌혈관질환진단비Ⅱ,뇌혈관질환으로 진단확정시,"보험가입금액(비갱신형 및 갱신형(최초계약) 90일 미만 10%, 1년 미만 50%)","83,980","55,310",77.3,78,,,,,,,,,,,,,,,,,,,,
롯데손보,(무) let:care 생활상해종합보험(주택플러스)(2602) (월납),주계약,암진단비(유사암제외),암(유사암제외)로 진단확정시(암 보장개시일 이후),보험가입금액(비갱신형 및 갱신형(최초계약) 1년 미만 50%),보험가입금액(비갱신형 및 갱신형(최초계약) 1년 미만 50%),,,,비갱신형,,,,,file_47.xls,,,,암진단비(유사암제외),암(유사암제외)로 진단확정시(암 보장개시일 이후),보험가입금액(비갱신형 및 갱신형(최초계약) 1년 미만 50%),,,,,,,,,,,,,,,,,,,,,,,,
롯데손보,(무) let:care 생활상해종합보험(주택플러스)(2602) (월납),주계약,일반상해사망,일반상해로 사망시,보험가입금액,보험가입금액,,,,비갱신형,,,,,file_47.xls,,,,일반상해사망,일반상해로 사망시,보험가입금액,,,,,,,,,,,,,,,,,,,,,,,,
롯데손보,(무) let:care 생활상해종합보험(주택플러스)(2602) (월납),주계약,항암방사선약물치료비,암등으로 진단 확정되고 그 치료를 목적으로 항암방사선치료 또는 항암약물치료를 받은 경우,"암: 보험가입금액(1년미만 50%)갑상선암, 기타피부암: 보험가입금액의 20%(1년 미만 50%)","암: 보험가입금액(1년미만 50%)갑상선암, 기타피부암: 보험가입금액의 20%(1년 미만 50%)",,,,비갱신형,,,,,file_47.xls,,,,항암방사선약물치료비,암등으로 진단 확정되고 그 치료를 목적으로 항암방사선치료 또는 항암약물치료를 받은 경우,"암: 보험가입금액(1년미만 50%)갑상선암, 기타피부암: 보험가입금액의 20%(1년 미만 50%)",,,,,,,,,,,,,,,,,,,,,,,,
롯데손보,(무) let:care 생활상해종합보험(주택플러스)(2602) (월납),주계약,허혈성심질환진단비Ⅱ,허혈성심질환으로 진단확정시,"보험가입금액(비갱신형 및 갱신형(최초계약) 90일 미만 10%, 1년 미만 50%)","보험가입금액(비갱신형 및 갱신형(최초계약) 90일 미만 10%, 1년 미만 50%)",,,,비갱신형,,,,,file_47.xls,,,,허혈성심질환진단비Ⅱ,허혈성심질환으로 진단확정시,"보험가입금액(비갱신형 및 갱신형(최초계약) 90일 미만 10%, 1년 미만 50%)",,,,,,,,,,,,,,,,,,,,,,,,
롯데손보,(무) let:care 생활상해종합보험(주택플러스)(2602) (월납),주계약,뇌혈관질환진단비Ⅱ,뇌혈관질환으로 진단확정시,"보험가입금액(비갱신형 및 갱신형(최초계약) 90일 미만 10%, 1년 미만 50%)","보험가입금액(비갱신형 및 갱신형(최초계약) 90일 미만 10%, 1년 미만 50%)","74,810 원","49,640 원",,비갱신형,,,,,file_47.xls,,흥국화재,무배당 흥Good 든든한 3N5 간편종합보험(26.03)_(2종)(20년갱신형)(일반심사형)(해약환급금미지급형),뇌혈관질환진단비Ⅱ,뇌혈관질환으로 진단확정시,"보험가입금액(비갱신형 및 갱신형(최초계약) 90일 미만 10%, 1년 미만 50%)","74,810","49,640",75.2,76.5,,,,,,,,,,,,,,,,,,,,
롯데손보,(무) let:care 생활상해종합보험(주택플러스)(2602) (월납),주계약,암진단비(유사암제외),암(유사암제외)로 진단확정시(암 보장개시일 이후),보험가입금액(비갱신형 및 갱신형(최초계약) 1년 미만 50%),보험가입금액(비갱신형 및 갱신형(최초계약) 1년 미만 50%),,,,비갱신형,,,,,file_47.xls,,,,암진단비(유사암제외),암(유사암제외)로 진단확정시(암 보장개시일 이후),보험가입금액(비갱신형 및 갱신형(최초계약) 1년 미만 50%),,,,,,,,,,,,,,,,,,,,,,,,
롯데손보,(무) let:care 생활상해종합보험(주택플러스)(2602) (월납),주계약,일반상해사망,일반상해로 사망시,보험가입금액,보험가입금액,,,,비갱신형,,,,,file_47.xls,,,,일반상해사망,일반상해로 사망시,보험가입금액,,,,,,,,,,,,,,,,,,,,,,,,
롯데손보,(무) let:care 생활상해종합보험(주택플러스)(2602) (월납),주계약,항암방사선약물치료비,암등으로 진단 확정되고 그 치료를 목적으로 항암방사선치료 또는 항암약물치료를 받은 경우,"암: 보험가입금액(1년미만 50%)갑상선암, 기타피부암: 보험가입금액의 20%(1년 미만 50%)","암: 보험가입금액(1년미만 50%)갑상선암, 기타피부암: 보험가입금액의 20%(1년 미만 50%)",,,,비갱신형,,,,,file_47.xls,,,,항암방사선약물치료비,암등으로 진단 확정되고 그 치료를 목적으로 항암방사선치료 또는 항암약물치료를 받은 경우,"암: 보험가입금액(1년미만 50%)갑상선암, 기타피부암: 보험가입금액의 20%(1년 미만 50%)",,,,,,,,,,,,,,,,,,,,,,,,
롯데손보,(무) let:care 생활상해종합보험(주택플러스)(2602) (월납),주계약,허혈성심질환진단비Ⅱ,허혈성심질환으로 진단확정시,"보험가입금액(비갱신형 및 갱신형(최초계약) 90일 미만 10%, 1년 미만 50%)","보험가입금액(비갱신형 및 갱신형(최초계약) 90일 미만 10%, 1년 미만 50%)",,,,비갱신형,,,,,file_47.xls,,,,허혈성심질환진단비Ⅱ,허혈성심질환으로 진단확정시,"보험가입금액(비갱신형 및 갱신형(최초계약) 90일 미만 10%, 1년 미만 50%)",,,,,,,,,,,,,,,,,,,,,,,,
롯데손보,(무) let:care 생활상해종합보험(주택플러스)(2602) (월납),주계약,뇌혈관질환진단비Ⅱ(간편가입형),뇌혈관질환으로 진단확정시,"보험가입금액(비갱신형 및 갱신형(최초계약) 90일 미만 10%, 1년 미만 50%)","보험가입금액(비갱신형 및 갱신형(최초계약) 90일 미만 10%, 1년 미만 50%)","121,900 원","89,970 원",,비갱신형,,,,,file_47.xls,,흥국화재,무배당 흥Good 든든한 3N5 간편종합보험(26.03)_(2종)(20년갱신형)(통합간편가입형)(해약환급금지급형),뇌혈관질환진단비Ⅱ(간편가입형),뇌혈관질환으로 진단확정시,"보험가입금액(비갱신형 및 갱신형(최초계약) 90일 미만 10%, 1년 미만 50%)","121,900","89,970",95.5,103.1,,,,,,,,,,,,,,,,,,,,
롯데손보,(무) let:care 생활상해종합보험(주택플러스)(2602) (월납),주계약,암진단비(유사암제외)(간편가입형),암(유사암제외)로 진단확정시(암 보장개시일 이후),보험가입금액(비갱신형 및 갱신형(최초계약) 1년 미만 50%),보험가입금액(비갱신형 및 갱신형(최초계약) 1년 미만 50%),,,,비갱신형,,,,,file_47.xls,,,,암진단비(유사암제외)(간편가입형),암(유사암제외)로 진단확정시(암 보장개시일 이후),보험가입금액(비갱신형 및 갱신형(최초계약) 1년 미만 50%),,,,,,,,,,,,,,,,,,,,,,,,
롯데손보,(무) let:care 생활상해종합보험(주택플러스)(2602) (월납),주계약,일반상해사망(간편가입형),일반상해로 사망시,보험가입금액,보험가입금액,,,,비갱신형,,,,,file_47.xls,,,,일반상해사망(간편가입형),일반상해로 사망시,보험가입금액,,,,,,,,,,,,,,,,,,,,,,,,
롯데손보,(무) let:care 생활상해종합보험(주택플러스)(2602) (월납),주계약,항암방사선약물치료비(간편가입형),암등으로 진단 확정되고 그 치료를 목적으로 항암방사선치료 또는 항암약물치료를 받은 경우,"암: 보험가입금액(1년미만 50%)갑상선암, 기타피부암: 보험가입금액의 20%(1년 미만 50%)","암: 보험가입금액(1년미만 50%)갑상선암, 기타피부암: 보험가입금액의 20%(1년 미만 50%)",,,,비갱신형,,,,,file_47.xls,,,,항암방사선약물치료비(간편가입형),암등으로 진단 확정되고 그 치료를 목적으로 항암방사선치료 또는 항암약물치료를 받은 경우,"암: 보험가입금액(1년미만 50%)갑상선암, 기타피부암: 보험가입금액의 20%(1년 미만 50%)",,,,,,,,,,,,,,,,,,,,,,,,
롯데손보,(무) let:care 생활상해종합보험(주택플러스)(2602) (월납),주계약,허혈성심질환진단비Ⅱ(간편가입형),허혈성심질환으로 진단확정시,"보험가입금액(비갱신형 및 갱신형(최초계약) 90일 미만 10%, 1년 미만 50%)","보험가입금액(비갱신형 및 갱신형(최초계약) 90일 미만 10%, 1년 미만 50%)",,,,비갱신형,,,,,file_47.xls,,,,허혈성심질환진단비Ⅱ(간편가입형),허혈성심질환으로 진단확정시,"보험가입금액(비갱신형 및 갱신형(최초계약) 90일 미만 10%, 1년 미만 50%)",,,,,,,,,,,,,,,,,,,,,,,,
롯데손보,(무) let:care 생활상해종합보험(주택플러스)(2602) (월납),주계약,뇌혈관질환진단비Ⅱ(간편가입형),뇌혈관질환으로 진단확정시,"보험가입금액(비갱신형 및 갱신형(최초계약) 90일 미만 10%, 1년 미만 50%)","보험가입금액(비갱신형 및 갱신형(최초계약) 90일 미만 10%, 1년 미만 50%)","108,360 원","80,280 원",,비갱신형,,,,,file_47.xls,,흥국화재,무배당 흥Good 든든한 3N5 간편종합보험(26.03)_(2종)(20년갱신형)(통합간편가입형)(해약환급금미지급형),뇌혈관질환진단비Ⅱ(간편가입형),뇌혈관질환으로 진단확정시,"보험가입금액(비갱신형 및 갱신형(최초계약) 90일 미만 10%, 1년 미만 50%)","108,360","80,280",93,100.8,,,,,,,,,,,,,,,,,,,,
롯데손보,(무) let:care 생활상해종합보험(주택플러스)(2602) (월납),주계약,암진단비(유사암제외)(간편가입형),암(유사암제외)로 진단확정시(암 보장개시일 이후),보험가입금액(비갱신형 및 갱신형(최초계약) 1년 미만 50%),보험가입금액(비갱신형 및 갱신형(최초계약) 1년 미만 50%),,,,비갱신형,,,,,file_47.xls,,,,암진단비(유사암제외)(간편가입형),암(유사암제외)로 진단확정시(암 보장개시일 이후),보험가입금액(비갱신형 및 갱신형(최초계약) 1년 미만 50%),,,,,,,,,,,,,,,,,,,,,,,,
롯데손보,(무) let:care 생활상해종합보험(주택플러스)(2602) (월납),주계약,일반상해사망(간편가입형),일반상해로 사망시,보험가입금액,보험가입금액,,,,비갱신형,,,,,file_47.xls,,,,일반상해사망(간편가입형),일반상해로 사망시,보험가입금액,,,,,,,,,,,,,,,,,,,,,,,,
롯데손보,(무) let:care 생활상해종합보험(주택플러스)(2602) (월납),주계약,항암방사선약물치료비(간편가입형),암등으로 진단 확정되고 그 치료를 목적으로 항암방사선치료 또는 항암약물치료를 받은 경우,"암: 보험가입금액(1년미만 50%)갑상선암, 기타피부암: 보험가입금액의 20%(1년 미만 50%)","암: 보험가입금액(1년미만 50%)갑상선암, 기타피부암: 보험가입금액의 20%(1년 미만 50%)",,,,비갱신형,,,,,file_47.xls,,,,항암방사선약물치료비(간편가입형),암등으로 진단 확정되고 그 치료를 목적으로 항암방사선치료 또는 항암약물치료를 받은 경우,"암: 보험가입금액(1년미만 50%)갑상선암, 기타피부암: 보험가입금액의 20%(1년 미만 50%)",,,,,,,,,,,,,,,,,,,,,,,,
롯데손보,(무) let:care 생활상해종합보험(주택플러스)(2602) (월납),주계약,허혈성심질환진단비Ⅱ(간편가입형),허혈성심질환으로 진단확정시,"보험가입금액(비갱신형 및 갱신형(최초계약) 90일 미만 10%, 1년 미만 50%)","보험가입금액(비갱신형 및 갱신형(최초계약) 90일 미만 10%, 1년 미만 50%)",,,,비갱신형,,,,,file_47.xls,,,,허혈성심질환진단비Ⅱ(간편가입형),허혈성심질환으로 진단확정시,"보험가입금액(비갱신형 및 갱신형(최초계약) 90일 미만 10%, 1년 미만 50%)",,,,,,,,,,,,,,,,,,,,,,,,
롯데손보,(무) let:care 생활상해종합보험(주택플러스)(2602) (월납),주계약,뇌혈관질환진단비Ⅱ(경증간편가입형),뇌혈관질환으로 진단확정시,"보험가입금액(비갱신형 및 갱신형(최초계약) 90일 미만 10%, 1년 미만 50%)","보험가입금액(비갱신형 및 갱신형(최초계약) 90일 미만 10%, 1년 미만 50%)","110,490 원","83,180 원",,비갱신형,,,,,file_47.xls,,흥국화재,무배당 흥Good 든든한 3N5 간편종합보험(26.03)_(2종)(20년갱신형)(초경증간편가입형)(해약환급금지급형),뇌혈관질환진단비Ⅱ(경증간편가입형),뇌혈관질환으로 진단확정시,"보험가입금액(비갱신형 및 갱신형(최초계약) 90일 미만 10%, 1년 미만 50%)","110,490","83,180",86.6,95.3,,,,,,,,,,,,,,,,,,,,
롯데손보,(무) let:care 생활상해종합보험(주택플러스)(2602) (월납),주계약,암진단비(유사암제외)(경증간편가입형),암(유사암제외)로 진단확정시(암 보장개시일 이후),보험가입금액(비갱신형 및 갱신형(최초계약) 1년 미만 50%),보험가입금액(비갱신형 및 갱신형(최초계약) 1년 미만 50%),,,,비갱신형,,,,,file_47.xls,,,,암진단비(유사암제외)(경증간편가입형),암(유사암제외)로 진단확정시(암 보장개시일 이후),보험가입금액(비갱신형 및 갱신형(최초계약) 1년 미만 50%),,,,,,,,,,,,,,,,,,,,,,,,
롯데손보,(무) let:care 생활상해종합보험(주택플러스)(2602) (월납),주계약,일반상해사망(경증간편가입형),일반상해로 사망시,보험가입금액,보험가입금액,,,,비갱신형,,,,,file_47.xls,,,,일반상해사망(경증간편가입형),일반상해로 사망시,보험가입금액,,,,,,,,,,,,,,,,,,,,,,,,
롯데손보,(무) let:care 생활상해종합보험(주택플러스)(2602) (월납),주계약,항암방사선약물치료비(경증간편가입형),암등으로 진단 확정되고 그 치료를 목적으로 항암방사선치료 또는 항암약물치료를 받은 경우,"암: 보험가입금액(1년미만 50%)갑상선암, 기타피부암: 보험가입금액의 20%(1년 미만 50%)","암: 보험가입금액(1년미만 50%)갑상선암, 기타피부암: 보험가입금액의 20%(1년 미만 50%)",,,,비갱신형,,,,,file_47.xls,,,,항암방사선약물치료비(경증간편가입형),암등으로 진단 확정되고 그 치료를 목적으로 항암방사선치료 또는 항암약물치료를 받은 경우,"암: 보험가입금액(1년미만 50%)갑상선암, 기타피부암: 보험가입금액의 20%(1년 미만 50%)",,,,,,,,,,,,,,,,,,,,,,,,
롯데손보,(무) let:care 생활상해종합보험(주택플러스)(2602) (월납),주계약,허혈성심질환진단비Ⅱ(경증간편가입형),허혈성심질환으로 진단확정시,"보험가입금액(비갱신형 및 갱신형(최초계약) 90일 미만 10%, 1년 미만 50%)","보험가입금액(비갱신형 및 갱신형(최초계약) 90일 미만 10%, 1년 미만 50%)",,,,비갱신형,,,,,file_47.xls,,,,허혈성심질환진단비Ⅱ(경증간편가입형),허혈성심질환으로 진단확정시,"보험가입금액(비갱신형 및 갱신형(최초계약) 90일 미만 10%, 1년 미만 50%)",,,,,,,,,,,,,,,,,,,,,,,,
롯데손보,(무) let:care 생활상해종합보험(주택플러스)(2602) (월납),주계약,뇌혈관질환진단비Ⅱ(경증간편가입형),뇌혈관질환으로 진단확정시,"보험가입금액(비갱신형 및 갱신형(최초계약) 90일 미만 10%, 1년 미만 50%)","보험가입금액(비갱신형 및 갱신형(최초계약) 90일 미만 10%, 1년 미만 50%)","98,300 원","74,170 원",,비갱신형,,,,,file_47.xls,,흥국화재,무배당 흥Good 든든한 3N5 간편종합보험(26.03)_(2종)(20년갱신형)(초경증간편가입형)(해약환급금미지급형),뇌혈관질환진단비Ⅱ(경증간편가입형),뇌혈관질환으로 진단확정시,"보험가입금액(비갱신형 및 갱신형(최초계약) 90일 미만 10%, 1년 미만 50%)","98,300","74,170",84.3,93.1,,,,,,,,,,,,,,,,,,,,
롯데손보,(무) let:care 생활상해종합보험(주택플러스)(2602) (월납),주계약,암진단비(유사암제외)(경증간편가입형),암(유사암제외)로 진단확정시(암 보장개시일 이후),보험가입금액(비갱신형 및 갱신형(최초계약) 1년 미만 50%),보험가입금액(비갱신형 및 갱신형(최초계약) 1년 미만 50%),,,,비갱신형,,,,,file_47.xls,,,,암진단비(유사암제외)(경증간편가입형),암(유사암제외)로 진단확정시(암 보장개시일 이후),보험가입금액(비갱신형 및 갱신형(최초계약) 1년 미만 50%),,,,,,,,,,,,,,,,,,,,,,,,
롯데손보,(무) let:care 생활상해종합보험(주택플러스)(2602) (월납),주계약,일반상해사망(경증간편가입형),일반상해로 사망시,보험가입금액,보험가입금액,,,,비갱신형,,,,,file_47.xls,,,,일반상해사망(경증간편가입형),일반상해로 사망시,보험가입금액,,,,,,,,,,,,,,,,,,,,,,,,
롯데손보,(무) let:care 생활상해종합보험(주택플러스)(2602) (월납),주계약,항암방사선약물치료비(경증간편가입형),암등으로 진단 확정되고 그 치료를 목적으로 항암방사선치료 또는 항암약물치료를 받은 경우,"암: 보험가입금액(1년미만 50%)갑상선암, 기타피부암: 보험가입금액의 20%(1년 미만 50%)","암: 보험가입금액(1년미만 50%)갑상선암, 기타피부암: 보험가입금액의 20%(1년 미만 50%)",,,,비갱신형,,,,,file_47.xls,,,,항암방사선약물치료비(경증간편가입형),암등으로 진단 확정되고 그 치료를 목적으로 항암방사선치료 또는 항암약물치료를 받은 경우,"암: 보험가입금액(1년미만 50%)갑상선암, 기타피부암: 보험가입금액의 20%(1년 미만 50%)",,,,,,,,,,,,,,,,,,,,,,,,
롯데손보,(무) let:care 생활상해종합보험(주택플러스)(2602) (월납),주계약,허혈성심질환진단비Ⅱ(경증간편가입형),허혈성심질환으로 진단확정시,"보험가입금액(비갱신형 및 갱신형(최초계약) 90일 미만 10%, 1년 미만 50%)","보험가입금액(비갱신형 및 갱신형(최초계약) 90일 미만 10%, 1년 미만 50%)",,,,비갱신형,,,,,file_47.xls,,,,허혈성심질환진단비Ⅱ(경증간편가입형),허혈성심질환으로 진단확정시,"보험가입금액(비갱신형 및 갱신형(최초계약) 90일 미만 10%, 1년 미만 50%)",,,,,,,,,,,,,,,,,,,,,,,,
롯데손보,(무) let:care 생활상해종합보험(주택플러스)(2602) (월납),주계약,뇌혈관질환진단비(건강고지형),"뇌혈관질환으로 진단확정시(1회한, 1년미만 50%)",보험가입금액,보험가입금액,"189,340 원","122,120 원",,비갱신형,,,,,file_47.xls,,흥국화재,무배당 흥Good The 건강한 4565 종합보험(26.03)_(1종)(해약환급금지급형),뇌혈관질환진단비(건강고지형),"뇌혈관질환으로 진단확정시(1회한, 1년미만 50%)",보험가입금액,"189,340","122,120",67.1,66,,,,,,,,,,,,,,,,,,,,
롯데손보,(무) let:care 생활상해종합보험(주택플러스)(2602) (월납),주계약,암진단비(유사암제외)(건강고지형),"보장개시일 이후 암(유사암제외) 진단 확정시(1회한, 1년미만 50%)* 유사암 : 갑상선암, 제자리암(상피내암), 경계성종양, 기타피부암",,,,,,비갱신형,,,,,file_47.xls,,,,암진단비(유사암제외)(건강고지형),"보장개시일 이후 암(유사암제외) 진단 확정시(1회한, 1년미만 50%)* 유사암 : 갑상선암, 제자리암(상피내암), 경계성종양, 기타피부암",,,,,,,,,,,,,,,,,,,,,,,,,
롯데손보,(무) let:care 생활상해종합보험(주택플러스)(2602) (월납),주계약,일반상해사망(건강고지형),상해로 사망시,,,,,,비갱신형,,,,,file_47.xls,,,,일반상해사망(건강고지형),상해로 사망시,,,,,,,,,,,,,,,,,,,,,,,,,
롯데손보,(무) let:care 생활상해종합보험(주택플러스)(2602) (월납),주계약,항암방사선약물치료비(건강고지형),"보장개시일 이후 암으로 항암방사선 또는 항암약물치료시 (단, 갑상선암, 기타피부암으로 항암방사선약물치료시에는 20%지급)(1회한, 1년미만 50%)",,,,,,비갱신형,,,,,file_47.xls,,,,항암방사선약물치료비(건강고지형),"보장개시일 이후 암으로 항암방사선 또는 항암약물치료시 (단, 갑상선암, 기타피부암으로 항암방사선약물치료시에는 20%지급)(1회한, 1년미만 50%)",,,,,,,,,,,,,,,,,,,,,,,,,
롯데손보,(무) let:care 생활상해종합보험(주택플러스)(2602) (월납),주계약,허혈성심질환진단비(건강고지형),"허혈성심질환으로 진단확정시(1회한, 1년미만 50%)",,,,,,비갱신형,,,,,file_47.xls,,,,허혈성심질환진단비(건강고지형),"허혈성심질환으로 진단확정시(1회한, 1년미만 50%)",,,,,,,,,,,,,,,,,,,,,,,,,
롯데손보,(무) let:care 생활상해종합보험(주택플러스)(2602) (월납),주계약,뇌혈관질환진단비(건강고지형),"뇌혈관질환으로 진단확정시(1회한, 1년미만 50%)",보험가입금액,보험가입금액,"164,850 원","108,060 원",,비갱신형,,,,,file_47.xls,,흥국화재,무배당 흥Good The 건강한 4565 종합보험(26.03)_(1종)(납입후 해약환급금지급형의 50‰지급형),뇌혈관질환진단비(건강고지형),"뇌혈관질환으로 진단확정시(1회한, 1년미만 50%)",보험가입금액,"164,850","108,060",68.7,67.7,,,,,,,,,,,,,,,,,,,,
롯데손보,(무) let:care 생활상해종합보험(주택플러스)(2602) (월납),주계약,암진단비(유사암제외)(건강고지형),"보장개시일 이후 암(유사암제외) 진단 확정시(1회한, 1년미만 50%)* 유사암 : 갑상선암, 제자리암(상피내암), 경계성종양, 기타피부암",,,,,,비갱신형,,,,,file_47.xls,,,,암진단비(유사암제외)(건강고지형),"보장개시일 이후 암(유사암제외) 진단 확정시(1회한, 1년미만 50%)* 유사암 : 갑상선암, 제자리암(상피내암), 경계성종양, 기타피부암",,,,,,,,,,,,,,,,,,,,,,,,,
롯데손보,(무) let:care 생활상해종합보험(주택플러스)(2602) (월납),주계약,일반상해사망(건강고지형),상해로 사망시,,,,,,비갱신형,,,,,file_47.xls,,,,일반상해사망(건강고지형),상해로 사망시,,,,,,,,,,,,,,,,,,,,,,,,,
롯데손보,(무) let:care 생활상해종합보험(주택플러스)(2602) (월납),주계약,항암방사선약물치료비(건강고지형),"보장개시일 이후 암으로 항암방사선 또는 항암약물치료시 (단, 갑상선암, 기타피부암으로 항암방사선약물치료시에는 20%지급)(1회한, 1년미만 50%)",,,,,,비갱신형,,,,,file_47.xls,,,,항암방사선약물치료비(건강고지형),"보장개시일 이후 암으로 항암방사선 또는 항암약물치료시 (단, 갑상선암, 기타피부암으로 항암방사선약물치료시에는 20%지급)(1회한, 1년미만 50%)",,,,,,,,,,,,,,,,,,,,,,,,,
롯데손보,(무) let:care 생활상해종합보험(주택플러스)(2602) (월납),주계약,허혈성심질환진단비(건강고지형),"허혈성심질환으로 진단확정시(1회한, 1년미만 50%)",,,,,,비갱신형,,,,,file_47.xls,,,,허혈성심질환진단비(건강고지형),"허혈성심질환으로 진단확정시(1회한, 1년미만 50%)",,,,,,,,,,,,,,,,,,,,,,,,,
롯데손보,(무) let:care 생활상해종합보험(주택플러스)(2602) (월납),주계약,뇌혈관질환진단비(감액없음)(건강고지형),뇌혈관질환으로 진단확정시(1회한),보험가입금액,보험가입금액,"138,830 원","106,310 원",,비갱신형,,,,,file_47.xls,,흥국화재,무배당 흥Good The건강한 0550 종합보험(26.03)(1종)(해약환급금지급형),뇌혈관질환진단비(감액없음)(건강고지형),뇌혈관질환으로 진단확정시(1회한),보험가입금액,"138,830","106,310",61,58.9,,,,,,,,,,,,,,,,,,,,
롯데손보,(무) let:care 생활상해종합보험(주택플러스)(2602) (월납),주계약,암진단비(유사암제외)(감액없음)(건강고지형),"보장개시일 이후 암(유사암제외) 진단 확정시(1회한)* 유사암 : 갑상선암, 제자리암(상피내암), 경계성종양, 기타피부암",,,,,,비갱신형,,,,,file_47.xls,,,,암진단비(유사암제외)(감액없음)(건강고지형),"보장개시일 이후 암(유사암제외) 진단 확정시(1회한)* 유사암 : 갑상선암, 제자리암(상피내암), 경계성종양, 기타피부암",,,,,,,,,,,,,,,,,,,,,,,,,
롯데손보,(무) let:care 생활상해종합보험(주택플러스)(2602) (월납),주계약,일반상해사망(건강고지형),상해로 사망시,,,,,,비갱신형,,,,,file_47.xls,,,,일반상해사망(건강고지형),상해로 사망시,,,,,,,,,,,,,,,,,,,,,,,,,
롯데손보,(무) let:care 생활상해종합보험(주택플러스)(2602) (월납),주계약,항암방사선약물치료비(감액없음)(건강고지형),"보장개시일 이후 암으로 항암방사선 또는 항암약물치료시 (단, 갑상선암, 기타피부암으로 항암방사선약물치료시에는 20%지급)(1회한)",,,,,,비갱신형,,,,,file_47.xls,,,,항암방사선약물치료비(감액없음)(건강고지형),"보장개시일 이후 암으로 항암방사선 또는 항암약물치료시 (단, 갑상선암, 기타피부암으로 항암방사선약물치료시에는 20%지급)(1회한)",,,,,,,,,,,,,,,,,,,,,,,,,
롯데손보,(무) let:care 생활상해종합보험(주택플러스)(2602) (월납),주계약,허혈성심질환진단비(감액없음)(건강고지형),허혈성심질환으로 진단확정시(1회한),,,,,,비갱신형,,,,,file_47.xls,,,,허혈성심질환진단비(감액없음)(건강고지형),허혈성심질환으로 진단확정시(1회한),,,,,,,,,,,,,,,,,,,,,,,,,
롯데손보,(무) let:care 생활상해종합보험(주택플러스)(2602) (월납),주계약,뇌혈관질환진단비(감액없음)(건강고지형),뇌혈관질환으로 진단확정시(1회한),보험가입금액,보험가입금액,"119,490 원","93,450 원",,비갱신형,,,,,file_47.xls,,흥국화재,무배당 흥Good The건강한 0550 종합보험(26.03)(2종)(납입후 해약환급금지급형의 50‰지급형),뇌혈관질환진단비(감액없음)(건강고지형),뇌혈관질환으로 진단확정시(1회한),보험가입금액,"119,490","93,450",71.5,68.8,,,,,,,,,,,,,,,,,,,,
롯데손보,(무) let:care 생활상해종합보험(주택플러스)(2602) (월납),주계약,암진단비(유사암제외)(감액없음)(건강고지형),"보장개시일 이후 암(유사암제외) 진단 확정시(1회한)* 유사암 : 갑상선암, 제자리암(상피내암), 경계성종양, 기타피부암",,,,,,비갱신형,,,,,file_47.xls,,,,암진단비(유사암제외)(감액없음)(건강고지형),"보장개시일 이후 암(유사암제외) 진단 확정시(1회한)* 유사암 : 갑상선암, 제자리암(상피내암), 경계성종양, 기타피부암",,,,,,,,,,,,,,,,,,,,,,,,,
롯데손보,(무) let:care 생활상해종합보험(주택플러스)(2602) (월납),주계약,일반상해사망(건강고지형),상해로 사망시,,,,,,비갱신형,,,,,file_47.xls,,,,일반상해사망(건강고지형),상해로 사망시,,,,,,,,,,,,,,,,,,,,,,,,,
롯데손보,(무) let:care 생활상해종합보험(주택플러스)(2602) (월납),주계약,항암방사선약물치료비(감액없음)(건강고지형),"보장개시일 이후 암으로 항암방사선 또는 항암약물치료시 (단, 갑상선암, 기타피부암으로 항암방사선약물치료시에는 20%지급)(1회한)",,,,,,비갱신형,,,,,file_47.xls,,,,항암방사선약물치료비(감액없음)(건강고지형),"보장개시일 이후 암으로 항암방사선 또는 항암약물치료시 (단, 갑상선암, 기타피부암으로 항암방사선약물치료시에는 20%지급)(1회한)",,,,,,,,,,,,,,,,,,,,,,,,,
롯데손보,(무) let:care 생활상해종합보험(주택플러스)(2602) (월납),주계약,허혈성심질환진단비(감액없음)(건강고지형),허혈성심질환으로 진단확정시(1회한),,,,,,비갱신형,,,,,file_47.xls,,,,허혈성심질환진단비(감액없음)(건강고지형),허혈성심질환으로 진단확정시(1회한),,,,,,,,,,,,,,,,,,,,,,,,,
롯데손보,(무) let:care 생활상해종합보험(주택플러스)(2602) (월납),주계약,뇌혈관질환진단비Ⅱ(간편가입),뇌혈관질환으로 진단확정시,"보험가입금액(비갱신형 및 갱신형(최초계약) 90일미만 10%, 1년 미만 50%)","보험가입금액(비갱신형 및 갱신형(최초계약) 90일미만 10%, 1년 미만 50%)","239,770 원","192,260 원",,비갱신형,,,,,file_47.xls,,흥국화재,무배당 흥Good 든든한 325 암만 생각해도 간편종합보험(26.03)_(1종)(간편가입형)(납입후 해약환급금지급형의 50‰지급형),뇌혈관질환진단비Ⅱ(간편가입),뇌혈관질환으로 진단확정시,"보험가입금액(비갱신형 및 갱신형(최초계약) 90일미만 10%, 1년 미만 50%)","239,770","192,260",133,152.4,,,,,,,,,,,,,,,,,,,,
롯데손보,(무) let:care 생활상해종합보험(주택플러스)(2602) (월납),주계약,암진단비(유사암제외)(간편가입),암(유사암제외)로 진단확정시(암 보장개시일 이후),보험가입금액(비갱신형 및 갱신형(최초계약) 1년 미만 50%),보험가입금액(비갱신형 및 갱신형(최초계약) 1년 미만 50%),,,,비갱신형,,,,,file_47.xls,,,,암진단비(유사암제외)(간편가입),암(유사암제외)로 진단확정시(암 보장개시일 이후),보험가입금액(비갱신형 및 갱신형(최초계약) 1년 미만 50%),,,,,,,,,,,,,,,,,,,,,,,,
롯데손보,(무) let:care 생활상해종합보험(주택플러스)(2602) (월납),주계약,일반상해사망(간편가입),일반상해로 사망시,보험가입금액,보험가입금액,,,,비갱신형,,,,,file_47.xls,,,,일반상해사망(간편가입),일반상해로 사망시,보험가입금액,,,,,,,,,,,,,,,,,,,,,,,,
롯데손보,(무) let:care 생활상해종합보험(주택플러스)(2602) (월납),주계약,항암방사선약물치료비(간편가입),암등으로 진단 확정되고 그 치료를 목적으로 항암방사선치료 또는 항암약물치료를 받은 경우,"암: 보험가입금액(1년미만 50%)갑상선암, 기타피부암: 보험가입금액의 20%(1년 미만 50%)","암: 보험가입금액(1년미만 50%)갑상선암, 기타피부암: 보험가입금액의 20%(1년 미만 50%)",,,,비갱신형,,,,,file_47.xls,,,,항암방사선약물치료비(간편가입),암등으로 진단 확정되고 그 치료를 목적으로 항암방사선치료 또는 항암약물치료를 받은 경우,"암: 보험가입금액(1년미만 50%)갑상선암, 기타피부암: 보험가입금액의 20%(1년 미만 50%)",,,,,,,,,,,,,,,,,,,,,,,,
롯데손보,(무) let:care 생활상해종합보험(주택플러스)(2602) (월납),주계약,허혈성심질환진단비Ⅱ(간편가입),허혈성심질환으로 진단확정시,"보험가입금액(비갱신형 및 갱신형(최초계약) 90일미만 10%, 1년 미만 50%)","보험가입금액(비갱신형 및 갱신형(최초계약) 90일미만 10%, 1년 미만 50%)",,,,비갱신형,,,,,file_47.xls,,,,허혈성심질환진단비Ⅱ(간편가입),허혈성심질환으로 진단확정시,"보험가입금액(비갱신형 및 갱신형(최초계약) 90일미만 10%, 1년 미만 50%)",,,,,,,,,,,,,,,,,,,,,,,,
롯데손보,(무) let:care 생활상해종합보험(주택플러스)(2602) (월납),주계약,뇌혈관질환진단비Ⅱ(간편가입),뇌혈관질환으로 진단확정시,"보험가입금액(비갱신형 및 갱신형(최초계약) 90일미만 10%, 1년 미만 50%)","보험가입금액(비갱신형 및 갱신형(최초계약) 90일미만 10%, 1년 미만 50%)","283,440 원","226,260 원",,비갱신형,,,,,file_47.xls,,흥국화재,무배당 흥Good 든든한 325 암만 생각해도 간편종합보험(26.03)_(1종)(간편가입형)(해약환급금지급형),뇌혈관질환진단비Ⅱ(간편가입),뇌혈관질환으로 진단확정시,"보험가입금액(비갱신형 및 갱신형(최초계약) 90일미만 10%, 1년 미만 50%)","283,440","226,260",131.3,149.6,,,,,,,,,,,,,,,,,,,,
롯데손보,(무) let:care 생활상해종합보험(주택플러스)(2602) (월납),주계약,암진단비(유사암제외)(간편가입),암(유사암제외)로 진단확정시(암 보장개시일 이후),보험가입금액(비갱신형 및 갱신형(최초계약) 1년 미만 50%),보험가입금액(비갱신형 및 갱신형(최초계약) 1년 미만 50%),,,,비갱신형,,,,,file_47.xls,,,,암진단비(유사암제외)(간편가입),암(유사암제외)로 진단확정시(암 보장개시일 이후),보험가입금액(비갱신형 및 갱신형(최초계약) 1년 미만 50%),,,,,,,,,,,,,,,,,,,,,,,,
롯데손보,(무) let:care 생활상해종합보험(주택플러스)(2602) (월납),주계약,일반상해사망(간편가입),일반상해로 사망시,보험가입금액,보험가입금액,,,,비갱신형,,,,,file_47.xls,,,,일반상해사망(간편가입),일반상해로 사망시,보험가입금액,,,,,,,,,,,,,,,,,,,,,,,,
롯데손보,(무) let:care 생활상해종합보험(주택플러스)(2602) (월납),주계약,항암방사선약물치료비(간편가입),암등으로 진단 확정되고 그 치료를 목적으로 항암방사선치료 또는 항암약물치료를 받은 경우,"암: 보험가입금액(1년미만 50%)갑상선암, 기타피부암: 보험가입금액의 20%(1년 미만 50%)","암: 보험가입금액(1년미만 50%)갑상선암, 기타피부암: 보험가입금액의 20%(1년 미만 50%)",,,,비갱신형,,,,,file_47.xls,,,,항암방사선약물치료비(간편가입),암등으로 진단 확정되고 그 치료를 목적으로 항암방사선치료 또는 항암약물치료를 받은 경우,"암: 보험가입금액(1년미만 50%)갑상선암, 기타피부암: 보험가입금액의 20%(1년 미만 50%)",,,,,,,,,,,,,,,,,,,,,,,,
롯데손보,(무) let:care 생활상해종합보험(주택플러스)(2602) (월납),주계약,허혈성심질환진단비Ⅱ(간편가입),허혈성심질환으로 진단확정시,"보험가입금액(비갱신형 및 갱신형(최초계약) 90일미만 10%, 1년 미만 50%)","보험가입금액(비갱신형 및 갱신형(최초계약) 90일미만 10%, 1년 미만 50%)",,,,비갱신형,,,,,file_47.xls,,,,허혈성심질환진단비Ⅱ(간편가입),허혈성심질환으로 진단확정시,"보험가입금액(비갱신형 및 갱신형(최초계약) 90일미만 10%, 1년 미만 50%)",,,,,,,,,,,,,,,,,,,,,,,,
롯데손보,(무) let:care 생활상해종합보험(주택플러스)(2602) (월납),주계약,뇌혈관질환진단비Ⅱ(간편가입),뇌혈관질환으로 진단확정시,"보험가입금액(비갱신형 및 갱신형(최초계약) 90일 미만 10%, 1년 미만 50%)","보험가입금액(비갱신형 및 갱신형(최초계약) 90일 미만 10%, 1년 미만 50%)","181,910 원","144,660 원",,비갱신형,,,,,file_47.xls,,흥국화재,무배당 흥Good 든든한 325 암만 생각해도 간편종합보험(26.03)_(2종)(20년갱신형)(간편가입형)(해약환급금지급형),뇌혈관질환진단비Ⅱ(간편가입),뇌혈관질환으로 진단확정시,"보험가입금액(비갱신형 및 갱신형(최초계약) 90일 미만 10%, 1년 미만 50%)","181,910","144,660",142.6,165.7,,,,,,,,,,,,,,,,,,,,
롯데손보,(무) let:care 생활상해종합보험(주택플러스)(2602) (월납),주계약,암진단비(유사암제외)(간편가입),암(유사암제외)로 진단확정시(암 보장개시일 이후),보험가입금액(비갱신형 및 갱신형(최초계약) 1년 미만 50%),보험가입금액(비갱신형 및 갱신형(최초계약) 1년 미만 50%),,,,비갱신형,,,,,file_47.xls,,,,암진단비(유사암제외)(간편가입),암(유사암제외)로 진단확정시(암 보장개시일 이후),보험가입금액(비갱신형 및 갱신형(최초계약) 1년 미만 50%),,,,,,,,,,,,,,,,,,,,,,,,
롯데손보,(무) let:care 생활상해종합보험(주택플러스)(2602) (월납),주계약,일반상해사망(간편가입),일반상해로 사망시,보험가입금액,보험가입금액,,,,비갱신형,,,,,file_47.xls,,,,일반상해사망(간편가입),일반상해로 사망시,보험가입금액,,,,,,,,,,,,,,,,,,,,,,,,
롯데손보,(무) let:care 생활상해종합보험(주택플러스)(2602) (월납),주계약,항암방사선약물치료비(간편가입),암등으로 진단 확정되고 그 치료를 목적으로 항암방사선치료 또는 항암약물치료를 받은 경우,"암: 보험가입금액(1년미만 50%)갑상선암, 기타피부암: 보험가입금액의 20%(1년 미만 50%)","암: 보험가입금액(1년미만 50%)갑상선암, 기타피부암: 보험가입금액의 20%(1년 미만 50%)",,,,비갱신형,,,,,file_47.xls,,,,항암방사선약물치료비(간편가입),암등으로 진단 확정되고 그 치료를 목적으로 항암방사선치료 또는 항암약물치료를 받은 경우,"암: 보험가입금액(1년미만 50%)갑상선암, 기타피부암: 보험가입금액의 20%(1년 미만 50%)",,,,,,,,,,,,,,,,,,,,,,,,
롯데손보,(무) let:care 생활상해종합보험(주택플러스)(2602) (월납),주계약,허혈성심질환진단비Ⅱ(간편가입),허혈성심질환으로 진단확정시,"보험가입금액(비갱신형 및 갱신형(최초계약) 90일 미만 10%, 1년 미만 50%)","보험가입금액(비갱신형 및 갱신형(최초계약) 90일 미만 10%, 1년 미만 50%)",,,,비갱신형,,,,,file_47.xls,,,,허혈성심질환진단비Ⅱ(간편가입),허혈성심질환으로 진단확정시,"보험가입금액(비갱신형 및 갱신형(최초계약) 90일 미만 10%, 1년 미만 50%)",,,,,,,,,,,,,,,,,,,,,,,,
롯데손보,(무) let:care 생활상해종합보험(주택플러스)(2602) (월납),주계약,뇌혈관질환진단비Ⅱ(간편가입),뇌혈관질환으로 진단확정시,"보험가입금액(비갱신형 및 갱신형(최초계약) 90일 미만 10%, 1년 미만 50%)","보험가입금액(비갱신형 및 갱신형(최초계약) 90일 미만 10%, 1년 미만 50%)","159,960 원","127,920 원",,비갱신형,,,,,file_47.xls,,흥국화재,무배당 흥Good 든든한 325 암만 생각해도 간편종합보험(26.03)_(2종)(20년갱신형)(간편가입형)(해약환급금미지급형),뇌혈관질환진단비Ⅱ(간편가입),뇌혈관질환으로 진단확정시,"보험가입금액(비갱신형 및 갱신형(최초계약) 90일 미만 10%, 1년 미만 50%)","159,960","127,920",137.2,160.5,,,,,,,,,,,,,,,,,,,,
롯데손보,(무) let:care 생활상해종합보험(주택플러스)(2602) (월납),주계약,암진단비(유사암제외)(간편가입),암(유사암제외)로 진단확정시(암 보장개시일 이후),보험가입금액(비갱신형 및 갱신형(최초계약) 1년 미만 50%),보험가입금액(비갱신형 및 갱신형(최초계약) 1년 미만 50%),,,,비갱신형,,,,,file_47.xls,,,,암진단비(유사암제외)(간편가입),암(유사암제외)로 진단확정시(암 보장개시일 이후),보험가입금액(비갱신형 및 갱신형(최초계약) 1년 미만 50%),,,,,,,,,,,,,,,,,,,,,,,,
롯데손보,(무) let:care 생활상해종합보험(주택플러스)(2602) (월납),주계약,일반상해사망(간편가입),일반상해로 사망시,보험가입금액,보험가입금액,,,,비갱신형,,,,,file_47.xls,,,,일반상해사망(간편가입),일반상해로 사망시,보험가입금액,,,,,,,,,,,,,,,,,,,,,,,,
롯데손보,(무) let:care 생활상해종합보험(주택플러스)(2602) (월납),주계약,항암방사선약물치료비(간편가입),암등으로 진단 확정되고 그 치료를 목적으로 항암방사선치료 또는 항암약물치료를 받은 경우,"암: 보험가입금액(1년미만 50%)갑상선암, 기타피부암: 보험가입금액의 20%(1년 미만 50%)","암: 보험가입금액(1년미만 50%)갑상선암, 기타피부암: 보험가입금액의 20%(1년 미만 50%)",,,,비갱신형,,,,,file_47.xls,,,,항암방사선약물치료비(간편가입),암등으로 진단 확정되고 그 치료를 목적으로 항암방사선치료 또는 항암약물치료를 받은 경우,"암: 보험가입금액(1년미만 50%)갑상선암, 기타피부암: 보험가입금액의 20%(1년 미만 50%)",,,,,,,,,,,,,,,,,,,,,,,,
롯데손보,(무) let:care 생활상해종합보험(주택플러스)(2602) (월납),주계약,허혈성심질환진단비Ⅱ(간편가입),허혈성심질환으로 진단확정시,"보험가입금액(비갱신형 및 갱신형(최초계약) 90일 미만 10%, 1년 미만 50%)","보험가입금액(비갱신형 및 갱신형(최초계약) 90일 미만 10%, 1년 미만 50%)",,,,비갱신형,,,,,file_47.xls,,,,허혈성심질환진단비Ⅱ(간편가입),허혈성심질환으로 진단확정시,"보험가입금액(비갱신형 및 갱신형(최초계약) 90일 미만 10%, 1년 미만 50%)",,,,,,,,,,,,,,,,,,,,,,,,
롯데손보,(무) let:care 생활상해종합보험(주택플러스)(2602) (월납),주계약,뇌혈관질환진단,"뇌혈관질환으로 진단 확정시(1회한, 1년미만 50%)",보험가입금액,보험가입금액,"37,400 원","40,080 원",,비갱신형,,,,,file_47.xls,,흥국화재,무배당 흥Good 더플러스 종합보험(26.03)_(1종)(갱신형_20년)(해약환급금지급형),뇌혈관질환진단,"뇌혈관질환으로 진단 확정시(1회한, 1년미만 50%)",보험가입금액,"37,400","40,080",104.3,106,,,,,,,,,,,,,,,,,,,,
롯데손보,(무) let:care 생활상해종합보험(주택플러스)(2602) (월납),주계약,암진단(유사암제외),"보장개시일 이후 암(유사암제외) 진단 확정시(1회한, 1년미만 50%)* 유사암 : 갑상선암, 제자리암(상피내암), 경계성종양, 기타피부암",,,,,,비갱신형,,,,,file_47.xls,,,,암진단(유사암제외),"보장개시일 이후 암(유사암제외) 진단 확정시(1회한, 1년미만 50%)* 유사암 : 갑상선암, 제자리암(상피내암), 경계성종양, 기타피부암",,,,,,,,,,,,,,,,,,,,,,,,,
롯데손보,(무) let:care 생활상해종합보험(주택플러스)(2602) (월납),주계약,일반상해사망,일반상해로 사망시,,,,,,비갱신형,,,,,file_47.xls,,,,일반상해사망,일반상해로 사망시,,,,,,,,,,,,,,,,,,,,,,,,,
롯데손보,(무) let:care 생활상해종합보험(주택플러스)(2602) (월납),주계약,일반상해사망후유장해(80%이상),일반상해로 80%이상 후유장해시(최초 1회한),,,,,,비갱신형,,,,,file_47.xls,,,,일반상해사망후유장해(80%이상),일반상해로 80%이상 후유장해시(최초 1회한),,,,,,,,,,,,,,,,,,,,,,,,,
롯데손보,(무) let:care 생활상해종합보험(주택플러스)(2602) (월납),주계약,항암방사선약물치료,"보장개시일 이후 암으로 항암방사선 또는 항암약물치료시 (단, 갑상선암, 기타피부암으로 항암방사선약물치료시에는 20%지급)(1회한, 1년미만 50%)",,,,,,비갱신형,,,,,file_47.xls,,,,항암방사선약물치료,"보장개시일 이후 암으로 항암방사선 또는 항암약물치료시 (단, 갑상선암, 기타피부암으로 항암방사선약물치료시에는 20%지급)(1회한, 1년미만 50%)",,,,,,,,,,,,,,,,,,,,,,,,,
롯데손보,(무) let:care 생활상해종합보험(주택플러스)(2602) (월납),주계약,허혈성심질환진단,"허혈성심질환으로 진단 확정시(1회한, 1년미만 50%)",,,,,,비갱신형,,,,,file_47.xls,,,,허혈성심질환진단,"허혈성심질환으로 진단 확정시(1회한, 1년미만 50%)",,,,,,,,,,,,,,,,,,,,,,,,,
롯데손보,(무) let:care 생활상해종합보험(주택플러스)(2602) (월납),주계약,뇌혈관질환진단,"뇌혈관질환으로 진단 확정시(1회한, 1년미만 50%)",보험가입금액,보험가입금액,"58,130 원","51,320 원",,비갱신형,,,,,file_47.xls,,흥국화재,무배당 흥Good 더플러스 종합보험(26.03)_(2종)(갱신형_30년)(해약환급금지급형),뇌혈관질환진단,"뇌혈관질환으로 진단 확정시(1회한, 1년미만 50%)",보험가입금액,"58,130","51,320",103.4,104.2,,,,,,,,,,,,,,,,,,,,
롯데손보,(무) let:care 생활상해종합보험(주택플러스)(2602) (월납),주계약,암진단(유사암제외),"보장개시일 이후 암(유사암제외) 진단 확정시(1회한, 1년미만 50%)* 유사암 : 갑상선암, 제자리암(상피내암), 경계성종양, 기타피부암",,,,,,비갱신형,,,,,file_47.xls,,,,암진단(유사암제외),"보장개시일 이후 암(유사암제외) 진단 확정시(1회한, 1년미만 50%)* 유사암 : 갑상선암, 제자리암(상피내암), 경계성종양, 기타피부암",,,,,,,,,,,,,,,,,,,,,,,,,
롯데손보,(무) let:care 생활상해종합보험(주택플러스)(2602) (월납),주계약,일반상해사망,일반상해로 사망시,,,,,,비갱신형,,,,,file_47.xls,,,,일반상해사망,일반상해로 사망시,,,,,,,,,,,,,,,,,,,,,,,,,
롯데손보,(무) let:care 생활상해종합보험(주택플러스)(2602) (월납),주계약,일반상해사망후유장해(80%이상),일반상해로 80%이상 후유장해시(최초 1회한),,,,,,비갱신형,,,,,file_47.xls,,,,일반상해사망후유장해(80%이상),일반상해로 80%이상 후유장해시(최초 1회한),,,,,,,,,,,,,,,,,,,,,,,,,
롯데손보,(무) let:care 생활상해종합보험(주택플러스)(2602) (월납),주계약,항암방사선약물치료,"보장개시일 이후 암으로 항암방사선 또는 항암약물치료시 (단, 갑상선암, 기타피부암으로 항암방사선약물치료시에는 20%지급)(1회한, 1년미만 50%)",,,,,,비갱신형,,,,,file_47.xls,,,,항암방사선약물치료,"보장개시일 이후 암으로 항암방사선 또는 항암약물치료시 (단, 갑상선암, 기타피부암으로 항암방사선약물치료시에는 20%지급)(1회한, 1년미만 50%)",,,,,,,,,,,,,,,,,,,,,,,,,
롯데손보,(무) let:care 생활상해종합보험(주택플러스)(2602) (월납),주계약,허혈성심질환진단,"허혈성심질환으로 진단 확정시(1회한, 1년미만 50%)",,,,,,비갱신형,,,,,file_47.xls,,,,허혈성심질환진단,"허혈성심질환으로 진단 확정시(1회한, 1년미만 50%)",,,,,,,,,,,,,,,,,,,,,,,,,
롯데손보,(무) let:care 생활상해종합보험(주택플러스)(2602) (월납),주계약,뇌혈관질환진단,"뇌혈관질환으로 진단 확정시(1회한, 1년미만 50%)",보험가입금액,보험가입금액,"51,310 원","47,950 원",,비갱신형,,,,,file_47.xls,,흥국화재,무배당 흥Good 더플러스 종합보험(26.03)_(3종)(갱신형_30년)(해약환급금 미지급형),뇌혈관질환진단,"뇌혈관질환으로 진단 확정시(1회한, 1년미만 50%)",보험가입금액,"51,310","47,950",108,107.5,,,,,,,,,,,,,,,,,,,,
롯데손보,(무) let:care 생활상해종합보험(주택플러스)(2602) (월납),주계약,암진단(유사암제외),"보장개시일 이후 암(유사암제외) 진단 확정시(1회한, 1년미만 50%)* 유사암 : 갑상선암, 제자리암(상피내암), 경계성종양, 기타피부암",,,,,,비갱신형,,,,,file_47.xls,,,,암진단(유사암제외),"보장개시일 이후 암(유사암제외) 진단 확정시(1회한, 1년미만 50%)* 유사암 : 갑상선암, 제자리암(상피내암), 경계성종양, 기타피부암",,,,,,,,,,,,,,,,,,,,,,,,,
롯데손보,(무) let:care 생활상해종합보험(주택플러스)(2602) (월납),주계약,일반상해사망,일반상해로 사망시,,,,,,비갱신형,,,,,file_47.xls,,,,일반상해사망,일반상해로 사망시,,,,,,,,,,,,,,,,,,,,,,,,,
롯데손보,(무) let:care 생활상해종합보험(주택플러스)(2602) (월납),주계약,일반상해사망후유장해(80%이상),일반상해로 80%이상 후유장해시(최초 1회한),,,,,,비갱신형,,,,,file_47.xls,,,,일반상해사망후유장해(80%이상),일반상해로 80%이상 후유장해시(최초 1회한),,,,,,,,,,,,,,,,,,,,,,,,,
롯데손보,(무) let:care 생활상해종합보험(주택플러스)(2602) (월납),주계약,항암방사선약물치료,"보장개시일 이후 암으로 항암방사선 또는 항암약물치료시 (단, 갑상선암, 기타피부암으로 항암방사선약물치료시에는 20%지급)(1회한, 1년미만 50%)",,,,,,비갱신형,,,,,file_47.xls,,,,항암방사선약물치료,"보장개시일 이후 암으로 항암방사선 또는 항암약물치료시 (단, 갑상선암, 기타피부암으로 항암방사선약물치료시에는 20%지급)(1회한, 1년미만 50%)",,,,,,,,,,,,,,,,,,,,,,,,,
롯데손보,(무) let:care 생활상해종합보험(주택플러스)(2602) (월납),주계약,허혈성심질환진단,"허혈성심질환으로 진단 확정시(1회한, 1년미만 50%)",,,,,,비갱신형,,,,,file_47.xls,,,,허혈성심질환진단,"허혈성심질환으로 진단 확정시(1회한, 1년미만 50%)",,,,,,,,,,,,,,,,,,,,,,,,,
롯데손보,(무) let:care 생활상해종합보험(주택플러스)(2602) (월납),주계약,뇌혈관질환진단비(건강고지형),"뇌혈관질환으로 진단확정시(1회한, 1년미만 50%)",보험가입금액,보험가입금액,"88,000 원","60,390 원",,비갱신형,,,,,file_47.xls,,흥국화재,무배당 흥Good The 건강한 4565 종합보험(26.03)_(2종)(20년갱신형)(해약환급금지급형),뇌혈관질환진단비(건강고지형),"뇌혈관질환으로 진단확정시(1회한, 1년미만 50%)",보험가입금액,"88,000","60,390",68.5,71.1,,,,,,,,,,,,,,,,,,,,
롯데손보,(무) let:care 생활상해종합보험(주택플러스)(2602) (월납),주계약,암진단비(유사암제외)(건강고지형),"보장개시일 이후 암(유사암제외) 진단 확정시(1회한, 1년미만 50%)* 유사암 : 갑상선암, 제자리암(상피내암), 경계성종양, 기타피부암",,,,,,비갱신형,,,,,file_47.xls,,,,암진단비(유사암제외)(건강고지형),"보장개시일 이후 암(유사암제외) 진단 확정시(1회한, 1년미만 50%)* 유사암 : 갑상선암, 제자리암(상피내암), 경계성종양, 기타피부암",,,,,,,,,,,,,,,,,,,,,,,,,
롯데손보,(무) let:care 생활상해종합보험(주택플러스)(2602) (월납),주계약,일반상해사망(건강고지형),상해로 사망시,,,,,,비갱신형,,,,,file_47.xls,,,,일반상해사망(건강고지형),상해로 사망시,,,,,,,,,,,,,,,,,,,,,,,,,
롯데손보,(무) let:care 생활상해종합보험(주택플러스)(2602) (월납),주계약,항암방사선약물치료비(건강고지형),"보장개시일 이후 암으로 항암방사선 또는 항암약물치료시 (단, 갑상선암, 기타피부암으로 항암방사선약물치료시에는 20%지급)(1회한, 1년미만 50%)",,,,,,비갱신형,,,,,file_47.xls,,,,항암방사선약물치료비(건강고지형),"보장개시일 이후 암으로 항암방사선 또는 항암약물치료시 (단, 갑상선암, 기타피부암으로 항암방사선약물치료시에는 20%지급)(1회한, 1년미만 50%)",,,,,,,,,,,,,,,,,,,,,,,,,
롯데손보,(무) let:care 생활상해종합보험(주택플러스)(2602) (월납),주계약,허혈성심질환진단비(건강고지형),"허혈성심질환으로 진단확정시(1회한, 1년미만 50%)",,,,,,비갱신형,,,,,file_47.xls,,,,허혈성심질환진단비(건강고지형),"허혈성심질환으로 진단확정시(1회한, 1년미만 50%)",,,,,,,,,,,,,,,,,,,,,,,,,
롯데손보,(무) let:care 생활상해종합보험(주택플러스)(2602) (월납),주계약,뇌혈관질환진단비(건강고지형),"뇌혈관질환으로 진단확정시(1회한, 1년미만 50%)",보험가입금액,보험가입금액,"82,810 원","57,950 원",,비갱신형,,,,,file_47.xls,,흥국화재,무배당 흥Good The 건강한 4565 종합보험(26.03)_(2종)(20년갱신형)(해약환급금미지급형),뇌혈관질환진단비(건강고지형),"뇌혈관질환으로 진단확정시(1회한, 1년미만 50%)",보험가입금액,"82,810","57,950",71.4,74,,,,,,,,,,,,,,,,,,,,
롯데손보,(무) let:care 생활상해종합보험(주택플러스)(2602) (월납),주계약,암진단비(유사암제외)(건강고지형),"보장개시일 이후 암(유사암제외) 진단 확정시(1회한, 1년미만 50%)* 유사암 : 갑상선암, 제자리암(상피내암), 경계성종양, 기타피부암",,,,,,비갱신형,,,,,file_47.xls,,,,암진단비(유사암제외)(건강고지형),"보장개시일 이후 암(유사암제외) 진단 확정시(1회한, 1년미만 50%)* 유사암 : 갑상선암, 제자리암(상피내암), 경계성종양, 기타피부암",,,,,,,,,,,,,,,,,,,,,,,,,
롯데손보,(무) let:care 생활상해종합보험(주택플러스)(2602) (월납),주계약,일반상해사망(건강고지형),상해로 사망시,,,,,,비갱신형,,,,,file_47.xls,,,,일반상해사망(건강고지형),상해로 사망시,,,,,,,,,,,,,,,,,,,,,,,,,
롯데손보,(무) let:care 생활상해종합보험(주택플러스)(2602) (월납),주계약,항암방사선약물치료비(건강고지형),"보장개시일 이후 암으로 항암방사선 또는 항암약물치료시 (단, 갑상선암, 기타피부암으로 항암방사선약물치료시에는 20%지급)(1회한, 1년미만 50%)",,,,,,비갱신형,,,,,file_47.xls,,,,항암방사선약물치료비(건강고지형),"보장개시일 이후 암으로 항암방사선 또는 항암약물치료시 (단, 갑상선암, 기타피부암으로 항암방사선약물치료시에는 20%지급)(1회한, 1년미만 50%)",,,,,,,,,,,,,,,,,,,,,,,,,
롯데손보,(무) let:care 생활상해종합보험(주택플러스)(2602) (월납),주계약,허혈성심질환진단비(건강고지형),"허혈성심질환으로 진단확정시(1회한, 1년미만 50%)",,,,,,비갱신형,,,,,file_47.xls,,,,허혈성심질환진단비(건강고지형),"허혈성심질환으로 진단확정시(1회한, 1년미만 50%)",,,,,,,,,,,,,,,,,,,,,,,,,
,[건강]보험료 납입면제대상(특정상해진단수술) (월납),주계약,[건강]보험료 납입면제대상(특정상해진단수술),보험기간 중 약관에서 정한 중대 화상·부식으로 진단 확정되거나 뇌·내장손상 수술로 보험료 납입면제사유가 발생한 경우 가입금액 지급(최초 1회한),,,,,,비갱신형,,,,,file_47.xls,,,,[건강]보험료 납입면제대상(특정상해진단수술),보험기간 중 약관에서 정한 중대 화상·부식으로 진단 확정되거나 뇌·내장손상 수술로 보험료 납입면제사유가 발생한 경우 가입금액 지급(최초 1회한),,,,,,,,,,,,,,,,,,,,,,,,,
,[건강]보험료 납입면제대상(특정상해진단수술) (월납),주계약,[건강]상해 사망,상해사고로 사망한 경우 가입금액 지급,,,,,,비갱신형,,,,,file_47.xls,,,,[건강]상해 사망,상해사고로 사망한 경우 가입금액 지급,,,,,,,,,,,,,,,,,,,,,,,,,
,[건강]보험료 납입면제대상(특정상해진단수술) (월납),주계약,[건강]암 진단비(유사암 제외),"보장개시일 이후 암(유사암 제외)으로 진단 확정된 경우 가입금액 지급(최초 1회한)※ 암(유사암 제외)의 보장개시일은 최초 계약일 또는 부활(효력회복)일부터 90일이 지난날의 다음날임※ 유사암은 기타피부암, 갑상선암, 대장점막내암, 제자리암, 경계성종양임",,,,,,비갱신형,,,,,file_47.xls,,,,[건강]암 진단비(유사암 제외),"보장개시일 이후 암(유사암 제외)으로 진단 확정된 경우 가입금액 지급(최초 1회한)※ 암(유사암 제외)의 보장개시일은 최초 계약일 또는 부활(효력회복)일부터 90일이 지난날의 다음날임※ 유사암은 기타피부암, 갑상선암, 대장점막내암, 제자리암, 경계성종양임",,,,,,,,,,,,,,,,,,,,,,,,,
,[건강]보험료 납입면제대상(특정상해진단수술) (월납),주계약,[건강]항암방사선·약물 치료비Ⅲ(기타피부암 및 갑상선암),"보험기간 중 갑상선암, 기타피부암으로 진단 확정되고 그 치료를 직접적인 목적으로 항암방사선 또는 항암약물치료를 받은 경우 가입금액 지급(최초 1회한)※ 기타피부암, 갑상선암의 보장개시일은 계약일임",,,,,,비갱신형,,,,,file_47.xls,,,,[건강]항암방사선·약물 치료비Ⅲ(기타피부암 및 갑상선암),"보험기간 중 갑상선암, 기타피부암으로 진단 확정되고 그 치료를 직접적인 목적으로 항암방사선 또는 항암약물치료를 받은 경우 가입금액 지급(최초 1회한)※ 기타피부암, 갑상선암의 보장개시일은 계약일임",,,,,,,,,,,,,,,,,,,,,,,,,
,[건강]보험료 납입면제대상(특정상해진단수술) (월납),주계약,[건강]항암방사선·약물 치료비Ⅲ(암(기타피부암 및 갑상선암 제외)),보장개시일 이후 암으로 진단 확정되고 그 치료를 직접적인 목적으로 항암방사선 또는 항암약물치료를 받은 경우 가입금액 지급(최초 1회한)※ 암의 보장개시일은 최초 계약일 또는 부활(효력회복)일부터 90일이 지난 날의 다음날임,,,,,,비갱신형,,,,,file_47.xls,,,,[건강]항암방사선·약물 치료비Ⅲ(암(기타피부암 및 갑상선암 제외)),보장개시일 이후 암으로 진단 확정되고 그 치료를 직접적인 목적으로 항암방사선 또는 항암약물치료를 받은 경우 가입금액 지급(최초 1회한)※ 암의 보장개시일은 최초 계약일 또는 부활(효력회복)일부터 90일이 지난 날의 다음날임,,,,,,,,,,,,,,,,,,,,,,,,,
,[건강]보험료 납입면제대상(특정상해진단수술) (월납),주계약,[건강]허혈성심장질환 진단비,보험기간 중 약관에 정한 허혈성심장질환으로 진단 확정된 경우 가입금액 지급(최초 1회한)※ 최초 보험가입후 1년 미만에 보험금 지급사유가 발생한 경우 50% 감액지급,,,,,,비갱신형,,,,,file_47.xls,,,,[건강]허혈성심장질환 진단비,보험기간 중 약관에 정한 허혈성심장질환으로 진단 확정된 경우 가입금액 지급(최초 1회한)※ 최초 보험가입후 1년 미만에 보험금 지급사유가 발생한 경우 50% 감액지급,,,,,,,,,,,,,,,,,,,,,,,,,
,[건강]보험료 납입면제대상(특정상해진단수술) (월납),주계약,[건강]뇌혈관질환 진단비,보험기간 중 약관에 정한 뇌혈관질환(뇌졸중포함)으로 진단 확정된 경우 가입금액 지급(최초 1회한),가입금액,가입금액,"175,452 원","130,597 원",,비갱신형,,,,,file_47.xls,,삼성화재,"무배당 삼성화재 건강보험 마이핏1640(2601.7)(납입면제,해약환급금 미지급형Ⅱ)",[건강]뇌혈관질환 진단비,보험기간 중 약관에 정한 뇌혈관질환(뇌졸중포함)으로 진단 확정된 경우 가입금액 지급(최초 1회한),가입금액,"175,452","130,597",92.3,88.8,,,,,,,,,,,,,,,,,,,,
,[건강]보험료 납입면제대상(특정상해진단수술) (월납),주계약,[건강]보험료 납입면제대상(특정상해진단수술),보험기간 중 약관에서 정한 중대 화상·부식으로 진단 확정되거나 뇌·내장손상 수술로 보험료 납입면제사유가 발생한 경우 가입금액 지급(최초 1회한),,,,,,비갱신형,,,,,file_47.xls,,,,[건강]보험료 납입면제대상(특정상해진단수술),보험기간 중 약관에서 정한 중대 화상·부식으로 진단 확정되거나 뇌·내장손상 수술로 보험료 납입면제사유가 발생한 경우 가입금액 지급(최초 1회한),,,,,,,,,,,,,,,,,,,,,,,,,
,[건강]보험료 납입면제대상(특정상해진단수술) (월납),주계약,[건강]상해 사망,상해사고로 사망한 경우,,,,,,비갱신형,,,,,file_47.xls,,,,[건강]상해 사망,상해사고로 사망한 경우,,,,,,,,,,,,,,,,,,,,,,,,,
,[건강]보험료 납입면제대상(특정상해진단수술) (월납),주계약,[건강]암 진단비(유사암 제외),"보장개시일 이후 암(유사암 제외)으로 진단 확정된 경우 가입금액 지급(최초 1회한)※ 암(유사암 제외)의 보장개시일은 최초 계약일 또는 부활(효력회복)일부터 90일이 지난날의 다음날임※ 유사암은 기타피부암, 갑상선암, 대장점막내암, 제자리암, 경계성종양임",,,,,,비갱신형,,,,,file_47.xls,,,,[건강]암 진단비(유사암 제외),"보장개시일 이후 암(유사암 제외)으로 진단 확정된 경우 가입금액 지급(최초 1회한)※ 암(유사암 제외)의 보장개시일은 최초 계약일 또는 부활(효력회복)일부터 90일이 지난날의 다음날임※ 유사암은 기타피부암, 갑상선암, 대장점막내암, 제자리암, 경계성종양임",,,,,,,,,,,,,,,,,,,,,,,,,
,[건강]보험료 납입면제대상(특정상해진단수술) (월납),주계약,[건강]항암방사선·약물 치료비Ⅲ(기타피부암 및 갑상선암),"보험기간 중 갑상선암, 기타피부암으로 진단 확정되고 그 치료를 직접적인 목적으로 항암방사선 또는 항암약물치료를 받은 경우 가입금액 지급(최초 1회한)※ 기타피부암, 갑상선암의 보장개시일은 계약일임",,,,,,비갱신형,,,,,file_47.xls,,,,[건강]항암방사선·약물 치료비Ⅲ(기타피부암 및 갑상선암),"보험기간 중 갑상선암, 기타피부암으로 진단 확정되고 그 치료를 직접적인 목적으로 항암방사선 또는 항암약물치료를 받은 경우 가입금액 지급(최초 1회한)※ 기타피부암, 갑상선암의 보장개시일은 계약일임",,,,,,,,,,,,,,,,,,,,,,,,,
,[건강]보험료 납입면제대상(특정상해진단수술) (월납),주계약,[건강]항암방사선·약물 치료비Ⅲ(암(기타피부암 및 갑상선암 제외)),보장개시일 이후 암으로 진단 확정되고 그 치료를 직접적인 목적으로 항암방사선 또는 항암약물치료를 받은 경우 가입금액 지급(최초 1회한)※ 암의 보장개시일은 최초 계약일 또는 부활(효력회복)일부터 90일이 지난 날의 다음날임,,,,,,비갱신형,,,,,file_47.xls,,,,[건강]항암방사선·약물 치료비Ⅲ(암(기타피부암 및 갑상선암 제외)),보장개시일 이후 암으로 진단 확정되고 그 치료를 직접적인 목적으로 항암방사선 또는 항암약물치료를 받은 경우 가입금액 지급(최초 1회한)※ 암의 보장개시일은 최초 계약일 또는 부활(효력회복)일부터 90일이 지난 날의 다음날임,,,,,,,,,,,,,,,,,,,,,,,,,
,[건강]보험료 납입면제대상(특정상해진단수술) (월납),주계약,[건강]허혈성심장질환 진단비,보험기간 중 약관에 정한 허혈성심장질환으로 진단 확정된 경우 가입금액 지급(최초 1회한),,,,,,비갱신형,,,,,file_47.xls,,,,[건강]허혈성심장질환 진단비,보험기간 중 약관에 정한 허혈성심장질환으로 진단 확정된 경우 가입금액 지급(최초 1회한),,,,,,,,,,,,,,,,,,,,,,,,,
,[건강]보험료 납입면제대상(특정상해진단수술) (월납),주계약,[건강]보험료 납입면제대상(특정상해진단수술),보험기간 중 약관에서 정한 중대 화상·부식으로 진단 확정되거나 뇌·내장손상 수술로 보험료 납입면제사유가 발생한 경우 가입금액 지급(최초 1회한),,,,,,비갱신형,,,,,file_47.xls,,,,[건강]보험료 납입면제대상(특정상해진단수술),보험기간 중 약관에서 정한 중대 화상·부식으로 진단 확정되거나 뇌·내장손상 수술로 보험료 납입면제사유가 발생한 경우 가입금액 지급(최초 1회한),,,,,,,,,,,,,,,,,,,,,,,,,
,[건강]보험료 납입면제대상(특정상해진단수술) (월납),주계약,[건강]상해 사망,상해사고로 사망한 경우 가입금액 지급,,,,,,비갱신형,,,,,file_47.xls,,,,[건강]상해 사망,상해사고로 사망한 경우 가입금액 지급,,,,,,,,,,,,,,,,,,,,,,,,,
,[건강]보험료 납입면제대상(특정상해진단수술) (월납),주계약,[건강]암 진단비(유사암 제외),"보장개시일 이후 암(유사암 제외)으로 진단 확정된 경우 가입금액 지급(최초 1회한)※ 암(유사암 제외)의 보장개시일은 최초 계약일 또는 부활(효력회복)일부터 90일이 지난날의 다음날임※ 유사암은 기타피부암, 갑상선암, 대장점막내암, 제자리암, 경계성종양임",,,,,,비갱신형,,,,,file_47.xls,,,,[건강]암 진단비(유사암 제외),"보장개시일 이후 암(유사암 제외)으로 진단 확정된 경우 가입금액 지급(최초 1회한)※ 암(유사암 제외)의 보장개시일은 최초 계약일 또는 부활(효력회복)일부터 90일이 지난날의 다음날임※ 유사암은 기타피부암, 갑상선암, 대장점막내암, 제자리암, 경계성종양임",,,,,,,,,,,,,,,,,,,,,,,,,
,[건강]보험료 납입면제대상(특정상해진단수술) (월납),주계약,[건강]항암방사선·약물 치료비Ⅲ(기타피부암 및 갑상선암),"보험기간 중 갑상선암, 기타피부암으로 진단 확정되고 그 치료를 직접적인 목적으로 항암방사선 또는 항암약물치료를 받은 경우 가입금액 지급(최초 1회한)※ 기타피부암, 갑상선암의 보장개시일은 계약일임",,,,,,비갱신형,,,,,file_47.xls,,,,[건강]항암방사선·약물 치료비Ⅲ(기타피부암 및 갑상선암),"보험기간 중 갑상선암, 기타피부암으로 진단 확정되고 그 치료를 직접적인 목적으로 항암방사선 또는 항암약물치료를 받은 경우 가입금액 지급(최초 1회한)※ 기타피부암, 갑상선암의 보장개시일은 계약일임",,,,,,,,,,,,,,,,,,,,,,,,,
,[건강]보험료 납입면제대상(특정상해진단수술) (월납),주계약,[건강]항암방사선·약물 치료비Ⅲ(암(기타피부암 및 갑상선암 제외)),보장개시일 이후 암으로 진단 확정되고 그 치료를 직접적인 목적으로 항암방사선 또는 항암약물치료를 받은 경우 가입금액 지급(최초 1회한)※ 암의 보장개시일은 최초 계약일 또는 부활(효력회복)일부터 90일이 지난 날의 다음날임,,,,,,비갱신형,,,,,file_47.xls,,,,[건강]항암방사선·약물 치료비Ⅲ(암(기타피부암 및 갑상선암 제외)),보장개시일 이후 암으로 진단 확정되고 그 치료를 직접적인 목적으로 항암방사선 또는 항암약물치료를 받은 경우 가입금액 지급(최초 1회한)※ 암의 보장개시일은 최초 계약일 또는 부활(효력회복)일부터 90일이 지난 날의 다음날임,,,,,,,,,,,,,,,,,,,,,,,,,
,[건강]보험료 납입면제대상(특정상해진단수술) (월납),주계약,[건강]허혈성심장질환 진단비,보험기간 중 약관에 정한 허혈성심장질환으로 진단 확정된 경우 가입금액 지급(최초 1회한)※ 최초 보험가입후 1년 미만에 보험금 지급사유가 발생한 경우 50% 감액지급,,,,,,비갱신형,,,,,file_47.xls,,,,[건강]허혈성심장질환 진단비,보험기간 중 약관에 정한 허혈성심장질환으로 진단 확정된 경우 가입금액 지급(최초 1회한)※ 최초 보험가입후 1년 미만에 보험금 지급사유가 발생한 경우 50% 감액지급,,,,,,,,,,,,,,,,,,,,,,,,,
,[건강]보험료 납입면제대상(특정상해진단수술) (월납),주계약,[건강]뇌혈관질환 진단비,보험기간 중 약관에 정한 뇌혈관질환(뇌졸중포함)으로 진단 확정된 경우 가입금액 지급(최초 1회한),가입금액,가입금액,"149,823 원","114,493 원",,비갱신형,,,,,file_47.xls,,삼성화재,"무배당 삼성화재 건강보험 New내돈내삼1640(2603.8)(납입면제,해약환급금 미지급형Ⅱ)",[건강]뇌혈관질환 진단비,보험기간 중 약관에 정한 뇌혈관질환(뇌졸중포함)으로 진단 확정된 경우 가입금액 지급(최초 1회한),가입금액,"149,823","114,493",78.8,77.9,,,,,,,,,,,,,,,,,,,,
,[건강]보험료 납입면제대상(특정상해진단수술) (월납),주계약,[건강]보험료 납입면제대상(특정상해진단수술),보험기간 중 약관에서 정한 중대 화상·부식으로 진단 확정되거나 뇌·내장손상 수술로 보험료 납입면제사유가 발생한 경우 가입금액 지급(최초 1회한),,,,,,비갱신형,,,,,file_47.xls,,,,[건강]보험료 납입면제대상(특정상해진단수술),보험기간 중 약관에서 정한 중대 화상·부식으로 진단 확정되거나 뇌·내장손상 수술로 보험료 납입면제사유가 발생한 경우 가입금액 지급(최초 1회한),,,,,,,,,,,,,,,,,,,,,,,,,
,[건강]보험료 납입면제대상(특정상해진단수술) (월납),주계약,[건강]상해 사망,상해사고로 사망한 경우,,,,,,비갱신형,,,,,file_47.xls,,,,[건강]상해 사망,상해사고로 사망한 경우,,,,,,,,,,,,,,,,,,,,,,,,,
,[건강]보험료 납입면제대상(특정상해진단수술) (월납),주계약,[건강]암 진단비(유사암 제외),"보장개시일 이후 암(유사암 제외)으로 진단 확정된 경우 가입금액 지급(최초 1회한)※ 암(유사암 제외)의 보장개시일은 최초 계약일 또는 부활(효력회복)일부터 90일이 지난날의 다음날임※ 유사암은 기타피부암, 갑상선암, 대장점막내암, 제자리암, 경계성종양임",,,,,,비갱신형,,,,,file_47.xls,,,,[건강]암 진단비(유사암 제외),"보장개시일 이후 암(유사암 제외)으로 진단 확정된 경우 가입금액 지급(최초 1회한)※ 암(유사암 제외)의 보장개시일은 최초 계약일 또는 부활(효력회복)일부터 90일이 지난날의 다음날임※ 유사암은 기타피부암, 갑상선암, 대장점막내암, 제자리암, 경계성종양임",,,,,,,,,,,,,,,,,,,,,,,,,
,[건강]보험료 납입면제대상(특정상해진단수술) (월납),주계약,[건강]항암방사선·약물 치료비Ⅲ(기타피부암 및 갑상선암),"보험기간 중 갑상선암, 기타피부암으로 진단 확정되고 그 치료를 직접적인 목적으로 항암방사선 또는 항암약물치료를 받은 경우 가입금액 지급(최초 1회한)※ 기타피부암, 갑상선암의 보장개시일은 계약일임",,,,,,비갱신형,,,,,file_47.xls,,,,[건강]항암방사선·약물 치료비Ⅲ(기타피부암 및 갑상선암),"보험기간 중 갑상선암, 기타피부암으로 진단 확정되고 그 치료를 직접적인 목적으로 항암방사선 또는 항암약물치료를 받은 경우 가입금액 지급(최초 1회한)※ 기타피부암, 갑상선암의 보장개시일은 계약일임",,,,,,,,,,,,,,,,,,,,,,,,,
,[건강]보험료 납입면제대상(특정상해진단수술) (월납),주계약,[건강]항암방사선·약물 치료비Ⅲ(암(기타피부암 및 갑상선암 제외)),보장개시일 이후 암으로 진단 확정되고 그 치료를 직접적인 목적으로 항암방사선 또는 항암약물치료를 받은 경우 가입금액 지급(최초 1회한)※ 암의 보장개시일은 최초 계약일 또는 부활(효력회복)일부터 90일이 지난 날의 다음날임,,,,,,비갱신형,,,,,file_47.xls,,,,[건강]항암방사선·약물 치료비Ⅲ(암(기타피부암 및 갑상선암 제외)),보장개시일 이후 암으로 진단 확정되고 그 치료를 직접적인 목적으로 항암방사선 또는 항암약물치료를 받은 경우 가입금액 지급(최초 1회한)※ 암의 보장개시일은 최초 계약일 또는 부활(효력회복)일부터 90일이 지난 날의 다음날임,,,,,,,,,,,,,,,,,,,,,,,,,
,[건강]보험료 납입면제대상(특정상해진단수술) (월납),주계약,[건강]허혈성심장질환 진단비,보험기간 중 약관에 정한 허혈성심장질환으로 진단 확정된 경우 가입금액 지급(최초 1회한),,,,,,비갱신형,,,,,file_47.xls,,,,[건강]허혈성심장질환 진단비,보험기간 중 약관에 정한 허혈성심장질환으로 진단 확정된 경우 가입금액 지급(최초 1회한),,,,,,,,,,,,,,,,,,,,,,,,,
현대해상,(무)현대해상하이퍼스트상해보험(Hi2601)/(무)하이퍼스트상해보험(Hi2601) 2종 (월납),주계약,상해사망,상해로 사망시,1억원,1억원,"6,140 원","3,780 원",,비갱신형,,,,,file_47.xls,,현대해상,(무)현대해상하이퍼스트상해보험(Hi2601)/(무)하이퍼스트상해보험(Hi2601) 2종,상해사망,상해로 사망시,1억원,"6,140","3,780",78.9,94.1,,,,,,,,,,,,,,,,,,,,
현대해상,(무)현대해상하이퍼스트상해보험(Hi2601)/(무)하이퍼스트상해보험(Hi2601) 2종 (월납),주계약,상해사망후유장해,,,,,,,비갱신형,,,,,file_47.xls,,,,상해사망후유장해,,,,,,,,,,,,,,,,,,,,,,,,,,
현대해상,(무)현대해상하이퍼스트상해보험(Hi2601)/(무)하이퍼스트상해보험(Hi2601) 2종 (월납),주계약,,상해로 3~100% 후유장해시,,,,,,비갱신형,,,,,file_47.xls,,,,,상해로 3~100% 후유장해시,,,,,,,,,,,,,,,,,,,,,,,,,
현대해상,(무)현대해상하이퍼스트상해보험(Hi2601)/(무)하이퍼스트상해보험(Hi2601) 1종 (월납),주계약,상해사망,상해로 사망시,1억원,1억원,"5,430 원","3,250 원",,비갱신형,,,,,file_47.xls,,현대해상,(무)현대해상하이퍼스트상해보험(Hi2601)/(무)하이퍼스트상해보험(Hi2601) 1종,상해사망,상해로 사망시,1억원,"5,430","3,250",76.2,94,,,,,,,,,,,,,,,,,,,,
현대해상,(무)현대해상하이퍼스트상해보험(Hi2601)/(무)하이퍼스트상해보험(Hi2601) 1종 (월납),주계약,상해사망후유장해,,,,,,,비갱신형,,,,,file_47.xls,,,,상해사망후유장해,,,,,,,,,,,,,,,,,,,,,,,,,,
현대해상,(무)현대해상하이퍼스트상해보험(Hi2601)/(무)하이퍼스트상해보험(Hi2601) 1종 (월납),주계약,,상해로 3~100% 후유장해시,,,,,,비갱신형,,,,,file_47.xls,,,,,상해로 3~100% 후유장해시,,,,,,,,,,,,,,,,,,,,,,,,,
KB손보,KB든든안심상해보험Ⅱ(무배당)(26.01)_2종 (월납),주계약,일반상해50%이상후유장해,보험기간 중 일반상해사고로 50%이상 후유장해시,보험가입금액(최초1회한),보험가입금액(최초1회한),"3,700 원","2,100 원",,비갱신형,,,,,file_47.xls,,KB손보,KB든든안심상해보험Ⅱ(무배당)(26.01)_2종,일반상해50%이상후유장해,보험기간 중 일반상해사고로 50%이상 후유장해시,보험가입금액(최초1회한),"3,700","2,100",81.9,89.5,,,,,,,,,,,,,,,,,,,,
KB손보,KB든든안심상해보험Ⅱ(무배당)(26.01)_2종 (월납),주계약,일반상해80%이상후유장해,보험기간 중 일반상해사고로 80%이상 후유장해시,,,,,,비갱신형,,,,,file_47.xls,,,,일반상해80%이상후유장해,보험기간 중 일반상해사고로 80%이상 후유장해시,,,,,,,,,,,,,,,,,,,,,,,,,
KB손보,KB든든안심상해보험Ⅱ(무배당)(26.01)_2종 (월납),주계약,일반상해사망,보험기간 중 일반상해사고로 사망시,보험가입금액,보험가입금액,,,,비갱신형,,,,,file_47.xls,,,,일반상해사망,보험기간 중 일반상해사고로 사망시,보험가입금액,,,,,,,,,,,,,,,,,,,,,,,,
KB손보,KB든든안심상해보험Ⅱ(무배당)(26.01)_2종 (월납),주계약,일반상해후유장해(20~100%),보험기간 중 일반상해사고로 20~100% 후유장해시,보험가입금액x장해지급률(20~100%),보험가입금액x장해지급률(20~100%),,,,비갱신형,,,,,file_47.xls,,,,일반상해후유장해(20~100%),보험기간 중 일반상해사고로 20~100% 후유장해시,보험가입금액x장해지급률(20~100%),,,,,,,,,,,,,,,,,,,,,,,,
KB손보,CEO안심상해보험Ⅱ(무배당)(26.01)_3종 (월납),주계약,상해수술비,보험기간 중 상해로 수술시,보험가입금액(수술 1회당),보험가입금액(수술 1회당),"4,347 원","2,618 원",,비갱신형,,,,,file_47.xls,,KB손보,CEO안심상해보험Ⅱ(무배당)(26.01)_3종,상해수술비,보험기간 중 상해로 수술시,보험가입금액(수술 1회당),"4,347","2,618",84.5,98,,,,,,,,,,,,,,,,,,,,
KB손보,CEO안심상해보험Ⅱ(무배당)(26.01)_3종 (월납),주계약,일반상해50%이상후유장해생활지원금(10년매월지급형),보험기간 중 일반상해사고로 50%이상 후유장해시,보험가입금액 x 120회(최초1회한),보험가입금액 x 120회(최초1회한),,,,비갱신형,,,,,file_47.xls,,,,일반상해50%이상후유장해생활지원금(10년매월지급형),보험기간 중 일반상해사고로 50%이상 후유장해시,보험가입금액 x 120회(최초1회한),,,,,,,,,,,,,,,,,,,,,,,,
KB손보,CEO안심상해보험Ⅱ(무배당)(26.01)_3종 (월납),주계약,일반상해80%이상후유장해생활지원금(10년매월지급형),보험기간 중 일반상해사고로 80%이상 후유장해시,,,,,,비갱신형,,,,,file_47.xls,,,,일반상해80%이상후유장해생활지원금(10년매월지급형),보험기간 중 일반상해사고로 80%이상 후유장해시,,,,,,,,,,,,,,,,,,,,,,,,,
KB손보,CEO안심상해보험Ⅱ(무배당)(26.01)_3종 (월납),주계약,일반상해사망가족생활지원금(10년매월지급형),보험기간 중 일반상해사고로 사망시,보험가입금액 x 120회,보험가입금액 x 120회,,,,비갱신형,,,,,file_47.xls,,,,일반상해사망가족생활지원금(10년매월지급형),보험기간 중 일반상해사고로 사망시,보험가입금액 x 120회,,,,,,,,,,,,,,,,,,,,,,,,
KB손보,CEO안심상해보험Ⅱ(무배당)(26.01)_3종 (월납),주계약,일반상해후유장해(20~79%),보험기간 중 일반상해사고로 20~79% 후유장해시,보험가입금액x장해지급률(20~79%),보험가입금액x장해지급률(20~79%),,,,비갱신형,,,,,file_47.xls,,,,일반상해후유장해(20~79%),보험기간 중 일반상해사고로 20~79% 후유장해시,보험가입금액x장해지급률(20~79%),,,,,,,,,,,,,,,,,,,,,,,,
KB손보,CEO안심상해보험Ⅱ(무배당)(26.01)_2종 (월납),주계약,일반상해50%이상후유장해,보험기간 중 일반상해사고로 50%이상 후유장해시,보험가입금액(최초1회한),보험가입금액(최초1회한),"3,700 원","2,100 원",,비갱신형,,,,,file_47.xls,,KB손보,CEO안심상해보험Ⅱ(무배당)(26.01)_2종,일반상해50%이상후유장해,보험기간 중 일반상해사고로 50%이상 후유장해시,보험가입금액(최초1회한),"3,700","2,100",81.9,89.5,,,,,,,,,,,,,,,,,,,,
KB손보,CEO안심상해보험Ⅱ(무배당)(26.01)_2종 (월납),주계약,일반상해80%이상후유장해,보험기간 중 일반상해사고로 80%이상 후유장해시,,,,,,비갱신형,,,,,file_47.xls,,,,일반상해80%이상후유장해,보험기간 중 일반상해사고로 80%이상 후유장해시,,,,,,,,,,,,,,,,,,,,,,,,,
KB손보,CEO안심상해보험Ⅱ(무배당)(26.01)_2종 (월납),주계약,일반상해사망,보험기간 중 일반상해사고로 사망시,보험가입금액,보험가입금액,,,,비갱신형,,,,,file_47.xls,,,,일반상해사망,보험기간 중 일반상해사고로 사망시,보험가입금액,,,,,,,,,,,,,,,,,,,,,,,,
KB손보,CEO안심상해보험Ⅱ(무배당)(26.01)_2종 (월납),주계약,일반상해후유장해(20~100%),보험기간 중 일반상해사고로 20~100% 후유장해시,보험가입금액x장해지급률(20~100%),보험가입금액x장해지급률(20~100%),,,,비갱신형,,,,,file_47.xls,,,,일반상해후유장해(20~100%),보험기간 중 일반상해사고로 20~100% 후유장해시,보험가입금액x장해지급률(20~100%),,,,,,,,,,,,,,,,,,,,,,,,
KB손보,CEO안심상해보험Ⅱ(무배당)(26.01)_1종 (월납),주계약,일반상해사망후유장해(20~100%),"보험기간 중 일반상해사고로 사망, 20~100% 후유장해시","보험가입금액 (단, 후유장해는 장해지급률을 곱한 금액을 지급)","보험가입금액 (단, 후유장해는 장해지급률을 곱한 금액을 지급)","2,800 원","1,700 원",,비갱신형,,,,,file_47.xls,,KB손보,CEO안심상해보험Ⅱ(무배당)(26.01)_1종,일반상해사망후유장해(20~100%),"보험기간 중 일반상해사고로 사망, 20~100% 후유장해시","보험가입금액 (단, 후유장해는 장해지급률을 곱한 금액을 지급)","2,800","1,700",83.5,89.2,,,,,,,,,,,,,,,,,,,,
KB손보,KB든든안심상해보험Ⅱ(무배당)(26.01)_3종 (월납),주계약,상해수술비,보험기간 중 상해로 수술시,보험가입금액(수술 1회당),보험가입금액(수술 1회당),"4,347 원","2,618 원",,비갱신형,,,,,file_47.xls,,KB손보,KB든든안심상해보험Ⅱ(무배당)(26.01)_3종,상해수술비,보험기간 중 상해로 수술시,보험가입금액(수술 1회당),"4,347","2,618",84.5,98,,,,,,,,,,,,,,,,,,,,
KB손보,KB든든안심상해보험Ⅱ(무배당)(26.01)_3종 (월납),주계약,일반상해50%이상후유장해생활지원금(10년매월지급형),보험기간 중 일반상해사고로 50%이상 후유장해시,보험가입금액 x 120회(최초1회한),보험가입금액 x 120회(최초1회한),,,,비갱신형,,,,,file_47.xls,,,,일반상해50%이상후유장해생활지원금(10년매월지급형),보험기간 중 일반상해사고로 50%이상 후유장해시,보험가입금액 x 120회(최초1회한),,,,,,,,,,,,,,,,,,,,,,,,
KB손보,KB든든안심상해보험Ⅱ(무배당)(26.01)_3종 (월납),주계약,일반상해80%이상후유장해생활지원금(10년매월지급형),보험기간 중 일반상해사고로 80%이상 후유장해시,,,,,,비갱신형,,,,,file_47.xls,,,,일반상해80%이상후유장해생활지원금(10년매월지급형),보험기간 중 일반상해사고로 80%이상 후유장해시,,,,,,,,,,,,,,,,,,,,,,,,,
KB손보,KB든든안심상해보험Ⅱ(무배당)(26.01)_3종 (월납),주계약,일반상해사망가족생활지원금(10년매월지급형),보험기간 중 일반상해사고로 사망시,보험가입금액 x 120회,보험가입금액 x 120회,,,,비갱신형,,,,,file_47.xls,,,,일반상해사망가족생활지원금(10년매월지급형),보험기간 중 일반상해사고로 사망시,보험가입금액 x 120회,,,,,,,,,,,,,,,,,,,,,,,,
KB손보,KB든든안심상해보험Ⅱ(무배당)(26.01)_3종 (월납),주계약,일반상해후유장해(20~79%),보험기간 중 일반상해사고로 20~79% 후유장해시,보험가입금액x장해지급률(20~79%),보험가입금액x장해지급률(20~79%),,,,비갱신형,,,,,file_47.xls,,,,일반상해후유장해(20~79%),보험기간 중 일반상해사고로 20~79% 후유장해시,보험가입금액x장해지급률(20~79%),,,,,,,,,,,,,,,,,,,,,,,,
KB손보,KB든든안심상해보험Ⅱ(무배당)(26.01)_1종 (월납),주계약,일반상해사망후유장해(20~100%),"보험기간 중 일반상해사고로 사망, 20~100% 후유장해시","보험가입금액 (단, 후유장해는 장해지급률을 곱한 금액을 지급)","보험가입금액 (단, 후유장해는 장해지급률을 곱한 금액을 지급)","2,800 원","1,700 원",,비갱신형,,,,,file_47.xls,,KB손보,KB든든안심상해보험Ⅱ(무배당)(26.01)_1종,일반상해사망후유장해(20~100%),"보험기간 중 일반상해사고로 사망, 20~100% 후유장해시","보험가입금액 (단, 후유장해는 장해지급률을 곱한 금액을 지급)","2,800","1,700",83.5,89.2,,,,,,,,,,,,,,,,,,,,
KB손보,KB VIP상해보험(무배당)(26.01) (월납),주계약,일반상해80%이상후유장해,보험기간 중 일반상해사고로 80% 이상 후유장해시,보험가입금액(최초1회한),보험가입금액(최초1회한),"74,100 원","35,400 원",,비갱신형,,,,,file_47.xls,,KB손보,KB VIP상해보험(무배당)(26.01),일반상해80%이상후유장해,보험기간 중 일반상해사고로 80% 이상 후유장해시,보험가입금액(최초1회한),"74,100","35,400",106.1,120.7,,,,,,,,,,,,,,,,,,,,
KB손보,KB VIP상해보험(무배당)(26.01) (월납),주계약,일반상해사망,보험기간 중 일반상해사고로 사망시,보험가입금액,보험가입금액,,,,비갱신형,,,,,file_47.xls,,,,일반상해사망,보험기간 중 일반상해사고로 사망시,보험가입금액,,,,,,,,,,,,,,,,,,,,,,,,
KB손보,KB VIP상해보험(무배당)(26.01) (월납),주계약,일반상해후유장해(3~100%),보험기간 중 일반상해사고로 3~100% 후유장해시,보험가입금액x장해지급률(3~100%),보험가입금액x장해지급률(3~100%),,,,비갱신형,,,,,file_47.xls,,,,일반상해후유장해(3~100%),보험기간 중 일반상해사고로 3~100% 후유장해시,보험가입금액x장해지급률(3~100%),,,,,,,,,,,,,,,,,,,,,,,,
KB손보,KB VIP상해보험(무배당)(26.01) (월납),주계약,질병80%이상후유장해,보험기간 중 질병으로 80% 이상 후유장해시,보험가입금액(최초1회한),보험가입금액(최초1회한),,,,비갱신형,,,,,file_47.xls,,,,질병80%이상후유장해,보험기간 중 질병으로 80% 이상 후유장해시,보험가입금액(최초1회한),,,,,,,,,,,,,,,,,,,,,,,,
KB손보,KB 다치면 보장받는 플러스 상해보험(무배당)(26.01)_2종(세만기) (월납),주계약,상해수술비,보험기간중 상해를 입고 그 직접적인 결과로 수술시,가입금액(1사고당),가입금액(1사고당),"47,893 원","46,570 원",,비갱신형,,,,,file_47.xls,,KB손보,KB 다치면 보장받는 플러스 상해보험(무배당)(26.01)_2종(세만기),상해수술비,보험기간중 상해를 입고 그 직접적인 결과로 수술시,가입금액(1사고당),"47,893","46,570",109.3,131.6,,,,,,,,,,,,,,,,,,,,
KB손보,KB 다치면 보장받는 플러스 상해보험(무배당)(26.01)_2종(세만기) (월납),주계약,일반상해50%이상후유장해,보험기간 중에 상해로 장해분류표에서 정한 50%이상 장해지급률에 해당하는 상태가 되었을 경우,가입금액(최초1회한),가입금액(최초1회한),,,,비갱신형,,,,,file_47.xls,,,,일반상해50%이상후유장해,보험기간 중에 상해로 장해분류표에서 정한 50%이상 장해지급률에 해당하는 상태가 되었을 경우,가입금액(최초1회한),,,,,,,,,,,,,,,,,,,,,,,,
KB손보,KB 다치면 보장받는 플러스 상해보험(무배당)(26.01)_2종(세만기) (월납),주계약,일반상해80%이상후유장해,보험기간 중에 상해로 장해분류표에서 정한 80%이상 장해지급률에 해당하는 상태가 되었을 경우,,,,,,비갱신형,,,,,file_47.xls,,,,일반상해80%이상후유장해,보험기간 중에 상해로 장해분류표에서 정한 80%이상 장해지급률에 해당하는 상태가 되었을 경우,,,,,,,,,,,,,,,,,,,,,,,,,
KB손보,KB 다치면 보장받는 플러스 상해보험(무배당)(26.01)_2종(세만기) (월납),주계약,일반상해사망,보험기간중 상해의 직접결과로써 사망시,가입금액,가입금액,,,,비갱신형,,,,,file_47.xls,,,,일반상해사망,보험기간중 상해의 직접결과로써 사망시,가입금액,,,,,,,,,,,,,,,,,,,,,,,,
KB손보,KB 다치면 보장받는 플러스 상해보험(무배당)(26.01)_2종(세만기) (월납),주계약,통합상해진단비(경증),"보험기간 중 상해의 직접결과로써 통합상해분류표에서 정한 통합상해(경증)로 진단 확정된 경우(부위별, 연간1회한)","가입금액(부위별,연간1회한)","가입금액(부위별,연간1회한)",,,,비갱신형,,,,,file_47.xls,,,,통합상해진단비(경증),"보험기간 중 상해의 직접결과로써 통합상해분류표에서 정한 통합상해(경증)로 진단 확정된 경우(부위별, 연간1회한)","가입금액(부위별,연간1회한)",,,,,,,,,,,,,,,,,,,,,,,,
KB손보,KB 다치면 보장받는 플러스 상해보험(무배당)(26.01)_2종(세만기) (월납),주계약,통합상해진단비(중등증),"보험기간 중 상해의 직접결과로써 통합상해분류표에서 정한 통합상해(중등증)로 진단 확정된 경우(부위별, 연간1회한)",,,,,,비갱신형,,,,,file_47.xls,,,,통합상해진단비(중등증),"보험기간 중 상해의 직접결과로써 통합상해분류표에서 정한 통합상해(중등증)로 진단 확정된 경우(부위별, 연간1회한)",,,,,,,,,,,,,,,,,,,,,,,,,
KB손보,KB 다치면 보장받는 플러스 상해보험(무배당)(26.01)_2종(세만기) (월납),주계약,통합상해진단비(중증),"보험기간 중 상해의 직접결과로써 통합상해분류표에서 정한 통합상해(중증)로 진단 확정된 경우(부위별, 연간1회한)",,,,,,비갱신형,,,,,file_47.xls,,,,통합상해진단비(중증),"보험기간 중 상해의 직접결과로써 통합상해분류표에서 정한 통합상해(중증)로 진단 확정된 경우(부위별, 연간1회한)",,,,,,,,,,,,,,,,,,,,,,,,,
KB손보,KB 다치면 보장받는 플러스 상해보험(무배당)(26.01)_2종(세만기) (월납),주계약,뇌혈관질환진단비(맞춤고지),보험기간 중 뇌혈관질환으로 진단 확정된 경우(1년미만 50%지급),보험가입금액(최초1회한),보험가입금액(최초1회한),"65,110 원","42,670 원",,비갱신형,,,,,file_47.xls,,KB손보,KB 5.10.10 플러스 건강보험(세만기)(무배당)(26.01)_3종_1형(해약환급금지급형)_건강고지형(10년고지),뇌혈관질환진단비(맞춤고지),보험기간 중 뇌혈관질환으로 진단 확정된 경우(1년미만 50%지급),보험가입금액(최초1회한),"65,110","42,670",73.5,62.7,,,,,,,,,,,,,,,,,,,,
KB손보,KB 다치면 보장받는 플러스 상해보험(무배당)(26.01)_2종(세만기) (월납),주계약,암진단비(유사암제외)(맞춤고지),보험기간 중 암보장개시일 이후에 암(유사암제외)으로 진단확정된 경우 (특정소액암의 경우 1년미만 50%지급),,,,,,비갱신형,,,,,file_47.xls,,,,암진단비(유사암제외)(맞춤고지),보험기간 중 암보장개시일 이후에 암(유사암제외)으로 진단확정된 경우 (특정소액암의 경우 1년미만 50%지급),,,,,,,,,,,,,,,,,,,,,,,,,
KB손보,KB 다치면 보장받는 플러스 상해보험(무배당)(26.01)_2종(세만기) (월납),주계약,일반상해사망(맞춤고지),보험기간 중 일반상해사고로 사망시,보험가입금액,보험가입금액,,,,비갱신형,,,,,file_47.xls,,,,일반상해사망(맞춤고지),보험기간 중 일반상해사고로 사망시,보험가입금액,,,,,,,,,,,,,,,,,,,,,,,,
KB손보,KB 다치면 보장받는 플러스 상해보험(무배당)(26.01)_2종(세만기) (월납),주계약,항암방사선치료비(맞춤고지),"보험기간 중 암보장개시일 이후에 암(기타피부암 및 갑상선암 제외) 또는 보험기간 중 기타피부암, 갑상선암으로 진단 확정되고, 항암방사선치료를 받은 경우","암(기타피부암 및 갑상선암 제외): 보험가입금액(최초1회한)기타피부암, 갑상선암: 보험가입금액의 20%(각각1회한)","암(기타피부암 및 갑상선암 제외): 보험가입금액(최초1회한)기타피부암, 갑상선암: 보험가입금액의 20%(각각1회한)",,,,비갱신형,,,,,file_47.xls,,,,항암방사선치료비(맞춤고지),"보험기간 중 암보장개시일 이후에 암(기타피부암 및 갑상선암 제외) 또는 보험기간 중 기타피부암, 갑상선암으로 진단 확정되고, 항암방사선치료를 받은 경우","암(기타피부암 및 갑상선암 제외): 보험가입금액(최초1회한)기타피부암, 갑상선암: 보험가입금액의 20%(각각1회한)",,,,,,,,,,,,,,,,,,,,,,,,
KB손보,KB 다치면 보장받는 플러스 상해보험(무배당)(26.01)_2종(세만기) (월납),주계약,항암약물치료비(맞춤고지),"보험기간 중 암보장개시일 이후에 암(기타피부암 및 갑상선암 제외) 또는 보험기간 중 기타피부암, 갑상선암으로 진단 확정되고, 항암약물치료를 받은 경우",,,,,,비갱신형,,,,,file_47.xls,,,,항암약물치료비(맞춤고지),"보험기간 중 암보장개시일 이후에 암(기타피부암 및 갑상선암 제외) 또는 보험기간 중 기타피부암, 갑상선암으로 진단 확정되고, 항암약물치료를 받은 경우",,,,,,,,,,,,,,,,,,,,,,,,,
KB손보,KB 다치면 보장받는 플러스 상해보험(무배당)(26.01)_2종(세만기) (월납),주계약,허혈성심장질환진단비(맞춤고지),보험기간 중 허혈성심장질환으로 진단 확정된 경우(1년미만 50%지급),보험가입금액(최초1회한),보험가입금액(최초1회한),,,,비갱신형,,,,,file_47.xls,,,,허혈성심장질환진단비(맞춤고지),보험기간 중 허혈성심장질환으로 진단 확정된 경우(1년미만 50%지급),보험가입금액(최초1회한),,,,,,,,,,,,,,,,,,,,,,,,
KB손보,KB 다치면 보장받는 플러스 상해보험(무배당)(26.01)_1종(연만기 자동갱신형) (월납),주계약,상해수술비,보험기간중 상해를 입고 그 직접적인 결과로 수술시,가입금액(1사고당),가입금액(1사고당),"21,024 원","17,094 원",,갱신형,,,,,file_47.xls,,KB손보,KB 다치면 보장받는 플러스 상해보험(무배당)(26.01)_1종(연만기 자동갱신형),상해수술비,보험기간중 상해를 입고 그 직접적인 결과로 수술시,가입금액(1사고당),"21,024","17,094",116.7,135.1,,,,,,,,,,,,,,,,,,,,
KB손보,KB 다치면 보장받는 플러스 상해보험(무배당)(26.01)_1종(연만기 자동갱신형) (월납),주계약,일반상해50%이상후유장해,보험기간 중에 상해로 장해분류표에서 정한 50%이상 장해지급률에 해당하는 상태가 되었을 경우,가입금액(최초1회한),가입금액(최초1회한),,,,갱신형,,,,,file_47.xls,,,,일반상해50%이상후유장해,보험기간 중에 상해로 장해분류표에서 정한 50%이상 장해지급률에 해당하는 상태가 되었을 경우,가입금액(최초1회한),,,,,,,,,,,,,,,,,,,,,,,,
KB손보,KB 다치면 보장받는 플러스 상해보험(무배당)(26.01)_1종(연만기 자동갱신형) (월납),주계약,일반상해80%이상후유장해,보험기간 중에 상해로 장해분류표에서 정한 80%이상 장해지급률에 해당하는 상태가 되었을 경우,,,,,,갱신형,,,,,file_47.xls,,,,일반상해80%이상후유장해,보험기간 중에 상해로 장해분류표에서 정한 80%이상 장해지급률에 해당하는 상태가 되었을 경우,,,,,,,,,,,,,,,,,,,,,,,,,
KB손보,KB 다치면 보장받는 플러스 상해보험(무배당)(26.01)_1종(연만기 자동갱신형) (월납),주계약,일반상해사망,보험기간중 상해의 직접결과로써 사망시,가입금액,가입금액,,,,갱신형,,,,,file_47.xls,,,,일반상해사망,보험기간중 상해의 직접결과로써 사망시,가입금액,,,,,,,,,,,,,,,,,,,,,,,,
KB손보,KB 다치면 보장받는 플러스 상해보험(무배당)(26.01)_1종(연만기 자동갱신형) (월납),주계약,통합상해진단비(경증),"보험기간 중 상해의 직접결과로써 통합상해분류표에서 정한 통합상해(경증)로 진단 확정된 경우(부위별, 연간1회한)","가입금액(부위별,연간1회한)","가입금액(부위별,연간1회한)",,,,갱신형,,,,,file_47.xls,,,,통합상해진단비(경증),"보험기간 중 상해의 직접결과로써 통합상해분류표에서 정한 통합상해(경증)로 진단 확정된 경우(부위별, 연간1회한)","가입금액(부위별,연간1회한)",,,,,,,,,,,,,,,,,,,,,,,,
KB손보,KB 다치면 보장받는 플러스 상해보험(무배당)(26.01)_1종(연만기 자동갱신형) (월납),주계약,통합상해진단비(중등증),"보험기간 중 상해의 직접결과로써 통합상해분류표에서 정한 통합상해(중등증)로 진단 확정된 경우(부위별, 연간1회한)",,,,,,갱신형,,,,,file_47.xls,,,,통합상해진단비(중등증),"보험기간 중 상해의 직접결과로써 통합상해분류표에서 정한 통합상해(중등증)로 진단 확정된 경우(부위별, 연간1회한)",,,,,,,,,,,,,,,,,,,,,,,,,
KB손보,KB 다치면 보장받는 플러스 상해보험(무배당)(26.01)_1종(연만기 자동갱신형) (월납),주계약,통합상해진단비(중증),"보험기간 중 상해의 직접결과로써 통합상해분류표에서 정한 통합상해(중증)로 진단 확정된 경우(부위별, 연간1회한)",,,,,,갱신형,,,,,file_47.xls,,,,통합상해진단비(중증),"보험기간 중 상해의 직접결과로써 통합상해분류표에서 정한 통합상해(중증)로 진단 확정된 경우(부위별, 연간1회한)",,,,,,,,,,,,,,,,,,,,,,,,,
KB손보,KB 다치면 보장받는 플러스 상해보험(무배당)(26.01)_1종(연만기 자동갱신형) (월납),주계약,뇌혈관질환진단비(맞춤고지),보험기간 중 뇌혈관질환으로 진단 확정된 경우(1년미만 50%지급),보험가입금액(최초1회한),보험가입금액(최초1회한),"58,560 원","39,390 원",,갱신형,,,,,file_47.xls,,KB손보,KB 5.10.10 플러스 건강보험(세만기)(무배당)(26.01)_4종_2형(표준형해약환급금의 50‰지급형(납입기간이후))_건강고지형(10년고지),뇌혈관질환진단비(맞춤고지),보험기간 중 뇌혈관질환으로 진단 확정된 경우(1년미만 50%지급),보험가입금액(최초1회한),"58,560","39,390",84.6,71.5,,,,,,,,,,,,,,,,,,,,
KB손보,KB 다치면 보장받는 플러스 상해보험(무배당)(26.01)_1종(연만기 자동갱신형) (월납),주계약,암진단비(유사암제외)(맞춤고지),보험기간 중 암보장개시일 이후에 암(유사암제외)으로 진단확정된 경우 (특정소액암의 경우 1년미만 50%지급),,,,,,갱신형,,,,,file_47.xls,,,,암진단비(유사암제외)(맞춤고지),보험기간 중 암보장개시일 이후에 암(유사암제외)으로 진단확정된 경우 (특정소액암의 경우 1년미만 50%지급),,,,,,,,,,,,,,,,,,,,,,,,,
KB손보,KB 다치면 보장받는 플러스 상해보험(무배당)(26.01)_1종(연만기 자동갱신형) (월납),주계약,일반상해사망(맞춤고지),보험기간 중 일반상해사고로 사망시,보험가입금액,보험가입금액,,,,갱신형,,,,,file_47.xls,,,,일반상해사망(맞춤고지),보험기간 중 일반상해사고로 사망시,보험가입금액,,,,,,,,,,,,,,,,,,,,,,,,
KB손보,KB 다치면 보장받는 플러스 상해보험(무배당)(26.01)_1종(연만기 자동갱신형) (월납),주계약,항암방사선치료비(맞춤고지),"보험기간 중 암보장개시일 이후에 암(기타피부암 및 갑상선암 제외) 또는 보험기간 중 기타피부암, 갑상선암으로 진단 확정되고, 항암방사선치료를 받은 경우","암(기타피부암 및 갑상선암 제외): 보험가입금액(최초1회한)기타피부암, 갑상선암: 보험가입금액의 20%(각각1회한)","암(기타피부암 및 갑상선암 제외): 보험가입금액(최초1회한)기타피부암, 갑상선암: 보험가입금액의 20%(각각1회한)",,,,갱신형,,,,,file_47.xls,,,,항암방사선치료비(맞춤고지),"보험기간 중 암보장개시일 이후에 암(기타피부암 및 갑상선암 제외) 또는 보험기간 중 기타피부암, 갑상선암으로 진단 확정되고, 항암방사선치료를 받은 경우","암(기타피부암 및 갑상선암 제외): 보험가입금액(최초1회한)기타피부암, 갑상선암: 보험가입금액의 20%(각각1회한)",,,,,,,,,,,,,,,,,,,,,,,,
KB손보,KB 다치면 보장받는 플러스 상해보험(무배당)(26.01)_1종(연만기 자동갱신형) (월납),주계약,항암약물치료비(맞춤고지),"보험기간 중 암보장개시일 이후에 암(기타피부암 및 갑상선암 제외) 또는 보험기간 중 기타피부암, 갑상선암으로 진단 확정되고, 항암약물치료를 받은 경우",,,,,,갱신형,,,,,file_47.xls,,,,항암약물치료비(맞춤고지),"보험기간 중 암보장개시일 이후에 암(기타피부암 및 갑상선암 제외) 또는 보험기간 중 기타피부암, 갑상선암으로 진단 확정되고, 항암약물치료를 받은 경우",,,,,,,,,,,,,,,,,,,,,,,,,
KB손보,KB 다치면 보장받는 플러스 상해보험(무배당)(26.01)_1종(연만기 자동갱신형) (월납),주계약,허혈성심장질환진단비(맞춤고지),보험기간 중 허혈성심장질환으로 진단 확정된 경우(1년미만 50%지급),보험가입금액(최초1회한),보험가입금액(최초1회한),,,,갱신형,,,,,file_47.xls,,,,허혈성심장질환진단비(맞춤고지),보험기간 중 허혈성심장질환으로 진단 확정된 경우(1년미만 50%지급),보험가입금액(최초1회한),,,,,,,,,,,,,,,,,,,,,,,,
KB손보,KB 다치면 보장받는 플러스 상해보험(무배당)(26.01)_1종(연만기 자동갱신형) (월납),주계약,뇌혈관질환진단비(맞춤고지),보험기간 중 뇌혈관질환으로 진단 확정된 경우(1년미만 50%지급),보험가입금액(최초1회한),보험가입금액(최초1회한),"104,830 원","52,170 원",,갱신형,,,,,file_47.xls,,KB손보,KB 5.10.10 플러스 건강보험(세만기)(무배당)(26.01)_5종_2형(표준형해약환급금의 50‰지급형(납입기간이후))_건강고지형(10년고지),뇌혈관질환진단비(맞춤고지),보험기간 중 뇌혈관질환으로 진단 확정된 경우(1년미만 50%지급),보험가입금액(최초1회한),"104,830","52,170",80.9,68,,,,,,,,,,,,,,,,,,,,
KB손보,KB 다치면 보장받는 플러스 상해보험(무배당)(26.01)_1종(연만기 자동갱신형) (월납),주계약,암진단비(유사암제외)(맞춤고지),보험기간 중 암보장개시일 이후에 암(유사암제외)으로 진단확정된 경우 (특정소액암의 경우 1년미만 50%지급),,,,,,갱신형,,,,,file_47.xls,,,,암진단비(유사암제외)(맞춤고지),보험기간 중 암보장개시일 이후에 암(유사암제외)으로 진단확정된 경우 (특정소액암의 경우 1년미만 50%지급),,,,,,,,,,,,,,,,,,,,,,,,,
KB손보,KB 다치면 보장받는 플러스 상해보험(무배당)(26.01)_1종(연만기 자동갱신형) (월납),주계약,일반상해사망(맞춤고지),보험기간 중 일반상해사고로 사망시,보험가입금액,보험가입금액,,,,갱신형,,,,,file_47.xls,,,,일반상해사망(맞춤고지),보험기간 중 일반상해사고로 사망시,보험가입금액,,,,,,,,,,,,,,,,,,,,,,,,
KB손보,KB 다치면 보장받는 플러스 상해보험(무배당)(26.01)_1종(연만기 자동갱신형) (월납),주계약,항암방사선치료비(맞춤고지),"보험기간 중 암보장개시일 이후에 암(기타피부암 및 갑상선암 제외) 또는 보험기간 중 기타피부암, 갑상선암으로 진단 확정되고, 항암방사선치료를 받은 경우","암(기타피부암 및 갑상선암 제외): 보험가입금액(최초1회한)기타피부암, 갑상선암: 보험가입금액의 20%(각각1회한)","암(기타피부암 및 갑상선암 제외): 보험가입금액(최초1회한)기타피부암, 갑상선암: 보험가입금액의 20%(각각1회한)",,,,갱신형,,,,,file_47.xls,,,,항암방사선치료비(맞춤고지),"보험기간 중 암보장개시일 이후에 암(기타피부암 및 갑상선암 제외) 또는 보험기간 중 기타피부암, 갑상선암으로 진단 확정되고, 항암방사선치료를 받은 경우","암(기타피부암 및 갑상선암 제외): 보험가입금액(최초1회한)기타피부암, 갑상선암: 보험가입금액의 20%(각각1회한)",,,,,,,,,,,,,,,,,,,,,,,,
KB손보,KB 다치면 보장받는 플러스 상해보험(무배당)(26.01)_1종(연만기 자동갱신형) (월납),주계약,항암약물치료비(맞춤고지),"보험기간 중 암보장개시일 이후에 암(기타피부암 및 갑상선암 제외) 또는 보험기간 중 기타피부암, 갑상선암으로 진단 확정되고, 항암약물치료를 받은 경우",,,,,,갱신형,,,,,file_47.xls,,,,항암약물치료비(맞춤고지),"보험기간 중 암보장개시일 이후에 암(기타피부암 및 갑상선암 제외) 또는 보험기간 중 기타피부암, 갑상선암으로 진단 확정되고, 항암약물치료를 받은 경우",,,,,,,,,,,,,,,,,,,,,,,,,
KB손보,KB 다치면 보장받는 플러스 상해보험(무배당)(26.01)_1종(연만기 자동갱신형) (월납),주계약,허혈성심장질환진단비(맞춤고지),보험기간 중 허혈성심장질환으로 진단 확정된 경우(1년미만 50%지급),보험가입금액(최초1회한),보험가입금액(최초1회한),,,,갱신형,,,,,file_47.xls,,,,허혈성심장질환진단비(맞춤고지),보험기간 중 허혈성심장질환으로 진단 확정된 경우(1년미만 50%지급),보험가입금액(최초1회한),,,,,,,,,,,,,,,,,,,,,,,,
KB손보,KB 다치면 보장받는 플러스 상해보험(무배당)(26.01)_1종(연만기 자동갱신형) (월납),주계약,뇌혈관질환진단비(맞춤고지),보험기간 중 뇌혈관질환으로 진단 확정된 경우(1년미만 50%지급),보험가입금액(최초1회한),보험가입금액(최초1회한),"55,570 원","37,840 원",,갱신형,,,,,file_47.xls,,KB손보,KB 5.10.10 플러스 건강보험(세만기)(무배당)(26.01)_6종_2형(표준형해약환급금의 50‰지급형(납입기간이후))_건강고지형(10년고지),뇌혈관질환진단비(맞춤고지),보험기간 중 뇌혈관질환으로 진단 확정된 경우(1년미만 50%지급),보험가입금액(최초1회한),"55,570","37,840",84.8,71.7,,,,,,,,,,,,,,,,,,,,
KB손보,KB 다치면 보장받는 플러스 상해보험(무배당)(26.01)_1종(연만기 자동갱신형) (월납),주계약,암진단비(유사암제외)(맞춤고지),보험기간 중 암보장개시일 이후에 암(유사암제외)으로 진단확정된 경우 (특정소액암의 경우 1년미만 50%지급),,,,,,갱신형,,,,,file_47.xls,,,,암진단비(유사암제외)(맞춤고지),보험기간 중 암보장개시일 이후에 암(유사암제외)으로 진단확정된 경우 (특정소액암의 경우 1년미만 50%지급),,,,,,,,,,,,,,,,,,,,,,,,,
KB손보,KB 다치면 보장받는 플러스 상해보험(무배당)(26.01)_1종(연만기 자동갱신형) (월납),주계약,일반상해사망(맞춤고지),보험기간 중 일반상해사고로 사망시,보험가입금액,보험가입금액,,,,갱신형,,,,,file_47.xls,,,,일반상해사망(맞춤고지),보험기간 중 일반상해사고로 사망시,보험가입금액,,,,,,,,,,,,,,,,,,,,,,,,
KB손보,KB 다치면 보장받는 플러스 상해보험(무배당)(26.01)_1종(연만기 자동갱신형) (월납),주계약,항암방사선치료비(맞춤고지),"보험기간 중 암보장개시일 이후에 암(기타피부암 및 갑상선암 제외) 또는 보험기간 중 기타피부암, 갑상선암으로 진단 확정되고, 항암방사선치료를 받은 경우","암(기타피부암 및 갑상선암 제외): 보험가입금액(최초1회한)기타피부암, 갑상선암: 보험가입금액의 20%(각각1회한)","암(기타피부암 및 갑상선암 제외): 보험가입금액(최초1회한)기타피부암, 갑상선암: 보험가입금액의 20%(각각1회한)",,,,갱신형,,,,,file_47.xls,,,,항암방사선치료비(맞춤고지),"보험기간 중 암보장개시일 이후에 암(기타피부암 및 갑상선암 제외) 또는 보험기간 중 기타피부암, 갑상선암으로 진단 확정되고, 항암방사선치료를 받은 경우","암(기타피부암 및 갑상선암 제외): 보험가입금액(최초1회한)기타피부암, 갑상선암: 보험가입금액의 20%(각각1회한)",,,,,,,,,,,,,,,,,,,,,,,,
KB손보,KB 다치면 보장받는 플러스 상해보험(무배당)(26.01)_1종(연만기 자동갱신형) (월납),주계약,항암약물치료비(맞춤고지),"보험기간 중 암보장개시일 이후에 암(기타피부암 및 갑상선암 제외) 또는 보험기간 중 기타피부암, 갑상선암으로 진단 확정되고, 항암약물치료를 받은 경우",,,,,,갱신형,,,,,file_47.xls,,,,항암약물치료비(맞춤고지),"보험기간 중 암보장개시일 이후에 암(기타피부암 및 갑상선암 제외) 또는 보험기간 중 기타피부암, 갑상선암으로 진단 확정되고, 항암약물치료를 받은 경우",,,,,,,,,,,,,,,,,,,,,,,,,
KB손보,KB 다치면 보장받는 플러스 상해보험(무배당)(26.01)_1종(연만기 자동갱신형) (월납),주계약,허혈성심장질환진단비(맞춤고지),보험기간 중 허혈성심장질환으로 진단 확정된 경우(1년미만 50%지급),보험가입금액(최초1회한),보험가입금액(최초1회한),,,,갱신형,,,,,file_47.xls,,,,허혈성심장질환진단비(맞춤고지),보험기간 중 허혈성심장질환으로 진단 확정된 경우(1년미만 50%지급),보험가입금액(최초1회한),,,,,,,,,,,,,,,,,,,,,,,,
DB손보,(무)New상해안심보험2601((금리확정형)고급플랜) (월납),주계약,상해사망,피보험자가 해당담보의 보험기간 중 급격하고도 우연한 외래의 사고로 신체에 상해를 입고 그 직접결과로써 사망한 경우,보험가입금액(1억원),보험가입금액(1억원),"4,500 원","2,600 원",,비갱신형,,,,,file_47.xls,,DB손보,(무)New상해안심보험2601((금리확정형)고급플랜),상해사망,피보험자가 해당담보의 보험기간 중 급격하고도 우연한 외래의 사고로 신체에 상해를 입고 그 직접결과로써 사망한 경우,보험가입금액(1억원),"4,500","2,600",110.3,118.2,,,,,,,,,,,,,,,,,,,,
DB손보,(무)New상해안심보험2601((금리확정형)고급플랜) (월납),주계약,상해후유장해(20~100%),피보험자가 해당담보의 보험기간 중 급격하고도 우연한 외래의 사고로 신체에 상해를 입고 20~100% 후유장해가 발생할 경우,보험가입금액(1억원) x 후유장해지급률,보험가입금액(1억원) x 후유장해지급률,,,,비갱신형,,,,,file_47.xls,,,,상해후유장해(20~100%),피보험자가 해당담보의 보험기간 중 급격하고도 우연한 외래의 사고로 신체에 상해를 입고 20~100% 후유장해가 발생할 경우,보험가입금액(1억원) x 후유장해지급률,,,,,,,,,,,,,,,,,,,,,,,,
DB손보,(무)New상해안심보험2601((금리연동형)종합플랜) (월납),주계약,골절진단비(치아포함),피보험자가 보험기간 중 상해사고로 골절진단을 받은 경우 가입금액 지급,보험가입금액(30만원),보험가입금액(30만원),"15,679 원","12,233 원",,비갱신형,,,,,file_47.xls,,DB손보,(무)New상해안심보험2601((금리연동형)종합플랜),골절진단비(치아포함),피보험자가 보험기간 중 상해사고로 골절진단을 받은 경우 가입금액 지급,보험가입금액(30만원),"15,679","12,233",106.2,106.8,,,,,,,,,,,,,,,,,,,,
DB손보,(무)New상해안심보험2601((금리연동형)종합플랜) (월납),주계약,골절한방치료비Ⅱ(치아제외),"피보험자가 보험기간 중 상해사고로 골절진단(치아파절 제외)을 받은 후 그 치료를 목적으로 첩약, 약침 또는 특정한방물리요법을 이용하였을 경우",보험가입금액(5만원),보험가입금액(5만원),,,,비갱신형,,,,,file_47.xls,,,,골절한방치료비Ⅱ(치아제외),"피보험자가 보험기간 중 상해사고로 골절진단(치아파절 제외)을 받은 후 그 치료를 목적으로 첩약, 약침 또는 특정한방물리요법을 이용하였을 경우",보험가입금액(5만원),,,,,,,,,,,,,,,,,,,,,,,,
DB손보,(무)New상해안심보험2601((금리연동형)종합플랜) (월납),주계약,"상해CT검사지원비(급여,연간1회한)",피보험자가 보험기간 중 상해의 진단 및 치료를 위해,,,,,,비갱신형,,,,,file_47.xls,,,,"상해CT검사지원비(급여,연간1회한)",피보험자가 보험기간 중 상해의 진단 및 치료를 위해,,,,,,,,,,,,,,,,,,,,,,,,,
DB손보,(무)New상해안심보험2601((금리연동형)종합플랜) (월납),주계약,"상해MRI검사지원비(급여,연간1회한)",,,,,,,비갱신형,,,,,file_47.xls,,,,"상해MRI검사지원비(급여,연간1회한)",,,,,,,,,,,,,,,,,,,,,,,,,,
DB손보,(무)New상해안심보험2601((금리연동형)종합플랜) (월납),주계약,상해사망·후유장해(3~100%),"피보험자가 해당담보의 보험기간 중 상해사고로 사망하거나, 상해사고로 후유장해(3~100%)가 발생한경우",보험가입금액(1억원),보험가입금액(1억원),,,,비갱신형,,,,,file_47.xls,,,,상해사망·후유장해(3~100%),"피보험자가 해당담보의 보험기간 중 상해사고로 사망하거나, 상해사고로 후유장해(3~100%)가 발생한경우",보험가입금액(1억원),,,,,,,,,,,,,,,,,,,,,,,,
DB손보,(무)New상해안심보험2601((금리연동형)종합플랜) (월납),주계약,상해수술 한방치료비Ⅱ,"피보험자가 보험기간 중 상해사고가 발생하여 그 직접결과로써 수술을 받은 후 그 치료를 목적으로 첩약, 약침 또는 특정한방물리요법을 이용하였을 경우",보험가입금액(10만원),보험가입금액(10만원),,,,비갱신형,,,,,file_47.xls,,,,상해수술 한방치료비Ⅱ,"피보험자가 보험기간 중 상해사고가 발생하여 그 직접결과로써 수술을 받은 후 그 치료를 목적으로 첩약, 약침 또는 특정한방물리요법을 이용하였을 경우",보험가입금액(10만원),,,,,,,,,,,,,,,,,,,,,,,,
DB손보,(무)New상해안심보험2601((금리연동형)종합플랜) (월납),주계약,상해수술비(동일사고당1회지급),"피보험자가 보험기간 중 상해사고가 발생하여 그 직접결과로써 수술을 받은 경우 (단, 동일한 상해사고로 인하여 두 종류 이상의 수술을 받거나 같은 종류의 수술을 2회 이상 받는 경우에는 1회에 한하여 보장)",보험가입금액(100만원),보험가입금액(100만원),,,,비갱신형,,,,,file_47.xls,,,,상해수술비(동일사고당1회지급),"피보험자가 보험기간 중 상해사고가 발생하여 그 직접결과로써 수술을 받은 경우 (단, 동일한 상해사고로 인하여 두 종류 이상의 수술을 받거나 같은 종류의 수술을 2회 이상 받는 경우에는 1회에 한하여 보장)",보험가입금액(100만원),,,,,,,,,,,,,,,,,,,,,,,,
DB손보,(무)New상해안심보험2601((금리연동형)종합플랜) (월납),주계약,상해중환자실입원일당(1일이상180일한도),피보험자가 보험기간 중 상해사고로 인하여 중환자실에 입원하여 치료를 받은 경우,보험가입금액(4만원),보험가입금액(4만원),,,,비갱신형,,,,,file_47.xls,,,,상해중환자실입원일당(1일이상180일한도),피보험자가 보험기간 중 상해사고로 인하여 중환자실에 입원하여 치료를 받은 경우,보험가입금액(4만원),,,,,,,,,,,,,,,,,,,,,,,,
DB손보,(무)New상해안심보험2601((금리연동형)종합플랜) (월납),주계약,"창상봉합술치료비(1일1회한,연간3회한)","피보험자가 이 특별약관의 보험기간 중에 상해의 직접결과로써, 그 치료를 목적으로 “급여 창상봉합술(안면부 3cm이상, 그 외 5cm이상)”를 받은 경우(단, 1일 1회, 연간3회에 한하여 지급)",보험가입금액(30만원),보험가입금액(30만원),,,,비갱신형,,,,,file_47.xls,,,,"창상봉합술치료비(1일1회한,연간3회한)","피보험자가 이 특별약관의 보험기간 중에 상해의 직접결과로써, 그 치료를 목적으로 “급여 창상봉합술(안면부 3cm이상, 그 외 5cm이상)”를 받은 경우(단, 1일 1회, 연간3회에 한하여 지급)",보험가입금액(30만원),,,,,,,,,,,,,,,,,,,,,,,,
DB손보,(무)New상해안심보험2601((금리연동형)종합플랜) (월납),주계약,"창상봉합술치료비(안면부, 1일1회한,연간3회한)","피보험자가 이 특별약관의 보험기간 중에 상해의 직접결과로써, 그 치료를 목적으로 “급여 안면부창상봉합술(3cm이상)”를 받은 경우(단, 1일 1회, 연간3회에 한하여 지급)",,,,,,비갱신형,,,,,file_47.xls,,,,"창상봉합술치료비(안면부, 1일1회한,연간3회한)","피보험자가 이 특별약관의 보험기간 중에 상해의 직접결과로써, 그 치료를 목적으로 “급여 안면부창상봉합술(3cm이상)”를 받은 경우(단, 1일 1회, 연간3회에 한하여 지급)",,,,,,,,,,,,,,,,,,,,,,,,,
DB손보,(무)New상해안심보험2601((금리연동형)종합플랜) (월납),주계약,통합상해진단비(경증상해)(부위별 연간1회한),피보험자가 보험기간 중 상해의 직접결과로써 약관에서 정한,보험가입금액(3만원),보험가입금액(3만원),,,,비갱신형,,,,,file_47.xls,,,,통합상해진단비(경증상해)(부위별 연간1회한),피보험자가 보험기간 중 상해의 직접결과로써 약관에서 정한,보험가입금액(3만원),,,,,,,,,,,,,,,,,,,,,,,,
DB손보,(무)New상해안심보험2601((금리연동형)종합플랜) (월납),주계약,통합상해진단비(중등증상해)(부위별 연간1회한),,보험가입금액(10만원),보험가입금액(10만원),,,,비갱신형,,,,,file_47.xls,,,,통합상해진단비(중등증상해)(부위별 연간1회한),,보험가입금액(10만원),,,,,,,,,,,,,,,,,,,,,,,,
DB손보,(무)New상해안심보험2601((금리연동형)종합플랜) (월납),주계약,통합상해진단비(중증상해)(부위별 연간1회한),,보험가입금액(400만원),보험가입금액(400만원),,,,비갱신형,,,,,file_47.xls,,,,통합상해진단비(중증상해)(부위별 연간1회한),,보험가입금액(400만원),,,,,,,,,,,,,,,,,,,,,,,,
DB손보,(무)New상해안심보험2601((금리연동형)고급플랜) (월납),주계약,상해사망,피보험자가 해당담보의 보험기간 중 급격하고도 우연한 외래의 사고로 신체에 상해를 입고 그 직접결과로써 사망한 경우,보험가입금액(1억원),보험가입금액(1억원),"8,000 원","4,300 원",,비갱신형,,,,,file_47.xls,,DB손보,(무)New상해안심보험2601((금리연동형)고급플랜),상해사망,피보험자가 해당담보의 보험기간 중 급격하고도 우연한 외래의 사고로 신체에 상해를 입고 그 직접결과로써 사망한 경우,보험가입금액(1억원),"8,000","4,300",122,127.5,,,,,,,,,,,,,,,,,,,,
DB손보,(무)New상해안심보험2601((금리연동형)고급플랜) (월납),주계약,상해사망.후유장해(20~100%),피보험자가 해당담보의 보험기간 중에 급격하고 우연한 외래의 사고로 신체에 상해를 입고 사망하거나 20~100% 후유장해가 발생할 경우,보험가입금액(1억원) x 후유장해지급률(사망시100%),보험가입금액(1억원) x 후유장해지급률(사망시100%),,,,비갱신형,,,,,file_47.xls,,,,상해사망.후유장해(20~100%),피보험자가 해당담보의 보험기간 중에 급격하고 우연한 외래의 사고로 신체에 상해를 입고 사망하거나 20~100% 후유장해가 발생할 경우,보험가입금액(1억원) x 후유장해지급률(사망시100%),,,,,,,,,,,,,,,,,,,,,,,,
DB손보,(무)New상해안심보험2601((금리연동형)고급플랜) (월납),주계약,상해50%이상후유장해(1회한),피보험자가 해당담보의 보험기간 중에 급격하고  우연한 외래의 사고로 신체에 상해를 입어 50%이상 후유장해가 발생할 경우,"보험가입금액 (1억원,1회한)","보험가입금액 (1억원,1회한)","4,694 원","2,195 원",,비갱신형,,,,,file_47.xls,,DB손보,(무)New상해안심보험2601((금리연동형)월지급플랜),상해50%이상후유장해(1회한),피보험자가 해당담보의 보험기간 중에 급격하고  우연한 외래의 사고로 신체에 상해를 입어 50%이상 후유장해가 발생할 경우,"보험가입금액 (1억원,1회한)","4,694","2,195",126,140.4,,,,,,,,,,,,,,,,,,,,
DB손보,(무)New상해안심보험2601((금리연동형)고급플랜) (월납),주계약,상해80%이상후유장해(1회한),피보험자가 해당담보의 보험기간 중에 급격하고  우연한 외래의 사고로 신체에 상해를 입어 80%이상 후유장해가 발생할 경우,,,,,,비갱신형,,,,,file_47.xls,,,,상해80%이상후유장해(1회한),피보험자가 해당담보의 보험기간 중에 급격하고  우연한 외래의 사고로 신체에 상해를 입어 80%이상 후유장해가 발생할 경우,,,,,,,,,,,,,,,,,,,,,,,,,
DB손보,(무)New상해안심보험2601((금리연동형)고급플랜) (월납),주계약,상해사망유족자금(매월5년간지급),피보험자가 해당담보의 보험기간 중 급격하고도 우연한 외래의 사고로 신체에 상해를 입고 그 직접결과로써 사망한 경우,보험가입금액(177만) x 60회(1억원),보험가입금액(177만) x 60회(1억원),,,,비갱신형,,,,,file_47.xls,,,,상해사망유족자금(매월5년간지급),피보험자가 해당담보의 보험기간 중 급격하고도 우연한 외래의 사고로 신체에 상해를 입고 그 직접결과로써 사망한 경우,보험가입금액(177만) x 60회(1억원),,,,,,,,,,,,,,,,,,,,,,,,
DB손보,(무)만상형통상해보험2601(1종) (월납),주계약,5대골절진단비,"피보험자가 보험기간중 급격하고도 우연한 외래의 사고로 5대골절분류표에서 정한 5대골절(머리,목,등뼈,허리뼈, 넓적다리뼈)로 진단확정시 1사고당 가입금액을 지급",보험가입금액(100만원),보험가입금액(100만원),"13,960 원","11,140 원",,비갱신형,,,,,file_47.xls,,DB손보,(무)만상형통상해보험2601(1종),5대골절진단비,"피보험자가 보험기간중 급격하고도 우연한 외래의 사고로 5대골절분류표에서 정한 5대골절(머리,목,등뼈,허리뼈, 넓적다리뼈)로 진단확정시 1사고당 가입금액을 지급",보험가입금액(100만원),"13,960","11,140",131.7,149.6,,,,,,,,,,,,,,,,,,,,
DB손보,(무)만상형통상해보험2601(1종) (월납),주계약,깁스치료비(상해 및 질병),피보험자가 보험기간중 상해 또는 질병으로 깁스(Cast)치료를 받은 경우 매사고시마다 가입금액 지급,,,,,,비갱신형,,,,,file_47.xls,,,,깁스치료비(상해 및 질병),피보험자가 보험기간중 상해 또는 질병으로 깁스(Cast)치료를 받은 경우 매사고시마다 가입금액 지급,,,,,,,,,,,,,,,,,,,,,,,,,
DB손보,(무)만상형통상해보험2601(1종) (월납),주계약,상해사망,피보험자가 보험기간 중 상해사고로 사망한 경우 보험가입금액 지급,보험가입금액(1억원),보험가입금액(1억원),,,,비갱신형,,,,,file_47.xls,,,,상해사망,피보험자가 보험기간 중 상해사고로 사망한 경우 보험가입금액 지급,보험가입금액(1억원),,,,,,,,,,,,,,,,,,,,,,,,
DB손보,(무)만상형통상해보험2601(1종) (월납),주계약,상해수술비(동일사고당1회지급),"피보험자가 보험기간 중 상해사고가 발생하여 그 직접결과로써 수술을 받은 경우 매 사고(수술)시마다 보험가입금액을 지급. 단, 동일한 상해를 직접적인 원인으로 2종류 이상 또는 같은 종류의 수술을 2회 이상 받은 경우에는 1회에 한하여 지급",보험가입금액(200만원),보험가입금액(200만원),,,,비갱신형,,,,,file_47.xls,,,,상해수술비(동일사고당1회지급),"피보험자가 보험기간 중 상해사고가 발생하여 그 직접결과로써 수술을 받은 경우 매 사고(수술)시마다 보험가입금액을 지급. 단, 동일한 상해를 직접적인 원인으로 2종류 이상 또는 같은 종류의 수술을 2회 이상 받은 경우에는 1회에 한하여 지급",보험가입금액(200만원),,,,,,,,,,,,,,,,,,,,,,,,
DB손보,(무)만상형통상해보험2601(1종) (월납),주계약,상해후유장해(20~100%),피보험자가 보험기간 중 상해사고로 후유장해(20%~100%)가 발생한 경우 가입금액에 후유장해지급률을 곱한 금액을 지급,보험가입금액(1억원),보험가입금액(1억원),,,,비갱신형,,,,,file_47.xls,,,,상해후유장해(20~100%),피보험자가 보험기간 중 상해사고로 후유장해(20%~100%)가 발생한 경우 가입금액에 후유장해지급률을 곱한 금액을 지급,보험가입금액(1억원),,,,,,,,,,,,,,,,,,,,,,,,
DB손보,(무)만상형통상해보험2601(2종) (월납),주계약,5대골절진단비,"피보험자가 보험기간중 급격하고도 우연한 외래의 사고로 5대골절분류표에서 정한 5대골절(머리,목,등뼈,허리뼈, 넓적다리뼈)로 진단확정시 1사고당 가입금액을 지급",보험가입금액(100만원),보험가입금액(100만원),"26,030 원","22,440 원",,비갱신형,,,,,file_47.xls,,DB손보,(무)만상형통상해보험2601(2종),5대골절진단비,"피보험자가 보험기간중 급격하고도 우연한 외래의 사고로 5대골절분류표에서 정한 5대골절(머리,목,등뼈,허리뼈, 넓적다리뼈)로 진단확정시 1사고당 가입금액을 지급",보험가입금액(100만원),"26,030","22,440",103.6,118.4,,,,,,,,,,,,,,,,,,,,
DB손보,(무)만상형통상해보험2601(2종) (월납),주계약,깁스치료비(상해 및 질병),피보험자가 보험기간중 상해 또는 질병으로 깁스(Cast)치료를 받은 경우 매사고시마다 가입금액 지급,,,,,,비갱신형,,,,,file_47.xls,,,,깁스치료비(상해 및 질병),피보험자가 보험기간중 상해 또는 질병으로 깁스(Cast)치료를 받은 경우 매사고시마다 가입금액 지급,,,,,,,,,,,,,,,,,,,,,,,,,
DB손보,(무)만상형통상해보험2601(2종) (월납),주계약,상해사망,피보험자가 보험기간 중 상해사고로 사망한 경우 보험가입금액 지급,보험가입금액(1억원),보험가입금액(1억원),,,,비갱신형,,,,,file_47.xls,,,,상해사망,피보험자가 보험기간 중 상해사고로 사망한 경우 보험가입금액 지급,보험가입금액(1억원),,,,,,,,,,,,,,,,,,,,,,,,
DB손보,(무)만상형통상해보험2601(2종) (월납),주계약,상해수술비(동일사고당1회지급),"피보험자가 보험기간 중 상해사고가 발생하여 그 직접결과로써 수술을 받은 경우 매 사고(수술)시마다 보험가입금액을 지급. 단, 동일한 상해를 직접적인 원인으로 2종류 이상 또는 같은 종류의 수술을 2회 이상 받은 경우에는 1회에 한하여 지급",보험가입금액(200만원),보험가입금액(200만원),,,,비갱신형,,,,,file_47.xls,,,,상해수술비(동일사고당1회지급),"피보험자가 보험기간 중 상해사고가 발생하여 그 직접결과로써 수술을 받은 경우 매 사고(수술)시마다 보험가입금액을 지급. 단, 동일한 상해를 직접적인 원인으로 2종류 이상 또는 같은 종류의 수술을 2회 이상 받은 경우에는 1회에 한하여 지급",보험가입금액(200만원),,,,,,,,,,,,,,,,,,,,,,,,
DB손보,(무)만상형통상해보험2601(2종) (월납),주계약,상해후유장해(20~100%),피보험자가 보험기간 중 상해사고로 후유장해(20%~100%)가 발생한 경우 가입금액에 후유장해지급률을 곱한 금액을 지급,보험가입금액(1억원),보험가입금액(1억원),,,,비갱신형,,,,,file_47.xls,,,,상해후유장해(20~100%),피보험자가 보험기간 중 상해사고로 후유장해(20%~100%)가 발생한 경우 가입금액에 후유장해지급률을 곱한 금액을 지급,보험가입금액(1억원),,,,,,,,,,,,,,,,,,,,,,,,
AXA손보,(무)AXA간편상해보험2601 (월납),주계약,상해사망(간편고지),보험기간 중에 발생한 상해의 직접결과로써 사망한 경우,보험가입금액의 100%,보험가입금액의 100%,"6,740 원","4,290 원",,비갱신형,,,,,file_47.xls,,AXA손보,(무)AXA간편상해보험2601,상해사망(간편고지),보험기간 중에 발생한 상해의 직접결과로써 사망한 경우,보험가입금액의 100%,"6,740","4,290",197.3,233.7,,,,,,,,,,,,,,,,,,,,
AXA손보,(무)AXA간편상해보험2601 (월납),주계약,일반상해80%이상후유장해(간편고지),보험기간 중에 발생한 상해의 직접결과로써 80%이상 후유장해시(최초 1회에 한하여 지급),,,,,,비갱신형,,,,,file_47.xls,,,,일반상해80%이상후유장해(간편고지),보험기간 중에 발생한 상해의 직접결과로써 80%이상 후유장해시(최초 1회에 한하여 지급),,,,,,,,,,,,,,,,,,,,,,,,,
AXA손보,(무)AXA간편상해보험2601 (월납),주계약,일반상해골절수술(간편고지),"보험기간 중에 발생한 상해의 직접결과로써 약관에서 정한 골절로 진단확정되고, 그 치료를 직접적인 목적으로 수술을 받은 경우",1사고당 가입금액 전액,1사고당 가입금액 전액,,,,비갱신형,,,,,file_47.xls,,,,일반상해골절수술(간편고지),"보험기간 중에 발생한 상해의 직접결과로써 약관에서 정한 골절로 진단확정되고, 그 치료를 직접적인 목적으로 수술을 받은 경우",1사고당 가입금액 전액,,,,,,,,,,,,,,,,,,,,,,,,
AXA손보,(무)AXA간편상해보험2601 (월납),주계약,일반상해화상수술,"보험기간 중에 발생한 상해의 직접결과로써 약관에서 정한 화상(심재성 2도 이상)으로 진단확정되고, 그 치료를 직접적인 목적으로 수술을 받은 경우",,,,,,비갱신형,,,,,file_47.xls,,,,일반상해화상수술,"보험기간 중에 발생한 상해의 직접결과로써 약관에서 정한 화상(심재성 2도 이상)으로 진단확정되고, 그 치료를 직접적인 목적으로 수술을 받은 경우",,,,,,,,,,,,,,,,,,,,,,,,,
AXA손보,(무)AXA간편상해보험2601 (월납),주계약,일반상해화상진단,보험기간 중에 발생한 상해의 직접결과로써 약관에서 정한 화상(심재성 2도 이상)으로 진단시,,,,,,비갱신형,,,,,file_47.xls,,,,일반상해화상진단,보험기간 중에 발생한 상해의 직접결과로써 약관에서 정한 화상(심재성 2도 이상)으로 진단시,,,,,,,,,,,,,,,,,,,,,,,,,
하나손보,무배당 하나더넥스트 상해보험(방카)(2601) (월납),주계약,일반상해사망,상해로 사망시,보험가입금액,보험가입금액,"15,900 원","10,100 원",,비갱신형,,,,,file_47.xls,,하나손보,무배당 하나더넥스트 상해보험(방카)(2601),일반상해사망,상해로 사망시,보험가입금액,"15,900","10,100",114.8,156.6,,,,,,,,,,,,,,,,,,,,
하나손보,무배당 하나더넥스트 상해보험(방카)(2601) (월납),주계약,일반상해후유장해(20~100%),상해로 장해분류표에서 정한 20%이상 장해지급률에 해당하는 장해상태가 되었을 때,보험가입금액 X 지급률,보험가입금액 X 지급률,,,,비갱신형,,,,,file_47.xls,,,,일반상해후유장해(20~100%),상해로 장해분류표에서 정한 20%이상 장해지급률에 해당하는 장해상태가 되었을 때,보험가입금액 X 지급률,,,,,,,,,,,,,,,,,,,,,,,,
AIG손보,무배당 AIG 꼭 필요한 상해종합보험2601 (월납),주계약,[갱신형]교통상해후유장해(3~100%),교통사고로 인한 상해로 직접결과로써 약관에서 정한 장해지급률이 3%~100%에 해당하는 장해상태인 경우,보험가입금액에 약관 장해분류표에서 정한 후유장해지급률을 곱하여 지급,보험가입금액에 약관 장해분류표에서 정한 후유장해지급률을 곱하여 지급,"13,618 원","8,060 원",,비갱신형,,,,,file_47.xls,,AIG손보,무배당 AIG 꼭 필요한 상해종합보험2601,[갱신형]교통상해후유장해(3~100%),교통사고로 인한 상해로 직접결과로써 약관에서 정한 장해지급률이 3%~100%에 해당하는 장해상태인 경우,보험가입금액에 약관 장해분류표에서 정한 후유장해지급률을 곱하여 지급,"13,618","8,060",212.2,213.6,,,,,,,,,,,,,,,,,,,,
AIG손보,무배당 AIG 꼭 필요한 상해종합보험2601 (월납),주계약,[갱신형]상해사망,보험기간 중에 상해의 직접적인 결과로써 사망하는 경우,보험가입금액,보험가입금액,,,,비갱신형,,,,,file_47.xls,,,,[갱신형]상해사망,보험기간 중에 상해의 직접적인 결과로써 사망하는 경우,보험가입금액,,,,,,,,,,,,,,,,,,,,,,,,
AIG손보,무배당 AIG 꼭 필요한 상해종합보험2601 (월납),주계약,[갱신형]상해상급종합병원입원일당(1일이상 180일한도),보험기간 중에 상해를 입고 그 직접결과로써 약관에서 정한 상급종합병원에 1일이상 입원하여 치료를 받은 경우 (180일을 한도로 입원1일당 일당지급,,,,,,비갱신형,,,,,file_47.xls,,,,[갱신형]상해상급종합병원입원일당(1일이상 180일한도),보험기간 중에 상해를 입고 그 직접결과로써 약관에서 정한 상급종합병원에 1일이상 입원하여 치료를 받은 경우 (180일을 한도로 입원1일당 일당지급,,,,,,,,,,,,,,,,,,,,,,,,,
AIG손보,무배당 AIG 꼭 필요한 상해종합보험2601 (월납),주계약,[갱신형]상해수술비(치아파절 및 치아탈구 제외)(동일사고당 1회지급),보험기간 중에 상해(치아파절 및 치아탈구 제외)를 입고 그 치료를 직접적인 목적으로 수술을 받은 경우. (단 동일상해로 2종류 이상 수술 또는 2회 이상 수술 시 1회 한하여 보상),,,,,,비갱신형,,,,,file_47.xls,,,,[갱신형]상해수술비(치아파절 및 치아탈구 제외)(동일사고당 1회지급),보험기간 중에 상해(치아파절 및 치아탈구 제외)를 입고 그 치료를 직접적인 목적으로 수술을 받은 경우. (단 동일상해로 2종류 이상 수술 또는 2회 이상 수술 시 1회 한하여 보상),,,,,,,,,,,,,,,,,,,,,,,,,
AIG손보,무배당 AIG 꼭 필요한 상해종합보험2601 (월납),주계약,[갱신형]상해중환자실입원일당(1일이상 180일한도),보험기간 중에 상해를 입고 그 직접결과로써 약관에서 정한 중환자실에서 1일이상 입원하여 치료를 받은 경우 (180일을 한도로 입원1일당 일당지급),,,,,,비갱신형,,,,,file_47.xls,,,,[갱신형]상해중환자실입원일당(1일이상 180일한도),보험기간 중에 상해를 입고 그 직접결과로써 약관에서 정한 중환자실에서 1일이상 입원하여 치료를 받은 경우 (180일을 한도로 입원1일당 일당지급),,,,,,,,,,,,,,,,,,,,,,,,,
AIG손보,무배당 AIG 꼭 필요한 상해종합보험2601 (월납),주계약,[갱신형]자동차사고부상치료지원금(1~11급)Ⅱ,보험기간 중에 자동차사고로 인한 상해의 직접결과로써 약관 상의[자동차사고 부상 등급표]에서 정한 1급에서 11급에 해당하는 상해등급을 받은 경우 (상해등급별 차등 지급),약관상의 자동차사고 부상 등급표에 따라 지급: 상해등급별 보험가입금액의 1%~100%,약관상의 자동차사고 부상 등급표에 따라 지급: 상해등급별 보험가입금액의 1%~100%,,,,비갱신형,,,,,file_47.xls,,,,[갱신형]자동차사고부상치료지원금(1~11급)Ⅱ,보험기간 중에 자동차사고로 인한 상해의 직접결과로써 약관 상의[자동차사고 부상 등급표]에서 정한 1급에서 11급에 해당하는 상해등급을 받은 경우 (상해등급별 차등 지급),약관상의 자동차사고 부상 등급표에 따라 지급: 상해등급별 보험가입금액의 1%~100%,,,,,,,,,,,,,,,,,,,,,,,,
AIG손보,무배당 AIG 꼭 필요한 상해보험2601(2종) (월납),주계약,[갱신형]교통상해후유장해(3~100%),교통사고로 인한 상해로 직접결과로써 약관에서 정한 장해지급률이 3%~100%에 해당하는 장해상태인 경우,보험가입금액에 약관 장해분류표에서 정한 후유장해지급률을 곱하여 지급,보험가입금액에 약관 장해분류표에서 정한 후유장해지급률을 곱하여 지급,"13,618 원","8,060 원",,비갱신형,,,,,file_47.xls,,AIG손보,무배당 AIG 꼭 필요한 상해보험2601(2종),[갱신형]교통상해후유장해(3~100%),교통사고로 인한 상해로 직접결과로써 약관에서 정한 장해지급률이 3%~100%에 해당하는 장해상태인 경우,보험가입금액에 약관 장해분류표에서 정한 후유장해지급률을 곱하여 지급,"13,618","8,060",212.2,213.6,,,,,,,,,,,,,,,,,,,,
AIG손보,무배당 AIG 꼭 필요한 상해보험2601(2종) (월납),주계약,[갱신형]상해사망,보험기간 중에 상해의 직접적인 결과로써 사망하는 경우,보험가입금액,보험가입금액,,,,비갱신형,,,,,file_47.xls,,,,[갱신형]상해사망,보험기간 중에 상해의 직접적인 결과로써 사망하는 경우,보험가입금액,,,,,,,,,,,,,,,,,,,,,,,,
AIG손보,무배당 AIG 꼭 필요한 상해보험2601(2종) (월납),주계약,[갱신형]상해상급종합병원입원일당(1일이상 180일한도),보험기간 중에 상해를 입고 그 직접결과로써 약관에서 정한 상급종합병원에 1일이상 입원하여 치료를 받은 경우 (180일을 한도로 입원1일당 일당지급,,,,,,비갱신형,,,,,file_47.xls,,,,[갱신형]상해상급종합병원입원일당(1일이상 180일한도),보험기간 중에 상해를 입고 그 직접결과로써 약관에서 정한 상급종합병원에 1일이상 입원하여 치료를 받은 경우 (180일을 한도로 입원1일당 일당지급,,,,,,,,,,,,,,,,,,,,,,,,,
AIG손보,무배당 AIG 꼭 필요한 상해보험2601(2종) (월납),주계약,[갱신형]상해수술비(치아파절 및 치아탈구 제외)(동일사고당 1회지급),보험기간 중에 상해(치아파절 및 치아탈구 제외)를 입고 그 치료를 직접적인 목적으로 수술을 받은 경우. (단 동일상해로 2종류 이상 수술 또는 2회 이상 수술 시 1회 한하여 보상),,,,,,비갱신형,,,,,file_47.xls,,,,[갱신형]상해수술비(치아파절 및 치아탈구 제외)(동일사고당 1회지급),보험기간 중에 상해(치아파절 및 치아탈구 제외)를 입고 그 치료를 직접적인 목적으로 수술을 받은 경우. (단 동일상해로 2종류 이상 수술 또는 2회 이상 수술 시 1회 한하여 보상),,,,,,,,,,,,,,,,,,,,,,,,,
AIG손보,무배당 AIG 꼭 필요한 상해보험2601(2종) (월납),주계약,[갱신형]상해중환자실입원일당(1일이상 180일한도),보험기간 중에 상해를 입고 그 직접결과로써 약관에서 정한 중환자실에서 1일이상 입원하여 치료를 받은 경우 (180일을 한도로 입원1일당 일당지급),,,,,,비갱신형,,,,,file_47.xls,,,,[갱신형]상해중환자실입원일당(1일이상 180일한도),보험기간 중에 상해를 입고 그 직접결과로써 약관에서 정한 중환자실에서 1일이상 입원하여 치료를 받은 경우 (180일을 한도로 입원1일당 일당지급),,,,,,,,,,,,,,,,,,,,,,,,,
AIG손보,무배당 AIG 꼭 필요한 상해보험2601(2종) (월납),주계약,[갱신형]자동차사고부상치료지원금(1~11급)Ⅱ,보험기간 중에 자동차사고로 인한 상해의 직접결과로써 약관 상의[자동차사고 부상 등급표]에서 정한 1급에서 11급에 해당하는 상해등급을 받은 경우 (상해등급별 차등 지급),약관상의 자동차사고 부상 등급표에 따라 지급: 상해등급별 보험가입금액의 1%~100%,약관상의 자동차사고 부상 등급표에 따라 지급: 상해등급별 보험가입금액의 1%~100%,,,,비갱신형,,,,,file_47.xls,,,,[갱신형]자동차사고부상치료지원금(1~11급)Ⅱ,보험기간 중에 자동차사고로 인한 상해의 직접결과로써 약관 상의[자동차사고 부상 등급표]에서 정한 1급에서 11급에 해당하는 상해등급을 받은 경우 (상해등급별 차등 지급),약관상의 자동차사고 부상 등급표에 따라 지급: 상해등급별 보험가입금액의 1%~100%,,,,,,,,,,,,,,,,,,,,,,,,
AIG손보,무배당 AIG 꼭 필요한 상해보험2601(1종) (월납),주계약,[갱신형]교통상해후유장해(3~100%),교통사고로 인한 상해로 직접결과로써 약관에서 정한 장해지급률이 3%~100%에 해당하는 장해상태인 경우,보험가입금액에 약관 장해분류표에서 정한 후유장해지급률을 곱하여 지급,보험가입금액에 약관 장해분류표에서 정한 후유장해지급률을 곱하여 지급,"7,258 원","4,520 원",,비갱신형,,,,,file_47.xls,,AIG손보,무배당 AIG 꼭 필요한 상해보험2601(1종),[갱신형]교통상해후유장해(3~100%),교통사고로 인한 상해로 직접결과로써 약관에서 정한 장해지급률이 3%~100%에 해당하는 장해상태인 경우,보험가입금액에 약관 장해분류표에서 정한 후유장해지급률을 곱하여 지급,"7,258","4,520",166.4,179.4,,,,,,,,,,,,,,,,,,,,
AIG손보,무배당 AIG 꼭 필요한 상해보험2601(1종) (월납),주계약,[갱신형]상해사망,보험기간 중에 상해의 직접적인 결과로써 사망하는 경우,보험가입금액,보험가입금액,,,,비갱신형,,,,,file_47.xls,,,,[갱신형]상해사망,보험기간 중에 상해의 직접적인 결과로써 사망하는 경우,보험가입금액,,,,,,,,,,,,,,,,,,,,,,,,
AIG손보,무배당 AIG 꼭 필요한 상해보험2601(1종) (월납),주계약,[갱신형]상해상급종합병원입원일당(1일이상 180일한도),보험기간 중에 상해를 입고 그 직접결과로써 약관에서 정한 상급종합병원에 1일이상 입원하여 치료를 받은 경우 (180일을 한도로 입원1일당 일당지급,,,,,,비갱신형,,,,,file_47.xls,,,,[갱신형]상해상급종합병원입원일당(1일이상 180일한도),보험기간 중에 상해를 입고 그 직접결과로써 약관에서 정한 상급종합병원에 1일이상 입원하여 치료를 받은 경우 (180일을 한도로 입원1일당 일당지급,,,,,,,,,,,,,,,,,,,,,,,,,
AIG손보,무배당 AIG 꼭 필요한 상해보험2601(1종) (월납),주계약,[갱신형]상해수술비(치아파절 및 치아탈구 제외)(동일사고당 1회 지급),보험기간 중에 상해(치아파절 및 치아탈구 제외)를 입고 그 치료를 직접적인 목적으로 수술을 받은 경우. (단 동일상해로 2종류 이상 수술 또는 2회 이상 수술 시 1회 한하여 보상),,,,,,비갱신형,,,,,file_47.xls,,,,[갱신형]상해수술비(치아파절 및 치아탈구 제외)(동일사고당 1회 지급),보험기간 중에 상해(치아파절 및 치아탈구 제외)를 입고 그 치료를 직접적인 목적으로 수술을 받은 경우. (단 동일상해로 2종류 이상 수술 또는 2회 이상 수술 시 1회 한하여 보상),,,,,,,,,,,,,,,,,,,,,,,,,
AIG손보,무배당 AIG 꼭 필요한 상해보험2601(1종) (월납),주계약,[갱신형]상해중환자실입원일당(1일이상 180일한도),보험기간 중에 상해를 입고 그 직접결과로써 약관에서 정한 중환자실에서 1일이상 입원하여 치료를 받은 경우 (180일을 한도로 입원1일당 일당지급),,,,,,비갱신형,,,,,file_47.xls,,,,[갱신형]상해중환자실입원일당(1일이상 180일한도),보험기간 중에 상해를 입고 그 직접결과로써 약관에서 정한 중환자실에서 1일이상 입원하여 치료를 받은 경우 (180일을 한도로 입원1일당 일당지급),,,,,,,,,,,,,,,,,,,,,,,,,
AIG손보,무배당 AIG 참쉬운상해보험2601 (월납),주계약,[갱신형]상해80%이상고도후유장해,보험기간 중에 상해의 직접적인 결과로써 장해지급률이 80%이상에 해당하는 장해상태인 경우,보험가입금액,보험가입금액,"12,164 원","8,463 원",,비갱신형,,,,,file_47.xls,,AIG손보,무배당 AIG 참쉬운상해보험2601,[갱신형]상해80%이상고도후유장해,보험기간 중에 상해의 직접적인 결과로써 장해지급률이 80%이상에 해당하는 장해상태인 경우,보험가입금액,"12,164","8,463",141.7,139.5,,,,,,,,,,,,,,,,,,,,
AIG손보,무배당 AIG 참쉬운상해보험2601 (월납),주계약,[갱신형]상해사망,보험기간 중에 상해의 직접적인 결과로써 사망하는 경우,,,,,,비갱신형,,,,,file_47.xls,,,,[갱신형]상해사망,보험기간 중에 상해의 직접적인 결과로써 사망하는 경우,,,,,,,,,,,,,,,,,,,,,,,,,
AIG손보,무배당 AIG 참쉬운상해보험2601 (월납),주계약,[갱신형]상해상급종합병원입원일당(1일이상 180일한도),보험기간 중에 상해를 입고 그 직접결과로써 약관에서 정한 상급종합병원에 1일이상 입원하여 치료를 받은 경우 (180일을 한도로 입원1일당 일당지급,,,,,,비갱신형,,,,,file_47.xls,,,,[갱신형]상해상급종합병원입원일당(1일이상 180일한도),보험기간 중에 상해를 입고 그 직접결과로써 약관에서 정한 상급종합병원에 1일이상 입원하여 치료를 받은 경우 (180일을 한도로 입원1일당 일당지급,,,,,,,,,,,,,,,,,,,,,,,,,
AIG손보,무배당 AIG 참쉬운상해보험2601 (월납),주계약,[갱신형]상해중환자실입원일당(1일이상 180일한도),보험기간 중에 상해를 입고 그 직접결과로써 약관에서 정한 중환자실에서 1일이상 입원하여 치료를 받은 경우 (180일을 한도로 입원1일당 일당지급),,,,,,비갱신형,,,,,file_47.xls,,,,[갱신형]상해중환자실입원일당(1일이상 180일한도),보험기간 중에 상해를 입고 그 직접결과로써 약관에서 정한 중환자실에서 1일이상 입원하여 치료를 받은 경우 (180일을 한도로 입원1일당 일당지급),,,,,,,,,,,,,,,,,,,,,,,,,
AIG손보,무배당 AIG 참쉬운상해보험2601 (월납),주계약,"[갱신형]응급실내원비(응급, 연간12회한도)",보험기간 중에 약관에서 정한 응급환자로 응급실에 내원하여 진료를 받은 경우 연간 12회 한도에 한하여 내원 1회당 보험가입금액 지급,보험가입금액(연간 12회한도),보험가입금액(연간 12회한도),,,,비갱신형,,,,,file_47.xls,,,,"[갱신형]응급실내원비(응급, 연간12회한도)",보험기간 중에 약관에서 정한 응급환자로 응급실에 내원하여 진료를 받은 경우 연간 12회 한도에 한하여 내원 1회당 보험가입금액 지급,보험가입금액(연간 12회한도),,,,,,,,,,,,,,,,,,,,,,,,
AIG손보,무배당 AIG 참쉬운상해보험2601 (월납),주계약,[갱신형]통합상해진단비(경증),보험기간 중에 상해를 입고 그 직접적인 결과로써 ‘경증통합상해사고’로 진단 확정된 경우(부위별 각각 연간 1회한),보험가입금액,보험가입금액,,,,비갱신형,,,,,file_47.xls,,,,[갱신형]통합상해진단비(경증),보험기간 중에 상해를 입고 그 직접적인 결과로써 ‘경증통합상해사고’로 진단 확정된 경우(부위별 각각 연간 1회한),보험가입금액,,,,,,,,,,,,,,,,,,,,,,,,
AIG손보,무배당 AIG 참쉬운상해보험2601 (월납),주계약,[갱신형]통합상해진단비(중등증),보험기간 중에 상해를 입고 그 직접적인 결과로써 ‘중등증통합상해사고’로 진단 확정된 경우(부위별 각각 연간 1회한),,,,,,비갱신형,,,,,file_47.xls,,,,[갱신형]통합상해진단비(중등증),보험기간 중에 상해를 입고 그 직접적인 결과로써 ‘중등증통합상해사고’로 진단 확정된 경우(부위별 각각 연간 1회한),,,,,,,,,,,,,,,,,,,,,,,,,
AIG손보,무배당 AIG 참쉬운상해보험2601 (월납),주계약,[갱신형]통합상해진단비(중증),보험기간 중에 상해를 입고 그 직접적인 결과로써 ‘중증통합상해사고’로 진단 확정된 경우(부위별 각각 연간 1회한),,,,,,비갱신형,,,,,file_47.xls,,,,[갱신형]통합상해진단비(중증),보험기간 중에 상해를 입고 그 직접적인 결과로써 ‘중증통합상해사고’로 진단 확정된 경우(부위별 각각 연간 1회한),,,,,,,,,,,,,,,,,,,,,,,,,
,골절진단보험금 (월납),주계약,골절진단보험금,골절(치아파절 제외)로 진단확정시,골절분류표의 지급률 x 보험가입금액,골절분류표의 지급률 x 보험가입금액,,,,비갱신형,,,,,file_47.xls,,,,골절진단보험금,골절(치아파절 제외)로 진단확정시,골절분류표의 지급률 x 보험가입금액,,,,,,,,,,,,,,,,,,,,,,,,
,골절진단보험금 (월납),주계약,관상동맥우회수술비,질병으로 진단확정되고 그 치료를 목적으로 관상동맥우회술을 받은 경우(최초 1회한),보험가입금액의 100%(최초계약의 경우 계약일로부터 1년 미만에 지급사유 발생시 50% 지급),보험가입금액의 100%(최초계약의 경우 계약일로부터 1년 미만에 지급사유 발생시 50% 지급),,,,비갱신형,,,,,file_47.xls,,,,관상동맥우회수술비,질병으로 진단확정되고 그 치료를 목적으로 관상동맥우회술을 받은 경우(최초 1회한),보험가입금액의 100%(최초계약의 경우 계약일로부터 1년 미만에 지급사유 발생시 50% 지급),,,,,,,,,,,,,,,,,,,,,,,,
,골절진단보험금 (월납),주계약,급성심근경색증 혈전용해치료비,급성심근경색증(I21)으로 진단확정되고 직접적인 치료를 목적으로 혈전용해치료를 받은 경우(최초 1회한),,,,,,비갱신형,,,,,file_47.xls,,,,급성심근경색증 혈전용해치료비,급성심근경색증(I21)으로 진단확정되고 직접적인 치료를 목적으로 혈전용해치료를 받은 경우(최초 1회한),,,,,,,,,,,,,,,,,,,,,,,,,
,상급종합병원 4일이상 입원 상해수술보험금 (월납),주계약,상급종합병원 4일이상 입원 상해수술보험금,상해로 상급종합병원에서 4일이상 입원하여 수술한 경우,보험가입금액,보험가입금액,,,,비갱신형,,,,,file_47.xls,,,,상급종합병원 4일이상 입원 상해수술보험금,상해로 상급종합병원에서 4일이상 입원하여 수술한 경우,보험가입금액,,,,,,,,,,,,,,,,,,,,,,,,
,종합병원 2일이상 입원 상해수술보험금 (월납),주계약,종합병원 2일이상 입원 상해수술보험금,상해로 종합병원에서 2일이상 입원하여 수술한 경우,보험가입금액,보험가입금액,,,,비갱신형,,,,,file_47.xls,,,,종합병원 2일이상 입원 상해수술보험금,상해로 종합병원에서 2일이상 입원하여 수술한 경우,보험가입금액,,,,,,,,,,,,,,,,,,,,,,,,
,통원 및 당일 입원 상해수술보험금 (월납),주계약,통원 및 당일 입원 상해수술보험금,상해로 통원 또는 당일입원하여 수술한 경우,통원 및 당일 입원 상해수술보장 보험가입금액,통원 및 당일 입원 상해수술보장 보험가입금액,,,,비갱신형,,,,,file_47.xls,,,,통원 및 당일 입원 상해수술보험금,상해로 통원 또는 당일입원하여 수술한 경우,통원 및 당일 입원 상해수술보장 보험가입금액,,,,,,,,,,,,,,,,,,,,,,,,
,골절진단보험금 (월납),주계약,골절진단보험금,골절(치아파절 제외)로 진단확정시,골절분류표의 지급률 x 보험가입금액,골절분류표의 지급률 x 보험가입금액,,,,비갱신형,,,,,file_47.xls,,,,골절진단보험금,골절(치아파절 제외)로 진단확정시,골절분류표의 지급률 x 보험가입금액,,,,,,,,,,,,,,,,,,,,,,,,
,골절진단보험금 (월납),주계약,관상동맥우회수술비,질병으로 진단확정되고 그 치료를 목적으로 관상동맥우회술을 받은 경우(최초 1회한),보험가입금액의 100%(최초계약의 경우 계약일로부터 1년 미만에 지급사유 발생시 50% 지급),보험가입금액의 100%(최초계약의 경우 계약일로부터 1년 미만에 지급사유 발생시 50% 지급),,,,비갱신형,,,,,file_47.xls,,,,관상동맥우회수술비,질병으로 진단확정되고 그 치료를 목적으로 관상동맥우회술을 받은 경우(최초 1회한),보험가입금액의 100%(최초계약의 경우 계약일로부터 1년 미만에 지급사유 발생시 50% 지급),,,,,,,,,,,,,,,,,,,,,,,,
,골절진단보험금 (월납),주계약,급성심근경색증 혈전용해치료비,급성심근경색증(I21)으로 진단확정되고 직접적인 치료를 목적으로 혈전용해치료를 받은 경우(최초 1회한),,,,,,비갱신형,,,,,file_47.xls,,,,급성심근경색증 혈전용해치료비,급성심근경색증(I21)으로 진단확정되고 직접적인 치료를 목적으로 혈전용해치료를 받은 경우(최초 1회한),,,,,,,,,,,,,,,,,,,,,,,,,
,상급종합병원 4일이상 입원 상해수술보험금 (월납),주계약,상급종합병원 4일이상 입원 상해수술보험금,상해로 상급종합병원에서 4일이상 입원하여 수술한 경우,보험가입금액,보험가입금액,,,,비갱신형,,,,,file_47.xls,,,,상급종합병원 4일이상 입원 상해수술보험금,상해로 상급종합병원에서 4일이상 입원하여 수술한 경우,보험가입금액,,,,,,,,,,,,,,,,,,,,,,,,
,종합병원 2일이상 입원 상해수술보험금 (월납),주계약,종합병원 2일이상 입원 상해수술보험금,상해로 종합병원에서 2일이상 입원하여 수술한 경우,보험가입금액,보험가입금액,,,,비갱신형,,,,,file_47.xls,,,,종합병원 2일이상 입원 상해수술보험금,상해로 종합병원에서 2일이상 입원하여 수술한 경우,보험가입금액,,,,,,,,,,,,,,,,,,,,,,,,
,통원 및 당일 입원 상해수술보험금 (월납),주계약,통원 및 당일 입원 상해수술보험금,상해로 통원 또는 당일입원하여 수술한 경우,통원 및 당일 입원 상해수술보장 보험가입금액,통원 및 당일 입원 상해수술보장 보험가입금액,,,,비갱신형,,,,,file_47.xls,,,,통원 및 당일 입원 상해수술보험금,상해로 통원 또는 당일입원하여 수술한 경우,통원 및 당일 입원 상해수술보장 보험가입금액,,,,,,,,,,,,,,,,,,,,,,,,
에이스손보,(무)이젠 나만의 상해보험(갱신형) (월납),주계약,상해사망보장(갱신형) 특별약관,보험기간 중에 상해의 직접적인 결과로써 사망하였을 경우,특약가입금액,특약가입금액,"18,760 원","13,270 원",,갱신형,,,,,file_47.xls,,라이나손보(에이스손보),(무)이젠 나만의 상해보험(갱신형),상해사망보장(갱신형) 특별약관,보험기간 중에 상해의 직접적인 결과로써 사망하였을 경우,특약가입금액,"18,760","13,270",133.2,133.3,,,,,,,,,,,,,,,,,,,,
에이스손보,(무)이젠 나만의 상해보험(갱신형) (월납),주계약,상해수술보장(동일사고당1회한)(갱신형) 특별약관,이 특별약관의 보험기간 중에 상해의 직접적인 결과로써 수술을 받은 경우(동일사고당 1회한),,,,,,갱신형,,,,,file_47.xls,,,,상해수술보장(동일사고당1회한)(갱신형) 특별약관,이 특별약관의 보험기간 중에 상해의 직접적인 결과로써 수술을 받은 경우(동일사고당 1회한),,,,,,,,,,,,,,,,,,,,,,,,,
에이스손보,(무)이젠 나만의 상해보험(갱신형) (월납),주계약,상해응급실내원비용보장(응급)(갱신형) 특별약관,보험기간 중에 상해의 직접적인 결과로써 응급환자로 응급실에 내원하여 진료를 받은 경우(응급실 도착 전 사망하였거나 병원을 옮겨 응급실에 내원한 환자도 해당),매 내원시마다 특약가입금액,매 내원시마다 특약가입금액,,,,갱신형,,,,,file_47.xls,,,,상해응급실내원비용보장(응급)(갱신형) 특별약관,보험기간 중에 상해의 직접적인 결과로써 응급환자로 응급실에 내원하여 진료를 받은 경우(응급실 도착 전 사망하였거나 병원을 옮겨 응급실에 내원한 환자도 해당),매 내원시마다 특약가입금액,,,,,,,,,,,,,,,,,,,,,,,,
에이스손보,(무)이젠 나만의 상해보험(갱신형) (월납),주계약,상해중환자실입원일당보장(1일이상180일한도)(갱신형) 특별약관,보험기간 중에 상해의 직접결과로써 중환자실에 입원하여 치료를 받은 경우,입원 1일당 특약가입금액(180일 한도),입원 1일당 특약가입금액(180일 한도),,,,갱신형,,,,,file_47.xls,,,,상해중환자실입원일당보장(1일이상180일한도)(갱신형) 특별약관,보험기간 중에 상해의 직접결과로써 중환자실에 입원하여 치료를 받은 경우,입원 1일당 특약가입금액(180일 한도),,,,,,,,,,,,,,,,,,,,,,,,
에이스손보,(무)이젠 나만의 상해보험(갱신형) (월납),주계약,신깁스치료비보장(동일사고 또는 질병당 1회한)(갱신형) 특별약관,보험기간 중에 상해 또는 진단확정된 질병으로 인하여 ‘신깁스치료 분류표’에서 정한 ‘신깁스치료’를 받은 경우,‘신깁스치료 분류표’에서 정한 지급률 × 특약가입금액,‘신깁스치료 분류표’에서 정한 지급률 × 특약가입금액,,,,갱신형,,,,,file_47.xls,,,,신깁스치료비보장(동일사고 또는 질병당 1회한)(갱신형) 특별약관,보험기간 중에 상해 또는 진단확정된 질병으로 인하여 ‘신깁스치료 분류표’에서 정한 ‘신깁스치료’를 받은 경우,‘신깁스치료 분류표’에서 정한 지급률 × 특약가입금액,,,,,,,,,,,,,,,,,,,,,,,,
에이스손보,(무)이젠 나만의 상해보험(갱신형) (월납),주계약,중대한특정상해수술보장(최초1회한)(갱신형) 특별약관,"보험기간 중에 상해의 직접결과로써 뇌손상 또는 내장손상을 입고 사고일부터 180일 이내에 그 치료를 직접적인 목적으로 「개두(開頭)수술」, 「개흉(開胸)수술」 또는 「개복(開腹)수술」을 받은 경우(최초 1회한)",특약가입금액,특약가입금액,,,,갱신형,,,,,file_47.xls,,,,중대한특정상해수술보장(최초1회한)(갱신형) 특별약관,"보험기간 중에 상해의 직접결과로써 뇌손상 또는 내장손상을 입고 사고일부터 180일 이내에 그 치료를 직접적인 목적으로 「개두(開頭)수술」, 「개흉(開胸)수술」 또는 「개복(開腹)수술」을 받은 경우(최초 1회한)",특약가입금액,,,,,,,,,,,,,,,,,,,,,,,,
에이스손보,(무)이젠 나만의 상해보험(갱신형) (월납),주계약,중증외상치료보장(권역외상센터)(갱신형),보험기간 중에 권역외상센터에 내원하여 중증외상환자로 분류되어 치료를 받은 경우,보험가입금액,보험가입금액,,,,갱신형,,,,,file_47.xls,,,,중증외상치료보장(권역외상센터)(갱신형),보험기간 중에 권역외상센터에 내원하여 중증외상환자로 분류되어 치료를 받은 경우,보험가입금액,,,,,,,,,,,,,,,,,,,,,,,,
농협손보,(무) NH위너스상해보험[1종:VIP플랜(금리확정형)]2601 (월납),주계약,일반상해사망,상해사고로 사망한 경우,가입금액,가입금액,"12,260 원","6,020 원",,비갱신형,,,,,file_47.xls,,농협손보,(무) NH위너스상해보험[1종:VIP플랜(금리확정형)]2601,일반상해사망,상해사고로 사망한 경우,가입금액,"12,260","6,020",162.0,157.9,,,,,,,,,,,,,,,,,,,,
농협손보,(무) NH위너스상해보험[1종:VIP플랜(금리확정형)]2601 (월납),주계약,일반상해후유장해(3~100%),상해사고로 3%~100% 후유장해시,가입금액×지급률,가입금액×지급률,,,,비갱신형,,,,,file_47.xls,,,,일반상해후유장해(3~100%),상해사고로 3%~100% 후유장해시,가입금액×지급률,,,,,,,,,,,,,,,,,,,,,,,,
농협손보,(무) NH위너스상해보험[2종:VIP플러스플랜(금리확정형)]2601 (월납),주계약,일반상해사망,상해사고로 사망한 경우,가입금액,가입금액,"209,107 원","99,180 원",,비갱신형,,,,,file_47.xls,,농협손보,(무) NH위너스상해보험[2종:VIP플러스플랜(금리확정형)]2601,일반상해사망,상해사고로 사망한 경우,가입금액,"209,107","99,180",166.8,159.6,,,,,,,,,,,,,,,,,,,,
농협손보,(무) NH위너스상해보험[2종:VIP플러스플랜(금리확정형)]2601 (월납),주계약,일반상해사망가족생활지원금(월지급형),상해사고로 사망 시,매월 가입금액 10년 지급(120회 지급),매월 가입금액 10년 지급(120회 지급),,,,비갱신형,,,,,file_47.xls,,,,일반상해사망가족생활지원금(월지급형),상해사고로 사망 시,매월 가입금액 10년 지급(120회 지급),,,,,,,,,,,,,,,,,,,,,,,,
농협손보,(무) NH위너스상해보험[2종:VIP플러스플랜(금리확정형)]2601 (월납),주계약,일반상해후유장해(3~100%),상해사고로 3%~100% 후유장해시,가입금액×지급률,가입금액×지급률,,,,비갱신형,,,,,file_47.xls,,,,일반상해후유장해(3~100%),상해사고로 3%~100% 후유장해시,가입금액×지급률,,,,,,,,,,,,,,,,,,,,,,,,
농협손보,(무) NH위너스상해보험[3종:상해플랜(금리연동형)]2601 (월납),주계약,골절수술비,상해로 골절을 입고 그 치료를 직접적인 목적으로 수술시(1사고당),가입금액,가입금액,"10,412 원","4,970 원",,비갱신형,,,,,file_47.xls,,농협손보,(무) NH위너스상해보험[3종:상해플랜(금리연동형)]2601,골절수술비,상해로 골절을 입고 그 치료를 직접적인 목적으로 수술시(1사고당),가입금액,"10,412","4,970",150.8,144.8,,,,,,,,,,,,,,,,,,,,
농협손보,(무) NH위너스상해보험[3종:상해플랜(금리연동형)]2601 (월납),주계약,일반상해사망,상해사고로 사망한 경우,,,,,,비갱신형,,,,,file_47.xls,,,,일반상해사망,상해사고로 사망한 경우,,,,,,,,,,,,,,,,,,,,,,,,,
농협손보,(무) NH위너스상해보험[3종:상해플랜(금리연동형)]2601 (월납),주계약,일반상해사망가족생활지원금(월지급형),상해사고로 사망 시,매월 가입금액 10년 지급(120회 지급),매월 가입금액 10년 지급(120회 지급),,,,비갱신형,,,,,file_47.xls,,,,일반상해사망가족생활지원금(월지급형),상해사고로 사망 시,매월 가입금액 10년 지급(120회 지급),,,,,,,,,,,,,,,,,,,,,,,,
농협손보,(무) NH위너스상해보험[3종:상해플랜(금리연동형)]2601 (월납),주계약,일반상해후유장해(3~100%),상해사고로 3%~100% 후유장해시,가입금액×지급률,가입금액×지급률,,,,비갱신형,,,,,file_47.xls,,,,일반상해후유장해(3~100%),상해사고로 3%~100% 후유장해시,가입금액×지급률,,,,,,,,,,,,,,,,,,,,,,,,
농협손보,(무) 헤아림상해치료보험[1종:일반심사형]2601 (월납),주계약,골절진단비(치아파절제외),상해로 인한 골절(치아파절제외)로 진단 확정된 경우,가입금액,가입금액,"26,661 원","20,196 원",,비갱신형,,,,,file_47.xls,,농협손보,(무) 헤아림상해치료보험[1종:일반심사형]2601,골절진단비(치아파절제외),상해로 인한 골절(치아파절제외)로 진단 확정된 경우,가입금액,"26,661","20,196",1.1,1,,,,,,,,,,,,,,,,,,,,
농협손보,(무) 헤아림상해치료보험[1종:일반심사형]2601 (월납),주계약,교통상해사망,교통상해사고로 사망한 경우,,,,,,비갱신형,,,,,file_47.xls,,,,교통상해사망,교통상해사고로 사망한 경우,,,,,,,,,,,,,,,,,,,,,,,,,
농협손보,(무) 헤아림상해치료보험[1종:일반심사형]2601 (월납),주계약,통합상해진단비(경증상해),"통합상해사고로 진단 확정된 경우, 각 부위별로 가입금액 지급 (연간1회한)",가입금액 (부위별 연간1회한),가입금액 (부위별 연간1회한),,,,비갱신형,,,,,file_47.xls,,,,통합상해진단비(경증상해),"통합상해사고로 진단 확정된 경우, 각 부위별로 가입금액 지급 (연간1회한)",가입금액 (부위별 연간1회한),,,,,,,,,,,,,,,,,,,,,,,,
농협손보,(무) 헤아림상해치료보험[1종:일반심사형]2601 (월납),주계약,통합상해진단비(중등증상해),,,,,,,비갱신형,,,,,file_47.xls,,,,통합상해진단비(중등증상해),,,,,,,,,,,,,,,,,,,,,,,,,,
농협손보,(무) 헤아림상해치료보험[1종:일반심사형]2601 (월납),주계약,통합상해진단비(중증상해),,,,,,,비갱신형,,,,,file_47.xls,,,,통합상해진단비(중증상해),,,,,,,,,,,,,,,,,,,,,,,,,,
농협손보,(무) 헤아림상해치료보험[2종:320간편심사형]2601 (월납),주계약,골절진단비(치아파절제외)(320간편가입),상해로 인한 골절(치아파절제외)로 진단 확정된 경우,가입금액,가입금액,"42,467 원","34,230 원",,비갱신형,,,,,file_47.xls,,농협손보,(무) 헤아림상해치료보험[2종:320간편심사형]2601,골절진단비(치아파절제외)(320간편가입),상해로 인한 골절(치아파절제외)로 진단 확정된 경우,가입금액,"42,467","34,230",1.8,1.7,,,,,,,,,,,,,,,,,,,,
농협손보,(무) 헤아림상해치료보험[2종:320간편심사형]2601 (월납),주계약,교통상해사망,교통상해사고로 사망한 경우,,,,,,비갱신형,,,,,file_47.xls,,,,교통상해사망,교통상해사고로 사망한 경우,,,,,,,,,,,,,,,,,,,,,,,,,
농협손보,(무) 헤아림상해치료보험[2종:320간편심사형]2601 (월납),주계약,통합상해진단비(경증상해)(320간편가입),"통합상해사고로 진단 확정된 경우, 각 부위별로 가입금액 지급 (연간1회한)",가입금액 (부위별 연간1회한),가입금액 (부위별 연간1회한),,,,비갱신형,,,,,file_47.xls,,,,통합상해진단비(경증상해)(320간편가입),"통합상해사고로 진단 확정된 경우, 각 부위별로 가입금액 지급 (연간1회한)",가입금액 (부위별 연간1회한),,,,,,,,,,,,,,,,,,,,,,,,
농협손보,(무) 헤아림상해치료보험[2종:320간편심사형]2601 (월납),주계약,통합상해진단비(중등증상해)(320간편가입),,,,,,,비갱신형,,,,,file_47.xls,,,,통합상해진단비(중등증상해)(320간편가입),,,,,,,,,,,,,,,,,,,,,,,,,,
농협손보,(무) 헤아림상해치료보험[2종:320간편심사형]2601 (월납),주계약,통합상해진단비(중증상해)(320간편가입),,,,,,,비갱신형,,,,,file_47.xls,,,,통합상해진단비(중증상해)(320간편가입),,,,,,,,,,,,,,,,,,,,,,,,,,
특약,재해장해특약 무배당 (월납),특약,재해장해특약 무배당,피보험자가 보험기간 중 발생한 재해를 원인으로 장해분류표에서 정한 각 장해지급률 중 3%이상 100%이하에 해당하는 장해상태가 되었을 때,"1,000만원 × 장해지급률","1,000만원","3,710 원","3,240 원",2.25 %,-,-,-,비갱신형,비유니버셜,보장성_상품비교_20260406102522903.xls,iM라이프,THE당당한인생종신보험S 무배당 2601 (해약환급금 일부지급형),특약,재해장해특약 무배당,피보험자가 보험기간 중 발생한 재해를 원인으로 장해분류표에서 정한 각 장해지급률 중 3%이상 100%이하에 해당하는 장해상태가 되었을 때,"1,000만원 × 장해지급률","1,000만원",3710  원,"3,240  원",2.25 %,-,-,159.3 %,170 %,-,-,-,-,체증형,무해지/저해지환급,-,-,-,-,비갱신형,비유니버셜,대면채널,2026-01-01,"1. 가입나이: 만15세 ~ 최고 70세 ※성별 및 납입기간별로 상이 2. 보험기간: 종신 3. 납입기간: 5/7년납 4. 보험료 및 보험가격지수 예시 기준: 40세, 종신, 7년납, 월납, 가입금액 1억원 기준 5. 선택특약 예시 기준  - 납입보험료환급특약 무배당: 40세, 7년만기, 7년납, 월납, 가입금액 주계약 보험료 기준  - 재해장해특약 무배당: 40세, 80세만기, 5년납, 월납, 가입금액 1,000만원 기준  - 재해사망특약 무배당: 40세, 80세만기, 7년납, 월납, 가입금액 1,000만원 기준 6. 적용이율: 10년이내 연복리 2.25%, 10년초과 연복리 1.0%",1588-4770
특약,재해사망특약 무배당 (월납),특약,재해사망특약 무배당,피보험자가 보험기간 중 재해로 인하여 사망하였을 때,"1,000만원","1,000만원","2,530 원","1,160 원",2.25 %,-,-,-,비갱신형,비유니버셜,보장성_상품비교_20260406102522903.xls,iM라이프,THE당당한인생종신보험S 무배당 2601 (해약환급금 일부지급형),특약,재해사망특약 무배당,피보험자가 보험기간 중 재해로 인하여 사망하였을 때,"1,000만원","1,000만원",2530  원,"1,160  원",2.25 %,-,-,159.3 %,170 %,-,-,-,-,체증형,무해지/저해지환급,-,-,-,-,비갱신형,비유니버셜,대면채널,2026-01-01,"1. 가입나이: 만15세 ~ 최고 70세 ※성별 및 납입기간별로 상이 2. 보험기간: 종신 3. 납입기간: 5/7년납 4. 보험료 및 보험가격지수 예시 기준: 40세, 종신, 7년납, 월납, 가입금액 1억원 기준 5. 선택특약 예시 기준  - 납입보험료환급특약 무배당: 40세, 7년만기, 7년납, 월납, 가입금액 주계약 보험료 기준  - 재해장해특약 무배당: 40세, 80세만기, 5년납, 월납, 가입금액 1,000만원 기준  - 재해사망특약 무배당: 40세, 80세만기, 7년납, 월납, 가입금액 1,000만원 기준 6. 적용이율: 10년이내 연복리 2.25%, 10년초과 연복리 1.0%",1588-4770
특약,재해사망특약 무배당 (월납),주계약,사망보험금,피보험자가 보험기간 중 사망하였을 경우,"계약일부터 1년경과시점 계약해당일 전일까지 : 10,000만원(다만, 계약일부터 2년 미만에 재해 이외의 원인으로 사망시 상기금액의 50%감액 지급) / 1년경과시점 계약해당일부터 61년경과시점 계약해당일 전일까지 : 10,000만원 + 1년경과시점 계약해당일부터 매년 계약해당일에 ‘1,000만원’만큼 더한 금액 (다만, 계약일부터 2년 미만에 재해 이외의 원인으로 사망시 상기금액의 50%감액 지급)/ 61년경과시점 계약해당일 이후 : 70,000만원","10,000만원","1,269,000 원","1,272,000 원",2.50 %,-,-,-,비갱신형,비유니버셜,보장성_상품비교_20260406102522903.xls,iM라이프,iM Plus세븐UP골드간편종신보험 무배당 2601 (해약환급금 일부지급형),주계약,사망보험금,피보험자가 보험기간 중 사망하였을 경우,"계약일부터 1년경과시점 계약해당일 전일까지 : 10,000만원(다만, 계약일부터 2년 미만에 재해 이외의 원인으로 사망시 상기금액의 50%감액 지급) / 1년경과시점 계약해당일부터 61년경과시점 계약해당일 전일까지 : 10,000만원 + 1년경과시점 계약해당일부터 매년 계약해당일에 ‘1,000만원’만큼 더한 금액 (다만, 계약일부터 2년 미만에 재해 이외의 원인으로 사망시 상기금액의 50%감액 지급)/ 61년경과시점 계약해당일 이후 : 70,000만원","10,000만원",1269000  원,"1,272,000  원",2.50 %,-,-,104.9 %,108.9 %,-,-,-,-,체증형,무해지/저해지환급,-,-,-,-,비갱신형,비유니버셜,대면채널,2026-01-01,"1. 가입나이: 만15세 ~ 최고63세 ※ 성별별로 상이 2. 보험기간: 종신 3. 납입기간: 20년납 4. 보험료 및 보험가격지수 예시 기준: 40세, 종신, 20년납, 월납, 가입금액 1억원 5. 선택특약 예시 기준: 41세, 10년만기, 전기납, 월납, 가입금액 1천만원(단, 간편든든소액암진단특약 무배당은 500만원) 6. 적용이율 : 10년이내 연복리 2.50%, 10년초과 연복리 1.50%",1588-4770
특약,무배당 재해사망특약I (월납),특약,무배당 재해사망특약I,피보험자가 보험기간 중 재해로 인하여 사망하였을 때,"1,000만원","1,000만원",410 원,130 원,2.70 %,-,-,-,비갱신형,비유니버셜,보장성_상품비교_20260406102527983.xls,KB라이프생명,KB 경영인정기보험III 무배당(해약환급금 일부지급형)(일반심사형),특약,무배당 재해사망특약I,피보험자가 보험기간 중 재해로 인하여 사망하였을 때,"1,000만원","1,000만원",410  원,130  원,2.70 %,-,-,133.6 %,168.8 %,-,-,-,-,체증형,순수보장,-,-,-,-,비갱신형,비유니버셜,대면채널,2026-01-01,"1. 가입나이 : 남자(23~70세), 여자(24~70세) 2. 보험기간 : 90세만기 3. 납입기간 : 전기납 4. 가입금액 : 5천만원 ~ 5. 보험료(주계약) 기준 : 40세, 가입금액 1억원, 90세만기, 전기납, 월납 기준 6. 보험료(특약) 기준 : 40세, 80세만기, 전기납, 월납, 특약가입금액 1,000만원 7. 보험가격지수 예시기준 : 40세, 가입금액 1억원, 90세만기, 전기납, 월납 기준 8. 적용이율 : 10년이내 연복리 2.70%, 10년초과 연복리 1.00%",1588-3374
특약,무배당 재해장해보장특약I (월납),특약,무배당 재해장해보장특약I,피보험자가 보험기간 중 재해로 인하여 장해분류표에서 정한 장해지급률 중 3%이상이며 100%이하에 해당하는 장해상태가 되었을 때,"1,000만원 x 장해지급률","1,000만원",430 원,350 원,2.70 %,-,-,-,비갱신형,비유니버셜,보장성_상품비교_20260406102527983.xls,KB라이프생명,KB 경영인정기보험III 무배당(해약환급금 일부지급형)(일반심사형),특약,무배당 재해장해보장특약I,피보험자가 보험기간 중 재해로 인하여 장해분류표에서 정한 장해지급률 중 3%이상이며 100%이하에 해당하는 장해상태가 되었을 때,"1,000만원 x 장해지급률","1,000만원",430  원,350  원,2.70 %,-,-,133.6 %,168.8 %,-,-,-,-,체증형,순수보장,-,-,-,-,비갱신형,비유니버셜,대면채널,2026-01-01,"1. 가입나이 : 남자(23~70세), 여자(24~70세) 2. 보험기간 : 90세만기 3. 납입기간 : 전기납 4. 가입금액 : 5천만원 ~ 5. 보험료(주계약) 기준 : 40세, 가입금액 1억원, 90세만기, 전기납, 월납 기준 6. 보험료(특약) 기준 : 40세, 80세만기, 전기납, 월납, 특약가입금액 1,000만원 7. 보험가격지수 예시기준 : 40세, 가입금액 1억원, 90세만기, 전기납, 월납 기준 8. 적용이율 : 10년이내 연복리 2.70%, 10년초과 연복리 1.00%",1588-3374
교보생명,교보e상해케어보험 23.11 (무배당) (월납),주계약,강력범죄위로금,피보험자가 보험기간 중 “강력범죄”를 직접적인 원인으로 “신체피해로 전치 1개월을 초과하는 상해”가 발생하였을 경우 (동일사고에 의한 경우 1회에 한함),300만원(사고 1회당),"1,000만원","1,100 원",710 원,2.00 %,비갱신형,CM,2026-01-01,"■필수기재사항 1. 가입나이 : 20 ~ 60세 2. 보험기간 : 1년 3. 납입기간 : 전기납 ■선택기재사항 1. 보험료 예시기준 : 보험가입금액 1,000만원, 40세, 1년만기, 전기납, 월납",1588-1001,보장성_상품비교_20260406102532375.xls,교보생명,교보e상해케어보험 23.11 (무배당),주계약,강력범죄위로금,피보험자가 보험기간 중 “강력범죄”를 직접적인 원인으로 “신체피해로 전치 1개월을 초과하는 상해”가 발생하였을 경우 (동일사고에 의한 경우 1회에 한함),300만원(사고 1회당),"1,000만원",1100  원,710  원,2.00 %,-,-,92.5 %,85.6 %,-,-,-,-,기타,순수보장,비갱신형,비유니버셜,CM,2026-01-01,"■필수기재사항 1. 가입나이 : 20 ~ 60세 2. 보험기간 : 1년 3. 납입기간 : 전기납 ■선택기재사항 1. 보험료 예시기준 : 보험가입금액 1,000만원, 40세, 1년만기, 전기납, 월납",1588-1001,,,,
교보생명,교보e상해케어보험 23.11 (무배당) (월납),주계약,깁스치료비,피보험자가 보험기간 중 질병 또는 재해로 “깁스(Cast)치료”를 받았을 경우,10만원(깁스치료 1회당),"1,000만원","1,100 원",710 원,2.00 %,비갱신형,CM,2026-01-01,"■필수기재사항 1. 가입나이 : 20 ~ 60세 2. 보험기간 : 1년 3. 납입기간 : 전기납 ■선택기재사항 1. 보험료 예시기준 : 보험가입금액 1,000만원, 40세, 1년만기, 전기납, 월납",1588-1001,보장성_상품비교_20260406102532375.xls,교보생명,교보e상해케어보험 23.11 (무배당),주계약,깁스치료비,피보험자가 보험기간 중 질병 또는 재해로 “깁스(Cast)치료”를 받았을 경우,10만원(깁스치료 1회당),"1,000만원",1100  원,710  원,2.00 %,-,-,92.5 %,85.6 %,-,-,-,-,기타,순수보장,비갱신형,비유니버셜,CM,2026-01-01,"■필수기재사항 1. 가입나이 : 20 ~ 60세 2. 보험기간 : 1년 3. 납입기간 : 전기납 ■선택기재사항 1. 보험료 예시기준 : 보험가입금액 1,000만원, 40세, 1년만기, 전기납, 월납",1588-1001,,,,
교보생명,교보e상해케어보험 23.11 (무배당) (월납),주계약,재해골절치료비,"피보험자가 보험기간 중 재해를 직접적인 원인으로 골절[치아파절(깨짐, 부러짐) 제외]이 발생하였을 경우",10만원(골절발생 1회당),"1,000만원","1,100 원",710 원,2.00 %,비갱신형,CM,2026-01-01,"■필수기재사항 1. 가입나이 : 20 ~ 60세 2. 보험기간 : 1년 3. 납입기간 : 전기납 ■선택기재사항 1. 보험료 예시기준 : 보험가입금액 1,000만원, 40세, 1년만기, 전기납, 월납",1588-1001,보장성_상품비교_20260406102532375.xls,교보생명,교보e상해케어보험 23.11 (무배당),주계약,재해골절치료비,"피보험자가 보험기간 중 재해를 직접적인 원인으로 골절[치아파절(깨짐, 부러짐) 제외]이 발생하였을 경우",10만원(골절발생 1회당),"1,000만원",1100  원,710  원,2.00 %,-,-,92.5 %,85.6 %,-,-,-,-,기타,순수보장,비갱신형,비유니버셜,CM,2026-01-01,"■필수기재사항 1. 가입나이 : 20 ~ 60세 2. 보험기간 : 1년 3. 납입기간 : 전기납 ■선택기재사항 1. 보험료 예시기준 : 보험가입금액 1,000만원, 40세, 1년만기, 전기납, 월납",1588-1001,,,,
교보생명,교보e상해케어보험 23.11 (무배당) (월납),주계약,응급실내원비,"피보험자가 보험기간 중 “응급환자”로 응급실에 내원하여 진료를 받았을 경우(다만, 1일 1회에 한함)",1만원(내원 1회당),"1,000만원","1,100 원",710 원,2.00 %,비갱신형,CM,2026-01-01,"■필수기재사항 1. 가입나이 : 20 ~ 60세 2. 보험기간 : 1년 3. 납입기간 : 전기납 ■선택기재사항 1. 보험료 예시기준 : 보험가입금액 1,000만원, 40세, 1년만기, 전기납, 월납",1588-1001,보장성_상품비교_20260406102532375.xls,교보생명,교보e상해케어보험 23.11 (무배당),주계약,응급실내원비,"피보험자가 보험기간 중 “응급환자”로 응급실에 내원하여 진료를 받았을 경우(다만, 1일 1회에 한함)",1만원(내원 1회당),"1,000만원",1100  원,710  원,2.00 %,-,-,92.5 %,85.6 %,-,-,-,-,기타,순수보장,비갱신형,비유니버셜,CM,2026-01-01,"■필수기재사항 1. 가입나이 : 20 ~ 60세 2. 보험기간 : 1년 3. 납입기간 : 전기납 ■선택기재사항 1. 보험료 예시기준 : 보험가입금액 1,000만원, 40세, 1년만기, 전기납, 월납",1588-1001,,,,
교보생명,교보e상해케어보험 23.11 (무배당) (월납),주계약,재해입원비,피보험자가 보험기간 중 재해로 인한 직접적인 치료를 목적으로 1일 이상 입원하였을 경우,입원일수 1일당 1만원(1회 입원당지급일수 120일 한도),"1,000만원","1,100 원",710 원,2.00 %,비갱신형,CM,2026-01-01,"■필수기재사항 1. 가입나이 : 20 ~ 60세 2. 보험기간 : 1년 3. 납입기간 : 전기납 ■선택기재사항 1. 보험료 예시기준 : 보험가입금액 1,000만원, 40세, 1년만기, 전기납, 월납",1588-1001,보장성_상품비교_20260406102532375.xls,교보생명,교보e상해케어보험 23.11 (무배당),주계약,재해입원비,피보험자가 보험기간 중 재해로 인한 직접적인 치료를 목적으로 1일 이상 입원하였을 경우,입원일수 1일당 1만원(1회 입원당지급일수 120일 한도),"1,000만원",1100  원,710  원,2.00 %,-,-,92.5 %,85.6 %,-,-,-,-,기타,순수보장,비갱신형,비유니버셜,CM,2026-01-01,"■필수기재사항 1. 가입나이 : 20 ~ 60세 2. 보험기간 : 1년 3. 납입기간 : 전기납 ■선택기재사항 1. 보험료 예시기준 : 보험가입금액 1,000만원, 40세, 1년만기, 전기납, 월납",1588-1001,,,,
교보생명,교보e상해케어보험 23.11 (무배당) (월납),주계약,재해수술비,피보험자가 보험기간 중 재해를 직접적인 원인으로 수술을 받았을 경우,10만원(수술 1회당),"1,000만원","1,100 원",710 원,2.00 %,비갱신형,CM,2026-01-01,"■필수기재사항 1. 가입나이 : 20 ~ 60세 2. 보험기간 : 1년 3. 납입기간 : 전기납 ■선택기재사항 1. 보험료 예시기준 : 보험가입금액 1,000만원, 40세, 1년만기, 전기납, 월납",1588-1001,보장성_상품비교_20260406102532375.xls,교보생명,교보e상해케어보험 23.11 (무배당),주계약,재해수술비,피보험자가 보험기간 중 재해를 직접적인 원인으로 수술을 받았을 경우,10만원(수술 1회당),"1,000만원",1100  원,710  원,2.00 %,-,-,92.5 %,85.6 %,-,-,-,-,기타,순수보장,비갱신형,비유니버셜,CM,2026-01-01,"■필수기재사항 1. 가입나이 : 20 ~ 60세 2. 보험기간 : 1년 3. 납입기간 : 전기납 ■선택기재사항 1. 보험료 예시기준 : 보험가입금액 1,000만원, 40세, 1년만기, 전기납, 월납",1588-1001,,,,
교보생명,교보e상해케어보험 23.11 (무배당) (월납),주계약,특정외모상해수술비,"피보험자가 보험기간 중 “특정외모상해”로 진단확정되고, “특정외모상해”의 직접적인 치료를 목적으로 수술을 받았을 경우 ※ 다만, 연간 1회에 한함",30만원 (수술 1회당),"1,000만원","1,100 원",710 원,2.00 %,비갱신형,CM,2026-01-01,"■필수기재사항 1. 가입나이 : 20 ~ 60세 2. 보험기간 : 1년 3. 납입기간 : 전기납 ■선택기재사항 1. 보험료 예시기준 : 보험가입금액 1,000만원, 40세, 1년만기, 전기납, 월납",1588-1001,보장성_상품비교_20260406102532375.xls,교보생명,교보e상해케어보험 23.11 (무배당),주계약,특정외모상해수술비,"피보험자가 보험기간 중 “특정외모상해”로 진단확정되고, “특정외모상해”의 직접적인 치료를 목적으로 수술을 받았을 경우 ※ 다만, 연간 1회에 한함",30만원 (수술 1회당),"1,000만원",1100  원,710  원,2.00 %,-,-,92.5 %,85.6 %,-,-,-,-,기타,순수보장,비갱신형,비유니버셜,CM,2026-01-01,"■필수기재사항 1. 가입나이 : 20 ~ 60세 2. 보험기간 : 1년 3. 납입기간 : 전기납 ■선택기재사항 1. 보험료 예시기준 : 보험가입금액 1,000만원, 40세, 1년만기, 전기납, 월납",1588-1001,,,,
KB라이프생명,KB 골든라이프 안심보험 무배당(상해보장형) (월납),주계약,재해사망보험금,피보험자가 보험기간 중 보장개시일 이후에 재해분류표에서 정하는 재해로 인하여 사망하였을 때,6억원,3000만원,"3,032,040 원","2,128,770 원",3.40 %,비갱신형,방카슈랑스,2026-01-19,"1. 가입나이: 만15세 ~ 최대 75세 2. 보험기간: 110세만기 3. 납입기간 : 3년, 4년, 5년, 7년, 10년납 4. 보험료(주계약) 기준 : 40세, 110세만기, 10년납, 월납, 가입금액 : 3,000만원 5. 보험가격지수 기준 : 40세, 110세만기, 10년납, 월납, 가입금액 : 3,000만원 6. 적용이율: 10년 이내 3.40%, 10년 이후 2.0%",1588-3374,보장성_상품비교_20260406102532375.xls,KB라이프생명,KB 골든라이프 안심보험 무배당(상해보장형),주계약,재해사망보험금,피보험자가 보험기간 중 보장개시일 이후에 재해분류표에서 정하는 재해로 인하여 사망하였을 때,6억원,3000만원,3032040  원,"2,128,770  원",3.40 %,-,-,93.4 %,92.1 %,-,-,-,-,기타,순수보장,비갱신형,비유니버셜,방카슈랑스,2026-01-19,"1. 가입나이: 만15세 ~ 최대 75세 2. 보험기간: 110세만기 3. 납입기간 : 3년, 4년, 5년, 7년, 10년납 4. 보험료(주계약) 기준 : 40세, 110세만기, 10년납, 월납, 가입금액 : 3,000만원 5. 보험가격지수 기준 : 40세, 110세만기, 10년납, 월납, 가입금액 : 3,000만원 6. 적용이율: 10년 이내 3.40%, 10년 이후 2.0%",1588-3374,,,,
KB라이프생명,KB 골든라이프 안심보험 무배당(상해보장형) (월납),주계약,고도장해보험금,피보험자가 보험기간 중 보장개시일 이후에 동일한 재해 또는 재해 이외의 동일한 원인으로 인하여 장해분류표 중 여러 신체부위의 장해지급률을 더하여 80%이상인 장해상태가 되었을 때,"9억원 (다만, 계약일로부터 1년이 되는 계약해당일의 전날까지 재해 이외의 동일한 원인으로 80%이상인 장해상태가 되었을 때는 4.5억원)",3000만원,"3,032,040 원","2,128,770 원",3.40 %,비갱신형,방카슈랑스,2026-01-19,"1. 가입나이: 만15세 ~ 최대 75세 2. 보험기간: 110세만기 3. 납입기간 : 3년, 4년, 5년, 7년, 10년납 4. 보험료(주계약) 기준 : 40세, 110세만기, 10년납, 월납, 가입금액 : 3,000만원 5. 보험가격지수 기준 : 40세, 110세만기, 10년납, 월납, 가입금액 : 3,000만원 6. 적용이율: 10년 이내 3.40%, 10년 이후 2.0%",1588-3374,보장성_상품비교_20260406102532375.xls,KB라이프생명,KB 골든라이프 안심보험 무배당(상해보장형),주계약,고도장해보험금,피보험자가 보험기간 중 보장개시일 이후에 동일한 재해 또는 재해 이외의 동일한 원인으로 인하여 장해분류표 중 여러 신체부위의 장해지급률을 더하여 80%이상인 장해상태가 되었을 때,"9억원 (다만, 계약일로부터 1년이 되는 계약해당일의 전날까지 재해 이외의 동일한 원인으로 80%이상인 장해상태가 되었을 때는 4.5억원)",3000만원,3032040  원,"2,128,770  원",3.40 %,-,-,93.4 %,92.1 %,-,-,-,-,기타,순수보장,비갱신형,비유니버셜,방카슈랑스,2026-01-19,"1. 가입나이: 만15세 ~ 최대 75세 2. 보험기간: 110세만기 3. 납입기간 : 3년, 4년, 5년, 7년, 10년납 4. 보험료(주계약) 기준 : 40세, 110세만기, 10년납, 월납, 가입금액 : 3,000만원 5. 보험가격지수 기준 : 40세, 110세만기, 10년납, 월납, 가입금액 : 3,000만원 6. 적용이율: 10년 이내 3.40%, 10년 이후 2.0%",1588-3374,,,,
한화생명,한화생명 스마트V상해보험 무배당 (월납),주계약,고도장해보험금,"피보험자가 보험기간 중 발생한 동일한 재해 또는 재해 이외의 동일한 원인으로 인하여 장해분류표 중 여러 신체부위의 장해지급률을 더하여 80% 이상인 장해상태가 되었을 경우(최초 1회한)(1년 미만 50%(단, 재해로 인한 장해상태가 되었을 경우 제외) 지급)",3억원,"1,000만원","2,557,400 원","1,922,200 원",3.25 %,비갱신형,방카슈랑스,2026-02-01,"1. 가입나이 : 만 15세 ~ 80세 2. 가입한도 : [70세 이하] 10만원 ~ 3,000만원  [71세 이상] 10만원 ~ 1,000만원  (단, 위험직급별 가입한도 이내) 3. 보험기간 : 110세 만기 4. 보험종류 : 1형(기본형), 2형(보장강화형) 5. 보험가격지수 기준 : 1형(기본형), 주계약 가입금액 3,000만원, 40세, 110세만기, 20년납 6. 주계약 보험료 기준 : 1형(기본형), 주계약 가입금액 1,000만원, 40세, 110세만기, 5년납",1588-6363,보장성_상품비교_20260406102544980.xls,한화생명,한화생명 스마트V상해보험 무배당,주계약,고도장해보험금,"피보험자가 보험기간 중 발생한 동일한 재해 또는 재해 이외의 동일한 원인으로 인하여 장해분류표 중 여러 신체부위의 장해지급률을 더하여 80% 이상인 장해상태가 되었을 경우(최초 1회한)(1년 미만 50%(단, 재해로 인한 장해상태가 되었을 경우 제외) 지급)",3억원,"1,000만원",2557400  원,"1,922,200  원",3.25 %,-,-,105.3 %,105.5 %,-,-,-,-,보험기간(1년 초과),무해지/저해지환급,비갱신형,비유니버셜,방카슈랑스,2026-02-01,"1. 가입나이 : 만 15세 ~ 80세 2. 가입한도 : [70세 이하] 10만원 ~ 3,000만원  [71세 이상] 10만원 ~ 1,000만원  (단, 위험직급별 가입한도 이내) 3. 보험기간 : 110세 만기 4. 보험종류 : 1형(기본형), 2형(보장강화형) 5. 보험가격지수 기준 : 1형(기본형), 주계약 가입금액 3,000만원, 40세, 110세만기, 20년납 6. 주계약 보험료 기준 : 1형(기본형), 주계약 가입금액 1,000만원, 40세, 110세만기, 5년납",1588-6363,,,,
한화생명,한화생명 포켓골절보험 무배당 (일시납),주계약,재해골절진단자금,피보험자가 보험기간 중 발생한 재해를 직접적인 원인으로 보험기간 중 '재해골절'로 진단이 확정되었을 경우,5만원(1회당),5만원,"1,176 원",851 원,2.75 %,비갱신형,CM,2026-01-01,"1. 가입나이 : 만 19세 ~ 65세 2. 납입주기 : 일시납 3. 가입한도 : 보험가입금액 5만원 4. 보험기간 : 1년만기 5. 보험가격지수 기준 : 만기환급형, 40세, 1년만기, 일시납, 주계약가입금액 5만원 6. 보험료 기준 : 40세, 1년만기, 일시납, 주계약가입금액 5만원 7. 확정이율 : 2.75% * 특약 : 부가가능 특약 無",1588-6363,보장성_상품비교_20260406102544980.xls,한화생명,한화생명 포켓골절보험 무배당,주계약,재해골절진단자금,피보험자가 보험기간 중 발생한 재해를 직접적인 원인으로 보험기간 중 '재해골절'로 진단이 확정되었을 경우,5만원(1회당),5만원,1176  원,851  원,2.75 %,-,-,78.3 %,72.4 %,-,-,-,-,보험기간(1년 이하),무해지/저해지환급,비갱신형,비유니버셜,CM,2026-01-01,"1. 가입나이 : 만 19세 ~ 65세 2. 납입주기 : 일시납 3. 가입한도 : 보험가입금액 5만원 4. 보험기간 : 1년만기 5. 보험가격지수 기준 : 만기환급형, 40세, 1년만기, 일시납, 주계약가입금액 5만원 6. 보험료 기준 : 40세, 1년만기, 일시납, 주계약가입금액 5만원 7. 확정이율 : 2.75% * 특약 : 부가가능 특약 無",1588-6363,,,,
한화생명,한화생명 간편가입 포켓골절보험 무배당 (일시납),주계약,재해골절진단자금,피보험자가 보험기간 중 발생한 재해를 직접적인 원인으로 보험기간 중 '재해골절'로 진단이 확정되었을 경우,5만원(1회당),5만원,"1,822 원","1,400 원",2.75 %,비갱신형,CM,2026-01-01,"1. 가입나이 : 만 19세 ~ 65세 2. 납입주기 : 일시납 3. 가입한도 : 보험가입금액 5만원 4. 보험기간 : 1년만기 5. 보험가격지수 기준 : 만기환급형, 40세, 1년만기, 일시납, 주계약가입금액 5만원 6. 보험료 기준 : 40세, 1년만기, 일시납, 주계약가입금액 5만원 7. 확정이율 : 2.75% * 특약 : 부가가능 특약 無",1588-6363,보장성_상품비교_20260406102544980.xls,한화생명,한화생명 간편가입 포켓골절보험 무배당,주계약,재해골절진단자금,피보험자가 보험기간 중 발생한 재해를 직접적인 원인으로 보험기간 중 '재해골절'로 진단이 확정되었을 경우,5만원(1회당),5만원,1822  원,"1,400  원",2.75 %,-,-,78.3 %,72.5 %,-,-,-,-,보험기간(1년 이하),무해지/저해지환급,비갱신형,비유니버셜,CM,2026-01-01,"1. 가입나이 : 만 19세 ~ 65세 2. 납입주기 : 일시납 3. 가입한도 : 보험가입금액 5만원 4. 보험기간 : 1년만기 5. 보험가격지수 기준 : 만기환급형, 40세, 1년만기, 일시납, 주계약가입금액 5만원 6. 보험료 기준 : 40세, 1년만기, 일시납, 주계약가입금액 5만원 7. 확정이율 : 2.75% * 특약 : 부가가능 특약 無",1588-6363,,,,
ABL생명,(무)더나은안심보험_2형(상해보장형) (월납),주계약,고도장해보험금,"피보험자가 보험기간 중 「동일한 재해 또는 재해 이외의 동일한 원인」으로 인하여 장해분류표 중 여러 신체부위의 장해지급률을 더하여 80%이상인 장해 상태가 되었을 때(다만, 최초 1회에 한하여 지급)","30,000만원 (다만, 계약일로부터 1년이 지난 보험계약해당일 전일 이전에 재해 이외의 원인으로 지급사유가 발생하였을 경우 상기금액의 50%를 지급)","1,000만원 원","424,400 원","184,400 원",3.00 %,비갱신형,방카슈랑스,2026-01-01,"1. 가입나이 : (1형 장해보장형) 만15세 ~ 최대 75세 (성별, 납입기간별 상이)  (2형 상해보장형) 만15세 ~ 최대 75세 (성별, 납입기간별 상이) 2. 가입한도 : (1형 장해보장형) 65세 이하 - 100만원 ~ 7,000만원  66세 이상 - 100만원 ~ 4,000만원  (2형 상해보장형) 70세 이하 - 100만원 ~ 3,000만원  71세 이상 - 100만원 ~ 2,000만원 3. 보험종류  - 1형(장해보장형) - 기본형  - 2형(상해보장형) - 기본형 4. 보험기간 : 100세/110세 만기 5. 납입기간 : 5/7/10/15/20년납 6. 적용이율 : 가입 후 경과기간 10년 이내 3.00% / 10년 초과 2.00% 7. 보험료 예시기준 : 2형(상해보장형), 기본형, 가입금액 1,000만원, 40세, 100세만기, 20년납, 월납 8. 보험가격지수 예시기준 : 2형(상해보장형), 기본형, 가입금액 3,000만원, 40세, 100세만기, 20년납, 월납",0215886500,보장성_상품비교_20260406102544980.xls,ABL생명,(무)더나은안심보험_2형(상해보장형),주계약,고도장해보험금,"피보험자가 보험기간 중 「동일한 재해 또는 재해 이외의 동일한 원인」으로 인하여 장해분류표 중 여러 신체부위의 장해지급률을 더하여 80%이상인 장해 상태가 되었을 때(다만, 최초 1회에 한하여 지급)","30,000만원 (다만, 계약일로부터 1년이 지난 보험계약해당일 전일 이전에 재해 이외의 원인으로 지급사유가 발생하였을 경우 상기금액의 50%를 지급)","1,000만원 원",424400  원,"184,400  원",3.00 %,-,-,93.4 %,89.0 %,-,-,-,-,보험기간(1년 초과),순수보장,비갱신형,비유니버셜,방카슈랑스,2026-01-01,"1. 가입나이 : (1형 장해보장형) 만15세 ~ 최대 75세 (성별, 납입기간별 상이)  (2형 상해보장형) 만15세 ~ 최대 75세 (성별, 납입기간별 상이) 2. 가입한도 : (1형 장해보장형) 65세 이하 - 100만원 ~ 7,000만원  66세 이상 - 100만원 ~ 4,000만원  (2형 상해보장형) 70세 이하 - 100만원 ~ 3,000만원  71세 이상 - 100만원 ~ 2,000만원 3. 보험종류  - 1형(장해보장형) - 기본형  - 2형(상해보장형) - 기본형 4. 보험기간 : 100세/110세 만기 5. 납입기간 : 5/7/10/15/20년납 6. 적용이율 : 가입 후 경과기간 10년 이내 3.00% / 10년 초과 2.00% 7. 보험료 예시기준 : 2형(상해보장형), 기본형, 가입금액 1,000만원, 40세, 100세만기, 20년납, 월납 8. 보험가격지수 예시기준 : 2형(상해보장형), 기본형, 가입금액 3,000만원, 40세, 100세만기, 20년납, 월납",0215886500,,,,
ABL생명,(무)더나은안심보험_2형(상해보장형) (월납),주계약,재해사망보험금,피보험자가 보험기간 중 재해로 사망하였을 때,"20,000만원","1,000만원 원","424,400 원","184,400 원",3.00 %,비갱신형,방카슈랑스,2026-01-01,"1. 가입나이 : (1형 장해보장형) 만15세 ~ 최대 75세 (성별, 납입기간별 상이)  (2형 상해보장형) 만15세 ~ 최대 75세 (성별, 납입기간별 상이) 2. 가입한도 : (1형 장해보장형) 65세 이하 - 100만원 ~ 7,000만원  66세 이상 - 100만원 ~ 4,000만원  (2형 상해보장형) 70세 이하 - 100만원 ~ 3,000만원  71세 이상 - 100만원 ~ 2,000만원 3. 보험종류  - 1형(장해보장형) - 기본형  - 2형(상해보장형) - 기본형 4. 보험기간 : 100세/110세 만기 5. 납입기간 : 5/7/10/15/20년납 6. 적용이율 : 가입 후 경과기간 10년 이내 3.00% / 10년 초과 2.00% 7. 보험료 예시기준 : 2형(상해보장형), 기본형, 가입금액 1,000만원, 40세, 100세만기, 20년납, 월납 8. 보험가격지수 예시기준 : 2형(상해보장형), 기본형, 가입금액 3,000만원, 40세, 100세만기, 20년납, 월납",0215886500,보장성_상품비교_20260406102544980.xls,ABL생명,(무)더나은안심보험_2형(상해보장형),주계약,재해사망보험금,피보험자가 보험기간 중 재해로 사망하였을 때,"20,000만원","1,000만원 원",424400  원,"184,400  원",3.00 %,-,-,93.4 %,89.0 %,-,-,-,-,보험기간(1년 초과),순수보장,비갱신형,비유니버셜,방카슈랑스,2026-01-01,"1. 가입나이 : (1형 장해보장형) 만15세 ~ 최대 75세 (성별, 납입기간별 상이)  (2형 상해보장형) 만15세 ~ 최대 75세 (성별, 납입기간별 상이) 2. 가입한도 : (1형 장해보장형) 65세 이하 - 100만원 ~ 7,000만원  66세 이상 - 100만원 ~ 4,000만원  (2형 상해보장형) 70세 이하 - 100만원 ~ 3,000만원  71세 이상 - 100만원 ~ 2,000만원 3. 보험종류  - 1형(장해보장형) - 기본형  - 2형(상해보장형) - 기본형 4. 보험기간 : 100세/110세 만기 5. 납입기간 : 5/7/10/15/20년납 6. 적용이율 : 가입 후 경과기간 10년 이내 3.00% / 10년 초과 2.00% 7. 보험료 예시기준 : 2형(상해보장형), 기본형, 가입금액 1,000만원, 40세, 100세만기, 20년납, 월납 8. 보험가격지수 예시기준 : 2형(상해보장형), 기본형, 가입금액 3,000만원, 40세, 100세만기, 20년납, 월납",0215886500,,,,
삼성생명,삼성 슬기로운 취미생활 상해보험(2501)(무배당) (월납),주계약,재해골절수술보험금,"보험기간 중 재해로 인하여 ""재해 골절"" 상태가 되고, ""재해골절""의 직접적인 치료를 목적 으로 ""재해골절수술""을 받았을 때 (치아의 파절 제외) (단, 보험연도 기준 연 3회한)",1회당 5만원,"1,000만원",900 원,900 원,2.00 %,비갱신형,대면채널,2025-01-14,"□ 필수기재사항 1. 가입나이 : -1종(골절수술보장형), 2종(스포츠안심보장형) : 20세~만64세  -3종(어린이골절수술보장형): 0세~ 만13세 2. 보험기간 : 1년 3. 보험료 예시기준 : 주보험 1종 보험가입금액 1,000만원, 40세, 남자, 1년만기, 일시납 □ 선택기재사항 1. 보험료 납입기간 : 일시납 2. 보험가격지수 예시 기준 : 주보험 1종 보험가입금액 1,000만원, 40세, 1년만기, 일시납",1588-3114,보장성_상품비교_20260406102544980.xls,삼성생명,삼성 슬기로운 취미생활 상해보험(2501)(무배당),주계약,재해골절수술보험금,"보험기간 중 재해로 인하여 ""재해 골절"" 상태가 되고, ""재해골절""의 직접적인 치료를 목적 으로 ""재해골절수술""을 받았을 때 (치아의 파절 제외) (단, 보험연도 기준 연 3회한)",1회당 5만원,"1,000만원",900  원,900  원,2.00 %,-,-,95.9 %,76.0 %,-,-,-,-,보험기간(1년 초과),순수보장,비갱신형,비유니버셜,대면채널,2025-01-14,"□ 필수기재사항 1. 가입나이 : -1종(골절수술보장형), 2종(스포츠안심보장형) : 20세~만64세  -3종(어린이골절수술보장형): 0세~ 만13세 2. 보험기간 : 1년 3. 보험료 예시기준 : 주보험 1종 보험가입금액 1,000만원, 40세, 남자, 1년만기, 일시납 □ 선택기재사항 1. 보험료 납입기간 : 일시납 2. 보험가격지수 예시 기준 : 주보험 1종 보험가입금액 1,000만원, 40세, 1년만기, 일시납",1588-3114,,,,
삼성생명,삼성 슬기로운 취미생활 상해보험(2501)(무배당) (월납),주계약,5대재해골절수술보험금,"보험기간 중 재해로 인하여 ""5대 재해골절"" 상태가 되고, ""5대재해골절""의 직접적인 치료 를 목적으로 ""5대재해골절수술""을 받았을 때 (치아의 파절 및 비골의 골절 제외) (단, 최대 3회한)",1회당 25만원,"1,000만원",900 원,900 원,2.00 %,비갱신형,대면채널,2025-01-14,"□ 필수기재사항 1. 가입나이 : -1종(골절수술보장형), 2종(스포츠안심보장형) : 20세~만64세  -3종(어린이골절수술보장형): 0세~ 만13세 2. 보험기간 : 1년 3. 보험료 예시기준 : 주보험 1종 보험가입금액 1,000만원, 40세, 남자, 1년만기, 일시납 □ 선택기재사항 1. 보험료 납입기간 : 일시납 2. 보험가격지수 예시 기준 : 주보험 1종 보험가입금액 1,000만원, 40세, 1년만기, 일시납",1588-3114,보장성_상품비교_20260406102544980.xls,삼성생명,삼성 슬기로운 취미생활 상해보험(2501)(무배당),주계약,5대재해골절수술보험금,"보험기간 중 재해로 인하여 ""5대 재해골절"" 상태가 되고, ""5대재해골절""의 직접적인 치료 를 목적으로 ""5대재해골절수술""을 받았을 때 (치아의 파절 및 비골의 골절 제외) (단, 최대 3회한)",1회당 25만원,"1,000만원",900  원,900  원,2.00 %,-,-,95.9 %,76.0 %,-,-,-,-,보험기간(1년 초과),순수보장,비갱신형,비유니버셜,대면채널,2025-01-14,"□ 필수기재사항 1. 가입나이 : -1종(골절수술보장형), 2종(스포츠안심보장형) : 20세~만64세  -3종(어린이골절수술보장형): 0세~ 만13세 2. 보험기간 : 1년 3. 보험료 예시기준 : 주보험 1종 보험가입금액 1,000만원, 40세, 남자, 1년만기, 일시납 □ 선택기재사항 1. 보험료 납입기간 : 일시납 2. 보험가격지수 예시 기준 : 주보험 1종 보험가입금액 1,000만원, 40세, 1년만기, 일시납",1588-3114,,,,
삼성생명,삼성 마음모아 미니상해보험(2403)(무배당) (월납),주계약,재해골절(치아파절제외) 진단보험금,"재해로 인하여 ""재해골절""상태가 되었을 때(발생 1회당) ※ 동일한 재해로 인하여 2가지 이상의 골절(복합골절)시 1회만 지급",10만원,"1,000만원","4,800 원","4,000 원",2.00 %,비갱신형,CM,2024-03-04,"□ 필수기재사항  1. 가입 나이 : 20세 ~ 만 64세  2. 보험 기간 : 1년  3. 보험료 예시 기준 : 납입기간 일시납, 40세, 가입금액 1,000만원 □ 선택기재사항  1. 가입한도  - 보험가입금액 : 500만원 ~ 1,000만원  2. 보험가격지수 예시기준  - 납입기간 일시납, 40세, 가입금액 1,000만원",1588-3114,보장성_상품비교_20260406102544980.xls,삼성생명,삼성 마음모아 미니상해보험(2403)(무배당),주계약,재해골절(치아파절제외) 진단보험금,"재해로 인하여 ""재해골절""상태가 되었을 때(발생 1회당) ※ 동일한 재해로 인하여 2가지 이상의 골절(복합골절)시 1회만 지급",10만원,"1,000만원",4800  원,"4,000  원",2.00 %,-,-,85.2 %,78.8 %,-,-,-,-,보험기간(1년 이하),순수보장,비갱신형,비유니버셜,CM,2024-03-04,"□ 필수기재사항  1. 가입 나이 : 20세 ~ 만 64세  2. 보험 기간 : 1년  3. 보험료 예시 기준 : 납입기간 일시납, 40세, 가입금액 1,000만원 □ 선택기재사항  1. 가입한도  - 보험가입금액 : 500만원 ~ 1,000만원  2. 보험가격지수 예시기준  - 납입기간 일시납, 40세, 가입금액 1,000만원",1588-3114,,,,
삼성생명,삼성 마음모아 미니상해보험(2403)(무배당) (월납),주계약,깁스치료(부목제외) 보험금,"재해 또는 재해 이외의 원인으로 ""깁스(Cast)치료""를 받았을 때(1회당)",10만원,"1,000만원","4,800 원","4,000 원",2.00 %,비갱신형,CM,2024-03-04,"□ 필수기재사항  1. 가입 나이 : 20세 ~ 만 64세  2. 보험 기간 : 1년  3. 보험료 예시 기준 : 납입기간 일시납, 40세, 가입금액 1,000만원 □ 선택기재사항  1. 가입한도  - 보험가입금액 : 500만원 ~ 1,000만원  2. 보험가격지수 예시기준  - 납입기간 일시납, 40세, 가입금액 1,000만원",1588-3114,보장성_상품비교_20260406102544980.xls,삼성생명,삼성 마음모아 미니상해보험(2403)(무배당),주계약,깁스치료(부목제외) 보험금,"재해 또는 재해 이외의 원인으로 ""깁스(Cast)치료""를 받았을 때(1회당)",10만원,"1,000만원",4800  원,"4,000  원",2.00 %,-,-,85.2 %,78.8 %,-,-,-,-,보험기간(1년 이하),순수보장,비갱신형,비유니버셜,CM,2024-03-04,"□ 필수기재사항  1. 가입 나이 : 20세 ~ 만 64세  2. 보험 기간 : 1년  3. 보험료 예시 기준 : 납입기간 일시납, 40세, 가입금액 1,000만원 □ 선택기재사항  1. 가입한도  - 보험가입금액 : 500만원 ~ 1,000만원  2. 보험가격지수 예시기준  - 납입기간 일시납, 40세, 가입금액 1,000만원",1588-3114,,,,
삼성생명,삼성 s교통상해보험(2501)(무배당) (월납),주계약,교통재해사망보험금,"보험기간 중 교통재해분류표에서 정하는 ""교통재해""로 인하여 사망하였을 경우","3,000만원","3,000만원","5,700 원","3,300 원",2.00 %,비갱신형,대면채널,2025-01-14,"□ 필수기재사항 1. 가입나이 : 최저 만15세~만64세 2. 보험기간 : 1년만기 3. 보험료 예시기준(비위험)  - 주계약 : 가입금액 3,000만원, 1년만기, 일시납  - 특약 : 가입금액 3,000만원, 1년만기, 일시납 □ 선택기재사항 1. 보험료 납입기간 : 일시납 2. 보험가격지수 예시기준  - 주계약 1종(교통재해사망보장형) 가입금액 3,000만원,  40세, 비위험, 1년만기, 일시납 ※ 교통재해장해특약(무배당)은 주보험 1종(교통재해사망보장형) 선택시 부가 가능 ※ 일반자동차탑승중교통재해장해특약(무배당)은 주보험 2종(일반자동차탑승중교통재해사망보장형) 선택시 부가 가능 ※ 대중교통재해장해특약(무배당)은 주보험 3종(대중교통재해사망보장형) 선택시 부가 가능",1588-3114,보장성_상품비교_20260406102544980.xls,삼성생명,삼성 s교통상해보험(2501)(무배당),주계약,교통재해사망보험금,"보험기간 중 교통재해분류표에서 정하는 ""교통재해""로 인하여 사망하였을 경우","3,000만원","3,000만원",5700  원,"3,300  원",2.00 %,-,-,134.9 %,216.7 %,-,-,-,-,보험기간(1년 이하),순수보장,비갱신형,비유니버셜,대면채널,2025-01-14,"□ 필수기재사항 1. 가입나이 : 최저 만15세~만64세 2. 보험기간 : 1년만기 3. 보험료 예시기준(비위험)  - 주계약 : 가입금액 3,000만원, 1년만기, 일시납  - 특약 : 가입금액 3,000만원, 1년만기, 일시납 □ 선택기재사항 1. 보험료 납입기간 : 일시납 2. 보험가격지수 예시기준  - 주계약 1종(교통재해사망보장형) 가입금액 3,000만원,  40세, 비위험, 1년만기, 일시납 ※ 교통재해장해특약(무배당)은 주보험 1종(교통재해사망보장형) 선택시 부가 가능 ※ 일반자동차탑승중교통재해장해특약(무배당)은 주보험 2종(일반자동차탑승중교통재해사망보장형) 선택시 부가 가능 ※ 대중교통재해장해특약(무배당)은 주보험 3종(대중교통재해사망보장형) 선택시 부가 가능",1588-3114,,,,
삼성생명,삼성 s교통상해보험(2501)(무배당) (월납),주계약,일반자동차탑승중교통재해사망보험금,"보험기간 중 ""일반자동차탑승중교통사고""로 인하여 사망하였을 경우","3,000만원","3,000만원","2,700 원","2,100 원",2.00 %,비갱신형,대면채널,2025-01-14,"□ 필수기재사항 1. 가입나이 : 최저 만15세~만64세 2. 보험기간 : 1년만기 3. 보험료 예시기준(비위험)  - 주계약 : 가입금액 3,000만원, 1년만기, 일시납  - 특약 : 가입금액 3,000만원, 1년만기, 일시납 □ 선택기재사항 1. 보험료 납입기간 : 일시납 2. 보험가격지수 예시기준  - 주계약 1종(교통재해사망보장형) 가입금액 3,000만원,  40세, 비위험, 1년만기, 일시납 ※ 교통재해장해특약(무배당)은 주보험 1종(교통재해사망보장형) 선택시 부가 가능 ※ 일반자동차탑승중교통재해장해특약(무배당)은 주보험 2종(일반자동차탑승중교통재해사망보장형) 선택시 부가 가능 ※ 대중교통재해장해특약(무배당)은 주보험 3종(대중교통재해사망보장형) 선택시 부가 가능",1588-3114,보장성_상품비교_20260406102544980.xls,삼성생명,삼성 s교통상해보험(2501)(무배당),주계약,일반자동차탑승중교통재해사망보험금,"보험기간 중 ""일반자동차탑승중교통사고""로 인하여 사망하였을 경우","3,000만원","3,000만원",2700  원,"2,100  원",2.00 %,-,-,134.9 %,216.7 %,-,-,-,-,보험기간(1년 이하),순수보장,비갱신형,비유니버셜,대면채널,2025-01-14,"□ 필수기재사항 1. 가입나이 : 최저 만15세~만64세 2. 보험기간 : 1년만기 3. 보험료 예시기준(비위험)  - 주계약 : 가입금액 3,000만원, 1년만기, 일시납  - 특약 : 가입금액 3,000만원, 1년만기, 일시납 □ 선택기재사항 1. 보험료 납입기간 : 일시납 2. 보험가격지수 예시기준  - 주계약 1종(교통재해사망보장형) 가입금액 3,000만원,  40세, 비위험, 1년만기, 일시납 ※ 교통재해장해특약(무배당)은 주보험 1종(교통재해사망보장형) 선택시 부가 가능 ※ 일반자동차탑승중교통재해장해특약(무배당)은 주보험 2종(일반자동차탑승중교통재해사망보장형) 선택시 부가 가능 ※ 대중교통재해장해특약(무배당)은 주보험 3종(대중교통재해사망보장형) 선택시 부가 가능",1588-3114,,,,
삼성생명,삼성 s교통상해보험(2501)(무배당) (월납),주계약,대중교통사고사망보험금,"보험기간 중 ""대중교통사고""로 인하여 사망하였을 경우","3,000만원","3,000만원",300 원,240 원,2.00 %,비갱신형,대면채널,2025-01-14,"□ 필수기재사항 1. 가입나이 : 최저 만15세~만64세 2. 보험기간 : 1년만기 3. 보험료 예시기준(비위험)  - 주계약 : 가입금액 3,000만원, 1년만기, 일시납  - 특약 : 가입금액 3,000만원, 1년만기, 일시납 □ 선택기재사항 1. 보험료 납입기간 : 일시납 2. 보험가격지수 예시기준  - 주계약 1종(교통재해사망보장형) 가입금액 3,000만원,  40세, 비위험, 1년만기, 일시납 ※ 교통재해장해특약(무배당)은 주보험 1종(교통재해사망보장형) 선택시 부가 가능 ※ 일반자동차탑승중교통재해장해특약(무배당)은 주보험 2종(일반자동차탑승중교통재해사망보장형) 선택시 부가 가능 ※ 대중교통재해장해특약(무배당)은 주보험 3종(대중교통재해사망보장형) 선택시 부가 가능",1588-3114,보장성_상품비교_20260406102544980.xls,삼성생명,삼성 s교통상해보험(2501)(무배당),주계약,대중교통사고사망보험금,"보험기간 중 ""대중교통사고""로 인하여 사망하였을 경우","3,000만원","3,000만원",300  원,240  원,2.00 %,-,-,134.9 %,216.7 %,-,-,-,-,보험기간(1년 이하),순수보장,비갱신형,비유니버셜,대면채널,2025-01-14,"□ 필수기재사항 1. 가입나이 : 최저 만15세~만64세 2. 보험기간 : 1년만기 3. 보험료 예시기준(비위험)  - 주계약 : 가입금액 3,000만원, 1년만기, 일시납  - 특약 : 가입금액 3,000만원, 1년만기, 일시납 □ 선택기재사항 1. 보험료 납입기간 : 일시납 2. 보험가격지수 예시기준  - 주계약 1종(교통재해사망보장형) 가입금액 3,000만원,  40세, 비위험, 1년만기, 일시납 ※ 교통재해장해특약(무배당)은 주보험 1종(교통재해사망보장형) 선택시 부가 가능 ※ 일반자동차탑승중교통재해장해특약(무배당)은 주보험 2종(일반자동차탑승중교통재해사망보장형) 선택시 부가 가능 ※ 대중교통재해장해특약(무배당)은 주보험 3종(대중교통재해사망보장형) 선택시 부가 가능",1588-3114,,,,
삼성생명,삼성 s교통상해보험(2501)(무배당) (월납),특약,교통재해장해특약,"보험기간 중 교통재해분류표에서 정하는 ""교통재해""로 인하여 장해분류표 중 장해지급률이 3%이상 100%이하에 해당하는 장해상태가 되었을 경우","3,000만원 ×해당 장해지급률","3,000만원","4,500 원","3,000 원",2.00 %,비갱신형,대면채널,2025-01-14,"□ 필수기재사항 1. 가입나이 : 최저 만15세~만64세 2. 보험기간 : 1년만기 3. 보험료 예시기준(비위험)  - 주계약 : 가입금액 3,000만원, 1년만기, 일시납  - 특약 : 가입금액 3,000만원, 1년만기, 일시납 □ 선택기재사항 1. 보험료 납입기간 : 일시납 2. 보험가격지수 예시기준  - 주계약 1종(교통재해사망보장형) 가입금액 3,000만원,  40세, 비위험, 1년만기, 일시납 ※ 교통재해장해특약(무배당)은 주보험 1종(교통재해사망보장형) 선택시 부가 가능 ※ 일반자동차탑승중교통재해장해특약(무배당)은 주보험 2종(일반자동차탑승중교통재해사망보장형) 선택시 부가 가능 ※ 대중교통재해장해특약(무배당)은 주보험 3종(대중교통재해사망보장형) 선택시 부가 가능",1588-3114,보장성_상품비교_20260406102544980.xls,삼성생명,삼성 s교통상해보험(2501)(무배당),특약,교통재해장해특약,"보험기간 중 교통재해분류표에서 정하는 ""교통재해""로 인하여 장해분류표 중 장해지급률이 3%이상 100%이하에 해당하는 장해상태가 되었을 경우","3,000만원 ×해당 장해지급률","3,000만원",4500  원,"3,000  원",2.00 %,-,-,134.9 %,216.7 %,-,-,-,-,보험기간(1년 이하),순수보장,비갱신형,비유니버셜,대면채널,2025-01-14,"□ 필수기재사항 1. 가입나이 : 최저 만15세~만64세 2. 보험기간 : 1년만기 3. 보험료 예시기준(비위험)  - 주계약 : 가입금액 3,000만원, 1년만기, 일시납  - 특약 : 가입금액 3,000만원, 1년만기, 일시납 □ 선택기재사항 1. 보험료 납입기간 : 일시납 2. 보험가격지수 예시기준  - 주계약 1종(교통재해사망보장형) 가입금액 3,000만원,  40세, 비위험, 1년만기, 일시납 ※ 교통재해장해특약(무배당)은 주보험 1종(교통재해사망보장형) 선택시 부가 가능 ※ 일반자동차탑승중교통재해장해특약(무배당)은 주보험 2종(일반자동차탑승중교통재해사망보장형) 선택시 부가 가능 ※ 대중교통재해장해특약(무배당)은 주보험 3종(대중교통재해사망보장형) 선택시 부가 가능",1588-3114,,,,
삼성생명,삼성 s교통상해보험(2501)(무배당) (월납),특약,일반자동차탑승중 교통재해장해특약,보험기간 중 “일반자동차탑승중 교통사고”로 인하여 장해분류표 중 장해지급률이 3%이상 100%이하에 해당하는 장해상태가 되었을 경우,"3,000만원 ×해당 장해지급률","3,000만원","3,600 원","2,700 원",2.00 %,비갱신형,대면채널,2025-01-14,"□ 필수기재사항 1. 가입나이 : 최저 만15세~만64세 2. 보험기간 : 1년만기 3. 보험료 예시기준(비위험)  - 주계약 : 가입금액 3,000만원, 1년만기, 일시납  - 특약 : 가입금액 3,000만원, 1년만기, 일시납 □ 선택기재사항 1. 보험료 납입기간 : 일시납 2. 보험가격지수 예시기준  - 주계약 1종(교통재해사망보장형) 가입금액 3,000만원,  40세, 비위험, 1년만기, 일시납 ※ 교통재해장해특약(무배당)은 주보험 1종(교통재해사망보장형) 선택시 부가 가능 ※ 일반자동차탑승중교통재해장해특약(무배당)은 주보험 2종(일반자동차탑승중교통재해사망보장형) 선택시 부가 가능 ※ 대중교통재해장해특약(무배당)은 주보험 3종(대중교통재해사망보장형) 선택시 부가 가능",1588-3114,보장성_상품비교_20260406102544980.xls,삼성생명,삼성 s교통상해보험(2501)(무배당),특약,일반자동차탑승중 교통재해장해특약,보험기간 중 “일반자동차탑승중 교통사고”로 인하여 장해분류표 중 장해지급률이 3%이상 100%이하에 해당하는 장해상태가 되었을 경우,"3,000만원 ×해당 장해지급률","3,000만원",3600  원,"2,700  원",2.00 %,-,-,134.9 %,216.7 %,-,-,-,-,보험기간(1년 이하),순수보장,비갱신형,비유니버셜,대면채널,2025-01-14,"□ 필수기재사항 1. 가입나이 : 최저 만15세~만64세 2. 보험기간 : 1년만기 3. 보험료 예시기준(비위험)  - 주계약 : 가입금액 3,000만원, 1년만기, 일시납  - 특약 : 가입금액 3,000만원, 1년만기, 일시납 □ 선택기재사항 1. 보험료 납입기간 : 일시납 2. 보험가격지수 예시기준  - 주계약 1종(교통재해사망보장형) 가입금액 3,000만원,  40세, 비위험, 1년만기, 일시납 ※ 교통재해장해특약(무배당)은 주보험 1종(교통재해사망보장형) 선택시 부가 가능 ※ 일반자동차탑승중교통재해장해특약(무배당)은 주보험 2종(일반자동차탑승중교통재해사망보장형) 선택시 부가 가능 ※ 대중교통재해장해특약(무배당)은 주보험 3종(대중교통재해사망보장형) 선택시 부가 가능",1588-3114,,,,
삼성생명,삼성 s교통상해보험(2501)(무배당) (월납),특약,대중교통재해장해특약,보험기간 중 “대중교통사고”로 인하여 장해분류표 중 장해지급률이 3%이상 100%이하에 해당하는 장해상태가 되었을 경우,"3,000만원 ×해당 장해지급률","3,000만원",300 원,300 원,2.00 %,비갱신형,대면채널,2025-01-14,"□ 필수기재사항 1. 가입나이 : 최저 만15세~만64세 2. 보험기간 : 1년만기 3. 보험료 예시기준(비위험)  - 주계약 : 가입금액 3,000만원, 1년만기, 일시납  - 특약 : 가입금액 3,000만원, 1년만기, 일시납 □ 선택기재사항 1. 보험료 납입기간 : 일시납 2. 보험가격지수 예시기준  - 주계약 1종(교통재해사망보장형) 가입금액 3,000만원,  40세, 비위험, 1년만기, 일시납 ※ 교통재해장해특약(무배당)은 주보험 1종(교통재해사망보장형) 선택시 부가 가능 ※ 일반자동차탑승중교통재해장해특약(무배당)은 주보험 2종(일반자동차탑승중교통재해사망보장형) 선택시 부가 가능 ※ 대중교통재해장해특약(무배당)은 주보험 3종(대중교통재해사망보장형) 선택시 부가 가능",1588-3114,보장성_상품비교_20260406102544980.xls,삼성생명,삼성 s교통상해보험(2501)(무배당),특약,대중교통재해장해특약,보험기간 중 “대중교통사고”로 인하여 장해분류표 중 장해지급률이 3%이상 100%이하에 해당하는 장해상태가 되었을 경우,"3,000만원 ×해당 장해지급률","3,000만원",300  원,300  원,2.00 %,-,-,134.9 %,216.7 %,-,-,-,-,보험기간(1년 이하),순수보장,비갱신형,비유니버셜,대면채널,2025-01-14,"□ 필수기재사항 1. 가입나이 : 최저 만15세~만64세 2. 보험기간 : 1년만기 3. 보험료 예시기준(비위험)  - 주계약 : 가입금액 3,000만원, 1년만기, 일시납  - 특약 : 가입금액 3,000만원, 1년만기, 일시납 □ 선택기재사항 1. 보험료 납입기간 : 일시납 2. 보험가격지수 예시기준  - 주계약 1종(교통재해사망보장형) 가입금액 3,000만원,  40세, 비위험, 1년만기, 일시납 ※ 교통재해장해특약(무배당)은 주보험 1종(교통재해사망보장형) 선택시 부가 가능 ※ 일반자동차탑승중교통재해장해특약(무배당)은 주보험 2종(일반자동차탑승중교통재해사망보장형) 선택시 부가 가능 ※ 대중교통재해장해특약(무배당)은 주보험 3종(대중교통재해사망보장형) 선택시 부가 가능",1588-3114,,,,
주계약,재해사망보험금 (월납),주계약,재해사망보험금,피보험자가 보험기간 중 재해로 인하여 사망하였을 때,6억원,"3,000만원 원","1,149,900 원","518,100 원",3.00 %,비갱신형,대면채널  방카슈랑스  CM,2026-03-03,"1. 가입나이 : 만15세 ~ 70세(단 성별, 보험기간, 납입기간별 차등적용) 2. 보험기간 : 100세만기, 110세 만기 3. 보험료 예시기준 : 1종(50%환급형) 4형(상해보장형) 가입금액 3,000만원, 40세, 100세만기, 20년납, 월납",1588-2288,보장성_상품비교_20260406102544980.xls,흥국생명,(무)흥국생명 안심케어보험2603(해약환급금일부지급형)_1종 4형,주계약,재해사망보험금,피보험자가 보험기간 중 재해로 인하여 사망하였을 때,6억원,"3,000만원 원",1149900  원,"518,100  원",3.00 %,-,-,89.8 %,87.3 %,-,-,-,-,보험기간(1년 초과),무해지/저해지환급,비갱신형,비유니버셜,대면채널  방카슈랑스  CM,2026-03-03,"1. 가입나이 : 만15세 ~ 70세(단 성별, 보험기간, 납입기간별 차등적용) 2. 보험기간 : 100세만기, 110세 만기 3. 보험료 예시기준 : 1종(50%환급형) 4형(상해보장형) 가입금액 3,000만원, 40세, 100세만기, 20년납, 월납",1588-2288,,,,
주계약,재해장해보험금 (월납),주계약,재해장해보험금,피보험자가 보험기간 중 보장개시일 이후에 재 해로 인하여 장해분류표에서 정한 각 장해지 급률에 해당하는 장해상태가 되었을 경우,보험가입금액 x 해당 장해지급률,"3,000만원 원","1,170 원",690 원,2.75 %,갱신형,대면채널  TM,2026-03-03,"1.가입나이: 만15세~80세(단 성별, 보험기간, 납입기간별 차등적용) 2.보험기간: 20년(단, 갱신계약의 경우 1~20년), 30년(단, 갱신계약의 경우 1~30년) 3.보험료 예시기준: 가입금액 3,000만원, 20년만기, 전기납,월납, 40세 (단, 자사 최대 가입한도는 1,000만원임)",1588-2288,보장성_상품비교_20260406102544980.xls,흥국생명,(무)흥국생명 다사랑3.1.1간편건강보험(해약환급금미지급형)(갱신형),주계약,재해장해보험금,피보험자가 보험기간 중 보장개시일 이후에 재 해로 인하여 장해분류표에서 정한 각 장해지 급률에 해당하는 장해상태가 되었을 경우,보험가입금액 x 해당 장해지급률,"3,000만원 원",1170  원,690  원,2.75 %,-,-,118.7 %,104.6 %,-,-,-,-,보험기간(1년 초과),순수보장,갱신형,비유니버셜,대면채널  TM,2026-03-03,"1.가입나이: 만15세~80세(단 성별, 보험기간, 납입기간별 차등적용) 2.보험기간: 20년(단, 갱신계약의 경우 1~20년), 30년(단, 갱신계약의 경우 1~30년) 3.보험료 예시기준: 가입금액 3,000만원, 20년만기, 전기납,월납, 40세 (단, 자사 최대 가입한도는 1,000만원임)",1588-2288,,,,
주계약,재해장해보험금 (월납),특약,(무)간편한질병수술특약S(기본형)(갱신형),피보험자가 보험기간 중 보장개시일 이후에 질병으로 인하여 그 치료를 직접목적으로 하 여 수술을 받았을 때 (동일한 질병당 1회한),"1년 미만 5만원, 1년 이후 10만원",10만원 원,"2,604 원","3,282 원",2.75 %,갱신형,대면채널  TM,2026-03-03,"1.가입나이: 만15세~80세(단 성별, 보험기간, 납입기간별 차등적용) 2.보험기간: 20년(단, 갱신계약의 경우 1~20년), 30년(단, 갱신계약의 경우 1~30년) 3.보험료 예시기준: 가입금액 3,000만원, 20년만기, 전기납,월납, 40세 (단, 자사 최대 가입한도는 1,000만원임)",1588-2288,보장성_상품비교_20260406102544980.xls,흥국생명,(무)흥국생명 다사랑3.1.1간편건강보험(해약환급금미지급형)(갱신형),특약,(무)간편한질병수술특약S(기본형)(갱신형),피보험자가 보험기간 중 보장개시일 이후에 질병으로 인하여 그 치료를 직접목적으로 하 여 수술을 받았을 때 (동일한 질병당 1회한),"1년 미만 5만원, 1년 이후 10만원",10만원 원,2604  원,"3,282  원",2.75 %,-,-,118.7 %,104.6 %,-,-,-,-,보험기간(1년 초과),순수보장,갱신형,비유니버셜,대면채널  TM,2026-03-03,"1.가입나이: 만15세~80세(단 성별, 보험기간, 납입기간별 차등적용) 2.보험기간: 20년(단, 갱신계약의 경우 1~20년), 30년(단, 갱신계약의 경우 1~30년) 3.보험료 예시기준: 가입금액 3,000만원, 20년만기, 전기납,월납, 40세 (단, 자사 최대 가입한도는 1,000만원임)",1588-2288,,,,
주계약,재해장해보험금 (월납),특약,(무)간편한암진단특약S(갱신형),피보험자가 보험기간 중 암보장개시일 이후에 암으로 진단확정 되었을 때 (최초 1회에 한함),"180일 미만 100만원, 180일 이후 1,000만원 다만, 1년 미만에 유방암으로 진단확정되었을 경우 50%만 지급",1000만원 원,"7,600 원","9,100 원",2.75 %,갱신형,대면채널  TM,2026-03-03,"1.가입나이: 만15세~80세(단 성별, 보험기간, 납입기간별 차등적용) 2.보험기간: 20년(단, 갱신계약의 경우 1~20년), 30년(단, 갱신계약의 경우 1~30년) 3.보험료 예시기준: 가입금액 3,000만원, 20년만기, 전기납,월납, 40세 (단, 자사 최대 가입한도는 1,000만원임)",1588-2288,보장성_상품비교_20260406102544980.xls,흥국생명,(무)흥국생명 다사랑3.1.1간편건강보험(해약환급금미지급형)(갱신형),특약,(무)간편한암진단특약S(갱신형),피보험자가 보험기간 중 암보장개시일 이후에 암으로 진단확정 되었을 때 (최초 1회에 한함),"180일 미만 100만원, 180일 이후 1,000만원 다만, 1년 미만에 유방암으로 진단확정되었을 경우 50%만 지급",1000만원 원,7600  원,"9,100  원",2.75 %,-,-,118.7 %,104.6 %,-,-,-,-,보험기간(1년 초과),순수보장,갱신형,비유니버셜,대면채널  TM,2026-03-03,"1.가입나이: 만15세~80세(단 성별, 보험기간, 납입기간별 차등적용) 2.보험기간: 20년(단, 갱신계약의 경우 1~20년), 30년(단, 갱신계약의 경우 1~30년) 3.보험료 예시기준: 가입금액 3,000만원, 20년만기, 전기납,월납, 40세 (단, 자사 최대 가입한도는 1,000만원임)",1588-2288,,,,
주계약,재해장해보험금 (월납),특약,(무)간편한항암약물치료특약S(갱신형),"피보험자가 보험기간 중 암보장개시일 이후에 암으로 진단 확정되고, 그 암의 직접적인 치료 를 목적으로 항암약물치료를 받았을 때 (최초 1회에 한함) * 이외 보장담보는 상품요약서 참조","암항암약물치료비: 1년 미만 50만원, 1년 이후 100만원",100만원 원,195 원,285 원,2.75 %,갱신형,대면채널  TM,2026-03-03,"1.가입나이: 만15세~80세(단 성별, 보험기간, 납입기간별 차등적용) 2.보험기간: 20년(단, 갱신계약의 경우 1~20년), 30년(단, 갱신계약의 경우 1~30년) 3.보험료 예시기준: 가입금액 3,000만원, 20년만기, 전기납,월납, 40세 (단, 자사 최대 가입한도는 1,000만원임)",1588-2288,보장성_상품비교_20260406102544980.xls,흥국생명,(무)흥국생명 다사랑3.1.1간편건강보험(해약환급금미지급형)(갱신형),특약,(무)간편한항암약물치료특약S(갱신형),"피보험자가 보험기간 중 암보장개시일 이후에 암으로 진단 확정되고, 그 암의 직접적인 치료 를 목적으로 항암약물치료를 받았을 때 (최초 1회에 한함) * 이외 보장담보는 상품요약서 참조","암항암약물치료비: 1년 미만 50만원, 1년 이후 100만원",100만원 원,195  원,285  원,2.75 %,-,-,118.7 %,104.6 %,-,-,-,-,보험기간(1년 초과),순수보장,갱신형,비유니버셜,대면채널  TM,2026-03-03,"1.가입나이: 만15세~80세(단 성별, 보험기간, 납입기간별 차등적용) 2.보험기간: 20년(단, 갱신계약의 경우 1~20년), 30년(단, 갱신계약의 경우 1~30년) 3.보험료 예시기준: 가입금액 3,000만원, 20년만기, 전기납,월납, 40세 (단, 자사 최대 가입한도는 1,000만원임)",1588-2288,,,,
주계약,재해장해보험금 (월납),특약,(무)간편한항암방사선치료특약S(갱신형),"피보험자가 보험기간 중 암보장개시일 이후에 암으로 진단 확정되고, 그 암의 직접적인 치료를 목적으로 항암방사선치료를 받았을 때 (최초 1회에 한함) * 이외 보장담보는 상품요약서 참조","암 항암방사선치료비: 1년 미만 50만원, 1년 이후 100만원",100만원 원,120 원,210 원,2.75 %,갱신형,대면채널  TM,2026-03-03,"1.가입나이: 만15세~80세(단 성별, 보험기간, 납입기간별 차등적용) 2.보험기간: 20년(단, 갱신계약의 경우 1~20년), 30년(단, 갱신계약의 경우 1~30년) 3.보험료 예시기준: 가입금액 3,000만원, 20년만기, 전기납,월납, 40세 (단, 자사 최대 가입한도는 1,000만원임)",1588-2288,보장성_상품비교_20260406102544980.xls,흥국생명,(무)흥국생명 다사랑3.1.1간편건강보험(해약환급금미지급형)(갱신형),특약,(무)간편한항암방사선치료특약S(갱신형),"피보험자가 보험기간 중 암보장개시일 이후에 암으로 진단 확정되고, 그 암의 직접적인 치료를 목적으로 항암방사선치료를 받았을 때 (최초 1회에 한함) * 이외 보장담보는 상품요약서 참조","암 항암방사선치료비: 1년 미만 50만원, 1년 이후 100만원",100만원 원,120  원,210  원,2.75 %,-,-,118.7 %,104.6 %,-,-,-,-,보험기간(1년 초과),순수보장,갱신형,비유니버셜,대면채널  TM,2026-03-03,"1.가입나이: 만15세~80세(단 성별, 보험기간, 납입기간별 차등적용) 2.보험기간: 20년(단, 갱신계약의 경우 1~20년), 30년(단, 갱신계약의 경우 1~30년) 3.보험료 예시기준: 가입금액 3,000만원, 20년만기, 전기납,월납, 40세 (단, 자사 최대 가입한도는 1,000만원임)",1588-2288,,,,
주계약,재해장해보험금 (월납),주계약,재해장해보험금,피보험자가 보험기간 중 보장개시일 이후에 재 해로 인하여 장해분류표에서 정한 각 장해지 급률에 해당하는 장해상태가 되었을 경우,보험가입금액 x 해당 장해지급률,"3,000만원","1,050 원",630 원,2.75 %,갱신형,대면채널  TM,2026-03-03,"1.가입나이: 만15세~80세(단 성별, 보험기간, 납입기간별 차등적용) 2.보험기간: 10년(단, 갱신계약의 경우 1~10년), 20년(단, 갱신계약의 경우 1~20년) 3.보험료 예시기준: 가입금액 3,000만원, 20년만기, 전기납,월납, 40세 (단, 자사 최대 가입한도는 1,000만원임)",1588-2288,보장성_상품비교_20260406102544980.xls,흥국생명,(무)흥국생명 다사랑3.10.5간편건강보험(해약환급금미지급형)(갱신형),주계약,재해장해보험금,피보험자가 보험기간 중 보장개시일 이후에 재 해로 인하여 장해분류표에서 정한 각 장해지 급률에 해당하는 장해상태가 되었을 경우,보험가입금액 x 해당 장해지급률,"3,000만원",1050  원,630  원,2.75 %,-,-,106.5 %,95.5 %,-,-,-,-,보험기간(1년 초과),순수보장,갱신형,비유니버셜,대면채널  TM,2026-03-03,"1.가입나이: 만15세~80세(단 성별, 보험기간, 납입기간별 차등적용) 2.보험기간: 10년(단, 갱신계약의 경우 1~10년), 20년(단, 갱신계약의 경우 1~20년) 3.보험료 예시기준: 가입금액 3,000만원, 20년만기, 전기납,월납, 40세 (단, 자사 최대 가입한도는 1,000만원임)",1588-2288,,,,
주계약,재해장해보험금 (월납),특약,(무)간편한(3.10.5)질병수술특약S(기본형)(해약환급금미지급형)(갱신형),피보험자가 보험기간 중 보장개시일 이후에 질병으로 인하여 그 치료를 직접목적으로 하 여 수술을 받았을 때 (동일한 질병당 1회한),"1년 미만 5만원, 1년 이후 10만원",10만원,"1,458 원","1,851 원",2.75 %,갱신형,대면채널  TM,2026-03-03,"1.가입나이: 만15세~80세(단 성별, 보험기간, 납입기간별 차등적용) 2.보험기간: 10년(단, 갱신계약의 경우 1~10년), 20년(단, 갱신계약의 경우 1~20년) 3.보험료 예시기준: 가입금액 3,000만원, 20년만기, 전기납,월납, 40세 (단, 자사 최대 가입한도는 1,000만원임)",1588-2288,보장성_상품비교_20260406102544980.xls,흥국생명,(무)흥국생명 다사랑3.10.5간편건강보험(해약환급금미지급형)(갱신형),특약,(무)간편한(3.10.5)질병수술특약S(기본형)(해약환급금미지급형)(갱신형),피보험자가 보험기간 중 보장개시일 이후에 질병으로 인하여 그 치료를 직접목적으로 하 여 수술을 받았을 때 (동일한 질병당 1회한),"1년 미만 5만원, 1년 이후 10만원",10만원,1458  원,"1,851  원",2.75 %,-,-,106.5 %,95.5 %,-,-,-,-,보험기간(1년 초과),순수보장,갱신형,비유니버셜,대면채널  TM,2026-03-03,"1.가입나이: 만15세~80세(단 성별, 보험기간, 납입기간별 차등적용) 2.보험기간: 10년(단, 갱신계약의 경우 1~10년), 20년(단, 갱신계약의 경우 1~20년) 3.보험료 예시기준: 가입금액 3,000만원, 20년만기, 전기납,월납, 40세 (단, 자사 최대 가입한도는 1,000만원임)",1588-2288,,,,
주계약,재해장해보험금 (월납),특약,(무)간편한(3.10.5)암진단특약S(해약환급금미지급형)(갱신형),피보험자가 보험기간 중 암보장개시일 이후 에 암으로 진단확정 되었을 때 (최초 1회에 한함),"180일 미만 100만원, 180일 이후 1,000만원 다만, 1년 미만에 유방암으로 진단확정되었을 경우 50%만 지급",1000만원,"4,400 원","5,900 원",2.75 %,갱신형,대면채널  TM,2026-03-03,"1.가입나이: 만15세~80세(단 성별, 보험기간, 납입기간별 차등적용) 2.보험기간: 10년(단, 갱신계약의 경우 1~10년), 20년(단, 갱신계약의 경우 1~20년) 3.보험료 예시기준: 가입금액 3,000만원, 20년만기, 전기납,월납, 40세 (단, 자사 최대 가입한도는 1,000만원임)",1588-2288,보장성_상품비교_20260406102544980.xls,흥국생명,(무)흥국생명 다사랑3.10.5간편건강보험(해약환급금미지급형)(갱신형),특약,(무)간편한(3.10.5)암진단특약S(해약환급금미지급형)(갱신형),피보험자가 보험기간 중 암보장개시일 이후 에 암으로 진단확정 되었을 때 (최초 1회에 한함),"180일 미만 100만원, 180일 이후 1,000만원 다만, 1년 미만에 유방암으로 진단확정되었을 경우 50%만 지급",1000만원,4400  원,"5,900  원",2.75 %,-,-,106.5 %,95.5 %,-,-,-,-,보험기간(1년 초과),순수보장,갱신형,비유니버셜,대면채널  TM,2026-03-03,"1.가입나이: 만15세~80세(단 성별, 보험기간, 납입기간별 차등적용) 2.보험기간: 10년(단, 갱신계약의 경우 1~10년), 20년(단, 갱신계약의 경우 1~20년) 3.보험료 예시기준: 가입금액 3,000만원, 20년만기, 전기납,월납, 40세 (단, 자사 최대 가입한도는 1,000만원임)",1588-2288,,,,
주계약,재해장해보험금 (월납),특약,(무)간편한(3.10.5)항암약물치료특약S(해약환급금미지급형)(갱신형),"피보험자가 보험기간 중 암보장개시일 이후에 암으로 진단 확정되고, 그 암의 직접적인 치료 를 목적으로 항암약물치료를 받았을 때 (최초 1회에 한함) * 이외 보장담보는 상품요약서 참조","암항암약물치료비: 1년 미만 50만원, 1년 이후 100만원",100만원,118 원,194 원,2.75 %,갱신형,대면채널  TM,2026-03-03,"1.가입나이: 만15세~80세(단 성별, 보험기간, 납입기간별 차등적용) 2.보험기간: 10년(단, 갱신계약의 경우 1~10년), 20년(단, 갱신계약의 경우 1~20년) 3.보험료 예시기준: 가입금액 3,000만원, 20년만기, 전기납,월납, 40세 (단, 자사 최대 가입한도는 1,000만원임)",1588-2288,보장성_상품비교_20260406102544980.xls,흥국생명,(무)흥국생명 다사랑3.10.5간편건강보험(해약환급금미지급형)(갱신형),특약,(무)간편한(3.10.5)항암약물치료특약S(해약환급금미지급형)(갱신형),"피보험자가 보험기간 중 암보장개시일 이후에 암으로 진단 확정되고, 그 암의 직접적인 치료 를 목적으로 항암약물치료를 받았을 때 (최초 1회에 한함) * 이외 보장담보는 상품요약서 참조","암항암약물치료비: 1년 미만 50만원, 1년 이후 100만원",100만원,118  원,194  원,2.75 %,-,-,106.5 %,95.5 %,-,-,-,-,보험기간(1년 초과),순수보장,갱신형,비유니버셜,대면채널  TM,2026-03-03,"1.가입나이: 만15세~80세(단 성별, 보험기간, 납입기간별 차등적용) 2.보험기간: 10년(단, 갱신계약의 경우 1~10년), 20년(단, 갱신계약의 경우 1~20년) 3.보험료 예시기준: 가입금액 3,000만원, 20년만기, 전기납,월납, 40세 (단, 자사 최대 가입한도는 1,000만원임)",1588-2288,,,,
주계약,재해장해보험금 (월납),특약,(무)간편한(3.10.5)항암방사선치료특약S(해약환급금미지급형)(갱신형),"피보험자가 보험기간 중 암보장개시일 이후에 암으로 진단 확정되고, 그 암의 직접적인 치 료를 목적으로 항암방사선치료를 받았을 때 (최초 1회에 한함) * 이외 보장담보는 상품요약서 참조","암항암방사선치료비: 1년 미만 50만원, 1년 이후 100만원",100만원,75 원,147 원,2.75 %,갱신형,대면채널  TM,2026-03-03,"1.가입나이: 만15세~80세(단 성별, 보험기간, 납입기간별 차등적용) 2.보험기간: 10년(단, 갱신계약의 경우 1~10년), 20년(단, 갱신계약의 경우 1~20년) 3.보험료 예시기준: 가입금액 3,000만원, 20년만기, 전기납,월납, 40세 (단, 자사 최대 가입한도는 1,000만원임)",1588-2288,보장성_상품비교_20260406102544980.xls,흥국생명,(무)흥국생명 다사랑3.10.5간편건강보험(해약환급금미지급형)(갱신형),특약,(무)간편한(3.10.5)항암방사선치료특약S(해약환급금미지급형)(갱신형),"피보험자가 보험기간 중 암보장개시일 이후에 암으로 진단 확정되고, 그 암의 직접적인 치 료를 목적으로 항암방사선치료를 받았을 때 (최초 1회에 한함) * 이외 보장담보는 상품요약서 참조","암항암방사선치료비: 1년 미만 50만원, 1년 이후 100만원",100만원,75  원,147  원,2.75 %,-,-,106.5 %,95.5 %,-,-,-,-,보험기간(1년 초과),순수보장,갱신형,비유니버셜,대면채널  TM,2026-03-03,"1.가입나이: 만15세~80세(단 성별, 보험기간, 납입기간별 차등적용) 2.보험기간: 10년(단, 갱신계약의 경우 1~10년), 20년(단, 갱신계약의 경우 1~20년) 3.보험료 예시기준: 가입금액 3,000만원, 20년만기, 전기납,월납, 40세 (단, 자사 최대 가입한도는 1,000만원임)",1588-2288,,,,
주계약,재해장해보험금 (월납),주계약,재해장해보험금,피보험자가 보험기간 중 보장개시일 이후에 재해로 인하여 장해분류표에서 정한 각 장해지급률에 해당하는 장해상태가 되었을 경우,"1,000만원 × 해당 장해지급률","3,000만원","1,620 원","1,380 원",2.75 %,비갱신형,대면채널,2026-02-08,"1. 가입나이 : 0세 ~ 30세(단, 성별, 보험기간, 납입기간별 차등적용) 2. 보험기간 : 90세만기, 100세만기 3. 보험료 예시 및 보험가격지수 산출기준 : 1종(해약환급금 미지급형V2), 1형(재해장해보장형), 가입금액 3,000만원, 5세, 100세만기, 20년납, 월납",1588-2288,보장성_상품비교_20260406102544980.xls,흥국생명,(무)흥국생명다재다능종합보험(해약환급금미지급형V2),주계약,재해장해보험금,피보험자가 보험기간 중 보장개시일 이후에 재해로 인하여 장해분류표에서 정한 각 장해지급률에 해당하는 장해상태가 되었을 경우,"1,000만원 × 해당 장해지급률","3,000만원",1620  원,"1,380  원",2.75 %,-,-,95.8 %,98.1 %,-,-,-,-,보험기간(1년 초과),무해지/저해지환급,비갱신형,비유니버셜,대면채널,2026-02-08,"1. 가입나이 : 0세 ~ 30세(단, 성별, 보험기간, 납입기간별 차등적용) 2. 보험기간 : 90세만기, 100세만기 3. 보험료 예시 및 보험가격지수 산출기준 : 1종(해약환급금 미지급형V2), 1형(재해장해보장형), 가입금액 3,000만원, 5세, 100세만기, 20년납, 월납",1588-2288,,,,
주계약,재해장해보험금 (월납),특약,(무)골절진단(치아파절제외)특약,"피보험자가 보험기간 중 보장개시일 이후에 재해골절(치아파절 제외)이 발생하였을 때(발생 1회당) (다만, 동일재해에 의한 경우 1회에 한함)",가입금액의 100%,"1,000만원",869 원,716 원,2.75 %,비갱신형,대면채널,2026-02-08,"1. 가입나이 : 0세 ~ 30세(단, 성별, 보험기간, 납입기간별 차등적용) 2. 보험기간 : 90세만기, 100세만기 3. 보험료 예시 및 보험가격지수 산출기준 : 1종(해약환급금 미지급형V2), 1형(재해장해보장형), 가입금액 3,000만원, 5세, 100세만기, 20년납, 월납",1588-2288,보장성_상품비교_20260406102544980.xls,흥국생명,(무)흥국생명다재다능종합보험(해약환급금미지급형V2),특약,(무)골절진단(치아파절제외)특약,"피보험자가 보험기간 중 보장개시일 이후에 재해골절(치아파절 제외)이 발생하였을 때(발생 1회당) (다만, 동일재해에 의한 경우 1회에 한함)",가입금액의 100%,"1,000만원",869  원,716  원,2.75 %,-,-,95.8 %,98.1 %,-,-,-,-,보험기간(1년 초과),무해지/저해지환급,비갱신형,비유니버셜,대면채널,2026-02-08,"1. 가입나이 : 0세 ~ 30세(단, 성별, 보험기간, 납입기간별 차등적용) 2. 보험기간 : 90세만기, 100세만기 3. 보험료 예시 및 보험가격지수 산출기준 : 1종(해약환급금 미지급형V2), 1형(재해장해보장형), 가입금액 3,000만원, 5세, 100세만기, 20년납, 월납",1588-2288,,,,
주계약,재해장해보험금 (월납),특약,(무)허혈심장질환특약Ⅱ,"피보험자가 보험기간 중 보장개시일 이후에 허혈심장질환으로 진단확정 되었을 때(다만, 최초 1회에 한함)",가입금액의 100%,10만원,"3,600 원","1,900 원",2.75 %,비갱신형,대면채널,2026-02-08,"1. 가입나이 : 0세 ~ 30세(단, 성별, 보험기간, 납입기간별 차등적용) 2. 보험기간 : 90세만기, 100세만기 3. 보험료 예시 및 보험가격지수 산출기준 : 1종(해약환급금 미지급형V2), 1형(재해장해보장형), 가입금액 3,000만원, 5세, 100세만기, 20년납, 월납",1588-2288,보장성_상품비교_20260406102544980.xls,흥국생명,(무)흥국생명다재다능종합보험(해약환급금미지급형V2),특약,(무)허혈심장질환특약Ⅱ,"피보험자가 보험기간 중 보장개시일 이후에 허혈심장질환으로 진단확정 되었을 때(다만, 최초 1회에 한함)",가입금액의 100%,10만원,3600  원,"1,900  원",2.75 %,-,-,95.8 %,98.1 %,-,-,-,-,보험기간(1년 초과),무해지/저해지환급,비갱신형,비유니버셜,대면채널,2026-02-08,"1. 가입나이 : 0세 ~ 30세(단, 성별, 보험기간, 납입기간별 차등적용) 2. 보험기간 : 90세만기, 100세만기 3. 보험료 예시 및 보험가격지수 산출기준 : 1종(해약환급금 미지급형V2), 1형(재해장해보장형), 가입금액 3,000만원, 5세, 100세만기, 20년납, 월납",1588-2288,,,,
주계약,재해장해보험금 (월납),특약,(무)수술보장특약Ⅲ,피보험자가 보험기간 중 보장개시일 이후에 질병 또는 재해로 인하여 그 치료를 직접 목적으로 별표3(1~5종 수술분류표)에서 정한 수술을 받았을 때(수술 1회당),"1종 : 20만원 2종 : 50만원 3종 : 100만원 4종 : 500만원 5종 : 1,000만원","1,000만원","12,400 원","12,300 원",2.75 %,비갱신형,대면채널,2026-02-08,"1. 가입나이 : 0세 ~ 30세(단, 성별, 보험기간, 납입기간별 차등적용) 2. 보험기간 : 90세만기, 100세만기 3. 보험료 예시 및 보험가격지수 산출기준 : 1종(해약환급금 미지급형V2), 1형(재해장해보장형), 가입금액 3,000만원, 5세, 100세만기, 20년납, 월납",1588-2288,보장성_상품비교_20260406102544980.xls,흥국생명,(무)흥국생명다재다능종합보험(해약환급금미지급형V2),특약,(무)수술보장특약Ⅲ,피보험자가 보험기간 중 보장개시일 이후에 질병 또는 재해로 인하여 그 치료를 직접 목적으로 별표3(1~5종 수술분류표)에서 정한 수술을 받았을 때(수술 1회당),"1종 : 20만원 2종 : 50만원 3종 : 100만원 4종 : 500만원 5종 : 1,000만원","1,000만원",12400  원,"12,300  원",2.75 %,-,-,95.8 %,98.1 %,-,-,-,-,보험기간(1년 초과),무해지/저해지환급,비갱신형,비유니버셜,대면채널,2026-02-08,"1. 가입나이 : 0세 ~ 30세(단, 성별, 보험기간, 납입기간별 차등적용) 2. 보험기간 : 90세만기, 100세만기 3. 보험료 예시 및 보험가격지수 산출기준 : 1종(해약환급금 미지급형V2), 1형(재해장해보장형), 가입금액 3,000만원, 5세, 100세만기, 20년납, 월납",1588-2288,,,,
주계약,재해장해보험금 (월납),특약,(무)암진단특약Ⅲ(해약환급금 미지급형V2),피보험자가 암보장개시일 이후에 암으로 진단 확 정되었을 때,가입금액의 100%,"1,000만원","6,970 원","5,170 원",2.75 %,비갱신형,대면채널,2026-02-08,"1. 가입나이 : 0세 ~ 30세(단, 성별, 보험기간, 납입기간별 차등적용) 2. 보험기간 : 90세만기, 100세만기 3. 보험료 예시 및 보험가격지수 산출기준 : 1종(해약환급금 미지급형V2), 1형(재해장해보장형), 가입금액 3,000만원, 5세, 100세만기, 20년납, 월납",1588-2288,보장성_상품비교_20260406102544980.xls,흥국생명,(무)흥국생명다재다능종합보험(해약환급금미지급형V2),특약,(무)암진단특약Ⅲ(해약환급금 미지급형V2),피보험자가 암보장개시일 이후에 암으로 진단 확 정되었을 때,가입금액의 100%,"1,000만원",6970  원,"5,170  원",2.75 %,-,-,95.8 %,98.1 %,-,-,-,-,보험기간(1년 초과),무해지/저해지환급,비갱신형,비유니버셜,대면채널,2026-02-08,"1. 가입나이 : 0세 ~ 30세(단, 성별, 보험기간, 납입기간별 차등적용) 2. 보험기간 : 90세만기, 100세만기 3. 보험료 예시 및 보험가격지수 산출기준 : 1종(해약환급금 미지급형V2), 1형(재해장해보장형), 가입금액 3,000만원, 5세, 100세만기, 20년납, 월납",1588-2288,,,,
흥국생명,(무)처음만난흥국생명상해보험 (월납),주계약,"뺑소니,무보험차 교통재해 장해급여금","피보험자가 보험기간 중 보장개시일 이후에 제3조(“뺑소니,무보험차 교통재해”의 정의)에서 정한 뺑소니 ？ 무보험차에 의한 교통재해로 인하여 장해분류표에서 정한 장해지급률에 해당하는 장해상태가 되었을 때","남자 1,000만원 × 해당 장해지급률 / 여자 2,000만원 × 해당 장해지급률",10만원,"3,000 원","3,000 원",2.75 %,비갱신형,대면채널,2026-02-08,"1. 가입나이 : 자녀형(0세~20세), 레저형 및 성인형(만15세~65세) 2. 보험기간 : 1년 3. 보험료 예시기준 : 1형(자녀형), 가입금액 1구좌(10만원), 1년만기, 일시납, 5세",1588-2288,보장성_상품비교_20260406102544980.xls,흥국생명,(무)처음만난흥국생명상해보험,주계약,"뺑소니,무보험차 교통재해 장해급여금","피보험자가 보험기간 중 보장개시일 이후에 제3조(“뺑소니,무보험차 교통재해”의 정의)에서 정한 뺑소니 ？ 무보험차에 의한 교통재해로 인하여 장해분류표에서 정한 장해지급률에 해당하는 장해상태가 되었을 때","남자 1,000만원 × 해당 장해지급률 / 여자 2,000만원 × 해당 장해지급률",10만원,3000  원,"3,000  원",2.75 %,-,-,121.0 %,70.4 %,-,-,-,-,보험기간(1년 이하),순수보장,비갱신형,비유니버셜,대면채널,2026-02-08,"1. 가입나이 : 자녀형(0세~20세), 레저형 및 성인형(만15세~65세) 2. 보험기간 : 1년 3. 보험료 예시기준 : 1형(자녀형), 가입금액 1구좌(10만원), 1년만기, 일시납, 5세",1588-2288,,,,
흥국생명,(무)처음만난흥국생명상해보험 (월납),주계약,일반재해 장해급여금,"피보험자가 보험기간 중 보장개시일 이후에 발생한 뺑소니,무보험차에 의한 교통재해 이외의 재해로 인하여 장해분류표에서 정한 장해지급률에 해당하는 장해상태가 되었을 때",남자 300만원 × 해당 장해지급률 / 여자 600만원 × 해당 장해지급률,10만원,"3,000 원","3,000 원",2.75 %,비갱신형,대면채널,2026-02-08,"1. 가입나이 : 자녀형(0세~20세), 레저형 및 성인형(만15세~65세) 2. 보험기간 : 1년 3. 보험료 예시기준 : 1형(자녀형), 가입금액 1구좌(10만원), 1년만기, 일시납, 5세",1588-2288,보장성_상품비교_20260406102544980.xls,흥국생명,(무)처음만난흥국생명상해보험,주계약,일반재해 장해급여금,"피보험자가 보험기간 중 보장개시일 이후에 발생한 뺑소니,무보험차에 의한 교통재해 이외의 재해로 인하여 장해분류표에서 정한 장해지급률에 해당하는 장해상태가 되었을 때",남자 300만원 × 해당 장해지급률 / 여자 600만원 × 해당 장해지급률,10만원,3000  원,"3,000  원",2.75 %,-,-,121.0 %,70.4 %,-,-,-,-,보험기간(1년 이하),순수보장,비갱신형,비유니버셜,대면채널,2026-02-08,"1. 가입나이 : 자녀형(0세~20세), 레저형 및 성인형(만15세~65세) 2. 보험기간 : 1년 3. 보험료 예시기준 : 1형(자녀형), 가입금액 1구좌(10만원), 1년만기, 일시납, 5세",1588-2288,,,,
흥국생명,(무)처음만난흥국생명상해보험 (월납),주계약,재해골절 (치아파절 제외) 수술비,피보험자가 보험기간 중 보장개시일 이후에 재해로 인하여 제4조(“재해골절(치아파절 제외)”의 정의 및 진단확정)에서 정한 골절상태가 되어 그 치료를 직접적인 목적으로 수술을 받았을 때(수술 1회당),남자 10만원 / 여자 20만원,10만원,"3,000 원","3,000 원",2.75 %,비갱신형,대면채널,2026-02-08,"1. 가입나이 : 자녀형(0세~20세), 레저형 및 성인형(만15세~65세) 2. 보험기간 : 1년 3. 보험료 예시기준 : 1형(자녀형), 가입금액 1구좌(10만원), 1년만기, 일시납, 5세",1588-2288,보장성_상품비교_20260406102544980.xls,흥국생명,(무)처음만난흥국생명상해보험,주계약,재해골절 (치아파절 제외) 수술비,피보험자가 보험기간 중 보장개시일 이후에 재해로 인하여 제4조(“재해골절(치아파절 제외)”의 정의 및 진단확정)에서 정한 골절상태가 되어 그 치료를 직접적인 목적으로 수술을 받았을 때(수술 1회당),남자 10만원 / 여자 20만원,10만원,3000  원,"3,000  원",2.75 %,-,-,121.0 %,70.4 %,-,-,-,-,보험기간(1년 이하),순수보장,비갱신형,비유니버셜,대면채널,2026-02-08,"1. 가입나이 : 자녀형(0세~20세), 레저형 및 성인형(만15세~65세) 2. 보험기간 : 1년 3. 보험료 예시기준 : 1형(자녀형), 가입금액 1구좌(10만원), 1년만기, 일시납, 5세",1588-2288,,,,
흥국생명,(무)처음만난흥국생명상해보험 (월납),주계약,화상 및 부식 입원비,"피보험자가 보험기간 중 보장개시일 이후에 재해를 직접적인 원인으로 화상 및 부식 이 진단확정되고 그 화상 및 부식치료를 직접목적으로 하여 11일이상 계속입원 하였을 때(110일 한도, 10일초과 1일당)",남자 5만원 / 여자 10만원,10만원,"3,000 원","3,000 원",2.75 %,비갱신형,대면채널,2026-02-08,"1. 가입나이 : 자녀형(0세~20세), 레저형 및 성인형(만15세~65세) 2. 보험기간 : 1년 3. 보험료 예시기준 : 1형(자녀형), 가입금액 1구좌(10만원), 1년만기, 일시납, 5세",1588-2288,보장성_상품비교_20260406102544980.xls,흥국생명,(무)처음만난흥국생명상해보험,주계약,화상 및 부식 입원비,"피보험자가 보험기간 중 보장개시일 이후에 재해를 직접적인 원인으로 화상 및 부식 이 진단확정되고 그 화상 및 부식치료를 직접목적으로 하여 11일이상 계속입원 하였을 때(110일 한도, 10일초과 1일당)",남자 5만원 / 여자 10만원,10만원,3000  원,"3,000  원",2.75 %,-,-,121.0 %,70.4 %,-,-,-,-,보험기간(1년 이하),순수보장,비갱신형,비유니버셜,대면채널,2026-02-08,"1. 가입나이 : 자녀형(0세~20세), 레저형 및 성인형(만15세~65세) 2. 보험기간 : 1년 3. 보험료 예시기준 : 1형(자녀형), 가입금액 1구좌(10만원), 1년만기, 일시납, 5세",1588-2288,,,,
흥국생명,(무)흥국생명 다사랑통합상해보험(갱신형) (월납),주계약,경증 재해사고급여금,피보험자가 보험기간 중 보장개시일 이후에 재해를 원인으 로 약관 별표2(재해사고분류표)에서 정한 경증재해사고가 발생하였을 경우 (부위별로 연간 1회한),보험가입금액의 10%,"3,000만원","511,200 원","482,100 원",2.75 %,갱신형,대면채널  TM,2026-02-08,"""1. 가입나이 : 만15세 ~ 80세(단 성별, 보험기간, 납입기간별 차등적용) 2. 보험기간 : 20년(단, 갱신계약의 경우 1~20년) , 30년(단, 갱신계약의 경우 1~30년) 3. 보험료 예시기준 : 가입금액 3,000만원, 20년만기, 전기납, 월납, 40세 (단, 자사 최대 가입한도는 10만원임)",1588-2288,보장성_상품비교_20260406102544980.xls,흥국생명,(무)흥국생명 다사랑통합상해보험(갱신형),주계약,경증 재해사고급여금,피보험자가 보험기간 중 보장개시일 이후에 재해를 원인으 로 약관 별표2(재해사고분류표)에서 정한 경증재해사고가 발생하였을 경우 (부위별로 연간 1회한),보험가입금액의 10%,"3,000만원",511200  원,"482,100  원",2.75 %,-,-,124.3 %,114.7 %,-,-,-,-,보험기간(1년 초과),순수보장,갱신형,비유니버셜,대면채널  TM,2026-02-08,"""1. 가입나이 : 만15세 ~ 80세(단 성별, 보험기간, 납입기간별 차등적용) 2. 보험기간 : 20년(단, 갱신계약의 경우 1~20년) , 30년(단, 갱신계약의 경우 1~30년) 3. 보험료 예시기준 : 가입금액 3,000만원, 20년만기, 전기납, 월납, 40세 (단, 자사 최대 가입한도는 10만원임)",1588-2288,,,,
흥국생명,(무)흥국생명 다사랑통합상해보험(갱신형) (월납),주계약,중등증 재해사고급여금,피보험자가 보험기간 중 보장개시일 이후에 재해를 원인으 로 약관 별표2(재해사고분류표)에서 정한 중등증재해사고가 발생하였을 경우 (부위별로 연간 1회한),보험가입금액의 50%,"3,000만원","511,200 원","482,100 원",2.75 %,갱신형,대면채널  TM,2026-02-08,"""1. 가입나이 : 만15세 ~ 80세(단 성별, 보험기간, 납입기간별 차등적용) 2. 보험기간 : 20년(단, 갱신계약의 경우 1~20년) , 30년(단, 갱신계약의 경우 1~30년) 3. 보험료 예시기준 : 가입금액 3,000만원, 20년만기, 전기납, 월납, 40세 (단, 자사 최대 가입한도는 10만원임)",1588-2288,보장성_상품비교_20260406102544980.xls,흥국생명,(무)흥국생명 다사랑통합상해보험(갱신형),주계약,중등증 재해사고급여금,피보험자가 보험기간 중 보장개시일 이후에 재해를 원인으 로 약관 별표2(재해사고분류표)에서 정한 중등증재해사고가 발생하였을 경우 (부위별로 연간 1회한),보험가입금액의 50%,"3,000만원",511200  원,"482,100  원",2.75 %,-,-,124.3 %,114.7 %,-,-,-,-,보험기간(1년 초과),순수보장,갱신형,비유니버셜,대면채널  TM,2026-02-08,"""1. 가입나이 : 만15세 ~ 80세(단 성별, 보험기간, 납입기간별 차등적용) 2. 보험기간 : 20년(단, 갱신계약의 경우 1~20년) , 30년(단, 갱신계약의 경우 1~30년) 3. 보험료 예시기준 : 가입금액 3,000만원, 20년만기, 전기납, 월납, 40세 (단, 자사 최대 가입한도는 10만원임)",1588-2288,,,,
흥국생명,(무)흥국생명 다사랑통합상해보험(갱신형) (월납),주계약,중증 재해사고급여금,피보험자가 보험기간 중 보장개시일 이후에 재해를 원인으 로 약관 별표2(재해사고분류표)에서 정한 중증재해사고가 발생하였을 경우 (부위별로 연간 1회한),보험가입금액의 100%,"3,000만원","511,200 원","482,100 원",2.75 %,갱신형,대면채널  TM,2026-02-08,"""1. 가입나이 : 만15세 ~ 80세(단 성별, 보험기간, 납입기간별 차등적용) 2. 보험기간 : 20년(단, 갱신계약의 경우 1~20년) , 30년(단, 갱신계약의 경우 1~30년) 3. 보험료 예시기준 : 가입금액 3,000만원, 20년만기, 전기납, 월납, 40세 (단, 자사 최대 가입한도는 10만원임)",1588-2288,보장성_상품비교_20260406102544980.xls,흥국생명,(무)흥국생명 다사랑통합상해보험(갱신형),주계약,중증 재해사고급여금,피보험자가 보험기간 중 보장개시일 이후에 재해를 원인으 로 약관 별표2(재해사고분류표)에서 정한 중증재해사고가 발생하였을 경우 (부위별로 연간 1회한),보험가입금액의 100%,"3,000만원",511200  원,"482,100  원",2.75 %,-,-,124.3 %,114.7 %,-,-,-,-,보험기간(1년 초과),순수보장,갱신형,비유니버셜,대면채널  TM,2026-02-08,"""1. 가입나이 : 만15세 ~ 80세(단 성별, 보험기간, 납입기간별 차등적용) 2. 보험기간 : 20년(단, 갱신계약의 경우 1~20년) , 30년(단, 갱신계약의 경우 1~30년) 3. 보험료 예시기준 : 가입금액 3,000만원, 20년만기, 전기납, 월납, 40세 (단, 자사 최대 가입한도는 10만원임)",1588-2288,,,,
흥국생명,(무)흥국생명 다사랑통합상해보험(갱신형) (월납),특약,(무)OK신5대골절수술특약(갱신형),"피보험자가 보험기간 중 보장개시일 이후에 신5대골절로 진단확정 되고, 그 신5대골절의 치료를 직접적인 목적으로 수술을 받았을 때 (수술 1회당)",가입금액의 100%,100만원,70 원,60 원,2.75 %,갱신형,대면채널  TM,2026-02-08,"""1. 가입나이 : 만15세 ~ 80세(단 성별, 보험기간, 납입기간별 차등적용) 2. 보험기간 : 20년(단, 갱신계약의 경우 1~20년) , 30년(단, 갱신계약의 경우 1~30년) 3. 보험료 예시기준 : 가입금액 3,000만원, 20년만기, 전기납, 월납, 40세 (단, 자사 최대 가입한도는 10만원임)",1588-2288,보장성_상품비교_20260406102544980.xls,흥국생명,(무)흥국생명 다사랑통합상해보험(갱신형),특약,(무)OK신5대골절수술특약(갱신형),"피보험자가 보험기간 중 보장개시일 이후에 신5대골절로 진단확정 되고, 그 신5대골절의 치료를 직접적인 목적으로 수술을 받았을 때 (수술 1회당)",가입금액의 100%,100만원,70  원,60  원,2.75 %,-,-,124.3 %,114.7 %,-,-,-,-,보험기간(1년 초과),순수보장,갱신형,비유니버셜,대면채널  TM,2026-02-08,"""1. 가입나이 : 만15세 ~ 80세(단 성별, 보험기간, 납입기간별 차등적용) 2. 보험기간 : 20년(단, 갱신계약의 경우 1~20년) , 30년(단, 갱신계약의 경우 1~30년) 3. 보험료 예시기준 : 가입금액 3,000만원, 20년만기, 전기납, 월납, 40세 (단, 자사 최대 가입한도는 10만원임)",1588-2288,,,,
흥국생명,(무)흥국생명 다사랑통합상해보험(갱신형) (월납),특약,(무)OK재해수술보장특약(갱신형),피보험자가 보험기간 중 보장개시일 이후에 재해로 인하여 그 치료를 직접적인 목적으로 하여 수술을 받았을 때 (수술 1회당),가입금액의 100%,10만원,357 원,237 원,2.75 %,갱신형,대면채널  TM,2026-02-08,"""1. 가입나이 : 만15세 ~ 80세(단 성별, 보험기간, 납입기간별 차등적용) 2. 보험기간 : 20년(단, 갱신계약의 경우 1~20년) , 30년(단, 갱신계약의 경우 1~30년) 3. 보험료 예시기준 : 가입금액 3,000만원, 20년만기, 전기납, 월납, 40세 (단, 자사 최대 가입한도는 10만원임)",1588-2288,보장성_상품비교_20260406102544980.xls,흥국생명,(무)흥국생명 다사랑통합상해보험(갱신형),특약,(무)OK재해수술보장특약(갱신형),피보험자가 보험기간 중 보장개시일 이후에 재해로 인하여 그 치료를 직접적인 목적으로 하여 수술을 받았을 때 (수술 1회당),가입금액의 100%,10만원,357  원,237  원,2.75 %,-,-,124.3 %,114.7 %,-,-,-,-,보험기간(1년 초과),순수보장,갱신형,비유니버셜,대면채널  TM,2026-02-08,"""1. 가입나이 : 만15세 ~ 80세(단 성별, 보험기간, 납입기간별 차등적용) 2. 보험기간 : 20년(단, 갱신계약의 경우 1~20년) , 30년(단, 갱신계약의 경우 1~30년) 3. 보험료 예시기준 : 가입금액 3,000만원, 20년만기, 전기납, 월납, 40세 (단, 자사 최대 가입한도는 10만원임)",1588-2288,,,,
흥국생명,(무)흥국생명 다사랑통합상해보험(갱신형) (월납),특약,(무)OK통합상해진단비특약(중증)(갱신형),피보험자가 보험기간 중 보장개시일 이후에 재해를 원인으 로 약관 별표2(재해사고분류표)에서 정한 중증재해사고가 발생하였을 경우 (부위별로 연간 1회한),가입금액의 100%,100만원,670 원,330 원,2.75 %,갱신형,대면채널  TM,2026-02-08,"""1. 가입나이 : 만15세 ~ 80세(단 성별, 보험기간, 납입기간별 차등적용) 2. 보험기간 : 20년(단, 갱신계약의 경우 1~20년) , 30년(단, 갱신계약의 경우 1~30년) 3. 보험료 예시기준 : 가입금액 3,000만원, 20년만기, 전기납, 월납, 40세 (단, 자사 최대 가입한도는 10만원임)",1588-2288,보장성_상품비교_20260406102544980.xls,흥국생명,(무)흥국생명 다사랑통합상해보험(갱신형),특약,(무)OK통합상해진단비특약(중증)(갱신형),피보험자가 보험기간 중 보장개시일 이후에 재해를 원인으 로 약관 별표2(재해사고분류표)에서 정한 중증재해사고가 발생하였을 경우 (부위별로 연간 1회한),가입금액의 100%,100만원,670  원,330  원,2.75 %,-,-,124.3 %,114.7 %,-,-,-,-,보험기간(1년 초과),순수보장,갱신형,비유니버셜,대면채널  TM,2026-02-08,"""1. 가입나이 : 만15세 ~ 80세(단 성별, 보험기간, 납입기간별 차등적용) 2. 보험기간 : 20년(단, 갱신계약의 경우 1~20년) , 30년(단, 갱신계약의 경우 1~30년) 3. 보험료 예시기준 : 가입금액 3,000만원, 20년만기, 전기납, 월납, 40세 (단, 자사 최대 가입한도는 10만원임)",1588-2288,,,,
흥국생명,(무)흥국생명 다사랑통합상해보험(갱신형) (월납),특약,(무)OK탈구및염좌과긴장수술특약(갱신형),"피보험자가 보험기간 중 보장개시일 이후에 탈구, 관절 및 인접근육의 염좌 및 과긴장으로 진단확정되고, 그 치료를 직접적인 목적으로 수술을 받았을 때 (수술 1회당)",가입금액의 100%,100만원,520 원,380 원,2.75 %,갱신형,대면채널  TM,2026-02-08,"""1. 가입나이 : 만15세 ~ 80세(단 성별, 보험기간, 납입기간별 차등적용) 2. 보험기간 : 20년(단, 갱신계약의 경우 1~20년) , 30년(단, 갱신계약의 경우 1~30년) 3. 보험료 예시기준 : 가입금액 3,000만원, 20년만기, 전기납, 월납, 40세 (단, 자사 최대 가입한도는 10만원임)",1588-2288,보장성_상품비교_20260406102544980.xls,흥국생명,(무)흥국생명 다사랑통합상해보험(갱신형),특약,(무)OK탈구및염좌과긴장수술특약(갱신형),"피보험자가 보험기간 중 보장개시일 이후에 탈구, 관절 및 인접근육의 염좌 및 과긴장으로 진단확정되고, 그 치료를 직접적인 목적으로 수술을 받았을 때 (수술 1회당)",가입금액의 100%,100만원,520  원,380  원,2.75 %,-,-,124.3 %,114.7 %,-,-,-,-,보험기간(1년 초과),순수보장,갱신형,비유니버셜,대면채널  TM,2026-02-08,"""1. 가입나이 : 만15세 ~ 80세(단 성별, 보험기간, 납입기간별 차등적용) 2. 보험기간 : 20년(단, 갱신계약의 경우 1~20년) , 30년(단, 갱신계약의 경우 1~30년) 3. 보험료 예시기준 : 가입금액 3,000만원, 20년만기, 전기납, 월납, 40세 (단, 자사 최대 가입한도는 10만원임)",1588-2288,,,,
교보생명,교보e대중교통안심보험 (무배당) (월납),주계약,대중교통 재해사망보험금,"피보험자가 보험기간 중 ""대중교통 이용 중 교통재해""로 사망하였을 경우",보험가입금액의 100%,"1,000만원","5,250 원","3,580 원",2.00 %,비갱신형,CM,2026-01-01,"■필수기재사항 1. 가입나이 : 20세 ~ 60세 2. 보험기간 : 1년 3. 납입기간 : 일시납 ■선택기재사항 1. 보험료 예시기준 : 보험가입금액 1,000만원, 40세, 1년만기, 일시납",1588-1001,보장성_상품비교_20260406102544980.xls,교보생명,교보e대중교통안심보험 (무배당),주계약,대중교통 재해사망보험금,"피보험자가 보험기간 중 ""대중교통 이용 중 교통재해""로 사망하였을 경우",보험가입금액의 100%,"1,000만원",5250  원,"3,580  원",2.00 %,-,-,110.0 %,99.8 %,-,-,-,-,보험기간(1년 이하),순수보장,비갱신형,비유니버셜,CM,2026-01-01,"■필수기재사항 1. 가입나이 : 20세 ~ 60세 2. 보험기간 : 1년 3. 납입기간 : 일시납 ■선택기재사항 1. 보험료 예시기준 : 보험가입금액 1,000만원, 40세, 1년만기, 일시납",1588-1001,,,,
교보생명,교보e대중교통안심보험 (무배당) (월납),주계약,교통재해 장해급여금,"피보험자가 보험기간 중 ""교통재해""를 원인으로 장해분류표에서 정한 각 장해지급률 중 3%이상 100%이하에 해당하는 장해상태가 되었을 경우",보험가입금액 X 해당 장해지급률,"1,000만원","5,250 원","3,580 원",2.00 %,비갱신형,CM,2026-01-01,"■필수기재사항 1. 가입나이 : 20세 ~ 60세 2. 보험기간 : 1년 3. 납입기간 : 일시납 ■선택기재사항 1. 보험료 예시기준 : 보험가입금액 1,000만원, 40세, 1년만기, 일시납",1588-1001,보장성_상품비교_20260406102544980.xls,교보생명,교보e대중교통안심보험 (무배당),주계약,교통재해 장해급여금,"피보험자가 보험기간 중 ""교통재해""를 원인으로 장해분류표에서 정한 각 장해지급률 중 3%이상 100%이하에 해당하는 장해상태가 되었을 경우",보험가입금액 X 해당 장해지급률,"1,000만원",5250  원,"3,580  원",2.00 %,-,-,110.0 %,99.8 %,-,-,-,-,보험기간(1년 이하),순수보장,비갱신형,비유니버셜,CM,2026-01-01,"■필수기재사항 1. 가입나이 : 20세 ~ 60세 2. 보험기간 : 1년 3. 납입기간 : 일시납 ■선택기재사항 1. 보험료 예시기준 : 보험가입금액 1,000만원, 40세, 1년만기, 일시납",1588-1001,,,,
교보생명,교보e대중교통안심보험 (무배당) (월납),주계약,재해골절 진단보험금,"피보험자가 보험기간 중 재해로 인하여 재해골절[치아파절(깨짐, 부러짐) 제외]로 진단확정되었을 경우 [다만, 치아파절(깨짐, 부러짐) 제외, 연간 1회에 한하여 지급]",10만원,"1,000만원","5,250 원","3,580 원",2.00 %,비갱신형,CM,2026-01-01,"■필수기재사항 1. 가입나이 : 20세 ~ 60세 2. 보험기간 : 1년 3. 납입기간 : 일시납 ■선택기재사항 1. 보험료 예시기준 : 보험가입금액 1,000만원, 40세, 1년만기, 일시납",1588-1001,보장성_상품비교_20260406102544980.xls,교보생명,교보e대중교통안심보험 (무배당),주계약,재해골절 진단보험금,"피보험자가 보험기간 중 재해로 인하여 재해골절[치아파절(깨짐, 부러짐) 제외]로 진단확정되었을 경우 [다만, 치아파절(깨짐, 부러짐) 제외, 연간 1회에 한하여 지급]",10만원,"1,000만원",5250  원,"3,580  원",2.00 %,-,-,110.0 %,99.8 %,-,-,-,-,보험기간(1년 이하),순수보장,비갱신형,비유니버셜,CM,2026-01-01,"■필수기재사항 1. 가입나이 : 20세 ~ 60세 2. 보험기간 : 1년 3. 납입기간 : 일시납 ■선택기재사항 1. 보험료 예시기준 : 보험가입금액 1,000만원, 40세, 1년만기, 일시납",1588-1001,,,,
교보생명,교보e대중교통안심보험 (무배당) (월납),주계약,깁스치료보험금,피보험자가 보험기간 중 질병 또는 재해로 “깁스(Cast)치료”를 받았을 경우,깁스치료 1회당 10만원,"1,000만원","5,250 원","3,580 원",2.00 %,비갱신형,CM,2026-01-01,"■필수기재사항 1. 가입나이 : 20세 ~ 60세 2. 보험기간 : 1년 3. 납입기간 : 일시납 ■선택기재사항 1. 보험료 예시기준 : 보험가입금액 1,000만원, 40세, 1년만기, 일시납",1588-1001,보장성_상품비교_20260406102544980.xls,교보생명,교보e대중교통안심보험 (무배당),주계약,깁스치료보험금,피보험자가 보험기간 중 질병 또는 재해로 “깁스(Cast)치료”를 받았을 경우,깁스치료 1회당 10만원,"1,000만원",5250  원,"3,580  원",2.00 %,-,-,110.0 %,99.8 %,-,-,-,-,보험기간(1년 이하),순수보장,비갱신형,비유니버셜,CM,2026-01-01,"■필수기재사항 1. 가입나이 : 20세 ~ 60세 2. 보험기간 : 1년 3. 납입기간 : 일시납 ■선택기재사항 1. 보험료 예시기준 : 보험가입금액 1,000만원, 40세, 1년만기, 일시납",1588-1001,,,,
교보생명,교보e교통안심보험 (무배당) (월납),주계약,교통재해사망보험금,"피보험자가 보험기간 중 ""교통재해""로 사망하였을 경우",보험가입금액의 100%,"1,000만원","2,920 원","1,110 원",2.00 %,비갱신형,CM,2026-01-01,"■필수기재사항 1. 가입나이 : 20세 ~ 60세 2. 보험기간 : 1년 3. 납입기간 : 일시납 ■선택기재사항 1. 보험료 예시기준 : 보험가입금액 1,000만원, 40세, 1년만기, 일시납",1588-1001,보장성_상품비교_20260406102544980.xls,교보생명,교보e교통안심보험 (무배당),주계약,교통재해사망보험금,"피보험자가 보험기간 중 ""교통재해""로 사망하였을 경우",보험가입금액의 100%,"1,000만원",2920  원,"1,110  원",2.00 %,-,-,149.3 %,152.6 %,-,-,-,-,보험기간(1년 이하),순수보장,비갱신형,비유니버셜,CM,2026-01-01,"■필수기재사항 1. 가입나이 : 20세 ~ 60세 2. 보험기간 : 1년 3. 납입기간 : 일시납 ■선택기재사항 1. 보험료 예시기준 : 보험가입금액 1,000만원, 40세, 1년만기, 일시납",1588-1001,,,,
교보생명,교보e교통안심보험 (무배당) (월납),주계약,교통재해장해급여금,"피보험자가 보험기간 중 ""교통재해""를 원인으로 장해분류표에서 정한 각 장해지급률 중 3%이상 100%이하에 해당하는 장해상태가 되었을 경우",보험가입금액 X 해당 장해지급률,"1,000만원","2,920 원","1,110 원",2.00 %,비갱신형,CM,2026-01-01,"■필수기재사항 1. 가입나이 : 20세 ~ 60세 2. 보험기간 : 1년 3. 납입기간 : 일시납 ■선택기재사항 1. 보험료 예시기준 : 보험가입금액 1,000만원, 40세, 1년만기, 일시납",1588-1001,보장성_상품비교_20260406102544980.xls,교보생명,교보e교통안심보험 (무배당),주계약,교통재해장해급여금,"피보험자가 보험기간 중 ""교통재해""를 원인으로 장해분류표에서 정한 각 장해지급률 중 3%이상 100%이하에 해당하는 장해상태가 되었을 경우",보험가입금액 X 해당 장해지급률,"1,000만원",2920  원,"1,110  원",2.00 %,-,-,149.3 %,152.6 %,-,-,-,-,보험기간(1년 이하),순수보장,비갱신형,비유니버셜,CM,2026-01-01,"■필수기재사항 1. 가입나이 : 20세 ~ 60세 2. 보험기간 : 1년 3. 납입기간 : 일시납 ■선택기재사항 1. 보험료 예시기준 : 보험가입금액 1,000만원, 40세, 1년만기, 일시납",1588-1001,,,,
교보생명,교보e교통안심보험 (무배당) (월납),주계약,강력범죄 위로금,"피보험자가 보험기간 중 ""강력범죄""를 직접적인 원인으로 ""신체피해로 전치 1개월을 초과하는 상해""가 발생하였을 경우 (사고 1회당, 동일사고에 의한 경우 1회에 한함)",100만원,"1,000만원","2,920 원","1,110 원",2.00 %,비갱신형,CM,2026-01-01,"■필수기재사항 1. 가입나이 : 20세 ~ 60세 2. 보험기간 : 1년 3. 납입기간 : 일시납 ■선택기재사항 1. 보험료 예시기준 : 보험가입금액 1,000만원, 40세, 1년만기, 일시납",1588-1001,보장성_상품비교_20260406102544980.xls,교보생명,교보e교통안심보험 (무배당),주계약,강력범죄 위로금,"피보험자가 보험기간 중 ""강력범죄""를 직접적인 원인으로 ""신체피해로 전치 1개월을 초과하는 상해""가 발생하였을 경우 (사고 1회당, 동일사고에 의한 경우 1회에 한함)",100만원,"1,000만원",2920  원,"1,110  원",2.00 %,-,-,149.3 %,152.6 %,-,-,-,-,보험기간(1년 이하),순수보장,비갱신형,비유니버셜,CM,2026-01-01,"■필수기재사항 1. 가입나이 : 20세 ~ 60세 2. 보험기간 : 1년 3. 납입기간 : 일시납 ■선택기재사항 1. 보험료 예시기준 : 보험가입금액 1,000만원, 40세, 1년만기, 일시납",1588-1001,,,,
교보생명,교보상해케어보험 23.11 (무배당) (월납),주계약,강력범죄위로금,피보험자가 보험기간 중 “강력범죄”를 직접적인 원인으로 “신체피해로 전치 1개월을 초과하는 상해”가 발생하였을 경우 (동일사고에 의한 경우 1회에 한함),300만원(사고 1회당),"1,000만원","1,100 원",710 원,2.00 %,비갱신형,대면채널,2026-01-01,"■필수기재사항 1. 가입나이 : 20 ~ 60세 2. 보험기간 : 1년 3. 납입기간 : 전기납 ■선택기재사항 1. 보험료 예시기준 : 보험가입금액 1,000만원, 40세, 1년만기, 전기납, 월납",1588-1001,보장성_상품비교_20260406102544980.xls,교보생명,교보상해케어보험 23.11 (무배당),주계약,강력범죄위로금,피보험자가 보험기간 중 “강력범죄”를 직접적인 원인으로 “신체피해로 전치 1개월을 초과하는 상해”가 발생하였을 경우 (동일사고에 의한 경우 1회에 한함),300만원(사고 1회당),"1,000만원",1100  원,710  원,2.00 %,-,-,92.5 %,85.6 %,-,-,-,-,보험기간(1년 이하),순수보장,비갱신형,비유니버셜,대면채널,2026-01-01,"■필수기재사항 1. 가입나이 : 20 ~ 60세 2. 보험기간 : 1년 3. 납입기간 : 전기납 ■선택기재사항 1. 보험료 예시기준 : 보험가입금액 1,000만원, 40세, 1년만기, 전기납, 월납",1588-1001,,,,
교보생명,교보상해케어보험 23.11 (무배당) (월납),주계약,깁스치료비,피보험자가 보험기간 중 질병 또는 재해로 “깁스(Cast)치료”를 받았을 경우,10만원(깁스치료 1회당),"1,000만원","1,100 원",710 원,2.00 %,비갱신형,대면채널,2026-01-01,"■필수기재사항 1. 가입나이 : 20 ~ 60세 2. 보험기간 : 1년 3. 납입기간 : 전기납 ■선택기재사항 1. 보험료 예시기준 : 보험가입금액 1,000만원, 40세, 1년만기, 전기납, 월납",1588-1001,보장성_상품비교_20260406102544980.xls,교보생명,교보상해케어보험 23.11 (무배당),주계약,깁스치료비,피보험자가 보험기간 중 질병 또는 재해로 “깁스(Cast)치료”를 받았을 경우,10만원(깁스치료 1회당),"1,000만원",1100  원,710  원,2.00 %,-,-,92.5 %,85.6 %,-,-,-,-,보험기간(1년 이하),순수보장,비갱신형,비유니버셜,대면채널,2026-01-01,"■필수기재사항 1. 가입나이 : 20 ~ 60세 2. 보험기간 : 1년 3. 납입기간 : 전기납 ■선택기재사항 1. 보험료 예시기준 : 보험가입금액 1,000만원, 40세, 1년만기, 전기납, 월납",1588-1001,,,,
교보생명,교보상해케어보험 23.11 (무배당) (월납),주계약,재해골절치료비,"피보험자가 보험기간 중 재해로 인하여 재해골절[치아파절(깨짐, 부러짐) 제외]로 진단확정되었을 경우 [다만, 치아파절(깨짐, 부러짐) 제외, 연간 1회에 한하여 지급]",10만원(골절발생 1회당),"1,000만원","1,100 원",710 원,2.00 %,비갱신형,대면채널,2026-01-01,"■필수기재사항 1. 가입나이 : 20 ~ 60세 2. 보험기간 : 1년 3. 납입기간 : 전기납 ■선택기재사항 1. 보험료 예시기준 : 보험가입금액 1,000만원, 40세, 1년만기, 전기납, 월납",1588-1001,보장성_상품비교_20260406102544980.xls,교보생명,교보상해케어보험 23.11 (무배당),주계약,재해골절치료비,"피보험자가 보험기간 중 재해로 인하여 재해골절[치아파절(깨짐, 부러짐) 제외]로 진단확정되었을 경우 [다만, 치아파절(깨짐, 부러짐) 제외, 연간 1회에 한하여 지급]",10만원(골절발생 1회당),"1,000만원",1100  원,710  원,2.00 %,-,-,92.5 %,85.6 %,-,-,-,-,보험기간(1년 이하),순수보장,비갱신형,비유니버셜,대면채널,2026-01-01,"■필수기재사항 1. 가입나이 : 20 ~ 60세 2. 보험기간 : 1년 3. 납입기간 : 전기납 ■선택기재사항 1. 보험료 예시기준 : 보험가입금액 1,000만원, 40세, 1년만기, 전기납, 월납",1588-1001,,,,
교보생명,교보상해케어보험 23.11 (무배당) (월납),주계약,응급실내원비,"피보험자가 보험기간 중 “응급환자”로 응급실에 내원하여 진료를 받았을 경우(다만, 1일 1회에 한함)",1만원(내원 1회당),"1,000만원","1,100 원",710 원,2.00 %,비갱신형,대면채널,2026-01-01,"■필수기재사항 1. 가입나이 : 20 ~ 60세 2. 보험기간 : 1년 3. 납입기간 : 전기납 ■선택기재사항 1. 보험료 예시기준 : 보험가입금액 1,000만원, 40세, 1년만기, 전기납, 월납",1588-1001,보장성_상품비교_20260406102544980.xls,교보생명,교보상해케어보험 23.11 (무배당),주계약,응급실내원비,"피보험자가 보험기간 중 “응급환자”로 응급실에 내원하여 진료를 받았을 경우(다만, 1일 1회에 한함)",1만원(내원 1회당),"1,000만원",1100  원,710  원,2.00 %,-,-,92.5 %,85.6 %,-,-,-,-,보험기간(1년 이하),순수보장,비갱신형,비유니버셜,대면채널,2026-01-01,"■필수기재사항 1. 가입나이 : 20 ~ 60세 2. 보험기간 : 1년 3. 납입기간 : 전기납 ■선택기재사항 1. 보험료 예시기준 : 보험가입금액 1,000만원, 40세, 1년만기, 전기납, 월납",1588-1001,,,,
교보생명,교보상해케어보험 23.11 (무배당) (월납),주계약,재해입원비,피보험자가 보험기간 중 재해로 인한 직접적인 치료를 목적으로 1일 이상 입원하였을 경우,입원일수 1일당 1만원(1회 입원당지급일수 120일 한도),"1,000만원","1,100 원",710 원,2.00 %,비갱신형,대면채널,2026-01-01,"■필수기재사항 1. 가입나이 : 20 ~ 60세 2. 보험기간 : 1년 3. 납입기간 : 전기납 ■선택기재사항 1. 보험료 예시기준 : 보험가입금액 1,000만원, 40세, 1년만기, 전기납, 월납",1588-1001,보장성_상품비교_20260406102544980.xls,교보생명,교보상해케어보험 23.11 (무배당),주계약,재해입원비,피보험자가 보험기간 중 재해로 인한 직접적인 치료를 목적으로 1일 이상 입원하였을 경우,입원일수 1일당 1만원(1회 입원당지급일수 120일 한도),"1,000만원",1100  원,710  원,2.00 %,-,-,92.5 %,85.6 %,-,-,-,-,보험기간(1년 이하),순수보장,비갱신형,비유니버셜,대면채널,2026-01-01,"■필수기재사항 1. 가입나이 : 20 ~ 60세 2. 보험기간 : 1년 3. 납입기간 : 전기납 ■선택기재사항 1. 보험료 예시기준 : 보험가입금액 1,000만원, 40세, 1년만기, 전기납, 월납",1588-1001,,,,
교보생명,교보상해케어보험 23.11 (무배당) (월납),주계약,재해수술비,피보험자가 보험기간 중 재해를 직접적인 원인으로 수술을 받았을 경우,10만원(수술 1회당),"1,000만원","1,100 원",710 원,2.00 %,비갱신형,대면채널,2026-01-01,"■필수기재사항 1. 가입나이 : 20 ~ 60세 2. 보험기간 : 1년 3. 납입기간 : 전기납 ■선택기재사항 1. 보험료 예시기준 : 보험가입금액 1,000만원, 40세, 1년만기, 전기납, 월납",1588-1001,보장성_상품비교_20260406102544980.xls,교보생명,교보상해케어보험 23.11 (무배당),주계약,재해수술비,피보험자가 보험기간 중 재해를 직접적인 원인으로 수술을 받았을 경우,10만원(수술 1회당),"1,000만원",1100  원,710  원,2.00 %,-,-,92.5 %,85.6 %,-,-,-,-,보험기간(1년 이하),순수보장,비갱신형,비유니버셜,대면채널,2026-01-01,"■필수기재사항 1. 가입나이 : 20 ~ 60세 2. 보험기간 : 1년 3. 납입기간 : 전기납 ■선택기재사항 1. 보험료 예시기준 : 보험가입금액 1,000만원, 40세, 1년만기, 전기납, 월납",1588-1001,,,,
교보생명,교보상해케어보험 23.11 (무배당) (월납),주계약,특정외모상해수술비,"피보험자가 보험기간 중 “특정외모상해”로 진단확정되고, “특정외모상해”의 직접적인 치료를 목적으로 수술을 받았을 경우 ※ 다만, 연간 1회에 한함",30만원 (수술 1회당),"1,000만원","1,100 원",710 원,2.00 %,비갱신형,대면채널,2026-01-01,"■필수기재사항 1. 가입나이 : 20 ~ 60세 2. 보험기간 : 1년 3. 납입기간 : 전기납 ■선택기재사항 1. 보험료 예시기준 : 보험가입금액 1,000만원, 40세, 1년만기, 전기납, 월납",1588-1001,보장성_상품비교_20260406102544980.xls,교보생명,교보상해케어보험 23.11 (무배당),주계약,특정외모상해수술비,"피보험자가 보험기간 중 “특정외모상해”로 진단확정되고, “특정외모상해”의 직접적인 치료를 목적으로 수술을 받았을 경우 ※ 다만, 연간 1회에 한함",30만원 (수술 1회당),"1,000만원",1100  원,710  원,2.00 %,-,-,92.5 %,85.6 %,-,-,-,-,보험기간(1년 이하),순수보장,비갱신형,비유니버셜,대면채널,2026-01-01,"■필수기재사항 1. 가입나이 : 20 ~ 60세 2. 보험기간 : 1년 3. 납입기간 : 전기납 ■선택기재사항 1. 보험료 예시기준 : 보험가입금액 1,000만원, 40세, 1년만기, 전기납, 월납",1588-1001,,,,
교보생명,교보상해보험 [D](무배당)[만기환급형(100%)] (월납),주계약,재해사망보험금,피보험자가 보험기간 중 발생한 재해로 사망하였을 경우,보험가입금액의 500%,"1,000만원","152,496 원","82,530 원",2.00 %,비갱신형,TM,2025-03-26,"■필수기재사항 1. 가입나이 : 19 ~ 60세 2. 보험기간 : 20년 3. 보험료 예시기준 : 만기환급형(100%), 보험가입금액 1,000만원, 40세, 20년만기, 20년납, 월납, 비위험직 ■선택기재사항 1. 납입기간 : 5년, 10년, 15년, 20년 2. 납입방법 : 월납 / 연납",1588-1001,보장성_상품비교_20260406102544980.xls,교보생명,교보상해보험 [D](무배당)[만기환급형(100%)],주계약,재해사망보험금,피보험자가 보험기간 중 발생한 재해로 사망하였을 경우,보험가입금액의 500%,"1,000만원",152496  원,"82,530  원",2.00 %,-,-,1028.2 %,991.8 %,-,-,-,-,보험기간(1년 초과),만기환급,비갱신형,비유니버셜,TM,2025-03-26,"■필수기재사항 1. 가입나이 : 19 ~ 60세 2. 보험기간 : 20년 3. 보험료 예시기준 : 만기환급형(100%), 보험가입금액 1,000만원, 40세, 20년만기, 20년납, 월납, 비위험직 ■선택기재사항 1. 납입기간 : 5년, 10년, 15년, 20년 2. 납입방법 : 월납 / 연납",1588-1001,,,,
교보생명,교보상해보험 [D](무배당)[만기환급형(100%)] (월납),주계약,만기환급금,만기환급형의 경우 보험기간이 끝날 때까지 피보험자가 살아 있을 경우,이미 납입한 주계약 보험료의 100%,"1,000만원","152,496 원","82,530 원",2.00 %,비갱신형,TM,2025-03-26,"■필수기재사항 1. 가입나이 : 19 ~ 60세 2. 보험기간 : 20년 3. 보험료 예시기준 : 만기환급형(100%), 보험가입금액 1,000만원, 40세, 20년만기, 20년납, 월납, 비위험직 ■선택기재사항 1. 납입기간 : 5년, 10년, 15년, 20년 2. 납입방법 : 월납 / 연납",1588-1001,보장성_상품비교_20260406102544980.xls,교보생명,교보상해보험 [D](무배당)[만기환급형(100%)],주계약,만기환급금,만기환급형의 경우 보험기간이 끝날 때까지 피보험자가 살아 있을 경우,이미 납입한 주계약 보험료의 100%,"1,000만원",152496  원,"82,530  원",2.00 %,-,-,1028.2 %,991.8 %,-,-,-,-,보험기간(1년 초과),만기환급,비갱신형,비유니버셜,TM,2025-03-26,"■필수기재사항 1. 가입나이 : 19 ~ 60세 2. 보험기간 : 20년 3. 보험료 예시기준 : 만기환급형(100%), 보험가입금액 1,000만원, 40세, 20년만기, 20년납, 월납, 비위험직 ■선택기재사항 1. 납입기간 : 5년, 10년, 15년, 20년 2. 납입방법 : 월납 / 연납",1588-1001,,,,
교보생명,교보상해보험 [D](무배당)[만기환급형(100%)] (월납),특약,(무)교보재해수술특약,피보험자가 이 특약의 보험기간 중 재해를 직접 적인 원인으로 수술을 받았을 경우,수술1회당 10만원,"1,000만원",190 원,130 원,2.00 %,비갱신형,TM,2025-03-26,"■필수기재사항 1. 가입나이 : 19 ~ 60세 2. 보험기간 : 20년 3. 보험료 예시기준 : 만기환급형(100%), 보험가입금액 1,000만원, 40세, 20년만기, 20년납, 월납, 비위험직 ■선택기재사항 1. 납입기간 : 5년, 10년, 15년, 20년 2. 납입방법 : 월납 / 연납",1588-1001,보장성_상품비교_20260406102544980.xls,교보생명,교보상해보험 [D](무배당)[만기환급형(100%)],특약,(무)교보재해수술특약,피보험자가 이 특약의 보험기간 중 재해를 직접 적인 원인으로 수술을 받았을 경우,수술1회당 10만원,"1,000만원",190  원,130  원,2.00 %,-,-,1028.2 %,991.8 %,-,-,-,-,보험기간(1년 초과),만기환급,비갱신형,비유니버셜,TM,2025-03-26,"■필수기재사항 1. 가입나이 : 19 ~ 60세 2. 보험기간 : 20년 3. 보험료 예시기준 : 만기환급형(100%), 보험가입금액 1,000만원, 40세, 20년만기, 20년납, 월납, 비위험직 ■선택기재사항 1. 납입기간 : 5년, 10년, 15년, 20년 2. 납입방법 : 월납 / 연납",1588-1001,,,,
교보생명,교보상해보험 [D](무배당)[만기환급형(100%)] (월납),특약,(무)재해상해특약(1형),피보험자가 이 특약의 보험기간 중 발생한 재해로 약관 장해분류표에서 정한 각 장해지급률에 해당하 는 장해상태가 되었을 경우,특약보험가입금액의 100% ×해당 장해지급률,"1,000만원",480 원,270 원,2.00 %,비갱신형,TM,2025-03-26,"■필수기재사항 1. 가입나이 : 19 ~ 60세 2. 보험기간 : 20년 3. 보험료 예시기준 : 만기환급형(100%), 보험가입금액 1,000만원, 40세, 20년만기, 20년납, 월납, 비위험직 ■선택기재사항 1. 납입기간 : 5년, 10년, 15년, 20년 2. 납입방법 : 월납 / 연납",1588-1001,보장성_상품비교_20260406102544980.xls,교보생명,교보상해보험 [D](무배당)[만기환급형(100%)],특약,(무)재해상해특약(1형),피보험자가 이 특약의 보험기간 중 발생한 재해로 약관 장해분류표에서 정한 각 장해지급률에 해당하 는 장해상태가 되었을 경우,특약보험가입금액의 100% ×해당 장해지급률,"1,000만원",480  원,270  원,2.00 %,-,-,1028.2 %,991.8 %,-,-,-,-,보험기간(1년 초과),만기환급,비갱신형,비유니버셜,TM,2025-03-26,"■필수기재사항 1. 가입나이 : 19 ~ 60세 2. 보험기간 : 20년 3. 보험료 예시기준 : 만기환급형(100%), 보험가입금액 1,000만원, 40세, 20년만기, 20년납, 월납, 비위험직 ■선택기재사항 1. 납입기간 : 5년, 10년, 15년, 20년 2. 납입방법 : 월납 / 연납",1588-1001,,,,
교보생명,교보상해보험 [D](무배당)[만기환급형(100%)] (월납),특약,(무)재해입원특약Ⅱ,피보험자가 이 특약의 보험기간 중 재해로 인한 직접적인 치료를 목적으로 1일 이상 입원하였을 때,입원일수 1일당 1만원 (1회 입원당 지급일수 120일 한도),"1,000만원",650 원,610 원,2.00 %,비갱신형,TM,2025-03-26,"■필수기재사항 1. 가입나이 : 19 ~ 60세 2. 보험기간 : 20년 3. 보험료 예시기준 : 만기환급형(100%), 보험가입금액 1,000만원, 40세, 20년만기, 20년납, 월납, 비위험직 ■선택기재사항 1. 납입기간 : 5년, 10년, 15년, 20년 2. 납입방법 : 월납 / 연납",1588-1001,보장성_상품비교_20260406102544980.xls,교보생명,교보상해보험 [D](무배당)[만기환급형(100%)],특약,(무)재해입원특약Ⅱ,피보험자가 이 특약의 보험기간 중 재해로 인한 직접적인 치료를 목적으로 1일 이상 입원하였을 때,입원일수 1일당 1만원 (1회 입원당 지급일수 120일 한도),"1,000만원",650  원,610  원,2.00 %,-,-,1028.2 %,991.8 %,-,-,-,-,보험기간(1년 초과),만기환급,비갱신형,비유니버셜,TM,2025-03-26,"■필수기재사항 1. 가입나이 : 19 ~ 60세 2. 보험기간 : 20년 3. 보험료 예시기준 : 만기환급형(100%), 보험가입금액 1,000만원, 40세, 20년만기, 20년납, 월납, 비위험직 ■선택기재사항 1. 납입기간 : 5년, 10년, 15년, 20년 2. 납입방법 : 월납 / 연납",1588-1001,,,,
교보생명,교보상해보험 [D](무배당)[만기환급형(100%)] (월납),특약,(무)교보깁스치료(부목제외)특약,피보험자가 이 특약의 보험기간 중 질병 또는 재해로 “깁스(Cast)치료”를 받았을 경우(발생 1회당),깁스치료 1회당 10만원,"1,000만원",70 원,100 원,2.00 %,비갱신형,TM,2025-03-26,"■필수기재사항 1. 가입나이 : 19 ~ 60세 2. 보험기간 : 20년 3. 보험료 예시기준 : 만기환급형(100%), 보험가입금액 1,000만원, 40세, 20년만기, 20년납, 월납, 비위험직 ■선택기재사항 1. 납입기간 : 5년, 10년, 15년, 20년 2. 납입방법 : 월납 / 연납",1588-1001,보장성_상품비교_20260406102544980.xls,교보생명,교보상해보험 [D](무배당)[만기환급형(100%)],특약,(무)교보깁스치료(부목제외)특약,피보험자가 이 특약의 보험기간 중 질병 또는 재해로 “깁스(Cast)치료”를 받았을 경우(발생 1회당),깁스치료 1회당 10만원,"1,000만원",70  원,100  원,2.00 %,-,-,1028.2 %,991.8 %,-,-,-,-,보험기간(1년 초과),만기환급,비갱신형,비유니버셜,TM,2025-03-26,"■필수기재사항 1. 가입나이 : 19 ~ 60세 2. 보험기간 : 20년 3. 보험료 예시기준 : 만기환급형(100%), 보험가입금액 1,000만원, 40세, 20년만기, 20년납, 월납, 비위험직 ■선택기재사항 1. 납입기간 : 5년, 10년, 15년, 20년 2. 납입방법 : 월납 / 연납",1588-1001,,,,
교보생명,교보상해보험 [D](무배당)[순수보장형] (월납),주계약,재해사망보험금,피보험자가 보험기간 중 발생한 재해로 사망하였을 경우,보험가입금액의 500%,"1,000만원","1,544 원",532 원,2.00 %,비갱신형,TM,2025-03-26,"■필수기재사항 1. 가입나이 : 19 ~ 60세 2. 보험기간 : 20년 3. 보험료 예시기준 : 순수보장형, 보험가입금액 1,000만원, 40세, 20년만기, 20년납, 월납, 비위험직 ■선택기재사항 1. 납입기간 : 5년, 10년, 15년, 20년 2. 납입방법 : 월납 / 연납",1588-1001,보장성_상품비교_20260406102544980.xls,교보생명,교보상해보험 [D](무배당)[순수보장형],주계약,재해사망보험금,피보험자가 보험기간 중 발생한 재해로 사망하였을 경우,보험가입금액의 500%,"1,000만원",1544  원,532  원,2.00 %,-,-,159.7 %,165.3 %,-,-,-,-,보험기간(1년 초과),순수보장,비갱신형,비유니버셜,TM,2025-03-26,"■필수기재사항 1. 가입나이 : 19 ~ 60세 2. 보험기간 : 20년 3. 보험료 예시기준 : 순수보장형, 보험가입금액 1,000만원, 40세, 20년만기, 20년납, 월납, 비위험직 ■선택기재사항 1. 납입기간 : 5년, 10년, 15년, 20년 2. 납입방법 : 월납 / 연납",1588-1001,,,,
교보생명,교보상해보험 [D](무배당)[순수보장형] (월납),특약,(무)교보재해수술특약,피보험자가 이 특약의 보험기간 중 재해를 직접적인 원인으로 수술을 받았을 경우,수술1회당 10만원,"1,000만원",190 원,130 원,2.00 %,비갱신형,TM,2025-03-26,"■필수기재사항 1. 가입나이 : 19 ~ 60세 2. 보험기간 : 20년 3. 보험료 예시기준 : 순수보장형, 보험가입금액 1,000만원, 40세, 20년만기, 20년납, 월납, 비위험직 ■선택기재사항 1. 납입기간 : 5년, 10년, 15년, 20년 2. 납입방법 : 월납 / 연납",1588-1001,보장성_상품비교_20260406102544980.xls,교보생명,교보상해보험 [D](무배당)[순수보장형],특약,(무)교보재해수술특약,피보험자가 이 특약의 보험기간 중 재해를 직접적인 원인으로 수술을 받았을 경우,수술1회당 10만원,"1,000만원",190  원,130  원,2.00 %,-,-,159.7 %,165.3 %,-,-,-,-,보험기간(1년 초과),순수보장,비갱신형,비유니버셜,TM,2025-03-26,"■필수기재사항 1. 가입나이 : 19 ~ 60세 2. 보험기간 : 20년 3. 보험료 예시기준 : 순수보장형, 보험가입금액 1,000만원, 40세, 20년만기, 20년납, 월납, 비위험직 ■선택기재사항 1. 납입기간 : 5년, 10년, 15년, 20년 2. 납입방법 : 월납 / 연납",1588-1001,,,,
교보생명,교보상해보험 [D](무배당)[순수보장형] (월납),특약,(무)재해상해특약(1형),피보험자가 이 특약의 보험기간 중 발생한 재해로 약관 장해분류표에서 정한 각 장해지급률에 해당하는 장해상태가 되었을 경우,특약보험가입금액의100%×해당 장해지급률,"1,000만원",480 원,270 원,2.00 %,비갱신형,TM,2025-03-26,"■필수기재사항 1. 가입나이 : 19 ~ 60세 2. 보험기간 : 20년 3. 보험료 예시기준 : 순수보장형, 보험가입금액 1,000만원, 40세, 20년만기, 20년납, 월납, 비위험직 ■선택기재사항 1. 납입기간 : 5년, 10년, 15년, 20년 2. 납입방법 : 월납 / 연납",1588-1001,보장성_상품비교_20260406102544980.xls,교보생명,교보상해보험 [D](무배당)[순수보장형],특약,(무)재해상해특약(1형),피보험자가 이 특약의 보험기간 중 발생한 재해로 약관 장해분류표에서 정한 각 장해지급률에 해당하는 장해상태가 되었을 경우,특약보험가입금액의100%×해당 장해지급률,"1,000만원",480  원,270  원,2.00 %,-,-,159.7 %,165.3 %,-,-,-,-,보험기간(1년 초과),순수보장,비갱신형,비유니버셜,TM,2025-03-26,"■필수기재사항 1. 가입나이 : 19 ~ 60세 2. 보험기간 : 20년 3. 보험료 예시기준 : 순수보장형, 보험가입금액 1,000만원, 40세, 20년만기, 20년납, 월납, 비위험직 ■선택기재사항 1. 납입기간 : 5년, 10년, 15년, 20년 2. 납입방법 : 월납 / 연납",1588-1001,,,,
교보생명,교보상해보험 [D](무배당)[순수보장형] (월납),특약,(무)재해입원특약Ⅱ,피보험자가 이 특약의 보험기간 중 재해로 인한 직접적인 치료를 목적으로 1일 이상 입원하였을 때,입원일수 1일당 1만원 (1회 입원당 지급일수 120일 한도),"1,000만원",650 원,610 원,2.00 %,비갱신형,TM,2025-03-26,"■필수기재사항 1. 가입나이 : 19 ~ 60세 2. 보험기간 : 20년 3. 보험료 예시기준 : 순수보장형, 보험가입금액 1,000만원, 40세, 20년만기, 20년납, 월납, 비위험직 ■선택기재사항 1. 납입기간 : 5년, 10년, 15년, 20년 2. 납입방법 : 월납 / 연납",1588-1001,보장성_상품비교_20260406102544980.xls,교보생명,교보상해보험 [D](무배당)[순수보장형],특약,(무)재해입원특약Ⅱ,피보험자가 이 특약의 보험기간 중 재해로 인한 직접적인 치료를 목적으로 1일 이상 입원하였을 때,입원일수 1일당 1만원 (1회 입원당 지급일수 120일 한도),"1,000만원",650  원,610  원,2.00 %,-,-,159.7 %,165.3 %,-,-,-,-,보험기간(1년 초과),순수보장,비갱신형,비유니버셜,TM,2025-03-26,"■필수기재사항 1. 가입나이 : 19 ~ 60세 2. 보험기간 : 20년 3. 보험료 예시기준 : 순수보장형, 보험가입금액 1,000만원, 40세, 20년만기, 20년납, 월납, 비위험직 ■선택기재사항 1. 납입기간 : 5년, 10년, 15년, 20년 2. 납입방법 : 월납 / 연납",1588-1001,,,,
교보생명,교보상해보험 [D](무배당)[순수보장형] (월납),특약,(무)교보깁스치료(부목제외)특약,피보험자가 이 특약의 보험기간 중 질병 또는 재해로 “깁스(Cast)치료”를 받았을 경우(발생 1회당),깁스치료1회당10만원,"1,000만원",70 원,100 원,2.00 %,비갱신형,TM,2025-03-26,"■필수기재사항 1. 가입나이 : 19 ~ 60세 2. 보험기간 : 20년 3. 보험료 예시기준 : 순수보장형, 보험가입금액 1,000만원, 40세, 20년만기, 20년납, 월납, 비위험직 ■선택기재사항 1. 납입기간 : 5년, 10년, 15년, 20년 2. 납입방법 : 월납 / 연납",1588-1001,보장성_상품비교_20260406102544980.xls,교보생명,교보상해보험 [D](무배당)[순수보장형],특약,(무)교보깁스치료(부목제외)특약,피보험자가 이 특약의 보험기간 중 질병 또는 재해로 “깁스(Cast)치료”를 받았을 경우(발생 1회당),깁스치료1회당10만원,"1,000만원",70  원,100  원,2.00 %,-,-,159.7 %,165.3 %,-,-,-,-,보험기간(1년 초과),순수보장,비갱신형,비유니버셜,TM,2025-03-26,"■필수기재사항 1. 가입나이 : 19 ~ 60세 2. 보험기간 : 20년 3. 보험료 예시기준 : 순수보장형, 보험가입금액 1,000만원, 40세, 20년만기, 20년납, 월납, 비위험직 ■선택기재사항 1. 납입기간 : 5년, 10년, 15년, 20년 2. 납입방법 : 월납 / 연납",1588-1001,,,,
iM라이프,iM 프리미엄안심보험 무배당 2603 3종(상해보장형) 2형(일반형) (월납),주계약,재해사망보험금,피보험자가 보험기간 중 재해로 사망하였을 때,7억 5천만원,"3,000만원 원","1,645,500 원","722,700 원",2.75 %,비갱신형,대면채널  방카슈랑스,2026-03-03,"1. 가입나이 : 만15세 ~ 최고 75세 2. 보험기간 : 100세/110세만기 3. 납입기간 : 5/7/10/15/20년납 4. 보험료 및 보험가격지수 예시 기준 : 3종(상해보장형), 40세, 100세 만기, 20년납, 월납, 가입금액 3천만원 기준 5. 적용이율: 10년이내 연복리 2.75%, 10년초과 연복리 1.25%",1588-4770,보장성_상품비교_20260406102544980.xls,iM라이프,iM 프리미엄안심보험 무배당 2603 3종(상해보장형) 2형(일반형),주계약,재해사망보험금,피보험자가 보험기간 중 재해로 사망하였을 때,7억 5천만원,"3,000만원 원",1645500  원,"722,700  원",2.75 %,-,-,109.3 %,101.5 %,-,-,-,-,보험기간(1년 초과),순수보장,비갱신형,비유니버셜,대면채널  방카슈랑스,2026-03-03,"1. 가입나이 : 만15세 ~ 최고 75세 2. 보험기간 : 100세/110세만기 3. 납입기간 : 5/7/10/15/20년납 4. 보험료 및 보험가격지수 예시 기준 : 3종(상해보장형), 40세, 100세 만기, 20년납, 월납, 가입금액 3천만원 기준 5. 적용이율: 10년이내 연복리 2.75%, 10년초과 연복리 1.25%",1588-4770,,,,
iM라이프,iM 프리미엄안심보험 무배당 2603 3종(상해보장형) 2형(일반형) (월납),주계약,고도장해보험금,피보험자가 보험기간 중 발생한 동일한 재해 또는 재해 이외의 동일한 원인으로 장해분류표에서 정한 기준에 따른 여러 신체부위의 장해지급률을 더하여 80%이상인 장해상태가 되었을 때(최초 1회에 한함),"9억원(다만, 계약일로부터 1년 미만에 재해 이외의 동일한 원인으로 80%이상인 장해상태가 되었을 때 50% 지급)","3,000만원 원","1,645,500 원","722,700 원",2.75 %,비갱신형,대면채널  방카슈랑스,2026-03-03,"1. 가입나이 : 만15세 ~ 최고 75세 2. 보험기간 : 100세/110세만기 3. 납입기간 : 5/7/10/15/20년납 4. 보험료 및 보험가격지수 예시 기준 : 3종(상해보장형), 40세, 100세 만기, 20년납, 월납, 가입금액 3천만원 기준 5. 적용이율: 10년이내 연복리 2.75%, 10년초과 연복리 1.25%",1588-4770,보장성_상품비교_20260406102544980.xls,iM라이프,iM 프리미엄안심보험 무배당 2603 3종(상해보장형) 2형(일반형),주계약,고도장해보험금,피보험자가 보험기간 중 발생한 동일한 재해 또는 재해 이외의 동일한 원인으로 장해분류표에서 정한 기준에 따른 여러 신체부위의 장해지급률을 더하여 80%이상인 장해상태가 되었을 때(최초 1회에 한함),"9억원(다만, 계약일로부터 1년 미만에 재해 이외의 동일한 원인으로 80%이상인 장해상태가 되었을 때 50% 지급)","3,000만원 원",1645500  원,"722,700  원",2.75 %,-,-,109.3 %,101.5 %,-,-,-,-,보험기간(1년 초과),순수보장,비갱신형,비유니버셜,대면채널  방카슈랑스,2026-03-03,"1. 가입나이 : 만15세 ~ 최고 75세 2. 보험기간 : 100세/110세만기 3. 납입기간 : 5/7/10/15/20년납 4. 보험료 및 보험가격지수 예시 기준 : 3종(상해보장형), 40세, 100세 만기, 20년납, 월납, 가입금액 3천만원 기준 5. 적용이율: 10년이내 연복리 2.75%, 10년초과 연복리 1.25%",1588-4770,,,,
주계약,재해사망보험금 (월납),주계약,재해사망보험금,피보험자가 보험기간 중 재해로 사망하였을 때,7억 5천만원,"3,000만원 원","1,606,500 원","709,200 원",2.75 %,비갱신형,대면채널  방카슈랑스,2026-03-03,"1. 가입나이 : 만15세 ~ 최고 75세 2. 보험기간 : 100세/110세만기 3. 납입기간 : 5/7/10/15/20년납 4. 보험료 및 보험가격지수 예시 기준 : 3종(상해보장형), 40세, 100세 만기, 20년납, 월납, 가입금액 3천만원 기준 5. 적용이율: 10년이내 연복리 2.75%, 10년초과 연복리 1.25%",1588-4770,보장성_상품비교_20260406102544980.xls,iM라이프,iM 프리미엄안심보험 무배당 2603 3종(상해보장형) 1형(해약환급금 일부지급형),주계약,재해사망보험금,피보험자가 보험기간 중 재해로 사망하였을 때,7억 5천만원,"3,000만원 원",1606500  원,"709,200  원",2.75 %,-,-,126.6 %,119.0 %,-,-,-,-,보험기간(1년 초과),무해지/저해지환급,비갱신형,비유니버셜,대면채널  방카슈랑스,2026-03-03,"1. 가입나이 : 만15세 ~ 최고 75세 2. 보험기간 : 100세/110세만기 3. 납입기간 : 5/7/10/15/20년납 4. 보험료 및 보험가격지수 예시 기준 : 3종(상해보장형), 40세, 100세 만기, 20년납, 월납, 가입금액 3천만원 기준 5. 적용이율: 10년이내 연복리 2.75%, 10년초과 연복리 1.25%",1588-4770,,,,
DB생명,(무)백년친구 안심보험(2602)(상해보장형) (월납),주계약,재해사망보험금,피보험자가 보험기간 중 재해로 인하여 사망하였을 때,2억원,"1,000만원","619,600 원","435,000 원",2.75 %,비갱신형,대면채널  방카슈랑스,2026-02-01,"○ 상품형태: 상해보장형 ○ 가입연령 : 15세 ~ 최고75세 ○ 보험기간 : 110세만기 ○ 납입기간 : 5. 7, 10, 15, 20년납 ○ 보험료 예시 기준  가입금액 1,000만원, 40세, 110세만기, 20년납, 월납 ○ 보험가격지수 예시 기준  -.가입금액 3,000만원, 40세, 110세만기, 20년납, 월납 ※기타 자세한 사항은 상품요약서 참조",1588-3131,보장성_상품비교_20260406102544980.xls,DB생명,(무)백년친구 안심보험(2602)(상해보장형),주계약,재해사망보험금,피보험자가 보험기간 중 재해로 인하여 사망하였을 때,2억원,"1,000만원",619600  원,"435,000  원",2.75 %,-,-,69.3 %,64.5 %,-,-,-,-,보험기간(1년 초과),순수보장,비갱신형,비유니버셜,대면채널  방카슈랑스,2026-02-01,"○ 상품형태: 상해보장형 ○ 가입연령 : 15세 ~ 최고75세 ○ 보험기간 : 110세만기 ○ 납입기간 : 5. 7, 10, 15, 20년납 ○ 보험료 예시 기준  가입금액 1,000만원, 40세, 110세만기, 20년납, 월납 ○ 보험가격지수 예시 기준  -.가입금액 3,000만원, 40세, 110세만기, 20년납, 월납 ※기타 자세한 사항은 상품요약서 참조",1588-3131,,,,
DB생명,(무)백년친구 안심보험(2602)(상해보장형) (월납),주계약,고도장해급여금,피보험자가 보험기간 중 「동일한 재해 또는 재해 이외의 동일한 원인」 을 직접적인 원인으로 장해분류표 중 여러 신체부위의 장해지급률을 더하여 80%이상인 장해상태가 되었을 때(최초1회한),"3억원(단, 계약일로부터 1년 미만에 재해 이외의 동일한 원인으로 80%이상인 장해상태가 되었을 때 50% 지급)","1,000만원","619,600 원","435,000 원",2.75 %,비갱신형,대면채널  방카슈랑스,2026-02-01,"○ 상품형태: 상해보장형 ○ 가입연령 : 15세 ~ 최고75세 ○ 보험기간 : 110세만기 ○ 납입기간 : 5. 7, 10, 15, 20년납 ○ 보험료 예시 기준  가입금액 1,000만원, 40세, 110세만기, 20년납, 월납 ○ 보험가격지수 예시 기준  -.가입금액 3,000만원, 40세, 110세만기, 20년납, 월납 ※기타 자세한 사항은 상품요약서 참조",1588-3131,보장성_상품비교_20260406102544980.xls,DB생명,(무)백년친구 안심보험(2602)(상해보장형),주계약,고도장해급여금,피보험자가 보험기간 중 「동일한 재해 또는 재해 이외의 동일한 원인」 을 직접적인 원인으로 장해분류표 중 여러 신체부위의 장해지급률을 더하여 80%이상인 장해상태가 되었을 때(최초1회한),"3억원(단, 계약일로부터 1년 미만에 재해 이외의 동일한 원인으로 80%이상인 장해상태가 되었을 때 50% 지급)","1,000만원",619600  원,"435,000  원",2.75 %,-,-,69.3 %,64.5 %,-,-,-,-,보험기간(1년 초과),순수보장,비갱신형,비유니버셜,대면채널  방카슈랑스,2026-02-01,"○ 상품형태: 상해보장형 ○ 가입연령 : 15세 ~ 최고75세 ○ 보험기간 : 110세만기 ○ 납입기간 : 5. 7, 10, 15, 20년납 ○ 보험료 예시 기준  가입금액 1,000만원, 40세, 110세만기, 20년납, 월납 ○ 보험가격지수 예시 기준  -.가입금액 3,000만원, 40세, 110세만기, 20년납, 월납 ※기타 자세한 사항은 상품요약서 참조",1588-3131,,,,
동양생명,"(무)엔젤안심보험(상해보장형,표준형) (월납)",주계약,고도장해보험금,"피보험자가 보험기간 중 보장개시일 이후 「동일한 재해 또는 재해 이외의 동일한 원인」으로 인하여 장해분류표 중 여러 신체부위의 장해지급률을 더하여 80%이상인 장해상태가 되었을 때 (다만, 최초 1회에 한함)","3억원 (다만, 계약일로부터 1년 미만에 재해 이외의 동일한 원인으로 80%이상인 장해상태가 되었을 때 50%지급)","1,000만원","168,600 원","91,300 원",2.75 %,비갱신형,대면채널  방카슈랑스,2026-01-01,"1. 가입나이 : 15세~최대75세 2. 상품형태 : 치매보장형, 생활비보장형(장해), 상해보장형 / 해약환급금 일부지급형Ⅲ, 표준형 3. 보험기간 : 90·100·110세만기 4. 보험료 예시기준: 상해보장형, 표준형, 보험가입금액 1,000만원, 40세, 90세만기, 20년납, 월납 5. 보험가격지수 예시기준: 상해보장형, 표준형, 보험가입금액 1,000만원, 40세, 90세만기, 20년납, 월납 6. 확정이율 : 10년 이내 2.75%, 10년 초과 2.00%",1577-1004,보장성_상품비교_20260406102544980.xls,동양생명,"(무)엔젤안심보험(상해보장형,표준형)",주계약,고도장해보험금,"피보험자가 보험기간 중 보장개시일 이후 「동일한 재해 또는 재해 이외의 동일한 원인」으로 인하여 장해분류표 중 여러 신체부위의 장해지급률을 더하여 80%이상인 장해상태가 되었을 때 (다만, 최초 1회에 한함)","3억원 (다만, 계약일로부터 1년 미만에 재해 이외의 동일한 원인으로 80%이상인 장해상태가 되었을 때 50%지급)","1,000만원",168600  원,"91,300  원",2.75 %,-,-,95.7 %,89.8 %,-,-,-,-,보험기간(1년 초과),순수보장,비갱신형,비유니버셜,대면채널  방카슈랑스,2026-01-01,"1. 가입나이 : 15세~최대75세 2. 상품형태 : 치매보장형, 생활비보장형(장해), 상해보장형 / 해약환급금 일부지급형Ⅲ, 표준형 3. 보험기간 : 90·100·110세만기 4. 보험료 예시기준: 상해보장형, 표준형, 보험가입금액 1,000만원, 40세, 90세만기, 20년납, 월납 5. 보험가격지수 예시기준: 상해보장형, 표준형, 보험가입금액 1,000만원, 40세, 90세만기, 20년납, 월납 6. 확정이율 : 10년 이내 2.75%, 10년 초과 2.00%",1577-1004,,,,
동양생명,"(무)엔젤안심보험(상해보장형,표준형) (월납)",주계약,재해사망보험금,피보험자가 보험기간 중 재해를 직접적인 원인으로 사망하였을 때,2억원,"1,000만원","168,600 원","91,300 원",2.75 %,비갱신형,대면채널  방카슈랑스,2026-01-01,"1. 가입나이 : 15세~최대75세 2. 상품형태 : 치매보장형, 생활비보장형(장해), 상해보장형 / 해약환급금 일부지급형Ⅲ, 표준형 3. 보험기간 : 90·100·110세만기 4. 보험료 예시기준: 상해보장형, 표준형, 보험가입금액 1,000만원, 40세, 90세만기, 20년납, 월납 5. 보험가격지수 예시기준: 상해보장형, 표준형, 보험가입금액 1,000만원, 40세, 90세만기, 20년납, 월납 6. 확정이율 : 10년 이내 2.75%, 10년 초과 2.00%",1577-1004,보장성_상품비교_20260406102544980.xls,동양생명,"(무)엔젤안심보험(상해보장형,표준형)",주계약,재해사망보험금,피보험자가 보험기간 중 재해를 직접적인 원인으로 사망하였을 때,2억원,"1,000만원",168600  원,"91,300  원",2.75 %,-,-,95.7 %,89.8 %,-,-,-,-,보험기간(1년 초과),순수보장,비갱신형,비유니버셜,대면채널  방카슈랑스,2026-01-01,"1. 가입나이 : 15세~최대75세 2. 상품형태 : 치매보장형, 생활비보장형(장해), 상해보장형 / 해약환급금 일부지급형Ⅲ, 표준형 3. 보험기간 : 90·100·110세만기 4. 보험료 예시기준: 상해보장형, 표준형, 보험가입금액 1,000만원, 40세, 90세만기, 20년납, 월납 5. 보험가격지수 예시기준: 상해보장형, 표준형, 보험가입금액 1,000만원, 40세, 90세만기, 20년납, 월납 6. 확정이율 : 10년 이내 2.75%, 10년 초과 2.00%",1577-1004,,,,
동양생명,"(무)엔젤안심보험(상해보장형,표준형) (월납)",주계약,장해생활자금Ⅰ,"피보험자가 보험기간 중 보장개시일 이후 「동일한 재해 또는 재해 이외의 동일한 원인」으로 인하여 장해분류표 중 여러 신체부위의 장해지급률을 더하여 50%이상인 장해상태가 되었을 때 (다만, 최초 1회에 한함)","매월 장해생활자금Ⅰ 지급해당일 : 10만원 (180회 확정지급) (다만, 계약일로부터 1년 미만에 재해 이외의 동일한 원인으로 50%이상인 장해상태가 되었을 때 매월 장해생활자금Ⅰ 지급해당일에 5만원 지급)","1,000만원","119,700 원","74,700 원",2.75 %,비갱신형,대면채널  방카슈랑스,2026-01-01,"1. 가입나이 : 0세~최대75세 2. 상품형태 : 치매보장형, 생활비보장형(장해), 상해보장형 / 해약환급금 일부지급형Ⅲ, 표준형 3. 보험기간 : 90·100·110세만기 4. 보험료 예시기준: 생활비보장형(장해), 해약환급금 일부지급형Ⅲ, 보험가입금액 1,000만원, 40세, 90세만기, 20년납, 월납 5. 보험가격지수 예시기준: 생활비보장형(장해), 해약환급금 일부지급형Ⅲ, 보험가입금액 1,000만원, 40세, 90세만기, 20년납, 월납 6. 확정이율 : 10년 이내 2.75%, 10년 초과 2.00%",1577-1004,보장성_상품비교_20260406102544980.xls,동양생명,"(무)엔젤안심보험(생활비보장형(장해),해약환급금 일부지급형Ⅲ)",주계약,장해생활자금Ⅰ,"피보험자가 보험기간 중 보장개시일 이후 「동일한 재해 또는 재해 이외의 동일한 원인」으로 인하여 장해분류표 중 여러 신체부위의 장해지급률을 더하여 50%이상인 장해상태가 되었을 때 (다만, 최초 1회에 한함)","매월 장해생활자금Ⅰ 지급해당일 : 10만원 (180회 확정지급) (다만, 계약일로부터 1년 미만에 재해 이외의 동일한 원인으로 50%이상인 장해상태가 되었을 때 매월 장해생활자금Ⅰ 지급해당일에 5만원 지급)","1,000만원",119700  원,"74,700  원",2.75 %,-,-,98.9 %,92.2 %,-,-,-,-,보험기간(1년 초과),무해지/저해지환급,비갱신형,비유니버셜,대면채널  방카슈랑스,2026-01-01,"1. 가입나이 : 0세~최대75세 2. 상품형태 : 치매보장형, 생활비보장형(장해), 상해보장형 / 해약환급금 일부지급형Ⅲ, 표준형 3. 보험기간 : 90·100·110세만기 4. 보험료 예시기준: 생활비보장형(장해), 해약환급금 일부지급형Ⅲ, 보험가입금액 1,000만원, 40세, 90세만기, 20년납, 월납 5. 보험가격지수 예시기준: 생활비보장형(장해), 해약환급금 일부지급형Ⅲ, 보험가입금액 1,000만원, 40세, 90세만기, 20년납, 월납 6. 확정이율 : 10년 이내 2.75%, 10년 초과 2.00%",1577-1004,,,,
동양생명,"(무)엔젤안심보험(상해보장형,표준형) (월납)",주계약,장해생활자금Ⅱ,"피보험자가 보험기간 중 보장개시일 이후 「동일한 재해 또는 재해 이외의 동일한 원인」으로 인하여 장해분류표 중 여러 신체부위의 장해지급률을 더하여 60%이상인 장해상태가 되었을 때 (다만, 최초 1회에 한함)","매월 장해생활자금Ⅱ 지급해당일 : 50만원 (180회 확정지급) (다만, 계약일로부터 1년 미만에 재해 이외의 동일한 원인으로 60%이상인 장해상태가 되었을 때 매월 장해생활자금Ⅱ 지급해당일에 25만원 지급)","1,000만원","119,700 원","74,700 원",2.75 %,비갱신형,대면채널  방카슈랑스,2026-01-01,"1. 가입나이 : 0세~최대75세 2. 상품형태 : 치매보장형, 생활비보장형(장해), 상해보장형 / 해약환급금 일부지급형Ⅲ, 표준형 3. 보험기간 : 90·100·110세만기 4. 보험료 예시기준: 생활비보장형(장해), 해약환급금 일부지급형Ⅲ, 보험가입금액 1,000만원, 40세, 90세만기, 20년납, 월납 5. 보험가격지수 예시기준: 생활비보장형(장해), 해약환급금 일부지급형Ⅲ, 보험가입금액 1,000만원, 40세, 90세만기, 20년납, 월납 6. 확정이율 : 10년 이내 2.75%, 10년 초과 2.00%",1577-1004,보장성_상품비교_20260406102544980.xls,동양생명,"(무)엔젤안심보험(생활비보장형(장해),해약환급금 일부지급형Ⅲ)",주계약,장해생활자금Ⅱ,"피보험자가 보험기간 중 보장개시일 이후 「동일한 재해 또는 재해 이외의 동일한 원인」으로 인하여 장해분류표 중 여러 신체부위의 장해지급률을 더하여 60%이상인 장해상태가 되었을 때 (다만, 최초 1회에 한함)","매월 장해생활자금Ⅱ 지급해당일 : 50만원 (180회 확정지급) (다만, 계약일로부터 1년 미만에 재해 이외의 동일한 원인으로 60%이상인 장해상태가 되었을 때 매월 장해생활자금Ⅱ 지급해당일에 25만원 지급)","1,000만원",119700  원,"74,700  원",2.75 %,-,-,98.9 %,92.2 %,-,-,-,-,보험기간(1년 초과),무해지/저해지환급,비갱신형,비유니버셜,대면채널  방카슈랑스,2026-01-01,"1. 가입나이 : 0세~최대75세 2. 상품형태 : 치매보장형, 생활비보장형(장해), 상해보장형 / 해약환급금 일부지급형Ⅲ, 표준형 3. 보험기간 : 90·100·110세만기 4. 보험료 예시기준: 생활비보장형(장해), 해약환급금 일부지급형Ⅲ, 보험가입금액 1,000만원, 40세, 90세만기, 20년납, 월납 5. 보험가격지수 예시기준: 생활비보장형(장해), 해약환급금 일부지급형Ⅲ, 보험가입금액 1,000만원, 40세, 90세만기, 20년납, 월납 6. 확정이율 : 10년 이내 2.75%, 10년 초과 2.00%",1577-1004,,,,
동양생명,"(무)엔젤안심보험(상해보장형,표준형) (월납)",주계약,장해생활자금Ⅲ,"피보험자가 보험기간 중 보장개시일 이후 「동일한 재해 또는 재해 이외의 동일한 원인」으로 인하여 장해분류표 중 여러 신체부위의 장해지급률을 더하여 80%이상인 장해상태가 되었을 때 (다만, 최초 1회에 한함)","매월 장해생활자금Ⅲ 지급해당일 : 50만원 (180회 확정지급) (다만, 계약일로부터 1년 미만에 재해 이외의 동일한 원인으로 80%이상인 장해상태가 되었을 때 매월 장해생활자금Ⅲ 지급해당일에 25만원 지급)","1,000만원","119,700 원","74,700 원",2.75 %,비갱신형,대면채널  방카슈랑스,2026-01-01,"1. 가입나이 : 0세~최대75세 2. 상품형태 : 치매보장형, 생활비보장형(장해), 상해보장형 / 해약환급금 일부지급형Ⅲ, 표준형 3. 보험기간 : 90·100·110세만기 4. 보험료 예시기준: 생활비보장형(장해), 해약환급금 일부지급형Ⅲ, 보험가입금액 1,000만원, 40세, 90세만기, 20년납, 월납 5. 보험가격지수 예시기준: 생활비보장형(장해), 해약환급금 일부지급형Ⅲ, 보험가입금액 1,000만원, 40세, 90세만기, 20년납, 월납 6. 확정이율 : 10년 이내 2.75%, 10년 초과 2.00%",1577-1004,보장성_상품비교_20260406102544980.xls,동양생명,"(무)엔젤안심보험(생활비보장형(장해),해약환급금 일부지급형Ⅲ)",주계약,장해생활자금Ⅲ,"피보험자가 보험기간 중 보장개시일 이후 「동일한 재해 또는 재해 이외의 동일한 원인」으로 인하여 장해분류표 중 여러 신체부위의 장해지급률을 더하여 80%이상인 장해상태가 되었을 때 (다만, 최초 1회에 한함)","매월 장해생활자금Ⅲ 지급해당일 : 50만원 (180회 확정지급) (다만, 계약일로부터 1년 미만에 재해 이외의 동일한 원인으로 80%이상인 장해상태가 되었을 때 매월 장해생활자금Ⅲ 지급해당일에 25만원 지급)","1,000만원",119700  원,"74,700  원",2.75 %,-,-,98.9 %,92.2 %,-,-,-,-,보험기간(1년 초과),무해지/저해지환급,비갱신형,비유니버셜,대면채널  방카슈랑스,2026-01-01,"1. 가입나이 : 0세~최대75세 2. 상품형태 : 치매보장형, 생활비보장형(장해), 상해보장형 / 해약환급금 일부지급형Ⅲ, 표준형 3. 보험기간 : 90·100·110세만기 4. 보험료 예시기준: 생활비보장형(장해), 해약환급금 일부지급형Ⅲ, 보험가입금액 1,000만원, 40세, 90세만기, 20년납, 월납 5. 보험가격지수 예시기준: 생활비보장형(장해), 해약환급금 일부지급형Ⅲ, 보험가입금액 1,000만원, 40세, 90세만기, 20년납, 월납 6. 확정이율 : 10년 이내 2.75%, 10년 초과 2.00%",1577-1004,,,,
동양생명,"(무)엔젤안심보험(상해보장형,표준형) (월납)",주계약,장해보험금,피보험자가 보험기간 중 보장개시일 이후 「동일한 재해 또는 재해 이외의 동일한 원인」으로 인하여 장해분류표에서 정한 각 장해지급률에 해당하는 장해상태가 되었을 때,"보험가입금액의 100% ⅹ 해당 지급률 (다만, 계약일로부터 1년 미만에 재해 이외의 동일한 원인으로 인하여 장해분류표에서 정한 각 장해지급률에 해당하는 장해상태가 되었을 때 50% 지급)","1,000만원","119,700 원","74,700 원",2.75 %,비갱신형,대면채널  방카슈랑스,2026-01-01,"1. 가입나이 : 0세~최대75세 2. 상품형태 : 치매보장형, 생활비보장형(장해), 상해보장형 / 해약환급금 일부지급형Ⅲ, 표준형 3. 보험기간 : 90·100·110세만기 4. 보험료 예시기준: 생활비보장형(장해), 해약환급금 일부지급형Ⅲ, 보험가입금액 1,000만원, 40세, 90세만기, 20년납, 월납 5. 보험가격지수 예시기준: 생활비보장형(장해), 해약환급금 일부지급형Ⅲ, 보험가입금액 1,000만원, 40세, 90세만기, 20년납, 월납 6. 확정이율 : 10년 이내 2.75%, 10년 초과 2.00%",1577-1004,보장성_상품비교_20260406102544980.xls,동양생명,"(무)엔젤안심보험(생활비보장형(장해),해약환급금 일부지급형Ⅲ)",주계약,장해보험금,피보험자가 보험기간 중 보장개시일 이후 「동일한 재해 또는 재해 이외의 동일한 원인」으로 인하여 장해분류표에서 정한 각 장해지급률에 해당하는 장해상태가 되었을 때,"보험가입금액의 100% ⅹ 해당 지급률 (다만, 계약일로부터 1년 미만에 재해 이외의 동일한 원인으로 인하여 장해분류표에서 정한 각 장해지급률에 해당하는 장해상태가 되었을 때 50% 지급)","1,000만원",119700  원,"74,700  원",2.75 %,-,-,98.9 %,92.2 %,-,-,-,-,보험기간(1년 초과),무해지/저해지환급,비갱신형,비유니버셜,대면채널  방카슈랑스,2026-01-01,"1. 가입나이 : 0세~최대75세 2. 상품형태 : 치매보장형, 생활비보장형(장해), 상해보장형 / 해약환급금 일부지급형Ⅲ, 표준형 3. 보험기간 : 90·100·110세만기 4. 보험료 예시기준: 생활비보장형(장해), 해약환급금 일부지급형Ⅲ, 보험가입금액 1,000만원, 40세, 90세만기, 20년납, 월납 5. 보험가격지수 예시기준: 생활비보장형(장해), 해약환급금 일부지급형Ⅲ, 보험가입금액 1,000만원, 40세, 90세만기, 20년납, 월납 6. 확정이율 : 10년 이내 2.75%, 10년 초과 2.00%",1577-1004,,,,
주계약,재해사망보험금 (월납),주계약,재해사망보험금,피보험자가 보험기간 중 재해를 직접적인 원인으로 사망하였을 때,2억원,"1,000만원","165,900 원","90,300 원",2.75 %,비갱신형,대면채널  방카슈랑스,2026-01-01,"1. 가입나이 : 15세~최대75세 2. 상품형태 : 치매보장형, 생활비보장형(장해), 상해보장형 / 해약환급금 일부지급형Ⅲ, 표준형 3. 보험기간 : 90·100·110세만기 4. 보험료 예시기준: 상해보장형, 해약환급금 일부지급형Ⅲ, 보험가입금액 1,000만원, 40세, 90세만기, 20년납, 월납 5. 보험가격지수 예시기준: 상해보장형, 해약환급금 일부지급형Ⅲ, 보험가입금액 1,000만원, 40세, 90세만기, 20년납, 월납 6. 확정이율 : 10년 이내 2.75%, 10년 초과 2.00%",1577-1004,보장성_상품비교_20260406102544980.xls,동양생명,"(무)엔젤안심보험(상해보장형,해약환급금 일부지급형Ⅲ)",주계약,재해사망보험금,피보험자가 보험기간 중 재해를 직접적인 원인으로 사망하였을 때,2억원,"1,000만원",165900  원,"90,300  원",2.75 %,-,-,98.2 %,92.8 %,-,-,-,-,보험기간(1년 초과),무해지/저해지환급,비갱신형,비유니버셜,대면채널  방카슈랑스,2026-01-01,"1. 가입나이 : 15세~최대75세 2. 상품형태 : 치매보장형, 생활비보장형(장해), 상해보장형 / 해약환급금 일부지급형Ⅲ, 표준형 3. 보험기간 : 90·100·110세만기 4. 보험료 예시기준: 상해보장형, 해약환급금 일부지급형Ⅲ, 보험가입금액 1,000만원, 40세, 90세만기, 20년납, 월납 5. 보험가격지수 예시기준: 상해보장형, 해약환급금 일부지급형Ⅲ, 보험가입금액 1,000만원, 40세, 90세만기, 20년납, 월납 6. 확정이율 : 10년 이내 2.75%, 10년 초과 2.00%",1577-1004,,,,
동양생명,(무)우리WON하는미니상해보험 (월납),주계약,재해골절치료비,피보험자가 보험기간 중 발생한 재해를 직접적인 원인으로 재해골절(치아파절 제외) 상태가 되었을 때(발생1회당),10만원,10만원,"3,660 원","3,450 원",2.90 %,비갱신형,대면채널  CM,2026-01-01,"1. 가입나이: 20세~70세 2. 보험기간: 1년만기 3. 상품형태: - 4. 보험료 예시기준: 보험가입금액 10만원, 40세, 1년만기, 일시납 5. 보험가격지수 예시 기준: 보험가입금액 10만원, 40세, 1년만기, 일시납",1577-1004,보장성_상품비교_20260406102544980.xls,동양생명,(무)우리WON하는미니상해보험,주계약,재해골절치료비,피보험자가 보험기간 중 발생한 재해를 직접적인 원인으로 재해골절(치아파절 제외) 상태가 되었을 때(발생1회당),10만원,10만원,3660  원,"3,450  원",2.90 %,-,-,77.4 %,71.3 %,-,-,-,-,보험기간(1년 이하),순수보장,비갱신형,비유니버셜,대면채널  CM,2026-01-01,"1. 가입나이: 20세~70세 2. 보험기간: 1년만기 3. 상품형태: - 4. 보험료 예시기준: 보험가입금액 10만원, 40세, 1년만기, 일시납 5. 보험가격지수 예시 기준: 보험가입금액 10만원, 40세, 1년만기, 일시납",1577-1004,,,,
동양생명,(무)우리WON하는미니상해보험 (월납),주계약,깁스치료비,피보험자가 보험기간 중 치료를 직접적인 목적으로 깁스(Cast) 치료를 받았을 때(깁스치료 1회당),10만원,10만원,"3,660 원","3,450 원",2.90 %,비갱신형,대면채널  CM,2026-01-01,"1. 가입나이: 20세~70세 2. 보험기간: 1년만기 3. 상품형태: - 4. 보험료 예시기준: 보험가입금액 10만원, 40세, 1년만기, 일시납 5. 보험가격지수 예시 기준: 보험가입금액 10만원, 40세, 1년만기, 일시납",1577-1004,보장성_상품비교_20260406102544980.xls,동양생명,(무)우리WON하는미니상해보험,주계약,깁스치료비,피보험자가 보험기간 중 치료를 직접적인 목적으로 깁스(Cast) 치료를 받았을 때(깁스치료 1회당),10만원,10만원,3660  원,"3,450  원",2.90 %,-,-,77.4 %,71.3 %,-,-,-,-,보험기간(1년 이하),순수보장,비갱신형,비유니버셜,대면채널  CM,2026-01-01,"1. 가입나이: 20세~70세 2. 보험기간: 1년만기 3. 상품형태: - 4. 보험료 예시기준: 보험가입금액 10만원, 40세, 1년만기, 일시납 5. 보험가격지수 예시 기준: 보험가입금액 10만원, 40세, 1년만기, 일시납",1577-1004,,,,
동양생명,(무)우리WON하는mini교통재해보험 (월납),주계약,교통재해응급실내원진료비(응급),"피보험자가 보험기간 중 발생한 ""교통재해""를 직접적인 원인으로 ""응급환자""로 응급실에 내원하여 진료를 받았을 때 (내원 1회당)",10만원,"1,000만원","2,980 원","1,340 원",2.90 %,비갱신형,대면채널  CM,2026-01-01,"1. 가입나이: 20세~70세 2. 보험기간: 1년만기 3. 상품형태: - 4. 보험료 예시기준: 보험가입금액 1,000만원, 40세, 1년만기, 일시납 5. 보험가격지수 예시 기준: 보험가입금액 1,000만원, 40세, 1년만기, 일시납",1577-1004,보장성_상품비교_20260406102544980.xls,동양생명,(무)우리WON하는mini교통재해보험,주계약,교통재해응급실내원진료비(응급),"피보험자가 보험기간 중 발생한 ""교통재해""를 직접적인 원인으로 ""응급환자""로 응급실에 내원하여 진료를 받았을 때 (내원 1회당)",10만원,"1,000만원",2980  원,"1,340  원",2.90 %,-,-,77.1 %,71.3 %,-,-,-,-,보험기간(1년 이하),순수보장,비갱신형,비유니버셜,대면채널  CM,2026-01-01,"1. 가입나이: 20세~70세 2. 보험기간: 1년만기 3. 상품형태: - 4. 보험료 예시기준: 보험가입금액 1,000만원, 40세, 1년만기, 일시납 5. 보험가격지수 예시 기준: 보험가입금액 1,000만원, 40세, 1년만기, 일시납",1577-1004,,,,
동양생명,(무)우리WON하는mini교통재해보험 (월납),주계약,교통재해골절(치아파절포함)치료비,"피보험자가 보험기간 중 발생한 ""교통재해""를 직접적인 원인으로 ""재해골절(치아파절포함)""로 진단확정 되었을 때 (발생 1회당)",10만원,"1,000만원","2,980 원","1,340 원",2.90 %,비갱신형,대면채널  CM,2026-01-01,"1. 가입나이: 20세~70세 2. 보험기간: 1년만기 3. 상품형태: - 4. 보험료 예시기준: 보험가입금액 1,000만원, 40세, 1년만기, 일시납 5. 보험가격지수 예시 기준: 보험가입금액 1,000만원, 40세, 1년만기, 일시납",1577-1004,보장성_상품비교_20260406102544980.xls,동양생명,(무)우리WON하는mini교통재해보험,주계약,교통재해골절(치아파절포함)치료비,"피보험자가 보험기간 중 발생한 ""교통재해""를 직접적인 원인으로 ""재해골절(치아파절포함)""로 진단확정 되었을 때 (발생 1회당)",10만원,"1,000만원",2980  원,"1,340  원",2.90 %,-,-,77.1 %,71.3 %,-,-,-,-,보험기간(1년 이하),순수보장,비갱신형,비유니버셜,대면채널  CM,2026-01-01,"1. 가입나이: 20세~70세 2. 보험기간: 1년만기 3. 상품형태: - 4. 보험료 예시기준: 보험가입금액 1,000만원, 40세, 1년만기, 일시납 5. 보험가격지수 예시 기준: 보험가입금액 1,000만원, 40세, 1년만기, 일시납",1577-1004,,,,
동양생명,(무)우리WON하는mini교통재해보험 (월납),주계약,교통사고중상치료비,"피보험자가 보험기간 중 발생한 ""교통사고""를 직접적인 원인으로 ""교통사고중상"" 상태가 되었을 때 (발생 1회당)",100만원,"1,000만원","2,980 원","1,340 원",2.90 %,비갱신형,대면채널  CM,2026-01-01,"1. 가입나이: 20세~70세 2. 보험기간: 1년만기 3. 상품형태: - 4. 보험료 예시기준: 보험가입금액 1,000만원, 40세, 1년만기, 일시납 5. 보험가격지수 예시 기준: 보험가입금액 1,000만원, 40세, 1년만기, 일시납",1577-1004,보장성_상품비교_20260406102544980.xls,동양생명,(무)우리WON하는mini교통재해보험,주계약,교통사고중상치료비,"피보험자가 보험기간 중 발생한 ""교통사고""를 직접적인 원인으로 ""교통사고중상"" 상태가 되었을 때 (발생 1회당)",100만원,"1,000만원",2980  원,"1,340  원",2.90 %,-,-,77.1 %,71.3 %,-,-,-,-,보험기간(1년 이하),순수보장,비갱신형,비유니버셜,대면채널  CM,2026-01-01,"1. 가입나이: 20세~70세 2. 보험기간: 1년만기 3. 상품형태: - 4. 보험료 예시기준: 보험가입금액 1,000만원, 40세, 1년만기, 일시납 5. 보험가격지수 예시 기준: 보험가입금액 1,000만원, 40세, 1년만기, 일시납",1577-1004,,,,
동양생명,(무)엔젤상해보험 (월납),주계약,만기보험금,피보험자가 보험기간이 끝날 때까지 살아있을 때,이미 납입한 보험료의 100%,"5,000만원","45,000 원","22,000 원",3.00 %,비갱신형,대면채널  방카슈랑스,2024-04-01,"1. 가입나이: 만15세~70세 2. 보험기간: 3·5·7·10·15·20년만기 3. 납입주기: 월납, 3개월납, 6개월납, 연납 4. 보험료 예시기준: 기본형, 가입금액 5,000만원, 40세, 비위험, 20년만기, 15년납, 월납 5. 보험가격지수 예시기준: 기본형, 가입금액 3,000만원, 40세, 비위험, 20년만기, 15년납, 월납",1577-1004,보장성_상품비교_20260406102544980.xls,동양생명,(무)엔젤상해보험,주계약,만기보험금,피보험자가 보험기간이 끝날 때까지 살아있을 때,이미 납입한 보험료의 100%,"5,000만원",45000  원,"22,000  원",3.00 %,-,-,108.3 %,95.8 %,-,-,-,-,보험기간(1년 초과),만기환급,비갱신형,비유니버셜,대면채널  방카슈랑스,2024-04-01,"1. 가입나이: 만15세~70세 2. 보험기간: 3·5·7·10·15·20년만기 3. 납입주기: 월납, 3개월납, 6개월납, 연납 4. 보험료 예시기준: 기본형, 가입금액 5,000만원, 40세, 비위험, 20년만기, 15년납, 월납 5. 보험가격지수 예시기준: 기본형, 가입금액 3,000만원, 40세, 비위험, 20년만기, 15년납, 월납",1577-1004,,,,
동양생명,(무)엔젤상해보험 (월납),주계약,재해사망보험금,재해로 인하여 사망하였을 때,2억원 + 사망 당시 이미 납입한 보험료,"5,000만원","45,000 원","22,000 원",3.00 %,비갱신형,대면채널  방카슈랑스,2024-04-01,"1. 가입나이: 만15세~70세 2. 보험기간: 3·5·7·10·15·20년만기 3. 납입주기: 월납, 3개월납, 6개월납, 연납 4. 보험료 예시기준: 기본형, 가입금액 5,000만원, 40세, 비위험, 20년만기, 15년납, 월납 5. 보험가격지수 예시기준: 기본형, 가입금액 3,000만원, 40세, 비위험, 20년만기, 15년납, 월납",1577-1004,보장성_상품비교_20260406102544980.xls,동양생명,(무)엔젤상해보험,주계약,재해사망보험금,재해로 인하여 사망하였을 때,2억원 + 사망 당시 이미 납입한 보험료,"5,000만원",45000  원,"22,000  원",3.00 %,-,-,108.3 %,95.8 %,-,-,-,-,보험기간(1년 초과),만기환급,비갱신형,비유니버셜,대면채널  방카슈랑스,2024-04-01,"1. 가입나이: 만15세~70세 2. 보험기간: 3·5·7·10·15·20년만기 3. 납입주기: 월납, 3개월납, 6개월납, 연납 4. 보험료 예시기준: 기본형, 가입금액 5,000만원, 40세, 비위험, 20년만기, 15년납, 월납 5. 보험가격지수 예시기준: 기본형, 가입금액 3,000만원, 40세, 비위험, 20년만기, 15년납, 월납",1577-1004,,,,
동양생명,(무)엔젤상해보험 (월납),주계약,재해장해보험금,보장개시일 이후 발생한 동일한 재해로 장해분류표에서 정한 각 장해지급률에 해당하는 장해상태가 되었을 때,"4,000만원 + 해당장해지급률","5,000만원","45,000 원","22,000 원",3.00 %,비갱신형,대면채널  방카슈랑스,2024-04-01,"1. 가입나이: 만15세~70세 2. 보험기간: 3·5·7·10·15·20년만기 3. 납입주기: 월납, 3개월납, 6개월납, 연납 4. 보험료 예시기준: 기본형, 가입금액 5,000만원, 40세, 비위험, 20년만기, 15년납, 월납 5. 보험가격지수 예시기준: 기본형, 가입금액 3,000만원, 40세, 비위험, 20년만기, 15년납, 월납",1577-1004,보장성_상품비교_20260406102544980.xls,동양생명,(무)엔젤상해보험,주계약,재해장해보험금,보장개시일 이후 발생한 동일한 재해로 장해분류표에서 정한 각 장해지급률에 해당하는 장해상태가 되었을 때,"4,000만원 + 해당장해지급률","5,000만원",45000  원,"22,000  원",3.00 %,-,-,108.3 %,95.8 %,-,-,-,-,보험기간(1년 초과),만기환급,비갱신형,비유니버셜,대면채널  방카슈랑스,2024-04-01,"1. 가입나이: 만15세~70세 2. 보험기간: 3·5·7·10·15·20년만기 3. 납입주기: 월납, 3개월납, 6개월납, 연납 4. 보험료 예시기준: 기본형, 가입금액 5,000만원, 40세, 비위험, 20년만기, 15년납, 월납 5. 보험가격지수 예시기준: 기본형, 가입금액 3,000만원, 40세, 비위험, 20년만기, 15년납, 월납",1577-1004,,,,
메트라이프생명,무배당 메트라이프 mini 재해보험 (월납),주계약,재해사망보험금,보험 기간 중 별표 3 (재해분류표)에서 정하는 재해 (이하 “재해”라 합니다)를 직접적인 원인으로 하여 사망하였을 때,"1,000만원","1,000만원","4,900 원","3,000 원",2.30 %,비갱신형,CM,2024-04-01,"1. 가입연령 : 20세 ~ 70세 2. 보험기간 및 납입기간 : 1년 만기 및 일시납 3. 보험가입금액 : 1,000만원 4. 보험가격지수 예시 기준 : 1년만기, 일시납, 가입금액 1,000만원, 40세 5. 보험료 예시 기준 : 가입금액 1,000만원, 40세 남/여, 1년만기, 일시납",1588-9600,보장성_상품비교_20260406102544980.xls,메트라이프생명,무배당 메트라이프 mini 재해보험,주계약,재해사망보험금,보험 기간 중 별표 3 (재해분류표)에서 정하는 재해 (이하 “재해”라 합니다)를 직접적인 원인으로 하여 사망하였을 때,"1,000만원","1,000만원",4900  원,"3,000  원",2.30 %,-,-,89.5 %,104.3 %,-,-,-,-,보험기간(1년 이하),순수보장,비갱신형,비유니버셜,CM,2024-04-01,"1. 가입연령 : 20세 ~ 70세 2. 보험기간 및 납입기간 : 1년 만기 및 일시납 3. 보험가입금액 : 1,000만원 4. 보험가격지수 예시 기준 : 1년만기, 일시납, 가입금액 1,000만원, 40세 5. 보험료 예시 기준 : 가입금액 1,000만원, 40세 남/여, 1년만기, 일시납",1588-9600,,,,
메트라이프생명,무배당 메트라이프 mini 재해보험 (월납),주계약,재해골절진단보험금,"보험기간 중 재해로 인하여 골절 (치아파절 제외) 로 진단 확정 되었을 때 (다만, 동일한 재해로 2 가지 이상의 골절(복합골절)시 1 회만 지급함)",재해골절 발생 1 회당 10 만원 (보험가입금액의 1 %),"1,000만원","4,900 원","3,000 원",2.30 %,비갱신형,CM,2024-04-01,"1. 가입연령 : 20세 ~ 70세 2. 보험기간 및 납입기간 : 1년 만기 및 일시납 3. 보험가입금액 : 1,000만원 4. 보험가격지수 예시 기준 : 1년만기, 일시납, 가입금액 1,000만원, 40세 5. 보험료 예시 기준 : 가입금액 1,000만원, 40세 남/여, 1년만기, 일시납",1588-9600,보장성_상품비교_20260406102544980.xls,메트라이프생명,무배당 메트라이프 mini 재해보험,주계약,재해골절진단보험금,"보험기간 중 재해로 인하여 골절 (치아파절 제외) 로 진단 확정 되었을 때 (다만, 동일한 재해로 2 가지 이상의 골절(복합골절)시 1 회만 지급함)",재해골절 발생 1 회당 10 만원 (보험가입금액의 1 %),"1,000만원",4900  원,"3,000  원",2.30 %,-,-,89.5 %,104.3 %,-,-,-,-,보험기간(1년 이하),순수보장,비갱신형,비유니버셜,CM,2024-04-01,"1. 가입연령 : 20세 ~ 70세 2. 보험기간 및 납입기간 : 1년 만기 및 일시납 3. 보험가입금액 : 1,000만원 4. 보험가격지수 예시 기준 : 1년만기, 일시납, 가입금액 1,000만원, 40세 5. 보험료 예시 기준 : 가입금액 1,000만원, 40세 남/여, 1년만기, 일시납",1588-9600,,,,
메트라이프생명,무배당 메트라이프 교통재해사망보험 (월납),주계약,교통재해사망보험금,보험 기간 중 별표 3 (교통재해사고)에서 정하는 교통재해 (이하 “교통재해”라 합니다)를 직접적인 원인으로 하여 사망하였을 때,"1,000만원","1,000만원","1,100 원",600 원,2.30 %,비갱신형,CM,2024-04-01,"1. 가입연령 : 20세 ~ 70세 2. 보험기간 및 납입기간 : 1년 만기 및 일시납 3. 보험가입금액 : 1,000만원 4. 보험가격지수 예시 기준 : 1년만기, 일시납, 가입금액 1,000만원, 40세 5. 보험료 예시 기준 : 가입금액 1,000만원, 40세 남/여, 1년만기, 일시납",1588-9600,보장성_상품비교_20260406102544980.xls,메트라이프생명,무배당 메트라이프 교통재해사망보험,주계약,교통재해사망보험금,보험 기간 중 별표 3 (교통재해사고)에서 정하는 교통재해 (이하 “교통재해”라 합니다)를 직접적인 원인으로 하여 사망하였을 때,"1,000만원","1,000만원",1100  원,600  원,2.30 %,-,-,140.6 %,354.6 %,-,-,-,-,보험기간(1년 이하),순수보장,비갱신형,비유니버셜,CM,2024-04-01,"1. 가입연령 : 20세 ~ 70세 2. 보험기간 및 납입기간 : 1년 만기 및 일시납 3. 보험가입금액 : 1,000만원 4. 보험가격지수 예시 기준 : 1년만기, 일시납, 가입금액 1,000만원, 40세 5. 보험료 예시 기준 : 가입금액 1,000만원, 40세 남/여, 1년만기, 일시납",1588-9600,,,,
메트라이프생명,무배당 뼈 미니 재해골절보험 (월납),주계약,재해골절진단보험금,"보험기간 중 재해로 인하여 골절 (치아파절 제외) 로 진단 확정 되었을 때 (다만, 동일한 재해로 2 가지 이상의 골절(복합골절)시 1 회만 지급함)",재해골절 발생 1 회당 10 만원 (보험가입금액의 1 %),"1,000만원","3,700 원","2,600 원",2.30 %,비갱신형,CM,2025-04-01,"1. 가입연령 : 20세 ~ 70세 2. 보험기간 및 납입기간 : 1년 만기 및 일시납 3. 보험가입금액 : 1,000만원 4. 보험가격지수 예시 기준 : 1년만기, 일시납, 가입금액 1,000만원, 40세 5. 보험료 예시 기준 : 가입금액 1,000만원, 40세 남/여, 1년만기, 일시납",1588-9600,보장성_상품비교_20260406102544980.xls,메트라이프생명,무배당 뼈 미니 재해골절보험,주계약,재해골절진단보험금,"보험기간 중 재해로 인하여 골절 (치아파절 제외) 로 진단 확정 되었을 때 (다만, 동일한 재해로 2 가지 이상의 골절(복합골절)시 1 회만 지급함)",재해골절 발생 1 회당 10 만원 (보험가입금액의 1 %),"1,000만원",3700  원,"2,600  원",2.30 %,-,-,102.8 %,109.8 %,-,-,-,-,보험기간(1년 이하),순수보장,비갱신형,비유니버셜,CM,2025-04-01,"1. 가입연령 : 20세 ~ 70세 2. 보험기간 및 납입기간 : 1년 만기 및 일시납 3. 보험가입금액 : 1,000만원 4. 보험가격지수 예시 기준 : 1년만기, 일시납, 가입금액 1,000만원, 40세 5. 보험료 예시 기준 : 가입금액 1,000만원, 40세 남/여, 1년만기, 일시납",1588-9600,,,,
메트라이프생명,무배당 뼈대있는깁스보험 (월납),주계약,깁스치료비,피보험자가 보험기간 중 재해 또는 질병으로 깁스치료를 받았을 때,1만원 (발생 1회당),1만원,770 원,770 원,2.30 %,비갱신형,CM,2025-04-01,"1. 가입연령 : 20세 ~ 70세 2. 보험기간 및 납입기간 : 1년 만기 및 일시납 3. 보험가입금액 : 1만원 4. 보험가격지수 예시 기준 : 1년만기, 일시납, 가입금액 1만원, 40세 5. 보험료 예시 기준 : 가입금액 1만원, 40세 남/여, 1년만기, 일시납",1588-9600,보장성_상품비교_20260406102544980.xls,메트라이프생명,무배당 뼈대있는깁스보험,주계약,깁스치료비,피보험자가 보험기간 중 재해 또는 질병으로 깁스치료를 받았을 때,1만원 (발생 1회당),1만원,770  원,770  원,2.30 %,-,-,136.3 %,126.1 %,-,-,-,-,보험기간(1년 이하),순수보장,비갱신형,비유니버셜,CM,2025-04-01,"1. 가입연령 : 20세 ~ 70세 2. 보험기간 및 납입기간 : 1년 만기 및 일시납 3. 보험가입금액 : 1만원 4. 보험가격지수 예시 기준 : 1년만기, 일시납, 가입금액 1만원, 40세 5. 보험료 예시 기준 : 가입금액 1만원, 40세 남/여, 1년만기, 일시납",1588-9600,,,,
KB라이프생명,KB 지켜주는 교통안심보험 무배당 (월납),주계약,교통재해사망보험금,피보험자가 보험기간 중 “교통사고”로 인하여 사망하였 을 때,"1,000만원","1,000만원","6,110 원","2,460 원",2.70 %,비갱신형,CM,2025-09-01,"1. 가입나이 : 만19세 ~ 64세 2. 보험기간 : 1년만기, 3년만기 3. 납입기간 : 일시납 5. 보험료 기준 : 40세, 3년만기, 일시납, 가입금액 1,000만원 6. 보험가격지수 기준 : 40세, 3년만기, 일시납, 가입금액 1,000만원",1588-3374,보장성_상품비교_20260406102544980.xls,KB라이프생명,KB 지켜주는 교통안심보험 무배당,주계약,교통재해사망보험금,피보험자가 보험기간 중 “교통사고”로 인하여 사망하였 을 때,"1,000만원","1,000만원",6110  원,"2,460  원",2.70 %,-,-,115.9 %,106.9 %,-,-,-,-,보험기간(1년 초과),순수보장,비갱신형,비유니버셜,CM,2025-09-01,"1. 가입나이 : 만19세 ~ 64세 2. 보험기간 : 1년만기, 3년만기 3. 납입기간 : 일시납 5. 보험료 기준 : 40세, 3년만기, 일시납, 가입금액 1,000만원 6. 보험가격지수 기준 : 40세, 3년만기, 일시납, 가입금액 1,000만원",1588-3374,,,,
KB라이프생명,KB 지켜주는 교통안심보험 무배당 (월납),주계약,교통재해장해급여금,피보험자가 보험기간 중 “교통사고”로 인하여 장해분류 표(약관 별표2 참조)에서 정한 각 장해지급률 중 3%이 상 100%이하에 해당하는 장해상태가 되었을 때,500만원× 해당 장해지급률,"1,000만원","6,110 원","2,460 원",2.70 %,비갱신형,CM,2025-09-01,"1. 가입나이 : 만19세 ~ 64세 2. 보험기간 : 1년만기, 3년만기 3. 납입기간 : 일시납 5. 보험료 기준 : 40세, 3년만기, 일시납, 가입금액 1,000만원 6. 보험가격지수 기준 : 40세, 3년만기, 일시납, 가입금액 1,000만원",1588-3374,보장성_상품비교_20260406102544980.xls,KB라이프생명,KB 지켜주는 교통안심보험 무배당,주계약,교통재해장해급여금,피보험자가 보험기간 중 “교통사고”로 인하여 장해분류 표(약관 별표2 참조)에서 정한 각 장해지급률 중 3%이 상 100%이하에 해당하는 장해상태가 되었을 때,500만원× 해당 장해지급률,"1,000만원",6110  원,"2,460  원",2.70 %,-,-,115.9 %,106.9 %,-,-,-,-,보험기간(1년 초과),순수보장,비갱신형,비유니버셜,CM,2025-09-01,"1. 가입나이 : 만19세 ~ 64세 2. 보험기간 : 1년만기, 3년만기 3. 납입기간 : 일시납 5. 보험료 기준 : 40세, 3년만기, 일시납, 가입금액 1,000만원 6. 보험가격지수 기준 : 40세, 3년만기, 일시납, 가입금액 1,000만원",1588-3374,,,,
KB라이프생명,KB 지켜주는 대중교통안심보험 무배당 (월납),주계약,대중교통재해사망보험금,피보험자가 보험기간 중 “대중교통 이용 중 교통사고”로 인하여 사망하였을 때,"5,000만원","5,000만원","1,200 원",500 원,2.70 %,비갱신형,CM,2025-09-01,"1. 가입나이 : 만19세 ~ 64세 2. 보험기간 : 1년만기, 3년만기 3. 납입기간 : 일시납 5. 보험료 기준 : 40세, 3년만기, 일시납, 가입금액 5,000만원 6. 보험가격지수 기준 : 40세, 3년만기, 일시납, 가입금액 5,000만원",1588-3374,보장성_상품비교_20260406102544980.xls,KB라이프생명,KB 지켜주는 대중교통안심보험 무배당,주계약,대중교통재해사망보험금,피보험자가 보험기간 중 “대중교통 이용 중 교통사고”로 인하여 사망하였을 때,"5,000만원","5,000만원",1200  원,500  원,2.70 %,-,-,118.0 %,118.2 %,-,-,-,-,보험기간(1년 초과),순수보장,비갱신형,비유니버셜,CM,2025-09-01,"1. 가입나이 : 만19세 ~ 64세 2. 보험기간 : 1년만기, 3년만기 3. 납입기간 : 일시납 5. 보험료 기준 : 40세, 3년만기, 일시납, 가입금액 5,000만원 6. 보험가격지수 기준 : 40세, 3년만기, 일시납, 가입금액 5,000만원",1588-3374,,,,
KB라이프생명,KB 지켜주는 대중교통안심보험 무배당 (월납),주계약,대중교통재해장해급여금,피보험자가 보험기간 중 “대중교통 이용 중 교통사고”로 인하여 장해분류표(약관 별표2 참조)에서 정한 각 장해 지급률 중 3%이상 100%이하에 해당하는 장해상태가 되었을 때,"1,500만원× 해당 장해지급률","5,000만원","1,200 원",500 원,2.70 %,비갱신형,CM,2025-09-01,"1. 가입나이 : 만19세 ~ 64세 2. 보험기간 : 1년만기, 3년만기 3. 납입기간 : 일시납 5. 보험료 기준 : 40세, 3년만기, 일시납, 가입금액 5,000만원 6. 보험가격지수 기준 : 40세, 3년만기, 일시납, 가입금액 5,000만원",1588-3374,보장성_상품비교_20260406102544980.xls,KB라이프생명,KB 지켜주는 대중교통안심보험 무배당,주계약,대중교통재해장해급여금,피보험자가 보험기간 중 “대중교통 이용 중 교통사고”로 인하여 장해분류표(약관 별표2 참조)에서 정한 각 장해 지급률 중 3%이상 100%이하에 해당하는 장해상태가 되었을 때,"1,500만원× 해당 장해지급률","5,000만원",1200  원,500  원,2.70 %,-,-,118.0 %,118.2 %,-,-,-,-,보험기간(1년 초과),순수보장,비갱신형,비유니버셜,CM,2025-09-01,"1. 가입나이 : 만19세 ~ 64세 2. 보험기간 : 1년만기, 3년만기 3. 납입기간 : 일시납 5. 보험료 기준 : 40세, 3년만기, 일시납, 가입금액 5,000만원 6. 보험가격지수 기준 : 40세, 3년만기, 일시납, 가입금액 5,000만원",1588-3374,,,,
신한라이프생명,신한SOL대중교통보험 mini(무배당) (일시납),주계약,대중교통재해장해급여금,"보험기간 중 피보험자가 ""대중교통 이용 중 교통사고""를 직접적인 원인으로 보험기간 중 장해분류표에서 정한 장해지급률 중 3%이상 100%이하에 해당하는 장해상태가 되었을 경우","보험가입금액의 1,000% x 해당 장해지급률",500만원,950 원,610 원,2.10 %,비갱신형,대면채널  CM,2026-01-01,"1. 가입나이 : 0세(태아불가) ~ 75세 2. 보험료 납입기간 및 납입주기 : 일시납 3. 가입한도 : 500만원~1,000만원(디지털채널, 대면채널) 100만원~500만원(제휴채널) 4. 보험기간 : 1/2/3년만기 5. 보험료 및 보험가격지수 기준 : 40세, 3년만기, 일시납, 가입금액 500만원",1588-5580,보장성_상품비교_20260406102544980.xls,신한라이프생명,신한SOL대중교통보험 mini(무배당),주계약,대중교통재해장해급여금,"보험기간 중 피보험자가 ""대중교통 이용 중 교통사고""를 직접적인 원인으로 보험기간 중 장해분류표에서 정한 장해지급률 중 3%이상 100%이하에 해당하는 장해상태가 되었을 경우","보험가입금액의 1,000% x 해당 장해지급률",500만원,950  원,610  원,2.10 %,-,-,92.0 %,84.8 %,-,-,-,-,보험기간(1년 초과),순수보장,비갱신형,비유니버셜,대면채널  CM,2026-01-01,"1. 가입나이 : 0세(태아불가) ~ 75세 2. 보험료 납입기간 및 납입주기 : 일시납 3. 가입한도 : 500만원~1,000만원(디지털채널, 대면채널) 100만원~500만원(제휴채널) 4. 보험기간 : 1/2/3년만기 5. 보험료 및 보험가격지수 기준 : 40세, 3년만기, 일시납, 가입금액 500만원",1588-5580,,,,
푸본현대생명,푸본현대 상해보험 안심픽 무배당(A2601) (월납),주계약,재해사망보험금,보험기간 중 피보험자가 재해를 직접적인 원인으로 사망하였을 경우,6억원,"3,000만원","6,703,500 원","4,748,100 원",3.25 %,비갱신형,대면채널,2026-01-01,"1. 가입나이 : 만 20세 ~ 최고 75세 2. 보험기간 : 110세만기 3. 납입기간 : 3/4/5년납 4. 기간별 적용이율 : 계약일로부터 10년 이내 연복리 3.25%, 10년 초과 연복리 1.50% * 주계약 보험료 예시 : 40세, 가입금액 3천만원, 110세만기, 5년납, 월납 기준 * 보험가격지수 예시 : 40세, 가입금액 3천만원, 110세만기, 5년납, 월납 기준",1577-3311,보장성_상품비교_20260406102544980.xls,푸본현대생명,푸본현대 상해보험 안심픽 무배당(A2601),주계약,재해사망보험금,보험기간 중 피보험자가 재해를 직접적인 원인으로 사망하였을 경우,6억원,"3,000만원",6703500  원,"4,748,100  원",3.25 %,-,-,100.7 %,97.2 %,-,-,-,-,보험기간(1년 초과),순수보장,비갱신형,비유니버셜,대면채널,2026-01-01,"1. 가입나이 : 만 20세 ~ 최고 75세 2. 보험기간 : 110세만기 3. 납입기간 : 3/4/5년납 4. 기간별 적용이율 : 계약일로부터 10년 이내 연복리 3.25%, 10년 초과 연복리 1.50% * 주계약 보험료 예시 : 40세, 가입금액 3천만원, 110세만기, 5년납, 월납 기준 * 보험가격지수 예시 : 40세, 가입금액 3천만원, 110세만기, 5년납, 월납 기준",1577-3311,,,,
푸본현대생명,푸본현대 상해보험 안심픽 무배당(A2601) (월납),주계약,고도장해보험금,"보험기간 중 피보험자가 장해분류표 중 동일한 재해 또는 재해 이외의 동일한 원인으로 여러 신체부위의 장해지급률을 더하여 80%이상에 해당하는 장해상태가 되었을 경우(단, 최초 1회 한함)","9억원 (단, 계약일부터 1년미만에 재해 이외의 동일한 원인으로 지급사유 발생 시 상기금액의 50% 지급)","3,000만원","6,703,500 원","4,748,100 원",3.25 %,비갱신형,대면채널,2026-01-01,"1. 가입나이 : 만 20세 ~ 최고 75세 2. 보험기간 : 110세만기 3. 납입기간 : 3/4/5년납 4. 기간별 적용이율 : 계약일로부터 10년 이내 연복리 3.25%, 10년 초과 연복리 1.50% * 주계약 보험료 예시 : 40세, 가입금액 3천만원, 110세만기, 5년납, 월납 기준 * 보험가격지수 예시 : 40세, 가입금액 3천만원, 110세만기, 5년납, 월납 기준",1577-3311,보장성_상품비교_20260406102544980.xls,푸본현대생명,푸본현대 상해보험 안심픽 무배당(A2601),주계약,고도장해보험금,"보험기간 중 피보험자가 장해분류표 중 동일한 재해 또는 재해 이외의 동일한 원인으로 여러 신체부위의 장해지급률을 더하여 80%이상에 해당하는 장해상태가 되었을 경우(단, 최초 1회 한함)","9억원 (단, 계약일부터 1년미만에 재해 이외의 동일한 원인으로 지급사유 발생 시 상기금액의 50% 지급)","3,000만원",6703500  원,"4,748,100  원",3.25 %,-,-,100.7 %,97.2 %,-,-,-,-,보험기간(1년 초과),순수보장,비갱신형,비유니버셜,대면채널,2026-01-01,"1. 가입나이 : 만 20세 ~ 최고 75세 2. 보험기간 : 110세만기 3. 납입기간 : 3/4/5년납 4. 기간별 적용이율 : 계약일로부터 10년 이내 연복리 3.25%, 10년 초과 연복리 1.50% * 주계약 보험료 예시 : 40세, 가입금액 3천만원, 110세만기, 5년납, 월납 기준 * 보험가격지수 예시 : 40세, 가입금액 3천만원, 110세만기, 5년납, 월납 기준",1577-3311,,,,
주계약,재해사망보험금 (월납),주계약,재해사망보험금,보험기간 중 피보험자가 재해를 직접적인 원인으로 사망하였을 경우,6억원,"3,000만원","2,072,400 원","1,468,200 원",3.25 %,비갱신형,방카슈랑스,2026-01-01,"1. 가입나이 : 만 20세 ~ 최고 75세 2. 보험기간 : 110세만기 3. 납입기간 : 3/4/5/20년납 4. 기간별 적용이율 : 계약일로부터 10년 이내 연복리 3.25%, 10년 초과 연복리 1.50% * 주계약 보험료 예시 : 40세, 가입금액 3천만원, 110세만기, 20년납, 월납 기준 * 보험가격지수 예시 : 40세, 가입금액 3천만원, 110세만기, 20년납, 월납 기준",1577-3311,보장성_상품비교_20260406102544980.xls,푸본현대생명,푸본현대 상해보험 안심픽 무배당/해약환급금 일부지급형(B2601),주계약,재해사망보험금,보험기간 중 피보험자가 재해를 직접적인 원인으로 사망하였을 경우,6억원,"3,000만원",2072400  원,"1,468,200  원",3.25 %,-,-,104.3 %,100.8 %,-,-,-,-,보험기간(1년 초과),순수보장,비갱신형,비유니버셜,방카슈랑스,2026-01-01,"1. 가입나이 : 만 20세 ~ 최고 75세 2. 보험기간 : 110세만기 3. 납입기간 : 3/4/5/20년납 4. 기간별 적용이율 : 계약일로부터 10년 이내 연복리 3.25%, 10년 초과 연복리 1.50% * 주계약 보험료 예시 : 40세, 가입금액 3천만원, 110세만기, 20년납, 월납 기준 * 보험가격지수 예시 : 40세, 가입금액 3천만원, 110세만기, 20년납, 월납 기준",1577-3311,,,,
주계약,재해사망보험금 (월납),주계약,재해사망보험금,피보험자가 보험기간 중 재해로 인하여 사망한 경우,"3,000만원","3,000만원 원",900 원,240 원,2.25 %,갱신형,대면채널  TM,2026-02-02,"1. 가입나이 : 최초계약 기준 30세~80세 2. 보험기간 : 10년만기, 20년만기, 30년만기 ※최종 갱신계약의 보험기간 만료일은 피보험자의 100세 계약해당일 3. 납입기간 : 전기납 4. 보험료 및 보험가격지수 작성기준 : 최초계약, 40세, 20년만기, 전기납, 월납, 가입금액 3,000만원",15880058,보장성_상품비교_20260406102544980.xls,라이나생명,"(무)새로담는간편건강보험(3.5.5)(해약환급금미지급형,갱신형)",주계약,재해사망보험금,피보험자가 보험기간 중 재해로 인하여 사망한 경우,"3,000만원","3,000만원 원",900  원,240  원,2.25 %,-,-,91.3 %,94.6 %,-,-,-,-,보험기간(1년 초과),무해지/저해지환급,갱신형,비유니버셜,대면채널  TM,2026-02-02,"1. 가입나이 : 최초계약 기준 30세~80세 2. 보험기간 : 10년만기, 20년만기, 30년만기 ※최종 갱신계약의 보험기간 만료일은 피보험자의 100세 계약해당일 3. 납입기간 : 전기납 4. 보험료 및 보험가격지수 작성기준 : 최초계약, 40세, 20년만기, 전기납, 월납, 가입금액 3,000만원",15880058,,,,
주계약,재해사망보험금 (월납),특약,"무배당 간편고지암진단특약(3.5.5)(해약환급금미지급형,갱신형)","피보험자가 보험기간 중 암보장개시일 이후에 “암”으로 진단확정 되었을 때 (단, 최초 1 회에 한하여 지급함)","3,000만원(단, 보험계약일로부터 1 년이 지난 보험계약해당일 전일 이전에 지급사유가 발생하였을 경우에는 상기금액의 50%를 지급)",3000만원 원,"19,200 원","26,100 원",2.25 %,갱신형,대면채널  TM,2026-02-02,"1. 가입나이 : 최초계약 기준 30세~80세 2. 보험기간 : 10년만기, 20년만기, 30년만기 ※최종 갱신계약의 보험기간 만료일은 피보험자의 100세 계약해당일 3. 납입기간 : 전기납 4. 보험료 및 보험가격지수 작성기준 : 최초계약, 40세, 20년만기, 전기납, 월납, 가입금액 3,000만원",15880058,보장성_상품비교_20260406102544980.xls,라이나생명,"(무)새로담는간편건강보험(3.5.5)(해약환급금미지급형,갱신형)",특약,"무배당 간편고지암진단특약(3.5.5)(해약환급금미지급형,갱신형)","피보험자가 보험기간 중 암보장개시일 이후에 “암”으로 진단확정 되었을 때 (단, 최초 1 회에 한하여 지급함)","3,000만원(단, 보험계약일로부터 1 년이 지난 보험계약해당일 전일 이전에 지급사유가 발생하였을 경우에는 상기금액의 50%를 지급)",3000만원 원,19200  원,"26,100  원",2.25 %,-,-,91.3 %,94.6 %,-,-,-,-,보험기간(1년 초과),무해지/저해지환급,갱신형,비유니버셜,대면채널  TM,2026-02-02,"1. 가입나이 : 최초계약 기준 30세~80세 2. 보험기간 : 10년만기, 20년만기, 30년만기 ※최종 갱신계약의 보험기간 만료일은 피보험자의 100세 계약해당일 3. 납입기간 : 전기납 4. 보험료 및 보험가격지수 작성기준 : 최초계약, 40세, 20년만기, 전기납, 월납, 가입금액 3,000만원",15880058,,,,
주계약,재해사망보험금 (월납),특약,"무배당 간편고지소액암진단특약(3.5.5)(해약환급금미지급형,갱신형)","피보험자가 보험기간 중 “갑상선암”, “기타피부암”, “제자리암(상피내암)” 또는 “경계성종양”으로 진단확정 되었을 때 (단, 각각 최초 1 회에 한하여 지급함)","600만원(단, 최초계약의 계약일로부터 1 년이내에 지급사유가 발생하였을 경우에는 상기금액의 50%를 지급)",600만원 원,"1,056 원","3,666 원",2.25 %,갱신형,대면채널  TM,2026-02-02,"1. 가입나이 : 최초계약 기준 30세~80세 2. 보험기간 : 10년만기, 20년만기, 30년만기 ※최종 갱신계약의 보험기간 만료일은 피보험자의 100세 계약해당일 3. 납입기간 : 전기납 4. 보험료 및 보험가격지수 작성기준 : 최초계약, 40세, 20년만기, 전기납, 월납, 가입금액 3,000만원",15880058,보장성_상품비교_20260406102544980.xls,라이나생명,"(무)새로담는간편건강보험(3.5.5)(해약환급금미지급형,갱신형)",특약,"무배당 간편고지소액암진단특약(3.5.5)(해약환급금미지급형,갱신형)","피보험자가 보험기간 중 “갑상선암”, “기타피부암”, “제자리암(상피내암)” 또는 “경계성종양”으로 진단확정 되었을 때 (단, 각각 최초 1 회에 한하여 지급함)","600만원(단, 최초계약의 계약일로부터 1 년이내에 지급사유가 발생하였을 경우에는 상기금액의 50%를 지급)",600만원 원,1056  원,"3,666  원",2.25 %,-,-,91.3 %,94.6 %,-,-,-,-,보험기간(1년 초과),무해지/저해지환급,갱신형,비유니버셜,대면채널  TM,2026-02-02,"1. 가입나이 : 최초계약 기준 30세~80세 2. 보험기간 : 10년만기, 20년만기, 30년만기 ※최종 갱신계약의 보험기간 만료일은 피보험자의 100세 계약해당일 3. 납입기간 : 전기납 4. 보험료 및 보험가격지수 작성기준 : 최초계약, 40세, 20년만기, 전기납, 월납, 가입금액 3,000만원",15880058,,,,
주계약,재해사망보험금 (월납),특약,"무배당 간편고지뇌출혈진단특약(3.5.5)(해약환급금미지급형,갱신형)","피보험자가 보험기간 중 뇌출혈로 진단확정 되었을 때 (다만, 최초 1 회에 한하여 지급함)","3,000만원(단, 보험계약일로부터 1 년이 지난 보험계약해당일 전일 이전에 지급사유가 발생하였을 경우에는 상기금액의 50%를 지급)",3000만원 원,"3,630 원","2,610 원",2.25 %,갱신형,대면채널  TM,2026-02-02,"1. 가입나이 : 최초계약 기준 30세~80세 2. 보험기간 : 10년만기, 20년만기, 30년만기 ※최종 갱신계약의 보험기간 만료일은 피보험자의 100세 계약해당일 3. 납입기간 : 전기납 4. 보험료 및 보험가격지수 작성기준 : 최초계약, 40세, 20년만기, 전기납, 월납, 가입금액 3,000만원",15880058,보장성_상품비교_20260406102544980.xls,라이나생명,"(무)새로담는간편건강보험(3.5.5)(해약환급금미지급형,갱신형)",특약,"무배당 간편고지뇌출혈진단특약(3.5.5)(해약환급금미지급형,갱신형)","피보험자가 보험기간 중 뇌출혈로 진단확정 되었을 때 (다만, 최초 1 회에 한하여 지급함)","3,000만원(단, 보험계약일로부터 1 년이 지난 보험계약해당일 전일 이전에 지급사유가 발생하였을 경우에는 상기금액의 50%를 지급)",3000만원 원,3630  원,"2,610  원",2.25 %,-,-,91.3 %,94.6 %,-,-,-,-,보험기간(1년 초과),무해지/저해지환급,갱신형,비유니버셜,대면채널  TM,2026-02-02,"1. 가입나이 : 최초계약 기준 30세~80세 2. 보험기간 : 10년만기, 20년만기, 30년만기 ※최종 갱신계약의 보험기간 만료일은 피보험자의 100세 계약해당일 3. 납입기간 : 전기납 4. 보험료 및 보험가격지수 작성기준 : 최초계약, 40세, 20년만기, 전기납, 월납, 가입금액 3,000만원",15880058,,,,
주계약,재해사망보험금 (월납),특약,"무배당 간편고지뇌졸중진단특약(3.5.5)(해약환급금미지급형,갱신형)","피보험자가 보험기간 중 뇌졸중으로 진단확정 되었을 때 (다만, 최초 1 회에 한하여 지급함)","1,500만원(단, 보험계약일로부터 1 년이 지난 보험계약해당일 전일 이전에 지급사유가 발생하였을 경우에는 상기금액의 50%를 지급)",1500만원 원,"4,905 원","2,910 원",2.25 %,갱신형,대면채널  TM,2026-02-02,"1. 가입나이 : 최초계약 기준 30세~80세 2. 보험기간 : 10년만기, 20년만기, 30년만기 ※최종 갱신계약의 보험기간 만료일은 피보험자의 100세 계약해당일 3. 납입기간 : 전기납 4. 보험료 및 보험가격지수 작성기준 : 최초계약, 40세, 20년만기, 전기납, 월납, 가입금액 3,000만원",15880058,보장성_상품비교_20260406102544980.xls,라이나생명,"(무)새로담는간편건강보험(3.5.5)(해약환급금미지급형,갱신형)",특약,"무배당 간편고지뇌졸중진단특약(3.5.5)(해약환급금미지급형,갱신형)","피보험자가 보험기간 중 뇌졸중으로 진단확정 되었을 때 (다만, 최초 1 회에 한하여 지급함)","1,500만원(단, 보험계약일로부터 1 년이 지난 보험계약해당일 전일 이전에 지급사유가 발생하였을 경우에는 상기금액의 50%를 지급)",1500만원 원,4905  원,"2,910  원",2.25 %,-,-,91.3 %,94.6 %,-,-,-,-,보험기간(1년 초과),무해지/저해지환급,갱신형,비유니버셜,대면채널  TM,2026-02-02,"1. 가입나이 : 최초계약 기준 30세~80세 2. 보험기간 : 10년만기, 20년만기, 30년만기 ※최종 갱신계약의 보험기간 만료일은 피보험자의 100세 계약해당일 3. 납입기간 : 전기납 4. 보험료 및 보험가격지수 작성기준 : 최초계약, 40세, 20년만기, 전기납, 월납, 가입금액 3,000만원",15880058,,,,
주계약,재해사망보험금 (월납),주계약,재해사망보험금,피보험자가 보험기간 중 재해로 인하여 사망한 경우,"3,000만원","3,000만원 원",810 원,210 원,2.25 %,갱신형,대면채널  TM,2026-02-02,"1. 가입나이 : 최초계약 기준 30세~80세 2. 보험기간 : 10년만기, 20년만기, 30년만기 ※최종 갱신계약의 보험기간 만료일은 피보험자의 100세 계약해당일 3. 납입기간 : 전기납 4. 보험료 및 보험가격지수 작성기준 : 최초계약, 40세, 20년만기, 전기납, 월납, 가입금액 3,000만원",15880058,보장성_상품비교_20260406102544980.xls,라이나생명,"(무)새로담는간편건강보험(3.10.5)(해약환급금미지급형,갱신형)",주계약,재해사망보험금,피보험자가 보험기간 중 재해로 인하여 사망한 경우,"3,000만원","3,000만원 원",810  원,210  원,2.25 %,-,-,90.8 %,82.7 %,-,-,-,-,보험기간(1년 초과),무해지/저해지환급,갱신형,비유니버셜,대면채널  TM,2026-02-02,"1. 가입나이 : 최초계약 기준 30세~80세 2. 보험기간 : 10년만기, 20년만기, 30년만기 ※최종 갱신계약의 보험기간 만료일은 피보험자의 100세 계약해당일 3. 납입기간 : 전기납 4. 보험료 및 보험가격지수 작성기준 : 최초계약, 40세, 20년만기, 전기납, 월납, 가입금액 3,000만원",15880058,,,,
주계약,재해사망보험금 (월납),특약,"무배당 간편고지암진단특약(3.10.5)(해약환급금미지급형,갱신형)","피보험자가 보험기간 중 암보장개시일 이후에 “암”으로 진단확정 되었을 때 (단, 최초 1 회에 한하여 지급함)","3,000만원(단, 보험계약일로부터 1 년이 지난 보험계약해당일 전일 이전에 지급사유가 발생하였을 경우에는 상기금액의 50%를 지급)",3000만원 원,"18,000 원","24,000 원",2.25 %,갱신형,대면채널  TM,2026-02-02,"1. 가입나이 : 최초계약 기준 30세~80세 2. 보험기간 : 10년만기, 20년만기, 30년만기 ※최종 갱신계약의 보험기간 만료일은 피보험자의 100세 계약해당일 3. 납입기간 : 전기납 4. 보험료 및 보험가격지수 작성기준 : 최초계약, 40세, 20년만기, 전기납, 월납, 가입금액 3,000만원",15880058,보장성_상품비교_20260406102544980.xls,라이나생명,"(무)새로담는간편건강보험(3.10.5)(해약환급금미지급형,갱신형)",특약,"무배당 간편고지암진단특약(3.10.5)(해약환급금미지급형,갱신형)","피보험자가 보험기간 중 암보장개시일 이후에 “암”으로 진단확정 되었을 때 (단, 최초 1 회에 한하여 지급함)","3,000만원(단, 보험계약일로부터 1 년이 지난 보험계약해당일 전일 이전에 지급사유가 발생하였을 경우에는 상기금액의 50%를 지급)",3000만원 원,18000  원,"24,000  원",2.25 %,-,-,90.8 %,82.7 %,-,-,-,-,보험기간(1년 초과),무해지/저해지환급,갱신형,비유니버셜,대면채널  TM,2026-02-02,"1. 가입나이 : 최초계약 기준 30세~80세 2. 보험기간 : 10년만기, 20년만기, 30년만기 ※최종 갱신계약의 보험기간 만료일은 피보험자의 100세 계약해당일 3. 납입기간 : 전기납 4. 보험료 및 보험가격지수 작성기준 : 최초계약, 40세, 20년만기, 전기납, 월납, 가입금액 3,000만원",15880058,,,,
주계약,재해사망보험금 (월납),특약,"무배당 간편고지소액암진단특약(3.10.5)(해약환급금미지급형,갱신형)","피보험자가 보험기간 중 “갑상선암”, “기타피부암”, “제자리암(상피내암)” 또는 “경계성종양”으로 진단확정 되었을 때 (단, 각각 최초 1 회에 한하여 지급함)","600만원(단, 최초계약일로부터 1 년이내에 지급사유가 발생하였을 경우에는 상기금액의 50%를 지급)",600만원 원,996 원,"3,354 원",2.25 %,갱신형,대면채널  TM,2026-02-02,"1. 가입나이 : 최초계약 기준 30세~80세 2. 보험기간 : 10년만기, 20년만기, 30년만기 ※최종 갱신계약의 보험기간 만료일은 피보험자의 100세 계약해당일 3. 납입기간 : 전기납 4. 보험료 및 보험가격지수 작성기준 : 최초계약, 40세, 20년만기, 전기납, 월납, 가입금액 3,000만원",15880058,보장성_상품비교_20260406102544980.xls,라이나생명,"(무)새로담는간편건강보험(3.10.5)(해약환급금미지급형,갱신형)",특약,"무배당 간편고지소액암진단특약(3.10.5)(해약환급금미지급형,갱신형)","피보험자가 보험기간 중 “갑상선암”, “기타피부암”, “제자리암(상피내암)” 또는 “경계성종양”으로 진단확정 되었을 때 (단, 각각 최초 1 회에 한하여 지급함)","600만원(단, 최초계약일로부터 1 년이내에 지급사유가 발생하였을 경우에는 상기금액의 50%를 지급)",600만원 원,996  원,"3,354  원",2.25 %,-,-,90.8 %,82.7 %,-,-,-,-,보험기간(1년 초과),무해지/저해지환급,갱신형,비유니버셜,대면채널  TM,2026-02-02,"1. 가입나이 : 최초계약 기준 30세~80세 2. 보험기간 : 10년만기, 20년만기, 30년만기 ※최종 갱신계약의 보험기간 만료일은 피보험자의 100세 계약해당일 3. 납입기간 : 전기납 4. 보험료 및 보험가격지수 작성기준 : 최초계약, 40세, 20년만기, 전기납, 월납, 가입금액 3,000만원",15880058,,,,
주계약,재해사망보험금 (월납),특약,"무배당 간편고지뇌출혈진단특약(3.10.5)(해약환급금미지급형,갱신형)","피보험자가 보험기간 중 뇌출혈로 진단확정 되었을 때 (다만, 최초 1 회에 한하여 지급함)","3,000만원(단, 보험계약일로부터 1 년이 지난 보험계약해당일 전일 이전에 지급사유가 발생하였을 경우에는 상기금액의 50%를 지급)",3000만원 원,"3,420 원","2,400 원",2.25 %,갱신형,대면채널  TM,2026-02-02,"1. 가입나이 : 최초계약 기준 30세~80세 2. 보험기간 : 10년만기, 20년만기, 30년만기 ※최종 갱신계약의 보험기간 만료일은 피보험자의 100세 계약해당일 3. 납입기간 : 전기납 4. 보험료 및 보험가격지수 작성기준 : 최초계약, 40세, 20년만기, 전기납, 월납, 가입금액 3,000만원",15880058,보장성_상품비교_20260406102544980.xls,라이나생명,"(무)새로담는간편건강보험(3.10.5)(해약환급금미지급형,갱신형)",특약,"무배당 간편고지뇌출혈진단특약(3.10.5)(해약환급금미지급형,갱신형)","피보험자가 보험기간 중 뇌출혈로 진단확정 되었을 때 (다만, 최초 1 회에 한하여 지급함)","3,000만원(단, 보험계약일로부터 1 년이 지난 보험계약해당일 전일 이전에 지급사유가 발생하였을 경우에는 상기금액의 50%를 지급)",3000만원 원,3420  원,"2,400  원",2.25 %,-,-,90.8 %,82.7 %,-,-,-,-,보험기간(1년 초과),무해지/저해지환급,갱신형,비유니버셜,대면채널  TM,2026-02-02,"1. 가입나이 : 최초계약 기준 30세~80세 2. 보험기간 : 10년만기, 20년만기, 30년만기 ※최종 갱신계약의 보험기간 만료일은 피보험자의 100세 계약해당일 3. 납입기간 : 전기납 4. 보험료 및 보험가격지수 작성기준 : 최초계약, 40세, 20년만기, 전기납, 월납, 가입금액 3,000만원",15880058,,,,
주계약,재해사망보험금 (월납),특약,"무배당 간편고지뇌졸중진단특약(3.10.5)(해약환급금미지급형,갱신형)","피보험자가 보험기간 중 뇌졸중으로 진단확정 되었을 때 (다만, 최초 1 회에 한하여 지급함)","1,500만원(단, 보험계약일부터 1년이 지난 보험계약해당일 전일 이전에 지급사유가 발생하였을 경우에는 상기금액의 50%를 지급",1500만원 원,"4,635 원","2,685 원",2.25 %,갱신형,대면채널  TM,2026-02-02,"1. 가입나이 : 최초계약 기준 30세~80세 2. 보험기간 : 10년만기, 20년만기, 30년만기 ※최종 갱신계약의 보험기간 만료일은 피보험자의 100세 계약해당일 3. 납입기간 : 전기납 4. 보험료 및 보험가격지수 작성기준 : 최초계약, 40세, 20년만기, 전기납, 월납, 가입금액 3,000만원",15880058,보장성_상품비교_20260406102544980.xls,라이나생명,"(무)새로담는간편건강보험(3.10.5)(해약환급금미지급형,갱신형)",특약,"무배당 간편고지뇌졸중진단특약(3.10.5)(해약환급금미지급형,갱신형)","피보험자가 보험기간 중 뇌졸중으로 진단확정 되었을 때 (다만, 최초 1 회에 한하여 지급함)","1,500만원(단, 보험계약일부터 1년이 지난 보험계약해당일 전일 이전에 지급사유가 발생하였을 경우에는 상기금액의 50%를 지급",1500만원 원,4635  원,"2,685  원",2.25 %,-,-,90.8 %,82.7 %,-,-,-,-,보험기간(1년 초과),무해지/저해지환급,갱신형,비유니버셜,대면채널  TM,2026-02-02,"1. 가입나이 : 최초계약 기준 30세~80세 2. 보험기간 : 10년만기, 20년만기, 30년만기 ※최종 갱신계약의 보험기간 만료일은 피보험자의 100세 계약해당일 3. 납입기간 : 전기납 4. 보험료 및 보험가격지수 작성기준 : 최초계약, 40세, 20년만기, 전기납, 월납, 가입금액 3,000만원",15880058,,,,
주계약,재해사망보험금 (월납),주계약,재해사망보험금,피보험자가 보험기간 중 재해로 인하여 사망한 경우,"1,000만원","1,000만원 원",300 원,80 원,2.25 %,갱신형,TM,2026-01-01,"1. 가입나이 : 최초계약 기준 30세~80세 2. 보험기간 : 10년만기, 20년만기, 30년만기 ※최종 갱신계약의 보험기간 만료일은 피보험자의 100세 계약해당일 3. 납입기간 : 전기납 4. 보험료 및 보험가격지수 작성기준 : 최초계약, 40세, 20년만기, 전기납, 월납, 가입금액 1,000만원",15880058,보장성_상품비교_20260406102544980.xls,라이나생명,"(무)뉴스타트골라담는간편건강보험(해약환급금 미지급형,갱신형)",주계약,재해사망보험금,피보험자가 보험기간 중 재해로 인하여 사망한 경우,"1,000만원","1,000만원 원",300  원,80  원,2.25 %,-,-,91.3 %,94.6 %,-,-,-,-,보험기간(1년 초과),무해지/저해지환급,갱신형,비유니버셜,TM,2026-01-01,"1. 가입나이 : 최초계약 기준 30세~80세 2. 보험기간 : 10년만기, 20년만기, 30년만기 ※최종 갱신계약의 보험기간 만료일은 피보험자의 100세 계약해당일 3. 납입기간 : 전기납 4. 보험료 및 보험가격지수 작성기준 : 최초계약, 40세, 20년만기, 전기납, 월납, 가입금액 1,000만원",15880058,,,,
주계약,재해사망보험금 (월납),특약,"무배당뉴스타트간편고지뇌출혈진단특약(해약환급금미지급형,갱신형)","피보험자가 보험기간 중 뇌출혈로 진단확정 되었을 때 (다만, 최초 1회에 한하여 지급함)","3,000만원",3000만원 원,"3,450 원","2,430 원",2.25 %,갱신형,TM,2026-01-01,"1. 가입나이 : 최초계약 기준 30세~80세 2. 보험기간 : 10년만기, 20년만기, 30년만기 ※최종 갱신계약의 보험기간 만료일은 피보험자의 100세 계약해당일 3. 납입기간 : 전기납 4. 보험료 및 보험가격지수 작성기준 : 최초계약, 40세, 20년만기, 전기납, 월납, 가입금액 1,000만원",15880058,보장성_상품비교_20260406102544980.xls,라이나생명,"(무)뉴스타트골라담는간편건강보험(해약환급금 미지급형,갱신형)",특약,"무배당뉴스타트간편고지뇌출혈진단특약(해약환급금미지급형,갱신형)","피보험자가 보험기간 중 뇌출혈로 진단확정 되었을 때 (다만, 최초 1회에 한하여 지급함)","3,000만원",3000만원 원,3450  원,"2,430  원",2.25 %,-,-,91.3 %,94.6 %,-,-,-,-,보험기간(1년 초과),무해지/저해지환급,갱신형,비유니버셜,TM,2026-01-01,"1. 가입나이 : 최초계약 기준 30세~80세 2. 보험기간 : 10년만기, 20년만기, 30년만기 ※최종 갱신계약의 보험기간 만료일은 피보험자의 100세 계약해당일 3. 납입기간 : 전기납 4. 보험료 및 보험가격지수 작성기준 : 최초계약, 40세, 20년만기, 전기납, 월납, 가입금액 1,000만원",15880058,,,,
주계약,재해사망보험금 (월납),특약,"무배당뉴스타트간편고지급성심근경색증진단특약(해약환급금 미지급형,갱신형","피보험자가 보험기간 중 급성심근경색증으로 진단확정 되었을 때 (다만, 최초 1회에 한하여 지급함)","3,000만원",3000만원 원,"5,610 원","1,650 원",2.25 %,갱신형,TM,2026-01-01,"1. 가입나이 : 최초계약 기준 30세~80세 2. 보험기간 : 10년만기, 20년만기, 30년만기 ※최종 갱신계약의 보험기간 만료일은 피보험자의 100세 계약해당일 3. 납입기간 : 전기납 4. 보험료 및 보험가격지수 작성기준 : 최초계약, 40세, 20년만기, 전기납, 월납, 가입금액 1,000만원",15880058,보장성_상품비교_20260406102544980.xls,라이나생명,"(무)뉴스타트골라담는간편건강보험(해약환급금 미지급형,갱신형)",특약,"무배당뉴스타트간편고지급성심근경색증진단특약(해약환급금 미지급형,갱신형","피보험자가 보험기간 중 급성심근경색증으로 진단확정 되었을 때 (다만, 최초 1회에 한하여 지급함)","3,000만원",3000만원 원,5610  원,"1,650  원",2.25 %,-,-,91.3 %,94.6 %,-,-,-,-,보험기간(1년 초과),무해지/저해지환급,갱신형,비유니버셜,TM,2026-01-01,"1. 가입나이 : 최초계약 기준 30세~80세 2. 보험기간 : 10년만기, 20년만기, 30년만기 ※최종 갱신계약의 보험기간 만료일은 피보험자의 100세 계약해당일 3. 납입기간 : 전기납 4. 보험료 및 보험가격지수 작성기준 : 최초계약, 40세, 20년만기, 전기납, 월납, 가입금액 1,000만원",15880058,,,,
주계약,재해사망보험금 (월납),특약,"무배당뉴스타트간편고지심뇌혈관질환수술특약Ⅱ(해약환급금 미지급형,갱신형)",피보험자가 보험기간 중 “심뇌혈관 질환”으로 진단 확정되고 그 치료를 직접적인 목적으로 “관혈수술”을 받 았을 때 (수술1회당) ※이외 보장담보는 상품요약서 참조,1000만원,1000만원 원,"4,420 원","1,840 원",2.25 %,갱신형,TM,2026-01-01,"1. 가입나이 : 최초계약 기준 30세~80세 2. 보험기간 : 10년만기, 20년만기, 30년만기 ※최종 갱신계약의 보험기간 만료일은 피보험자의 100세 계약해당일 3. 납입기간 : 전기납 4. 보험료 및 보험가격지수 작성기준 : 최초계약, 40세, 20년만기, 전기납, 월납, 가입금액 1,000만원",15880058,보장성_상품비교_20260406102544980.xls,라이나생명,"(무)뉴스타트골라담는간편건강보험(해약환급금 미지급형,갱신형)",특약,"무배당뉴스타트간편고지심뇌혈관질환수술특약Ⅱ(해약환급금 미지급형,갱신형)",피보험자가 보험기간 중 “심뇌혈관 질환”으로 진단 확정되고 그 치료를 직접적인 목적으로 “관혈수술”을 받 았을 때 (수술1회당) ※이외 보장담보는 상품요약서 참조,1000만원,1000만원 원,4420  원,"1,840  원",2.25 %,-,-,91.3 %,94.6 %,-,-,-,-,보험기간(1년 초과),무해지/저해지환급,갱신형,비유니버셜,TM,2026-01-01,"1. 가입나이 : 최초계약 기준 30세~80세 2. 보험기간 : 10년만기, 20년만기, 30년만기 ※최종 갱신계약의 보험기간 만료일은 피보험자의 100세 계약해당일 3. 납입기간 : 전기납 4. 보험료 및 보험가격지수 작성기준 : 최초계약, 40세, 20년만기, 전기납, 월납, 가입금액 1,000만원",15880058,,,,
주계약,재해사망보험금 (월납),특약,"무배당뉴스타트간편고지특정심뇌혈관주요치료특약(해약환급금 미지급형,갱신형)","피보험자가 보험기간 중 뇌졸중의 치료를 직접적인 목적으로 “혈전용해치료”를 받았을 때 (단, 연간 1회를 한도로 함) ※이외 보장담보는 상품요약서 참조","3,000만원",3000만원 원,"5,730 원","2,010 원",2.25 %,갱신형,TM,2026-01-01,"1. 가입나이 : 최초계약 기준 30세~80세 2. 보험기간 : 10년만기, 20년만기, 30년만기 ※최종 갱신계약의 보험기간 만료일은 피보험자의 100세 계약해당일 3. 납입기간 : 전기납 4. 보험료 및 보험가격지수 작성기준 : 최초계약, 40세, 20년만기, 전기납, 월납, 가입금액 1,000만원",15880058,보장성_상품비교_20260406102544980.xls,라이나생명,"(무)뉴스타트골라담는간편건강보험(해약환급금 미지급형,갱신형)",특약,"무배당뉴스타트간편고지특정심뇌혈관주요치료특약(해약환급금 미지급형,갱신형)","피보험자가 보험기간 중 뇌졸중의 치료를 직접적인 목적으로 “혈전용해치료”를 받았을 때 (단, 연간 1회를 한도로 함) ※이외 보장담보는 상품요약서 참조","3,000만원",3000만원 원,5730  원,"2,010  원",2.25 %,-,-,91.3 %,94.6 %,-,-,-,-,보험기간(1년 초과),무해지/저해지환급,갱신형,비유니버셜,TM,2026-01-01,"1. 가입나이 : 최초계약 기준 30세~80세 2. 보험기간 : 10년만기, 20년만기, 30년만기 ※최종 갱신계약의 보험기간 만료일은 피보험자의 100세 계약해당일 3. 납입기간 : 전기납 4. 보험료 및 보험가격지수 작성기준 : 최초계약, 40세, 20년만기, 전기납, 월납, 가입금액 1,000만원",15880058,,,,
NH농협생명,ESG쏘옥NHe대중교통보험(무배당) (월납),주계약,대중교통재해 사망보험금,"피보험자가 보험기간 중‘대중교통 이용 중 교통사고’가 발생하고, 보험기간 중 그 ‘대중교통 이용 중 교통사고’를 직접적인 원인으로 사망한 경우","2,000만원","1,000만원","1,170 원",240 원,2.50 %,비갱신형,CM,2026-01-01,"""1. 가입나이 : 만19세 ~ 60세 2. 가입한도 : 1,000만원 단일 3. 보험기간 : 1년 4. 판매채널 : CM 5. 위 보험료 및 보험가격지수 예시는 주계약 , 40세, 1년만기, 연납, 주계약 가입금액 1,000만원기준입니다.""",1544-4000,보장성_상품비교_20260406102544980.xls,NH농협생명,ESG쏘옥NHe대중교통보험(무배당),주계약,대중교통재해 사망보험금,"피보험자가 보험기간 중‘대중교통 이용 중 교통사고’가 발생하고, 보험기간 중 그 ‘대중교통 이용 중 교통사고’를 직접적인 원인으로 사망한 경우","2,000만원","1,000만원",1170  원,240  원,2.50 %,-,-,224.4 %,223.6 %,-,-,-,-,보험기간(1년 이하),순수보장,비갱신형,비유니버셜,CM,2026-01-01,"""1. 가입나이 : 만19세 ~ 60세 2. 가입한도 : 1,000만원 단일 3. 보험기간 : 1년 4. 판매채널 : CM 5. 위 보험료 및 보험가격지수 예시는 주계약 , 40세, 1년만기, 연납, 주계약 가입금액 1,000만원기준입니다.""",1544-4000,,,,
NH농협생명,ESG쏘옥NHe대중교통보험(무배당) (월납),주계약,기타교통재해 사망보험금,"피보험자가 보험기간 중 ‘대중교통 이용 중 교통사고’를 제외한 교통재해가 발생하고, 보험기간 중 그 ‘대중교통 이용 중 교통사고’를 제외한 교통재해를 직접적인 원인으로 사망한 경우",500만원,"1,000만원","1,170 원",240 원,2.50 %,비갱신형,CM,2026-01-01,"""1. 가입나이 : 만19세 ~ 60세 2. 가입한도 : 1,000만원 단일 3. 보험기간 : 1년 4. 판매채널 : CM 5. 위 보험료 및 보험가격지수 예시는 주계약 , 40세, 1년만기, 연납, 주계약 가입금액 1,000만원기준입니다.""",1544-4000,보장성_상품비교_20260406102544980.xls,NH농협생명,ESG쏘옥NHe대중교통보험(무배당),주계약,기타교통재해 사망보험금,"피보험자가 보험기간 중 ‘대중교통 이용 중 교통사고’를 제외한 교통재해가 발생하고, 보험기간 중 그 ‘대중교통 이용 중 교통사고’를 제외한 교통재해를 직접적인 원인으로 사망한 경우",500만원,"1,000만원",1170  원,240  원,2.50 %,-,-,224.4 %,223.6 %,-,-,-,-,보험기간(1년 이하),순수보장,비갱신형,비유니버셜,CM,2026-01-01,"""1. 가입나이 : 만19세 ~ 60세 2. 가입한도 : 1,000만원 단일 3. 보험기간 : 1년 4. 판매채널 : CM 5. 위 보험료 및 보험가격지수 예시는 주계약 , 40세, 1년만기, 연납, 주계약 가입금액 1,000만원기준입니다.""",1544-4000,,,,
NH농협생명,심플한NH재해보험(무배당) (월납),주계약,재해사망보험금,피보험자가 보험기간 중 재해로 사망한 경우,"5,000만원","1,000만원","3,800 원","2,340 원",2.50 %,비갱신형,방카슈랑스,2025-08-04,"1. 가입나이 : 만15세 이상 ~ 80세 2. 가입한도 : 1,000만원 3. 보험기간 : 3년 4. 판매채널 : 방카슈랑스 5. 위 보험료 및 보험가격지수 예시는 주계약 가입금액 1,000만원, 가입연령 40세 기준, 3년 만기, 3년납, 월납 기준입니다.",1544-4000,보장성_상품비교_20260406102544980.xls,NH농협생명,심플한NH재해보험(무배당),주계약,재해사망보험금,피보험자가 보험기간 중 재해로 사망한 경우,"5,000만원","1,000만원",3800  원,"2,340  원",2.50 %,-,-,233.5 %,288.1 %,-,-,-,-,보험기간(1년 초과),순수보장,비갱신형,비유니버셜,방카슈랑스,2025-08-04,"1. 가입나이 : 만15세 이상 ~ 80세 2. 가입한도 : 1,000만원 3. 보험기간 : 3년 4. 판매채널 : 방카슈랑스 5. 위 보험료 및 보험가격지수 예시는 주계약 가입금액 1,000만원, 가입연령 40세 기준, 3년 만기, 3년납, 월납 기준입니다.",1544-4000,,,,
NH농협생명,심플한NH재해보험(무배당) (월납),주계약,재해장해연금,"피보험자가 이 계약의 보험기간 중 동일한 재해로 여러 신체부위의 장해지급률을 더하여 50%이상인 장해상태가 되었을때 (다만, 최초발생 1회에 한하여 지급) ※이외 보장담보는 상품요약서 참조",매년 500만원 X 10회,"1,000만원","3,800 원","2,340 원",2.50 %,비갱신형,방카슈랑스,2025-08-04,"1. 가입나이 : 만15세 이상 ~ 80세 2. 가입한도 : 1,000만원 3. 보험기간 : 3년 4. 판매채널 : 방카슈랑스 5. 위 보험료 및 보험가격지수 예시는 주계약 가입금액 1,000만원, 가입연령 40세 기준, 3년 만기, 3년납, 월납 기준입니다.",1544-4000,보장성_상품비교_20260406102544980.xls,NH농협생명,심플한NH재해보험(무배당),주계약,재해장해연금,"피보험자가 이 계약의 보험기간 중 동일한 재해로 여러 신체부위의 장해지급률을 더하여 50%이상인 장해상태가 되었을때 (다만, 최초발생 1회에 한하여 지급) ※이외 보장담보는 상품요약서 참조",매년 500만원 X 10회,"1,000만원",3800  원,"2,340  원",2.50 %,-,-,233.5 %,288.1 %,-,-,-,-,보험기간(1년 초과),순수보장,비갱신형,비유니버셜,방카슈랑스,2025-08-04,"1. 가입나이 : 만15세 이상 ~ 80세 2. 가입한도 : 1,000만원 3. 보험기간 : 3년 4. 판매채널 : 방카슈랑스 5. 위 보험료 및 보험가격지수 예시는 주계약 가입금액 1,000만원, 가입연령 40세 기준, 3년 만기, 3년납, 월납 기준입니다.",1544-4000,,,,
NH농협생명,심플한NH재해보험(무배당) (월납),주계약,응급실내원진료비(응급환자),피보험자가 이 계약의 보험기간 중 ‘응급실 내원 진료비 대상자(응급환자)’에 해당 되었을 때,3만원 (응급실내원 1회당),"1,000만원","3,800 원","2,340 원",2.50 %,비갱신형,방카슈랑스,2025-08-04,"1. 가입나이 : 만15세 이상 ~ 80세 2. 가입한도 : 1,000만원 3. 보험기간 : 3년 4. 판매채널 : 방카슈랑스 5. 위 보험료 및 보험가격지수 예시는 주계약 가입금액 1,000만원, 가입연령 40세 기준, 3년 만기, 3년납, 월납 기준입니다.",1544-4000,보장성_상품비교_20260406102544980.xls,NH농협생명,심플한NH재해보험(무배당),주계약,응급실내원진료비(응급환자),피보험자가 이 계약의 보험기간 중 ‘응급실 내원 진료비 대상자(응급환자)’에 해당 되었을 때,3만원 (응급실내원 1회당),"1,000만원",3800  원,"2,340  원",2.50 %,-,-,233.5 %,288.1 %,-,-,-,-,보험기간(1년 초과),순수보장,비갱신형,비유니버셜,방카슈랑스,2025-08-04,"1. 가입나이 : 만15세 이상 ~ 80세 2. 가입한도 : 1,000만원 3. 보험기간 : 3년 4. 판매채널 : 방카슈랑스 5. 위 보험료 및 보험가격지수 예시는 주계약 가입금액 1,000만원, 가입연령 40세 기준, 3년 만기, 3년납, 월납 기준입니다.",1544-4000,,,,
NH농협생명,NH모두안심재해보험(무배당) (월납),주계약,재해사망보험금,피보험자가 보험기간 중 재해로 사망한 경우,"3,000만원","3,000만원 원","1,530 원",684 원,2.50 %,비갱신형,방카슈랑스,2025-08-04,"1. 가입나이 : 만15세 이상 ~ 87세 2. 가입한도 : 10,000만원 (66세 이상은 최대 5,000만원) 3. 보험기간 : 3년 4. 판매채널 : 방카슈랑스(농·축협) 5. 위 보험료 및 보험가격지수 예시는 주계약 가입금액 3,000만원, 가입연령 40세 기준, 3년 만기, 3년납, 월납 기준입니다. 6. 위 특약보험료 예시는 가입금액 1,000만원, 가입연령 40세 기준, 3년 만기, 3년납, 월납 기준입니다. 7. 공시된 보험료와 상품요약서 상 보험료의 예시 기준이 다름에 따라 보험료가 다를 수 있습니다.",1544-4000,보장성_상품비교_20260406102544980.xls,NH농협생명,NH모두안심재해보험(무배당),주계약,재해사망보험금,피보험자가 보험기간 중 재해로 사망한 경우,"3,000만원","3,000만원 원",1530  원,684  원,2.50 %,-,-,319.5 %,481.2 %,-,-,-,-,보험기간(1년 초과),순수보장,비갱신형,비유니버셜,방카슈랑스,2025-08-04,"1. 가입나이 : 만15세 이상 ~ 87세 2. 가입한도 : 10,000만원 (66세 이상은 최대 5,000만원) 3. 보험기간 : 3년 4. 판매채널 : 방카슈랑스(농·축협) 5. 위 보험료 및 보험가격지수 예시는 주계약 가입금액 3,000만원, 가입연령 40세 기준, 3년 만기, 3년납, 월납 기준입니다. 6. 위 특약보험료 예시는 가입금액 1,000만원, 가입연령 40세 기준, 3년 만기, 3년납, 월납 기준입니다. 7. 공시된 보험료와 상품요약서 상 보험료의 예시 기준이 다름에 따라 보험료가 다를 수 있습니다.",1544-4000,,,,
NH농협생명,NH모두안심재해보험(무배당) (월납),특약,모두안심 재해장해연금특약(무배당),"피보험자가 이 특약의 보험기간 중 동일한 재해로 여러 신체부위의 장해지급률을 더하여 50%이상인 장해상태가 되었을때 (다만, 최초발생 1회에 한하여 지급) ※이외 보장담보는 상품요약서 참조",매년 500만원 X 10회,1000만원 원,462 원,216 원,2.50 %,비갱신형,방카슈랑스,2025-08-04,"1. 가입나이 : 만15세 이상 ~ 87세 2. 가입한도 : 10,000만원 (66세 이상은 최대 5,000만원) 3. 보험기간 : 3년 4. 판매채널 : 방카슈랑스(농·축협) 5. 위 보험료 및 보험가격지수 예시는 주계약 가입금액 3,000만원, 가입연령 40세 기준, 3년 만기, 3년납, 월납 기준입니다. 6. 위 특약보험료 예시는 가입금액 1,000만원, 가입연령 40세 기준, 3년 만기, 3년납, 월납 기준입니다. 7. 공시된 보험료와 상품요약서 상 보험료의 예시 기준이 다름에 따라 보험료가 다를 수 있습니다.",1544-4000,보장성_상품비교_20260406102544980.xls,NH농협생명,NH모두안심재해보험(무배당),특약,모두안심 재해장해연금특약(무배당),"피보험자가 이 특약의 보험기간 중 동일한 재해로 여러 신체부위의 장해지급률을 더하여 50%이상인 장해상태가 되었을때 (다만, 최초발생 1회에 한하여 지급) ※이외 보장담보는 상품요약서 참조",매년 500만원 X 10회,1000만원 원,462  원,216  원,2.50 %,-,-,319.5 %,481.2 %,-,-,-,-,보험기간(1년 초과),순수보장,비갱신형,비유니버셜,방카슈랑스,2025-08-04,"1. 가입나이 : 만15세 이상 ~ 87세 2. 가입한도 : 10,000만원 (66세 이상은 최대 5,000만원) 3. 보험기간 : 3년 4. 판매채널 : 방카슈랑스(농·축협) 5. 위 보험료 및 보험가격지수 예시는 주계약 가입금액 3,000만원, 가입연령 40세 기준, 3년 만기, 3년납, 월납 기준입니다. 6. 위 특약보험료 예시는 가입금액 1,000만원, 가입연령 40세 기준, 3년 만기, 3년납, 월납 기준입니다. 7. 공시된 보험료와 상품요약서 상 보험료의 예시 기준이 다름에 따라 보험료가 다를 수 있습니다.",1544-4000,,,,
NH농협생명,NH모두안심재해보험(무배당) (월납),특약,모두안심 응급실내원특약(무배당),피보험자가 이 특약의 보험기간 중 ‘응급실 내원 진료비 대상자(응급환자)’에 해당 되었을 때,3만원 (응급실내원 1회당),1000만원 원,460 원,450 원,2.50 %,비갱신형,방카슈랑스,2025-08-04,"1. 가입나이 : 만15세 이상 ~ 87세 2. 가입한도 : 10,000만원 (66세 이상은 최대 5,000만원) 3. 보험기간 : 3년 4. 판매채널 : 방카슈랑스(농·축협) 5. 위 보험료 및 보험가격지수 예시는 주계약 가입금액 3,000만원, 가입연령 40세 기준, 3년 만기, 3년납, 월납 기준입니다. 6. 위 특약보험료 예시는 가입금액 1,000만원, 가입연령 40세 기준, 3년 만기, 3년납, 월납 기준입니다. 7. 공시된 보험료와 상품요약서 상 보험료의 예시 기준이 다름에 따라 보험료가 다를 수 있습니다.",1544-4000,보장성_상품비교_20260406102544980.xls,NH농협생명,NH모두안심재해보험(무배당),특약,모두안심 응급실내원특약(무배당),피보험자가 이 특약의 보험기간 중 ‘응급실 내원 진료비 대상자(응급환자)’에 해당 되었을 때,3만원 (응급실내원 1회당),1000만원 원,460  원,450  원,2.50 %,-,-,319.5 %,481.2 %,-,-,-,-,보험기간(1년 초과),순수보장,비갱신형,비유니버셜,방카슈랑스,2025-08-04,"1. 가입나이 : 만15세 이상 ~ 87세 2. 가입한도 : 10,000만원 (66세 이상은 최대 5,000만원) 3. 보험기간 : 3년 4. 판매채널 : 방카슈랑스(농·축협) 5. 위 보험료 및 보험가격지수 예시는 주계약 가입금액 3,000만원, 가입연령 40세 기준, 3년 만기, 3년납, 월납 기준입니다. 6. 위 특약보험료 예시는 가입금액 1,000만원, 가입연령 40세 기준, 3년 만기, 3년납, 월납 기준입니다. 7. 공시된 보험료와 상품요약서 상 보험료의 예시 기준이 다름에 따라 보험료가 다를 수 있습니다.",1544-4000,,,,
NH농협생명,효밍아웃NH부모님안전보험(무배당)_2404 (월납),주계약,재해골절 치료급여금,피보험자가 보험기간 중 재해를 직접적인 원인으로 재해골절(치아파절 제외)이 발생하였을 때,20만원 (재해골절발생 1회당),"1,000만원","9,500 원","9,000 원",2.50 %,비갱신형,방카슈랑스,2025-06-09,"1. 가입나이 : 만19세 이상 2. 가입한도 : 1,000만원 3. 보험기간 : 1년 4. 판매채널 : 방카슈랑스 5. 위 보험료 및 보험가격지수 예시는 주계약 가입금액 1,000만원, 가입연령 40세 기준, 1년 만기, 1년납, 연납 기준입니다.",1544-4000,보장성_상품비교_20260406102544980.xls,NH농협생명,효밍아웃NH부모님안전보험(무배당)_2404,주계약,재해골절 치료급여금,피보험자가 보험기간 중 재해를 직접적인 원인으로 재해골절(치아파절 제외)이 발생하였을 때,20만원 (재해골절발생 1회당),"1,000만원",9500  원,"9,000  원",2.50 %,-,-,84.3 %,78.2 %,-,-,-,-,보험기간(1년 이하),순수보장,비갱신형,비유니버셜,방카슈랑스,2025-06-09,"1. 가입나이 : 만19세 이상 2. 가입한도 : 1,000만원 3. 보험기간 : 1년 4. 판매채널 : 방카슈랑스 5. 위 보험료 및 보험가격지수 예시는 주계약 가입금액 1,000만원, 가입연령 40세 기준, 1년 만기, 1년납, 연납 기준입니다.",1544-4000,,,,
NH농협생명,효밍아웃NH부모님안전보험(무배당)_2404 (월납),주계약,깁스치료급여금,피보험자가 보험기간 중 ‘깁스(Cast)’ 치료를 받았을 때,5만원 (깁스치료 1회당),"1,000만원","9,500 원","9,000 원",2.50 %,비갱신형,방카슈랑스,2025-06-09,"1. 가입나이 : 만19세 이상 2. 가입한도 : 1,000만원 3. 보험기간 : 1년 4. 판매채널 : 방카슈랑스 5. 위 보험료 및 보험가격지수 예시는 주계약 가입금액 1,000만원, 가입연령 40세 기준, 1년 만기, 1년납, 연납 기준입니다.",1544-4000,보장성_상품비교_20260406102544980.xls,NH농협생명,효밍아웃NH부모님안전보험(무배당)_2404,주계약,깁스치료급여금,피보험자가 보험기간 중 ‘깁스(Cast)’ 치료를 받았을 때,5만원 (깁스치료 1회당),"1,000만원",9500  원,"9,000  원",2.50 %,-,-,84.3 %,78.2 %,-,-,-,-,보험기간(1년 이하),순수보장,비갱신형,비유니버셜,방카슈랑스,2025-06-09,"1. 가입나이 : 만19세 이상 2. 가입한도 : 1,000만원 3. 보험기간 : 1년 4. 판매채널 : 방카슈랑스 5. 위 보험료 및 보험가격지수 예시는 주계약 가입금액 1,000만원, 가입연령 40세 기준, 1년 만기, 1년납, 연납 기준입니다.",1544-4000,,,,
NH농협생명,효밍아웃NH부모님안전보험(무배당)_2404 (월납),주계약,아나필락시스 쇼크진단보험금,피보험자가 보험기간 중 ‘아나필락시스쇼크’로 진단확정 되었을 때,200만원 (최초 1회한),"1,000만원","9,500 원","9,000 원",2.50 %,비갱신형,방카슈랑스,2025-06-09,"1. 가입나이 : 만19세 이상 2. 가입한도 : 1,000만원 3. 보험기간 : 1년 4. 판매채널 : 방카슈랑스 5. 위 보험료 및 보험가격지수 예시는 주계약 가입금액 1,000만원, 가입연령 40세 기준, 1년 만기, 1년납, 연납 기준입니다.",1544-4000,보장성_상품비교_20260406102544980.xls,NH농협생명,효밍아웃NH부모님안전보험(무배당)_2404,주계약,아나필락시스 쇼크진단보험금,피보험자가 보험기간 중 ‘아나필락시스쇼크’로 진단확정 되었을 때,200만원 (최초 1회한),"1,000만원",9500  원,"9,000  원",2.50 %,-,-,84.3 %,78.2 %,-,-,-,-,보험기간(1년 이하),순수보장,비갱신형,비유니버셜,방카슈랑스,2025-06-09,"1. 가입나이 : 만19세 이상 2. 가입한도 : 1,000만원 3. 보험기간 : 1년 4. 판매채널 : 방카슈랑스 5. 위 보험료 및 보험가격지수 예시는 주계약 가입금액 1,000만원, 가입연령 40세 기준, 1년 만기, 1년납, 연납 기준입니다.",1544-4000,,,,
NH농협생명,효밍아웃NH부모님안전보험(무배당)_2404 (월납),주계약,강력범죄·폭력사고 위로금,"피보험자가 보험기간 중 """"강력범죄·폭력사고""""를 직접적인 원인으로 피해자가 되어 """"전치 1개월(4주)을 초과하는 상해""""가 발생하였을 때 (동일사고에 의한 경우 1회에 한함)",300만원 (사고 1회당),"1,000만원","9,500 원","9,000 원",2.50 %,비갱신형,방카슈랑스,2025-06-09,"1. 가입나이 : 만19세 이상 2. 가입한도 : 1,000만원 3. 보험기간 : 1년 4. 판매채널 : 방카슈랑스 5. 위 보험료 및 보험가격지수 예시는 주계약 가입금액 1,000만원, 가입연령 40세 기준, 1년 만기, 1년납, 연납 기준입니다.",1544-4000,보장성_상품비교_20260406102544980.xls,NH농협생명,효밍아웃NH부모님안전보험(무배당)_2404,주계약,강력범죄·폭력사고 위로금,"피보험자가 보험기간 중 """"강력범죄·폭력사고""""를 직접적인 원인으로 피해자가 되어 """"전치 1개월(4주)을 초과하는 상해""""가 발생하였을 때 (동일사고에 의한 경우 1회에 한함)",300만원 (사고 1회당),"1,000만원",9500  원,"9,000  원",2.50 %,-,-,84.3 %,78.2 %,-,-,-,-,보험기간(1년 이하),순수보장,비갱신형,비유니버셜,방카슈랑스,2025-06-09,"1. 가입나이 : 만19세 이상 2. 가입한도 : 1,000만원 3. 보험기간 : 1년 4. 판매채널 : 방카슈랑스 5. 위 보험료 및 보험가격지수 예시는 주계약 가입금액 1,000만원, 가입연령 40세 기준, 1년 만기, 1년납, 연납 기준입니다.",1544-4000,,,,
NH농협생명,농작업근로자NH안전보험(무배당) (월납),주계약,유족급여금,피보험자가 보험기간 중에 농업작업안전재해 또는 농업작업안전질병으로 사망하였을 때,"1,000만원","1,000만원","30,300 원","30,300 원",2.25 %,비갱신형,방카슈랑스,2026-01-01,"1. 가입나이 : 만15세 ~ 87세 2. 가입한도 : 1,000만원 단일 3. 보험기간 : 1종(일반형)의 경우 1일~89일(일단위), 2종(외국인계절근로자(E-8)형)의 경우 3개월~8개월(월단위) 4. 판매채널 : 방카슈랑스(농·축협) 5. 위 보험료 예시는 주계약 1종(일반형), 기본형, 40세, 89일만기, 일시납, 주계약 가입금액 1,000만원기준입니다. 6. 위 보험가격지수 예시는 주계약 1종(일반형), 기본형, 40세, 1년만기, 일시납, 주계약 가입금액 1,000만원기준입니다.",1544-4000,보장성_상품비교_20260406102544980.xls,NH농협생명,농작업근로자NH안전보험(무배당),주계약,유족급여금,피보험자가 보험기간 중에 농업작업안전재해 또는 농업작업안전질병으로 사망하였을 때,"1,000만원","1,000만원",30300  원,"30,300  원",2.25 %,-,-,91.4 %,84.5 %,-,-,-,-,보험기간(1년 이하),순수보장,비갱신형,비유니버셜,방카슈랑스,2026-01-01,"1. 가입나이 : 만15세 ~ 87세 2. 가입한도 : 1,000만원 단일 3. 보험기간 : 1종(일반형)의 경우 1일~89일(일단위), 2종(외국인계절근로자(E-8)형)의 경우 3개월~8개월(월단위) 4. 판매채널 : 방카슈랑스(농·축협) 5. 위 보험료 예시는 주계약 1종(일반형), 기본형, 40세, 89일만기, 일시납, 주계약 가입금액 1,000만원기준입니다. 6. 위 보험가격지수 예시는 주계약 1종(일반형), 기본형, 40세, 1년만기, 일시납, 주계약 가입금액 1,000만원기준입니다.",1544-4000,,,,
NH농협생명,농작업근로자NH안전보험(무배당) (월납),주계약,장례비,피보험자가 보험기간 중에 농업작업안전재해 또는 농업작업안전질병으로 사망하였을 때,100만원,"1,000만원","30,300 원","30,300 원",2.25 %,비갱신형,방카슈랑스,2026-01-01,"1. 가입나이 : 만15세 ~ 87세 2. 가입한도 : 1,000만원 단일 3. 보험기간 : 1종(일반형)의 경우 1일~89일(일단위), 2종(외국인계절근로자(E-8)형)의 경우 3개월~8개월(월단위) 4. 판매채널 : 방카슈랑스(농·축협) 5. 위 보험료 예시는 주계약 1종(일반형), 기본형, 40세, 89일만기, 일시납, 주계약 가입금액 1,000만원기준입니다. 6. 위 보험가격지수 예시는 주계약 1종(일반형), 기본형, 40세, 1년만기, 일시납, 주계약 가입금액 1,000만원기준입니다.",1544-4000,보장성_상품비교_20260406102544980.xls,NH농협생명,농작업근로자NH안전보험(무배당),주계약,장례비,피보험자가 보험기간 중에 농업작업안전재해 또는 농업작업안전질병으로 사망하였을 때,100만원,"1,000만원",30300  원,"30,300  원",2.25 %,-,-,91.4 %,84.5 %,-,-,-,-,보험기간(1년 이하),순수보장,비갱신형,비유니버셜,방카슈랑스,2026-01-01,"1. 가입나이 : 만15세 ~ 87세 2. 가입한도 : 1,000만원 단일 3. 보험기간 : 1종(일반형)의 경우 1일~89일(일단위), 2종(외국인계절근로자(E-8)형)의 경우 3개월~8개월(월단위) 4. 판매채널 : 방카슈랑스(농·축협) 5. 위 보험료 예시는 주계약 1종(일반형), 기본형, 40세, 89일만기, 일시납, 주계약 가입금액 1,000만원기준입니다. 6. 위 보험가격지수 예시는 주계약 1종(일반형), 기본형, 40세, 1년만기, 일시납, 주계약 가입금액 1,000만원기준입니다.",1544-4000,,,,
NH농협생명,농작업근로자NH안전보험(무배당) (월납),주계약,고도장해급여금,피보험자가 보험기간 중에 동일한 농업작업안전재해 또는 동일한 농업작업안전질병으로 인하여 장해분류표 상의 여러 신체부위의 장해지급률을 더하여 80% 이상인 장해상태가 되었을 때(최초 1회 한),"1,000만원","1,000만원","30,300 원","30,300 원",2.25 %,비갱신형,방카슈랑스,2026-01-01,"1. 가입나이 : 만15세 ~ 87세 2. 가입한도 : 1,000만원 단일 3. 보험기간 : 1종(일반형)의 경우 1일~89일(일단위), 2종(외국인계절근로자(E-8)형)의 경우 3개월~8개월(월단위) 4. 판매채널 : 방카슈랑스(농·축협) 5. 위 보험료 예시는 주계약 1종(일반형), 기본형, 40세, 89일만기, 일시납, 주계약 가입금액 1,000만원기준입니다. 6. 위 보험가격지수 예시는 주계약 1종(일반형), 기본형, 40세, 1년만기, 일시납, 주계약 가입금액 1,000만원기준입니다.",1544-4000,보장성_상품비교_20260406102544980.xls,NH농협생명,농작업근로자NH안전보험(무배당),주계약,고도장해급여금,피보험자가 보험기간 중에 동일한 농업작업안전재해 또는 동일한 농업작업안전질병으로 인하여 장해분류표 상의 여러 신체부위의 장해지급률을 더하여 80% 이상인 장해상태가 되었을 때(최초 1회 한),"1,000만원","1,000만원",30300  원,"30,300  원",2.25 %,-,-,91.4 %,84.5 %,-,-,-,-,보험기간(1년 이하),순수보장,비갱신형,비유니버셜,방카슈랑스,2026-01-01,"1. 가입나이 : 만15세 ~ 87세 2. 가입한도 : 1,000만원 단일 3. 보험기간 : 1종(일반형)의 경우 1일~89일(일단위), 2종(외국인계절근로자(E-8)형)의 경우 3개월~8개월(월단위) 4. 판매채널 : 방카슈랑스(농·축협) 5. 위 보험료 예시는 주계약 1종(일반형), 기본형, 40세, 89일만기, 일시납, 주계약 가입금액 1,000만원기준입니다. 6. 위 보험가격지수 예시는 주계약 1종(일반형), 기본형, 40세, 1년만기, 일시납, 주계약 가입금액 1,000만원기준입니다.",1544-4000,,,,
NH농협생명,농작업근로자NH안전보험(무배당) (월납),주계약,재해장해급여금,피보험자가 보험기간 중에 농업작업안전재해로 인하여 장해분류표에서 정한 장해지급률 중 3%이상 80% 미만 장해상태가 되었을 때,"1,000만원 X 장해율","1,000만원","30,300 원","30,300 원",2.25 %,비갱신형,방카슈랑스,2026-01-01,"1. 가입나이 : 만15세 ~ 87세 2. 가입한도 : 1,000만원 단일 3. 보험기간 : 1종(일반형)의 경우 1일~89일(일단위), 2종(외국인계절근로자(E-8)형)의 경우 3개월~8개월(월단위) 4. 판매채널 : 방카슈랑스(농·축협) 5. 위 보험료 예시는 주계약 1종(일반형), 기본형, 40세, 89일만기, 일시납, 주계약 가입금액 1,000만원기준입니다. 6. 위 보험가격지수 예시는 주계약 1종(일반형), 기본형, 40세, 1년만기, 일시납, 주계약 가입금액 1,000만원기준입니다.",1544-4000,보장성_상품비교_20260406102544980.xls,NH농협생명,농작업근로자NH안전보험(무배당),주계약,재해장해급여금,피보험자가 보험기간 중에 농업작업안전재해로 인하여 장해분류표에서 정한 장해지급률 중 3%이상 80% 미만 장해상태가 되었을 때,"1,000만원 X 장해율","1,000만원",30300  원,"30,300  원",2.25 %,-,-,91.4 %,84.5 %,-,-,-,-,보험기간(1년 이하),순수보장,비갱신형,비유니버셜,방카슈랑스,2026-01-01,"1. 가입나이 : 만15세 ~ 87세 2. 가입한도 : 1,000만원 단일 3. 보험기간 : 1종(일반형)의 경우 1일~89일(일단위), 2종(외국인계절근로자(E-8)형)의 경우 3개월~8개월(월단위) 4. 판매채널 : 방카슈랑스(농·축협) 5. 위 보험료 예시는 주계약 1종(일반형), 기본형, 40세, 89일만기, 일시납, 주계약 가입금액 1,000만원기준입니다. 6. 위 보험가격지수 예시는 주계약 1종(일반형), 기본형, 40세, 1년만기, 일시납, 주계약 가입금액 1,000만원기준입니다.",1544-4000,,,,
NH농협생명,농작업근로자NH안전보험(무배당) (월납),주계약,간병급여금,피보험자가 보험기간 중에 동일한 농업작업안전재해로 인하여 장해분류표 상의 여러 신체부위의 장해지급률을 더하여 50% 이상인 장해상태가 되었을 때 또는 동일한 농업작업안전질병으로 인하여 장해분류표 상의 여러 신체부위의 장해지급률을 더하여 80% 이상인 장해상태가 되었을 때(각각 최초 1회 한),500만원,"1,000만원","30,300 원","30,300 원",2.25 %,비갱신형,방카슈랑스,2026-01-01,"1. 가입나이 : 만15세 ~ 87세 2. 가입한도 : 1,000만원 단일 3. 보험기간 : 1종(일반형)의 경우 1일~89일(일단위), 2종(외국인계절근로자(E-8)형)의 경우 3개월~8개월(월단위) 4. 판매채널 : 방카슈랑스(농·축협) 5. 위 보험료 예시는 주계약 1종(일반형), 기본형, 40세, 89일만기, 일시납, 주계약 가입금액 1,000만원기준입니다. 6. 위 보험가격지수 예시는 주계약 1종(일반형), 기본형, 40세, 1년만기, 일시납, 주계약 가입금액 1,000만원기준입니다.",1544-4000,보장성_상품비교_20260406102544980.xls,NH농협생명,농작업근로자NH안전보험(무배당),주계약,간병급여금,피보험자가 보험기간 중에 동일한 농업작업안전재해로 인하여 장해분류표 상의 여러 신체부위의 장해지급률을 더하여 50% 이상인 장해상태가 되었을 때 또는 동일한 농업작업안전질병으로 인하여 장해분류표 상의 여러 신체부위의 장해지급률을 더하여 80% 이상인 장해상태가 되었을 때(각각 최초 1회 한),500만원,"1,000만원",30300  원,"30,300  원",2.25 %,-,-,91.4 %,84.5 %,-,-,-,-,보험기간(1년 이하),순수보장,비갱신형,비유니버셜,방카슈랑스,2026-01-01,"1. 가입나이 : 만15세 ~ 87세 2. 가입한도 : 1,000만원 단일 3. 보험기간 : 1종(일반형)의 경우 1일~89일(일단위), 2종(외국인계절근로자(E-8)형)의 경우 3개월~8개월(월단위) 4. 판매채널 : 방카슈랑스(농·축협) 5. 위 보험료 예시는 주계약 1종(일반형), 기본형, 40세, 89일만기, 일시납, 주계약 가입금액 1,000만원기준입니다. 6. 위 보험가격지수 예시는 주계약 1종(일반형), 기본형, 40세, 1년만기, 일시납, 주계약 가입금액 1,000만원기준입니다.",1544-4000,,,,
NH농협생명,농작업근로자NH안전보험(무배당) (월납),주계약,휴업(입원)급여금,피보험자가 보험기간 중에 농업작업안전재해 또는 농업작업안전질병으로 인하여 그 치료를 직접목적으로 4일 이상 계속하여 입원하였을 때(1회 입원당 120일 한도),2만원(3일 초과 입원 1일당),"1,000만원","30,300 원","30,300 원",2.25 %,비갱신형,방카슈랑스,2026-01-01,"1. 가입나이 : 만15세 ~ 87세 2. 가입한도 : 1,000만원 단일 3. 보험기간 : 1종(일반형)의 경우 1일~89일(일단위), 2종(외국인계절근로자(E-8)형)의 경우 3개월~8개월(월단위) 4. 판매채널 : 방카슈랑스(농·축협) 5. 위 보험료 예시는 주계약 1종(일반형), 기본형, 40세, 89일만기, 일시납, 주계약 가입금액 1,000만원기준입니다. 6. 위 보험가격지수 예시는 주계약 1종(일반형), 기본형, 40세, 1년만기, 일시납, 주계약 가입금액 1,000만원기준입니다.",1544-4000,보장성_상품비교_20260406102544980.xls,NH농협생명,농작업근로자NH안전보험(무배당),주계약,휴업(입원)급여금,피보험자가 보험기간 중에 농업작업안전재해 또는 농업작업안전질병으로 인하여 그 치료를 직접목적으로 4일 이상 계속하여 입원하였을 때(1회 입원당 120일 한도),2만원(3일 초과 입원 1일당),"1,000만원",30300  원,"30,300  원",2.25 %,-,-,91.4 %,84.5 %,-,-,-,-,보험기간(1년 이하),순수보장,비갱신형,비유니버셜,방카슈랑스,2026-01-01,"1. 가입나이 : 만15세 ~ 87세 2. 가입한도 : 1,000만원 단일 3. 보험기간 : 1종(일반형)의 경우 1일~89일(일단위), 2종(외국인계절근로자(E-8)형)의 경우 3개월~8개월(월단위) 4. 판매채널 : 방카슈랑스(농·축협) 5. 위 보험료 예시는 주계약 1종(일반형), 기본형, 40세, 89일만기, 일시납, 주계약 가입금액 1,000만원기준입니다. 6. 위 보험가격지수 예시는 주계약 1종(일반형), 기본형, 40세, 1년만기, 일시납, 주계약 가입금액 1,000만원기준입니다.",1544-4000,,,,
NH농협생명,농작업근로자NH안전보험(무배당) (월납),주계약,재활급여금(고도장해),피보험자가 보험기간 중에 동일한 농업작업안전재해 또는 동일한 농업작업안전질병으로 인하여 장해분류표 상의 여러 신체부위의 장해지급률을 더하여 80% 이상인 장해상태가 되었을 때(최초 1회 한),500만원,"1,000만원","30,300 원","30,300 원",2.25 %,비갱신형,방카슈랑스,2026-01-01,"1. 가입나이 : 만15세 ~ 87세 2. 가입한도 : 1,000만원 단일 3. 보험기간 : 1종(일반형)의 경우 1일~89일(일단위), 2종(외국인계절근로자(E-8)형)의 경우 3개월~8개월(월단위) 4. 판매채널 : 방카슈랑스(농·축협) 5. 위 보험료 예시는 주계약 1종(일반형), 기본형, 40세, 89일만기, 일시납, 주계약 가입금액 1,000만원기준입니다. 6. 위 보험가격지수 예시는 주계약 1종(일반형), 기본형, 40세, 1년만기, 일시납, 주계약 가입금액 1,000만원기준입니다.",1544-4000,보장성_상품비교_20260406102544980.xls,NH농협생명,농작업근로자NH안전보험(무배당),주계약,재활급여금(고도장해),피보험자가 보험기간 중에 동일한 농업작업안전재해 또는 동일한 농업작업안전질병으로 인하여 장해분류표 상의 여러 신체부위의 장해지급률을 더하여 80% 이상인 장해상태가 되었을 때(최초 1회 한),500만원,"1,000만원",30300  원,"30,300  원",2.25 %,-,-,91.4 %,84.5 %,-,-,-,-,보험기간(1년 이하),순수보장,비갱신형,비유니버셜,방카슈랑스,2026-01-01,"1. 가입나이 : 만15세 ~ 87세 2. 가입한도 : 1,000만원 단일 3. 보험기간 : 1종(일반형)의 경우 1일~89일(일단위), 2종(외국인계절근로자(E-8)형)의 경우 3개월~8개월(월단위) 4. 판매채널 : 방카슈랑스(농·축협) 5. 위 보험료 예시는 주계약 1종(일반형), 기본형, 40세, 89일만기, 일시납, 주계약 가입금액 1,000만원기준입니다. 6. 위 보험가격지수 예시는 주계약 1종(일반형), 기본형, 40세, 1년만기, 일시납, 주계약 가입금액 1,000만원기준입니다.",1544-4000,,,,
NH농협생명,농작업근로자NH안전보험(무배당) (월납),주계약,재활급여금(재해장해),피보험자가 보험기간 중에 농업작업안전재해로 인하여 장해분류표에서 정한 장해지급률 중 3%이상 80% 미만 장해상태가 되었을 때,500만원 X 장해율,"1,000만원","30,300 원","30,300 원",2.25 %,비갱신형,방카슈랑스,2026-01-01,"1. 가입나이 : 만15세 ~ 87세 2. 가입한도 : 1,000만원 단일 3. 보험기간 : 1종(일반형)의 경우 1일~89일(일단위), 2종(외국인계절근로자(E-8)형)의 경우 3개월~8개월(월단위) 4. 판매채널 : 방카슈랑스(농·축협) 5. 위 보험료 예시는 주계약 1종(일반형), 기본형, 40세, 89일만기, 일시납, 주계약 가입금액 1,000만원기준입니다. 6. 위 보험가격지수 예시는 주계약 1종(일반형), 기본형, 40세, 1년만기, 일시납, 주계약 가입금액 1,000만원기준입니다.",1544-4000,보장성_상품비교_20260406102544980.xls,NH농협생명,농작업근로자NH안전보험(무배당),주계약,재활급여금(재해장해),피보험자가 보험기간 중에 농업작업안전재해로 인하여 장해분류표에서 정한 장해지급률 중 3%이상 80% 미만 장해상태가 되었을 때,500만원 X 장해율,"1,000만원",30300  원,"30,300  원",2.25 %,-,-,91.4 %,84.5 %,-,-,-,-,보험기간(1년 이하),순수보장,비갱신형,비유니버셜,방카슈랑스,2026-01-01,"1. 가입나이 : 만15세 ~ 87세 2. 가입한도 : 1,000만원 단일 3. 보험기간 : 1종(일반형)의 경우 1일~89일(일단위), 2종(외국인계절근로자(E-8)형)의 경우 3개월~8개월(월단위) 4. 판매채널 : 방카슈랑스(농·축협) 5. 위 보험료 예시는 주계약 1종(일반형), 기본형, 40세, 89일만기, 일시납, 주계약 가입금액 1,000만원기준입니다. 6. 위 보험가격지수 예시는 주계약 1종(일반형), 기본형, 40세, 1년만기, 일시납, 주계약 가입금액 1,000만원기준입니다.",1544-4000,,,,
NH농협생명,농작업근로자NH안전보험(무배당) (월납),주계약,특정감염병진단급여금,피보험자가 보험기간 중에 특정감염병으로 진단 확정되었을 때,30만원(진단1회당),"1,000만원","30,300 원","30,300 원",2.25 %,비갱신형,방카슈랑스,2026-01-01,"1. 가입나이 : 만15세 ~ 87세 2. 가입한도 : 1,000만원 단일 3. 보험기간 : 1종(일반형)의 경우 1일~89일(일단위), 2종(외국인계절근로자(E-8)형)의 경우 3개월~8개월(월단위) 4. 판매채널 : 방카슈랑스(농·축협) 5. 위 보험료 예시는 주계약 1종(일반형), 기본형, 40세, 89일만기, 일시납, 주계약 가입금액 1,000만원기준입니다. 6. 위 보험가격지수 예시는 주계약 1종(일반형), 기본형, 40세, 1년만기, 일시납, 주계약 가입금액 1,000만원기준입니다.",1544-4000,보장성_상품비교_20260406102544980.xls,NH농협생명,농작업근로자NH안전보험(무배당),주계약,특정감염병진단급여금,피보험자가 보험기간 중에 특정감염병으로 진단 확정되었을 때,30만원(진단1회당),"1,000만원",30300  원,"30,300  원",2.25 %,-,-,91.4 %,84.5 %,-,-,-,-,보험기간(1년 이하),순수보장,비갱신형,비유니버셜,방카슈랑스,2026-01-01,"1. 가입나이 : 만15세 ~ 87세 2. 가입한도 : 1,000만원 단일 3. 보험기간 : 1종(일반형)의 경우 1일~89일(일단위), 2종(외국인계절근로자(E-8)형)의 경우 3개월~8개월(월단위) 4. 판매채널 : 방카슈랑스(농·축협) 5. 위 보험료 예시는 주계약 1종(일반형), 기본형, 40세, 89일만기, 일시납, 주계약 가입금액 1,000만원기준입니다. 6. 위 보험가격지수 예시는 주계약 1종(일반형), 기본형, 40세, 1년만기, 일시납, 주계약 가입금액 1,000만원기준입니다.",1544-4000,,,,
NH농협생명,농작업근로자NH안전보험(무배당) (월납),주계약,특정질병수술급여금,피보험자가 보험기간 중에 특정질병으로 수술을 받았을 때,30만원(수술1회당),"1,000만원","30,300 원","30,300 원",2.25 %,비갱신형,방카슈랑스,2026-01-01,"1. 가입나이 : 만15세 ~ 87세 2. 가입한도 : 1,000만원 단일 3. 보험기간 : 1종(일반형)의 경우 1일~89일(일단위), 2종(외국인계절근로자(E-8)형)의 경우 3개월~8개월(월단위) 4. 판매채널 : 방카슈랑스(농·축협) 5. 위 보험료 예시는 주계약 1종(일반형), 기본형, 40세, 89일만기, 일시납, 주계약 가입금액 1,000만원기준입니다. 6. 위 보험가격지수 예시는 주계약 1종(일반형), 기본형, 40세, 1년만기, 일시납, 주계약 가입금액 1,000만원기준입니다.",1544-4000,보장성_상품비교_20260406102544980.xls,NH농협생명,농작업근로자NH안전보험(무배당),주계약,특정질병수술급여금,피보험자가 보험기간 중에 특정질병으로 수술을 받았을 때,30만원(수술1회당),"1,000만원",30300  원,"30,300  원",2.25 %,-,-,91.4 %,84.5 %,-,-,-,-,보험기간(1년 이하),순수보장,비갱신형,비유니버셜,방카슈랑스,2026-01-01,"1. 가입나이 : 만15세 ~ 87세 2. 가입한도 : 1,000만원 단일 3. 보험기간 : 1종(일반형)의 경우 1일~89일(일단위), 2종(외국인계절근로자(E-8)형)의 경우 3개월~8개월(월단위) 4. 판매채널 : 방카슈랑스(농·축협) 5. 위 보험료 예시는 주계약 1종(일반형), 기본형, 40세, 89일만기, 일시납, 주계약 가입금액 1,000만원기준입니다. 6. 위 보험가격지수 예시는 주계약 1종(일반형), 기본형, 40세, 1년만기, 일시납, 주계약 가입금액 1,000만원기준입니다.",1544-4000,,,,
NH농협생명,농작업근로자NH안전보험(무배당) (월납),주계약,상해·질병치료급여금,피보험자가 보험기간 중에 농업작업안전재해 또는 농업작업안전질병으로 치료를 받았을 때,"- 입원 5,000만원 한도 - 통원 20만원, 처방 10만원 한도 - 도수치료 350만원, 주사료 250만원, MRI 300만원 한도","1,000만원","30,300 원","30,300 원",2.25 %,비갱신형,방카슈랑스,2026-01-01,"1. 가입나이 : 만15세 ~ 87세 2. 가입한도 : 1,000만원 단일 3. 보험기간 : 1종(일반형)의 경우 1일~89일(일단위), 2종(외국인계절근로자(E-8)형)의 경우 3개월~8개월(월단위) 4. 판매채널 : 방카슈랑스(농·축협) 5. 위 보험료 예시는 주계약 1종(일반형), 기본형, 40세, 89일만기, 일시납, 주계약 가입금액 1,000만원기준입니다. 6. 위 보험가격지수 예시는 주계약 1종(일반형), 기본형, 40세, 1년만기, 일시납, 주계약 가입금액 1,000만원기준입니다.",1544-4000,보장성_상품비교_20260406102544980.xls,NH농협생명,농작업근로자NH안전보험(무배당),주계약,상해·질병치료급여금,피보험자가 보험기간 중에 농업작업안전재해 또는 농업작업안전질병으로 치료를 받았을 때,"- 입원 5,000만원 한도 - 통원 20만원, 처방 10만원 한도 - 도수치료 350만원, 주사료 250만원, MRI 300만원 한도","1,000만원",30300  원,"30,300  원",2.25 %,-,-,91.4 %,84.5 %,-,-,-,-,보험기간(1년 이하),순수보장,비갱신형,비유니버셜,방카슈랑스,2026-01-01,"1. 가입나이 : 만15세 ~ 87세 2. 가입한도 : 1,000만원 단일 3. 보험기간 : 1종(일반형)의 경우 1일~89일(일단위), 2종(외국인계절근로자(E-8)형)의 경우 3개월~8개월(월단위) 4. 판매채널 : 방카슈랑스(농·축협) 5. 위 보험료 예시는 주계약 1종(일반형), 기본형, 40세, 89일만기, 일시납, 주계약 가입금액 1,000만원기준입니다. 6. 위 보험가격지수 예시는 주계약 1종(일반형), 기본형, 40세, 1년만기, 일시납, 주계약 가입금액 1,000만원기준입니다.",1544-4000,,,,
NH농협생명,온라인농업인NH안전보험(무배당) (월납),주계약,유족급여금,피보험자가 보험기간 중에 농업작업안전재해 또는 농업작업안전질병으로 사망하였을 때,"6,000만원","1,000만원","97,300 원","97,300 원",2.25 %,비갱신형,CM,2026-01-01,"1. 가입나이 : 만19세 ~ 87세 2. 가입한도 : 1,000만원 단일 3. 보험기간 : 1년만기 4. 판매채널 : CM 5. 위 보험료 및 보험가격지수 예시는 주계약 기본형 일반형, 40세, 1년만기, 연납, 주계약 가입금액 1,000만원기준입니다. 6. 온라인농업인NH안전보험은 일반1형 및 산재형만 가입가능하며, 특약은 부가할 수 없습니다.",1544-4000,보장성_상품비교_20260406102544980.xls,NH농협생명,온라인농업인NH안전보험(무배당),주계약,유족급여금,피보험자가 보험기간 중에 농업작업안전재해 또는 농업작업안전질병으로 사망하였을 때,"6,000만원","1,000만원",97300  원,"97,300  원",2.25 %,-,-,75.3 %,69.6 %,-,-,-,-,보험기간(1년 이하),순수보장,비갱신형,비유니버셜,CM,2026-01-01,"1. 가입나이 : 만19세 ~ 87세 2. 가입한도 : 1,000만원 단일 3. 보험기간 : 1년만기 4. 판매채널 : CM 5. 위 보험료 및 보험가격지수 예시는 주계약 기본형 일반형, 40세, 1년만기, 연납, 주계약 가입금액 1,000만원기준입니다. 6. 온라인농업인NH안전보험은 일반1형 및 산재형만 가입가능하며, 특약은 부가할 수 없습니다.",1544-4000,,,,
NH농협생명,온라인농업인NH안전보험(무배당) (월납),주계약,장례비,피보험자가 보험기간 중에 농업작업안전재해 또는 농업작업안전질병으로 사망하였을 때,100만원,"1,000만원","97,300 원","97,300 원",2.25 %,비갱신형,CM,2026-01-01,"1. 가입나이 : 만19세 ~ 87세 2. 가입한도 : 1,000만원 단일 3. 보험기간 : 1년만기 4. 판매채널 : CM 5. 위 보험료 및 보험가격지수 예시는 주계약 기본형 일반형, 40세, 1년만기, 연납, 주계약 가입금액 1,000만원기준입니다. 6. 온라인농업인NH안전보험은 일반1형 및 산재형만 가입가능하며, 특약은 부가할 수 없습니다.",1544-4000,보장성_상품비교_20260406102544980.xls,NH농협생명,온라인농업인NH안전보험(무배당),주계약,장례비,피보험자가 보험기간 중에 농업작업안전재해 또는 농업작업안전질병으로 사망하였을 때,100만원,"1,000만원",97300  원,"97,300  원",2.25 %,-,-,75.3 %,69.6 %,-,-,-,-,보험기간(1년 이하),순수보장,비갱신형,비유니버셜,CM,2026-01-01,"1. 가입나이 : 만19세 ~ 87세 2. 가입한도 : 1,000만원 단일 3. 보험기간 : 1년만기 4. 판매채널 : CM 5. 위 보험료 및 보험가격지수 예시는 주계약 기본형 일반형, 40세, 1년만기, 연납, 주계약 가입금액 1,000만원기준입니다. 6. 온라인농업인NH안전보험은 일반1형 및 산재형만 가입가능하며, 특약은 부가할 수 없습니다.",1544-4000,,,,
NH농협생명,온라인농업인NH안전보험(무배당) (월납),주계약,고도장해급여금,피보험자가 보험기간 중에 동일한 농업작업안전재해 또는 동일한 농업작업안전질병으로 인하여 장해분류표 상의 여러 신체부위의 장해지급률을 더하여 80% 이상인 장해상태가 되었을 때(최초 1회 한),"5,000만원","1,000만원","97,300 원","97,300 원",2.25 %,비갱신형,CM,2026-01-01,"1. 가입나이 : 만19세 ~ 87세 2. 가입한도 : 1,000만원 단일 3. 보험기간 : 1년만기 4. 판매채널 : CM 5. 위 보험료 및 보험가격지수 예시는 주계약 기본형 일반형, 40세, 1년만기, 연납, 주계약 가입금액 1,000만원기준입니다. 6. 온라인농업인NH안전보험은 일반1형 및 산재형만 가입가능하며, 특약은 부가할 수 없습니다.",1544-4000,보장성_상품비교_20260406102544980.xls,NH농협생명,온라인농업인NH안전보험(무배당),주계약,고도장해급여금,피보험자가 보험기간 중에 동일한 농업작업안전재해 또는 동일한 농업작업안전질병으로 인하여 장해분류표 상의 여러 신체부위의 장해지급률을 더하여 80% 이상인 장해상태가 되었을 때(최초 1회 한),"5,000만원","1,000만원",97300  원,"97,300  원",2.25 %,-,-,75.3 %,69.6 %,-,-,-,-,보험기간(1년 이하),순수보장,비갱신형,비유니버셜,CM,2026-01-01,"1. 가입나이 : 만19세 ~ 87세 2. 가입한도 : 1,000만원 단일 3. 보험기간 : 1년만기 4. 판매채널 : CM 5. 위 보험료 및 보험가격지수 예시는 주계약 기본형 일반형, 40세, 1년만기, 연납, 주계약 가입금액 1,000만원기준입니다. 6. 온라인농업인NH안전보험은 일반1형 및 산재형만 가입가능하며, 특약은 부가할 수 없습니다.",1544-4000,,,,
NH농협생명,온라인농업인NH안전보험(무배당) (월납),주계약,재해장해급여금,피보험자가 보험기간 중에 농업작업안전재해로 인하여 장해분류표에서 정한 장해지급률 중 3%이상 80% 미만 장해상태가 되었을 때,"5,000만원 X 장해율","1,000만원","97,300 원","97,300 원",2.25 %,비갱신형,CM,2026-01-01,"1. 가입나이 : 만19세 ~ 87세 2. 가입한도 : 1,000만원 단일 3. 보험기간 : 1년만기 4. 판매채널 : CM 5. 위 보험료 및 보험가격지수 예시는 주계약 기본형 일반형, 40세, 1년만기, 연납, 주계약 가입금액 1,000만원기준입니다. 6. 온라인농업인NH안전보험은 일반1형 및 산재형만 가입가능하며, 특약은 부가할 수 없습니다.",1544-4000,보장성_상품비교_20260406102544980.xls,NH농협생명,온라인농업인NH안전보험(무배당),주계약,재해장해급여금,피보험자가 보험기간 중에 농업작업안전재해로 인하여 장해분류표에서 정한 장해지급률 중 3%이상 80% 미만 장해상태가 되었을 때,"5,000만원 X 장해율","1,000만원",97300  원,"97,300  원",2.25 %,-,-,75.3 %,69.6 %,-,-,-,-,보험기간(1년 이하),순수보장,비갱신형,비유니버셜,CM,2026-01-01,"1. 가입나이 : 만19세 ~ 87세 2. 가입한도 : 1,000만원 단일 3. 보험기간 : 1년만기 4. 판매채널 : CM 5. 위 보험료 및 보험가격지수 예시는 주계약 기본형 일반형, 40세, 1년만기, 연납, 주계약 가입금액 1,000만원기준입니다. 6. 온라인농업인NH안전보험은 일반1형 및 산재형만 가입가능하며, 특약은 부가할 수 없습니다.",1544-4000,,,,
NH농협생명,온라인농업인NH안전보험(무배당) (월납),주계약,간병급여금,피보험자가 보험기간 중에 동일한 농업작업안전재해로 인하여 장해분류표 상의 여러 신체부위의 장해지급률을 더하여 50% 이상인 장해상태가 되었을 때 또는 동일한 농업작업안전질병으로 인하여 장해분류표 상의 여러 신체부위의 장해지급률을 더하여 80% 이상인 장해상태가 되었을 때(각각 최초 1회 한),500만원,"1,000만원","97,300 원","97,300 원",2.25 %,비갱신형,CM,2026-01-01,"1. 가입나이 : 만19세 ~ 87세 2. 가입한도 : 1,000만원 단일 3. 보험기간 : 1년만기 4. 판매채널 : CM 5. 위 보험료 및 보험가격지수 예시는 주계약 기본형 일반형, 40세, 1년만기, 연납, 주계약 가입금액 1,000만원기준입니다. 6. 온라인농업인NH안전보험은 일반1형 및 산재형만 가입가능하며, 특약은 부가할 수 없습니다.",1544-4000,보장성_상품비교_20260406102544980.xls,NH농협생명,온라인농업인NH안전보험(무배당),주계약,간병급여금,피보험자가 보험기간 중에 동일한 농업작업안전재해로 인하여 장해분류표 상의 여러 신체부위의 장해지급률을 더하여 50% 이상인 장해상태가 되었을 때 또는 동일한 농업작업안전질병으로 인하여 장해분류표 상의 여러 신체부위의 장해지급률을 더하여 80% 이상인 장해상태가 되었을 때(각각 최초 1회 한),500만원,"1,000만원",97300  원,"97,300  원",2.25 %,-,-,75.3 %,69.6 %,-,-,-,-,보험기간(1년 이하),순수보장,비갱신형,비유니버셜,CM,2026-01-01,"1. 가입나이 : 만19세 ~ 87세 2. 가입한도 : 1,000만원 단일 3. 보험기간 : 1년만기 4. 판매채널 : CM 5. 위 보험료 및 보험가격지수 예시는 주계약 기본형 일반형, 40세, 1년만기, 연납, 주계약 가입금액 1,000만원기준입니다. 6. 온라인농업인NH안전보험은 일반1형 및 산재형만 가입가능하며, 특약은 부가할 수 없습니다.",1544-4000,,,,
NH농협생명,온라인농업인NH안전보험(무배당) (월납),주계약,휴업(입원)급여금,피보험자가 보험기간 중에 농업작업안전재해 또는 농업작업안전질병으로 인하여 그 치료를 직접목적으로 4일 이상 계속하여 입원하였을 때(1회 입원당 120일 한도),2만원(3일 초과 입원 1일당),"1,000만원","97,300 원","97,300 원",2.25 %,비갱신형,CM,2026-01-01,"1. 가입나이 : 만19세 ~ 87세 2. 가입한도 : 1,000만원 단일 3. 보험기간 : 1년만기 4. 판매채널 : CM 5. 위 보험료 및 보험가격지수 예시는 주계약 기본형 일반형, 40세, 1년만기, 연납, 주계약 가입금액 1,000만원기준입니다. 6. 온라인농업인NH안전보험은 일반1형 및 산재형만 가입가능하며, 특약은 부가할 수 없습니다.",1544-4000,보장성_상품비교_20260406102544980.xls,NH농협생명,온라인농업인NH안전보험(무배당),주계약,휴업(입원)급여금,피보험자가 보험기간 중에 농업작업안전재해 또는 농업작업안전질병으로 인하여 그 치료를 직접목적으로 4일 이상 계속하여 입원하였을 때(1회 입원당 120일 한도),2만원(3일 초과 입원 1일당),"1,000만원",97300  원,"97,300  원",2.25 %,-,-,75.3 %,69.6 %,-,-,-,-,보험기간(1년 이하),순수보장,비갱신형,비유니버셜,CM,2026-01-01,"1. 가입나이 : 만19세 ~ 87세 2. 가입한도 : 1,000만원 단일 3. 보험기간 : 1년만기 4. 판매채널 : CM 5. 위 보험료 및 보험가격지수 예시는 주계약 기본형 일반형, 40세, 1년만기, 연납, 주계약 가입금액 1,000만원기준입니다. 6. 온라인농업인NH안전보험은 일반1형 및 산재형만 가입가능하며, 특약은 부가할 수 없습니다.",1544-4000,,,,
NH농협생명,온라인농업인NH안전보험(무배당) (월납),주계약,재활급여금(고도장해),피보험자가 보험기간 중에 동일한 농업작업안전재해 또는 동일한 농업작업안전질병으로 인하여 장해분류표 상의 여러 신체부위의 장해지급률을 더하여 80% 이상인 장해상태가 되었을 때(최초 1회 한),500만원,"1,000만원","97,300 원","97,300 원",2.25 %,비갱신형,CM,2026-01-01,"1. 가입나이 : 만19세 ~ 87세 2. 가입한도 : 1,000만원 단일 3. 보험기간 : 1년만기 4. 판매채널 : CM 5. 위 보험료 및 보험가격지수 예시는 주계약 기본형 일반형, 40세, 1년만기, 연납, 주계약 가입금액 1,000만원기준입니다. 6. 온라인농업인NH안전보험은 일반1형 및 산재형만 가입가능하며, 특약은 부가할 수 없습니다.",1544-4000,보장성_상품비교_20260406102544980.xls,NH농협생명,온라인농업인NH안전보험(무배당),주계약,재활급여금(고도장해),피보험자가 보험기간 중에 동일한 농업작업안전재해 또는 동일한 농업작업안전질병으로 인하여 장해분류표 상의 여러 신체부위의 장해지급률을 더하여 80% 이상인 장해상태가 되었을 때(최초 1회 한),500만원,"1,000만원",97300  원,"97,300  원",2.25 %,-,-,75.3 %,69.6 %,-,-,-,-,보험기간(1년 이하),순수보장,비갱신형,비유니버셜,CM,2026-01-01,"1. 가입나이 : 만19세 ~ 87세 2. 가입한도 : 1,000만원 단일 3. 보험기간 : 1년만기 4. 판매채널 : CM 5. 위 보험료 및 보험가격지수 예시는 주계약 기본형 일반형, 40세, 1년만기, 연납, 주계약 가입금액 1,000만원기준입니다. 6. 온라인농업인NH안전보험은 일반1형 및 산재형만 가입가능하며, 특약은 부가할 수 없습니다.",1544-4000,,,,
NH농협생명,온라인농업인NH안전보험(무배당) (월납),주계약,재활급여금(재해장해),피보험자가 보험기간 중에 농업작업안전재해로 인하여 장해분류표에서 정한 장해지급률 중 3%이상 80% 미만 장해상태가 되었을 때,500만원 X 장해율,"1,000만원","97,300 원","97,300 원",2.25 %,비갱신형,CM,2026-01-01,"1. 가입나이 : 만19세 ~ 87세 2. 가입한도 : 1,000만원 단일 3. 보험기간 : 1년만기 4. 판매채널 : CM 5. 위 보험료 및 보험가격지수 예시는 주계약 기본형 일반형, 40세, 1년만기, 연납, 주계약 가입금액 1,000만원기준입니다. 6. 온라인농업인NH안전보험은 일반1형 및 산재형만 가입가능하며, 특약은 부가할 수 없습니다.",1544-4000,보장성_상품비교_20260406102544980.xls,NH농협생명,온라인농업인NH안전보험(무배당),주계약,재활급여금(재해장해),피보험자가 보험기간 중에 농업작업안전재해로 인하여 장해분류표에서 정한 장해지급률 중 3%이상 80% 미만 장해상태가 되었을 때,500만원 X 장해율,"1,000만원",97300  원,"97,300  원",2.25 %,-,-,75.3 %,69.6 %,-,-,-,-,보험기간(1년 이하),순수보장,비갱신형,비유니버셜,CM,2026-01-01,"1. 가입나이 : 만19세 ~ 87세 2. 가입한도 : 1,000만원 단일 3. 보험기간 : 1년만기 4. 판매채널 : CM 5. 위 보험료 및 보험가격지수 예시는 주계약 기본형 일반형, 40세, 1년만기, 연납, 주계약 가입금액 1,000만원기준입니다. 6. 온라인농업인NH안전보험은 일반1형 및 산재형만 가입가능하며, 특약은 부가할 수 없습니다.",1544-4000,,,,
NH농협생명,온라인농업인NH안전보험(무배당) (월납),주계약,특정감염병진단급여금,피보험자가 보험기간 중에 특정감염병으로 진단 확정되었을 때,30만원(진단1회당),"1,000만원","97,300 원","97,300 원",2.25 %,비갱신형,CM,2026-01-01,"1. 가입나이 : 만19세 ~ 87세 2. 가입한도 : 1,000만원 단일 3. 보험기간 : 1년만기 4. 판매채널 : CM 5. 위 보험료 및 보험가격지수 예시는 주계약 기본형 일반형, 40세, 1년만기, 연납, 주계약 가입금액 1,000만원기준입니다. 6. 온라인농업인NH안전보험은 일반1형 및 산재형만 가입가능하며, 특약은 부가할 수 없습니다.",1544-4000,보장성_상품비교_20260406102544980.xls,NH농협생명,온라인농업인NH안전보험(무배당),주계약,특정감염병진단급여금,피보험자가 보험기간 중에 특정감염병으로 진단 확정되었을 때,30만원(진단1회당),"1,000만원",97300  원,"97,300  원",2.25 %,-,-,75.3 %,69.6 %,-,-,-,-,보험기간(1년 이하),순수보장,비갱신형,비유니버셜,CM,2026-01-01,"1. 가입나이 : 만19세 ~ 87세 2. 가입한도 : 1,000만원 단일 3. 보험기간 : 1년만기 4. 판매채널 : CM 5. 위 보험료 및 보험가격지수 예시는 주계약 기본형 일반형, 40세, 1년만기, 연납, 주계약 가입금액 1,000만원기준입니다. 6. 온라인농업인NH안전보험은 일반1형 및 산재형만 가입가능하며, 특약은 부가할 수 없습니다.",1544-4000,,,,
NH농협생명,온라인농업인NH안전보험(무배당) (월납),주계약,특정질병수술급여금,피보험자가 보험기간 중에 특정질병으로 수술을 받았을 때,30만원(수술1회당),"1,000만원","97,300 원","97,300 원",2.25 %,비갱신형,CM,2026-01-01,"1. 가입나이 : 만19세 ~ 87세 2. 가입한도 : 1,000만원 단일 3. 보험기간 : 1년만기 4. 판매채널 : CM 5. 위 보험료 및 보험가격지수 예시는 주계약 기본형 일반형, 40세, 1년만기, 연납, 주계약 가입금액 1,000만원기준입니다. 6. 온라인농업인NH안전보험은 일반1형 및 산재형만 가입가능하며, 특약은 부가할 수 없습니다.",1544-4000,보장성_상품비교_20260406102544980.xls,NH농협생명,온라인농업인NH안전보험(무배당),주계약,특정질병수술급여금,피보험자가 보험기간 중에 특정질병으로 수술을 받았을 때,30만원(수술1회당),"1,000만원",97300  원,"97,300  원",2.25 %,-,-,75.3 %,69.6 %,-,-,-,-,보험기간(1년 이하),순수보장,비갱신형,비유니버셜,CM,2026-01-01,"1. 가입나이 : 만19세 ~ 87세 2. 가입한도 : 1,000만원 단일 3. 보험기간 : 1년만기 4. 판매채널 : CM 5. 위 보험료 및 보험가격지수 예시는 주계약 기본형 일반형, 40세, 1년만기, 연납, 주계약 가입금액 1,000만원기준입니다. 6. 온라인농업인NH안전보험은 일반1형 및 산재형만 가입가능하며, 특약은 부가할 수 없습니다.",1544-4000,,,,
NH농협생명,온라인농업인NH안전보험(무배당) (월납),주계약,상해·질병치료급여금,피보험자가 보험기간 중에 농업작업안전재해 또는 농업작업안전질병으로 치료를 받았을 때,"- 입원 5,000만원 한도 - 통원 20만원, 처방 10만원 한도 - 도수치료 350만원, 주사료 250만원, MRI 300만원 한도","1,000만원","97,300 원","97,300 원",2.25 %,비갱신형,CM,2026-01-01,"1. 가입나이 : 만19세 ~ 87세 2. 가입한도 : 1,000만원 단일 3. 보험기간 : 1년만기 4. 판매채널 : CM 5. 위 보험료 및 보험가격지수 예시는 주계약 기본형 일반형, 40세, 1년만기, 연납, 주계약 가입금액 1,000만원기준입니다. 6. 온라인농업인NH안전보험은 일반1형 및 산재형만 가입가능하며, 특약은 부가할 수 없습니다.",1544-4000,보장성_상품비교_20260406102544980.xls,NH농협생명,온라인농업인NH안전보험(무배당),주계약,상해·질병치료급여금,피보험자가 보험기간 중에 농업작업안전재해 또는 농업작업안전질병으로 치료를 받았을 때,"- 입원 5,000만원 한도 - 통원 20만원, 처방 10만원 한도 - 도수치료 350만원, 주사료 250만원, MRI 300만원 한도","1,000만원",97300  원,"97,300  원",2.25 %,-,-,75.3 %,69.6 %,-,-,-,-,보험기간(1년 이하),순수보장,비갱신형,비유니버셜,CM,2026-01-01,"1. 가입나이 : 만19세 ~ 87세 2. 가입한도 : 1,000만원 단일 3. 보험기간 : 1년만기 4. 판매채널 : CM 5. 위 보험료 및 보험가격지수 예시는 주계약 기본형 일반형, 40세, 1년만기, 연납, 주계약 가입금액 1,000만원기준입니다. 6. 온라인농업인NH안전보험은 일반1형 및 산재형만 가입가능하며, 특약은 부가할 수 없습니다.",1544-4000,,,,
NH농협생명,농업인NH안전보험(무배당) (월납),주계약,유족급여금,피보험자가 보험기간 중에 농업작업안전재해 또는 농업작업안전질병으로 사망하였을 때,"6,000만원","1,000만원","97,300 원","97,300 원",2.25 %,비갱신형,방카슈랑스,2026-01-01,"1. 가입나이 : 만15세 ~ 87세 2. 가입한도 : 1,000만원 단일 3. 보험기간 : 1년만기 4. 판매채널 : 방카슈랑스(농·축협) 5. 위 보험료 및 보험가격지수 예시는 주계약 기본형 일반1형, 40세, 1년만기, 연납, 주계약 가입금액 1,000만원기준입니다. 6. 위 특약보험료 예시는 40세, 1년만기, 연납 기준이며, 농업인재해골절특약(무), 농업인깁스치료특약(무)의 경우 가입금액 10만원, 농업인장제비지원특약(무)의 경우 가입금액 100만원, 농업인재해사망특약(무)의 경우 가입금액 1,000만원 기준입니다.",1544-4000,보장성_상품비교_20260406102544980.xls,NH농협생명,농업인NH안전보험(무배당),주계약,유족급여금,피보험자가 보험기간 중에 농업작업안전재해 또는 농업작업안전질병으로 사망하였을 때,"6,000만원","1,000만원",97300  원,"97,300  원",2.25 %,-,-,75.3 %,69.6 %,-,-,-,-,보험기간(1년 이하),순수보장,비갱신형,비유니버셜,방카슈랑스,2026-01-01,"1. 가입나이 : 만15세 ~ 87세 2. 가입한도 : 1,000만원 단일 3. 보험기간 : 1년만기 4. 판매채널 : 방카슈랑스(농·축협) 5. 위 보험료 및 보험가격지수 예시는 주계약 기본형 일반1형, 40세, 1년만기, 연납, 주계약 가입금액 1,000만원기준입니다. 6. 위 특약보험료 예시는 40세, 1년만기, 연납 기준이며, 농업인재해골절특약(무), 농업인깁스치료특약(무)의 경우 가입금액 10만원, 농업인장제비지원특약(무)의 경우 가입금액 100만원, 농업인재해사망특약(무)의 경우 가입금액 1,000만원 기준입니다.",1544-4000,,,,
NH농협생명,농업인NH안전보험(무배당) (월납),주계약,장례비,피보험자가 보험기간 중에 농업작업안전재해 또는 농업작업안전질병으로 사망하였을 때,100만원,"1,000만원","97,300 원","97,300 원",2.25 %,비갱신형,방카슈랑스,2026-01-01,"1. 가입나이 : 만15세 ~ 87세 2. 가입한도 : 1,000만원 단일 3. 보험기간 : 1년만기 4. 판매채널 : 방카슈랑스(농·축협) 5. 위 보험료 및 보험가격지수 예시는 주계약 기본형 일반1형, 40세, 1년만기, 연납, 주계약 가입금액 1,000만원기준입니다. 6. 위 특약보험료 예시는 40세, 1년만기, 연납 기준이며, 농업인재해골절특약(무), 농업인깁스치료특약(무)의 경우 가입금액 10만원, 농업인장제비지원특약(무)의 경우 가입금액 100만원, 농업인재해사망특약(무)의 경우 가입금액 1,000만원 기준입니다.",1544-4000,보장성_상품비교_20260406102544980.xls,NH농협생명,농업인NH안전보험(무배당),주계약,장례비,피보험자가 보험기간 중에 농업작업안전재해 또는 농업작업안전질병으로 사망하였을 때,100만원,"1,000만원",97300  원,"97,300  원",2.25 %,-,-,75.3 %,69.6 %,-,-,-,-,보험기간(1년 이하),순수보장,비갱신형,비유니버셜,방카슈랑스,2026-01-01,"1. 가입나이 : 만15세 ~ 87세 2. 가입한도 : 1,000만원 단일 3. 보험기간 : 1년만기 4. 판매채널 : 방카슈랑스(농·축협) 5. 위 보험료 및 보험가격지수 예시는 주계약 기본형 일반1형, 40세, 1년만기, 연납, 주계약 가입금액 1,000만원기준입니다. 6. 위 특약보험료 예시는 40세, 1년만기, 연납 기준이며, 농업인재해골절특약(무), 농업인깁스치료특약(무)의 경우 가입금액 10만원, 농업인장제비지원특약(무)의 경우 가입금액 100만원, 농업인재해사망특약(무)의 경우 가입금액 1,000만원 기준입니다.",1544-4000,,,,
NH농협생명,농업인NH안전보험(무배당) (월납),주계약,고도장해급여금,피보험자가 보험기간 중에 동일한 농업작업안전재해 또는 동일한 농업작업안전질병으로 인하여 장해분류표 상의 여러 신체부위의 장해지급률을 더하여 80% 이상인 장해상태가 되었을 때(최초 1회 한),"5,000만원","1,000만원","97,300 원","97,300 원",2.25 %,비갱신형,방카슈랑스,2026-01-01,"1. 가입나이 : 만15세 ~ 87세 2. 가입한도 : 1,000만원 단일 3. 보험기간 : 1년만기 4. 판매채널 : 방카슈랑스(농·축협) 5. 위 보험료 및 보험가격지수 예시는 주계약 기본형 일반1형, 40세, 1년만기, 연납, 주계약 가입금액 1,000만원기준입니다. 6. 위 특약보험료 예시는 40세, 1년만기, 연납 기준이며, 농업인재해골절특약(무), 농업인깁스치료특약(무)의 경우 가입금액 10만원, 농업인장제비지원특약(무)의 경우 가입금액 100만원, 농업인재해사망특약(무)의 경우 가입금액 1,000만원 기준입니다.",1544-4000,보장성_상품비교_20260406102544980.xls,NH농협생명,농업인NH안전보험(무배당),주계약,고도장해급여금,피보험자가 보험기간 중에 동일한 농업작업안전재해 또는 동일한 농업작업안전질병으로 인하여 장해분류표 상의 여러 신체부위의 장해지급률을 더하여 80% 이상인 장해상태가 되었을 때(최초 1회 한),"5,000만원","1,000만원",97300  원,"97,300  원",2.25 %,-,-,75.3 %,69.6 %,-,-,-,-,보험기간(1년 이하),순수보장,비갱신형,비유니버셜,방카슈랑스,2026-01-01,"1. 가입나이 : 만15세 ~ 87세 2. 가입한도 : 1,000만원 단일 3. 보험기간 : 1년만기 4. 판매채널 : 방카슈랑스(농·축협) 5. 위 보험료 및 보험가격지수 예시는 주계약 기본형 일반1형, 40세, 1년만기, 연납, 주계약 가입금액 1,000만원기준입니다. 6. 위 특약보험료 예시는 40세, 1년만기, 연납 기준이며, 농업인재해골절특약(무), 농업인깁스치료특약(무)의 경우 가입금액 10만원, 농업인장제비지원특약(무)의 경우 가입금액 100만원, 농업인재해사망특약(무)의 경우 가입금액 1,000만원 기준입니다.",1544-4000,,,,
NH농협생명,농업인NH안전보험(무배당) (월납),주계약,재해장해급여금,피보험자가 보험기간 중에 농업작업안전재해로 인하여 장해분류표에서 정한 장해지급률 중 3%이상 80% 미만 장해상태가 되었을 때,"5,000만원 X 장해율","1,000만원","97,300 원","97,300 원",2.25 %,비갱신형,방카슈랑스,2026-01-01,"1. 가입나이 : 만15세 ~ 87세 2. 가입한도 : 1,000만원 단일 3. 보험기간 : 1년만기 4. 판매채널 : 방카슈랑스(농·축협) 5. 위 보험료 및 보험가격지수 예시는 주계약 기본형 일반1형, 40세, 1년만기, 연납, 주계약 가입금액 1,000만원기준입니다. 6. 위 특약보험료 예시는 40세, 1년만기, 연납 기준이며, 농업인재해골절특약(무), 농업인깁스치료특약(무)의 경우 가입금액 10만원, 농업인장제비지원특약(무)의 경우 가입금액 100만원, 농업인재해사망특약(무)의 경우 가입금액 1,000만원 기준입니다.",1544-4000,보장성_상품비교_20260406102544980.xls,NH농협생명,농업인NH안전보험(무배당),주계약,재해장해급여금,피보험자가 보험기간 중에 농업작업안전재해로 인하여 장해분류표에서 정한 장해지급률 중 3%이상 80% 미만 장해상태가 되었을 때,"5,000만원 X 장해율","1,000만원",97300  원,"97,300  원",2.25 %,-,-,75.3 %,69.6 %,-,-,-,-,보험기간(1년 이하),순수보장,비갱신형,비유니버셜,방카슈랑스,2026-01-01,"1. 가입나이 : 만15세 ~ 87세 2. 가입한도 : 1,000만원 단일 3. 보험기간 : 1년만기 4. 판매채널 : 방카슈랑스(농·축협) 5. 위 보험료 및 보험가격지수 예시는 주계약 기본형 일반1형, 40세, 1년만기, 연납, 주계약 가입금액 1,000만원기준입니다. 6. 위 특약보험료 예시는 40세, 1년만기, 연납 기준이며, 농업인재해골절특약(무), 농업인깁스치료특약(무)의 경우 가입금액 10만원, 농업인장제비지원특약(무)의 경우 가입금액 100만원, 농업인재해사망특약(무)의 경우 가입금액 1,000만원 기준입니다.",1544-4000,,,,
NH농협생명,농업인NH안전보험(무배당) (월납),주계약,간병급여금,피보험자가 보험기간 중에 동일한 농업작업안전재해로 인하여 장해분류표 상의 여러 신체부위의 장해지급률을 더하여 50% 이상인 장해상태가 되었을 때 또는 동일한 농업작업안전질병으로 인하여 장해분류표 상의 여러 신체부위의 장해지급률을 더하여 80% 이상인 장해상태가 되었을 때(각각 최초 1회 한),500만원,"1,000만원","97,300 원","97,300 원",2.25 %,비갱신형,방카슈랑스,2026-01-01,"1. 가입나이 : 만15세 ~ 87세 2. 가입한도 : 1,000만원 단일 3. 보험기간 : 1년만기 4. 판매채널 : 방카슈랑스(농·축협) 5. 위 보험료 및 보험가격지수 예시는 주계약 기본형 일반1형, 40세, 1년만기, 연납, 주계약 가입금액 1,000만원기준입니다. 6. 위 특약보험료 예시는 40세, 1년만기, 연납 기준이며, 농업인재해골절특약(무), 농업인깁스치료특약(무)의 경우 가입금액 10만원, 농업인장제비지원특약(무)의 경우 가입금액 100만원, 농업인재해사망특약(무)의 경우 가입금액 1,000만원 기준입니다.",1544-4000,보장성_상품비교_20260406102544980.xls,NH농협생명,농업인NH안전보험(무배당),주계약,간병급여금,피보험자가 보험기간 중에 동일한 농업작업안전재해로 인하여 장해분류표 상의 여러 신체부위의 장해지급률을 더하여 50% 이상인 장해상태가 되었을 때 또는 동일한 농업작업안전질병으로 인하여 장해분류표 상의 여러 신체부위의 장해지급률을 더하여 80% 이상인 장해상태가 되었을 때(각각 최초 1회 한),500만원,"1,000만원",97300  원,"97,300  원",2.25 %,-,-,75.3 %,69.6 %,-,-,-,-,보험기간(1년 이하),순수보장,비갱신형,비유니버셜,방카슈랑스,2026-01-01,"1. 가입나이 : 만15세 ~ 87세 2. 가입한도 : 1,000만원 단일 3. 보험기간 : 1년만기 4. 판매채널 : 방카슈랑스(농·축협) 5. 위 보험료 및 보험가격지수 예시는 주계약 기본형 일반1형, 40세, 1년만기, 연납, 주계약 가입금액 1,000만원기준입니다. 6. 위 특약보험료 예시는 40세, 1년만기, 연납 기준이며, 농업인재해골절특약(무), 농업인깁스치료특약(무)의 경우 가입금액 10만원, 농업인장제비지원특약(무)의 경우 가입금액 100만원, 농업인재해사망특약(무)의 경우 가입금액 1,000만원 기준입니다.",1544-4000,,,,
NH농협생명,농업인NH안전보험(무배당) (월납),주계약,휴업(입원)급여금,피보험자가 보험기간 중에 농업작업안전재해 또는 농업작업안전질병으로 인하여 그 치료를 직접목적으로 4일 이상 계속하여 입원하였을 때(1회 입원당 120일 한도),2만원(3일 초과 입원 1일당),"1,000만원","97,300 원","97,300 원",2.25 %,비갱신형,방카슈랑스,2026-01-01,"1. 가입나이 : 만15세 ~ 87세 2. 가입한도 : 1,000만원 단일 3. 보험기간 : 1년만기 4. 판매채널 : 방카슈랑스(농·축협) 5. 위 보험료 및 보험가격지수 예시는 주계약 기본형 일반1형, 40세, 1년만기, 연납, 주계약 가입금액 1,000만원기준입니다. 6. 위 특약보험료 예시는 40세, 1년만기, 연납 기준이며, 농업인재해골절특약(무), 농업인깁스치료특약(무)의 경우 가입금액 10만원, 농업인장제비지원특약(무)의 경우 가입금액 100만원, 농업인재해사망특약(무)의 경우 가입금액 1,000만원 기준입니다.",1544-4000,보장성_상품비교_20260406102544980.xls,NH농협생명,농업인NH안전보험(무배당),주계약,휴업(입원)급여금,피보험자가 보험기간 중에 농업작업안전재해 또는 농업작업안전질병으로 인하여 그 치료를 직접목적으로 4일 이상 계속하여 입원하였을 때(1회 입원당 120일 한도),2만원(3일 초과 입원 1일당),"1,000만원",97300  원,"97,300  원",2.25 %,-,-,75.3 %,69.6 %,-,-,-,-,보험기간(1년 이하),순수보장,비갱신형,비유니버셜,방카슈랑스,2026-01-01,"1. 가입나이 : 만15세 ~ 87세 2. 가입한도 : 1,000만원 단일 3. 보험기간 : 1년만기 4. 판매채널 : 방카슈랑스(농·축협) 5. 위 보험료 및 보험가격지수 예시는 주계약 기본형 일반1형, 40세, 1년만기, 연납, 주계약 가입금액 1,000만원기준입니다. 6. 위 특약보험료 예시는 40세, 1년만기, 연납 기준이며, 농업인재해골절특약(무), 농업인깁스치료특약(무)의 경우 가입금액 10만원, 농업인장제비지원특약(무)의 경우 가입금액 100만원, 농업인재해사망특약(무)의 경우 가입금액 1,000만원 기준입니다.",1544-4000,,,,
NH농협생명,농업인NH안전보험(무배당) (월납),주계약,재활급여금(고도장해),피보험자가 보험기간 중에 동일한 농업작업안전재해 또는 동일한 농업작업안전질병으로 인하여 장해분류표 상의 여러 신체부위의 장해지급률을 더하여 80% 이상인 장해상태가 되었을 때(최초 1회 한),500만원,"1,000만원","97,300 원","97,300 원",2.25 %,비갱신형,방카슈랑스,2026-01-01,"1. 가입나이 : 만15세 ~ 87세 2. 가입한도 : 1,000만원 단일 3. 보험기간 : 1년만기 4. 판매채널 : 방카슈랑스(농·축협) 5. 위 보험료 및 보험가격지수 예시는 주계약 기본형 일반1형, 40세, 1년만기, 연납, 주계약 가입금액 1,000만원기준입니다. 6. 위 특약보험료 예시는 40세, 1년만기, 연납 기준이며, 농업인재해골절특약(무), 농업인깁스치료특약(무)의 경우 가입금액 10만원, 농업인장제비지원특약(무)의 경우 가입금액 100만원, 농업인재해사망특약(무)의 경우 가입금액 1,000만원 기준입니다.",1544-4000,보장성_상품비교_20260406102544980.xls,NH농협생명,농업인NH안전보험(무배당),주계약,재활급여금(고도장해),피보험자가 보험기간 중에 동일한 농업작업안전재해 또는 동일한 농업작업안전질병으로 인하여 장해분류표 상의 여러 신체부위의 장해지급률을 더하여 80% 이상인 장해상태가 되었을 때(최초 1회 한),500만원,"1,000만원",97300  원,"97,300  원",2.25 %,-,-,75.3 %,69.6 %,-,-,-,-,보험기간(1년 이하),순수보장,비갱신형,비유니버셜,방카슈랑스,2026-01-01,"1. 가입나이 : 만15세 ~ 87세 2. 가입한도 : 1,000만원 단일 3. 보험기간 : 1년만기 4. 판매채널 : 방카슈랑스(농·축협) 5. 위 보험료 및 보험가격지수 예시는 주계약 기본형 일반1형, 40세, 1년만기, 연납, 주계약 가입금액 1,000만원기준입니다. 6. 위 특약보험료 예시는 40세, 1년만기, 연납 기준이며, 농업인재해골절특약(무), 농업인깁스치료특약(무)의 경우 가입금액 10만원, 농업인장제비지원특약(무)의 경우 가입금액 100만원, 농업인재해사망특약(무)의 경우 가입금액 1,000만원 기준입니다.",1544-4000,,,,
NH농협생명,농업인NH안전보험(무배당) (월납),주계약,재활급여금(재해장해),피보험자가 보험기간 중에 농업작업안전재해로 인하여 장해분류표에서 정한 장해지급률 중 3%이상 80% 미만 장해상태가 되었을 때,500만원 X 장해율,"1,000만원","97,300 원","97,300 원",2.25 %,비갱신형,방카슈랑스,2026-01-01,"1. 가입나이 : 만15세 ~ 87세 2. 가입한도 : 1,000만원 단일 3. 보험기간 : 1년만기 4. 판매채널 : 방카슈랑스(농·축협) 5. 위 보험료 및 보험가격지수 예시는 주계약 기본형 일반1형, 40세, 1년만기, 연납, 주계약 가입금액 1,000만원기준입니다. 6. 위 특약보험료 예시는 40세, 1년만기, 연납 기준이며, 농업인재해골절특약(무), 농업인깁스치료특약(무)의 경우 가입금액 10만원, 농업인장제비지원특약(무)의 경우 가입금액 100만원, 농업인재해사망특약(무)의 경우 가입금액 1,000만원 기준입니다.",1544-4000,보장성_상품비교_20260406102544980.xls,NH농협생명,농업인NH안전보험(무배당),주계약,재활급여금(재해장해),피보험자가 보험기간 중에 농업작업안전재해로 인하여 장해분류표에서 정한 장해지급률 중 3%이상 80% 미만 장해상태가 되었을 때,500만원 X 장해율,"1,000만원",97300  원,"97,300  원",2.25 %,-,-,75.3 %,69.6 %,-,-,-,-,보험기간(1년 이하),순수보장,비갱신형,비유니버셜,방카슈랑스,2026-01-01,"1. 가입나이 : 만15세 ~ 87세 2. 가입한도 : 1,000만원 단일 3. 보험기간 : 1년만기 4. 판매채널 : 방카슈랑스(농·축협) 5. 위 보험료 및 보험가격지수 예시는 주계약 기본형 일반1형, 40세, 1년만기, 연납, 주계약 가입금액 1,000만원기준입니다. 6. 위 특약보험료 예시는 40세, 1년만기, 연납 기준이며, 농업인재해골절특약(무), 농업인깁스치료특약(무)의 경우 가입금액 10만원, 농업인장제비지원특약(무)의 경우 가입금액 100만원, 농업인재해사망특약(무)의 경우 가입금액 1,000만원 기준입니다.",1544-4000,,,,
NH농협생명,농업인NH안전보험(무배당) (월납),주계약,특정감염병진단급여금,피보험자가 보험기간 중에 특정감염병으로 진단 확정되었을 때,30만원(진단1회당),"1,000만원","97,300 원","97,300 원",2.25 %,비갱신형,방카슈랑스,2026-01-01,"1. 가입나이 : 만15세 ~ 87세 2. 가입한도 : 1,000만원 단일 3. 보험기간 : 1년만기 4. 판매채널 : 방카슈랑스(농·축협) 5. 위 보험료 및 보험가격지수 예시는 주계약 기본형 일반1형, 40세, 1년만기, 연납, 주계약 가입금액 1,000만원기준입니다. 6. 위 특약보험료 예시는 40세, 1년만기, 연납 기준이며, 농업인재해골절특약(무), 농업인깁스치료특약(무)의 경우 가입금액 10만원, 농업인장제비지원특약(무)의 경우 가입금액 100만원, 농업인재해사망특약(무)의 경우 가입금액 1,000만원 기준입니다.",1544-4000,보장성_상품비교_20260406102544980.xls,NH농협생명,농업인NH안전보험(무배당),주계약,특정감염병진단급여금,피보험자가 보험기간 중에 특정감염병으로 진단 확정되었을 때,30만원(진단1회당),"1,000만원",97300  원,"97,300  원",2.25 %,-,-,75.3 %,69.6 %,-,-,-,-,보험기간(1년 이하),순수보장,비갱신형,비유니버셜,방카슈랑스,2026-01-01,"1. 가입나이 : 만15세 ~ 87세 2. 가입한도 : 1,000만원 단일 3. 보험기간 : 1년만기 4. 판매채널 : 방카슈랑스(농·축협) 5. 위 보험료 및 보험가격지수 예시는 주계약 기본형 일반1형, 40세, 1년만기, 연납, 주계약 가입금액 1,000만원기준입니다. 6. 위 특약보험료 예시는 40세, 1년만기, 연납 기준이며, 농업인재해골절특약(무), 농업인깁스치료특약(무)의 경우 가입금액 10만원, 농업인장제비지원특약(무)의 경우 가입금액 100만원, 농업인재해사망특약(무)의 경우 가입금액 1,000만원 기준입니다.",1544-4000,,,,
NH농협생명,농업인NH안전보험(무배당) (월납),주계약,특정질병수술급여금,피보험자가 보험기간 중에 특정질병으로 수술을 받았을 때,30만원(수술1회당),"1,000만원","97,300 원","97,300 원",2.25 %,비갱신형,방카슈랑스,2026-01-01,"1. 가입나이 : 만15세 ~ 87세 2. 가입한도 : 1,000만원 단일 3. 보험기간 : 1년만기 4. 판매채널 : 방카슈랑스(농·축협) 5. 위 보험료 및 보험가격지수 예시는 주계약 기본형 일반1형, 40세, 1년만기, 연납, 주계약 가입금액 1,000만원기준입니다. 6. 위 특약보험료 예시는 40세, 1년만기, 연납 기준이며, 농업인재해골절특약(무), 농업인깁스치료특약(무)의 경우 가입금액 10만원, 농업인장제비지원특약(무)의 경우 가입금액 100만원, 농업인재해사망특약(무)의 경우 가입금액 1,000만원 기준입니다.",1544-4000,보장성_상품비교_20260406102544980.xls,NH농협생명,농업인NH안전보험(무배당),주계약,특정질병수술급여금,피보험자가 보험기간 중에 특정질병으로 수술을 받았을 때,30만원(수술1회당),"1,000만원",97300  원,"97,300  원",2.25 %,-,-,75.3 %,69.6 %,-,-,-,-,보험기간(1년 이하),순수보장,비갱신형,비유니버셜,방카슈랑스,2026-01-01,"1. 가입나이 : 만15세 ~ 87세 2. 가입한도 : 1,000만원 단일 3. 보험기간 : 1년만기 4. 판매채널 : 방카슈랑스(농·축협) 5. 위 보험료 및 보험가격지수 예시는 주계약 기본형 일반1형, 40세, 1년만기, 연납, 주계약 가입금액 1,000만원기준입니다. 6. 위 특약보험료 예시는 40세, 1년만기, 연납 기준이며, 농업인재해골절특약(무), 농업인깁스치료특약(무)의 경우 가입금액 10만원, 농업인장제비지원특약(무)의 경우 가입금액 100만원, 농업인재해사망특약(무)의 경우 가입금액 1,000만원 기준입니다.",1544-4000,,,,
NH농협생명,농업인NH안전보험(무배당) (월납),주계약,상해·질병치료급여금,피보험자가 보험기간 중에 농업작업안전재해 또는 농업작업안전질병으로 치료를 받았을 때,"- 입원 5,000만원 한도 - 통원 20만원, 처방 10만원 한도 - 도수치료 350만원, 주사료 250만원, MRI 300만원 한도","1,000만원","97,300 원","97,300 원",2.25 %,비갱신형,방카슈랑스,2026-01-01,"1. 가입나이 : 만15세 ~ 87세 2. 가입한도 : 1,000만원 단일 3. 보험기간 : 1년만기 4. 판매채널 : 방카슈랑스(농·축협) 5. 위 보험료 및 보험가격지수 예시는 주계약 기본형 일반1형, 40세, 1년만기, 연납, 주계약 가입금액 1,000만원기준입니다. 6. 위 특약보험료 예시는 40세, 1년만기, 연납 기준이며, 농업인재해골절특약(무), 농업인깁스치료특약(무)의 경우 가입금액 10만원, 농업인장제비지원특약(무)의 경우 가입금액 100만원, 농업인재해사망특약(무)의 경우 가입금액 1,000만원 기준입니다.",1544-4000,보장성_상품비교_20260406102544980.xls,NH농협생명,농업인NH안전보험(무배당),주계약,상해·질병치료급여금,피보험자가 보험기간 중에 농업작업안전재해 또는 농업작업안전질병으로 치료를 받았을 때,"- 입원 5,000만원 한도 - 통원 20만원, 처방 10만원 한도 - 도수치료 350만원, 주사료 250만원, MRI 300만원 한도","1,000만원",97300  원,"97,300  원",2.25 %,-,-,75.3 %,69.6 %,-,-,-,-,보험기간(1년 이하),순수보장,비갱신형,비유니버셜,방카슈랑스,2026-01-01,"1. 가입나이 : 만15세 ~ 87세 2. 가입한도 : 1,000만원 단일 3. 보험기간 : 1년만기 4. 판매채널 : 방카슈랑스(농·축협) 5. 위 보험료 및 보험가격지수 예시는 주계약 기본형 일반1형, 40세, 1년만기, 연납, 주계약 가입금액 1,000만원기준입니다. 6. 위 특약보험료 예시는 40세, 1년만기, 연납 기준이며, 농업인재해골절특약(무), 농업인깁스치료특약(무)의 경우 가입금액 10만원, 농업인장제비지원특약(무)의 경우 가입금액 100만원, 농업인재해사망특약(무)의 경우 가입금액 1,000만원 기준입니다.",1544-4000,,,,
NH농협생명,농업인NH안전보험(무배당) (월납),특약,농업인재해골절특약(무),"""보험기간 중 재해를 원인으로 골절(치아파절 제외)이 발생한 때""",10만원,10만원,"5,300 원","5,300 원",2.25 %,비갱신형,방카슈랑스,2026-01-01,"1. 가입나이 : 만15세 ~ 87세 2. 가입한도 : 1,000만원 단일 3. 보험기간 : 1년만기 4. 판매채널 : 방카슈랑스(농·축협) 5. 위 보험료 및 보험가격지수 예시는 주계약 기본형 일반1형, 40세, 1년만기, 연납, 주계약 가입금액 1,000만원기준입니다. 6. 위 특약보험료 예시는 40세, 1년만기, 연납 기준이며, 농업인재해골절특약(무), 농업인깁스치료특약(무)의 경우 가입금액 10만원, 농업인장제비지원특약(무)의 경우 가입금액 100만원, 농업인재해사망특약(무)의 경우 가입금액 1,000만원 기준입니다.",1544-4000,보장성_상품비교_20260406102544980.xls,NH농협생명,농업인NH안전보험(무배당),특약,농업인재해골절특약(무),"""보험기간 중 재해를 원인으로 골절(치아파절 제외)이 발생한 때""",10만원,10만원,5300  원,"5,300  원",2.25 %,-,-,75.3 %,69.6 %,-,-,-,-,보험기간(1년 이하),순수보장,비갱신형,비유니버셜,방카슈랑스,2026-01-01,"1. 가입나이 : 만15세 ~ 87세 2. 가입한도 : 1,000만원 단일 3. 보험기간 : 1년만기 4. 판매채널 : 방카슈랑스(농·축협) 5. 위 보험료 및 보험가격지수 예시는 주계약 기본형 일반1형, 40세, 1년만기, 연납, 주계약 가입금액 1,000만원기준입니다. 6. 위 특약보험료 예시는 40세, 1년만기, 연납 기준이며, 농업인재해골절특약(무), 농업인깁스치료특약(무)의 경우 가입금액 10만원, 농업인장제비지원특약(무)의 경우 가입금액 100만원, 농업인재해사망특약(무)의 경우 가입금액 1,000만원 기준입니다.",1544-4000,,,,
NH농협생명,농업인NH안전보험(무배당) (월납),특약,농업인장제비지원특약(무),보험기간 중 사망시,100만원,100만원,"11,600 원","11,600 원",2.25 %,비갱신형,방카슈랑스,2026-01-01,"1. 가입나이 : 만15세 ~ 87세 2. 가입한도 : 1,000만원 단일 3. 보험기간 : 1년만기 4. 판매채널 : 방카슈랑스(농·축협) 5. 위 보험료 및 보험가격지수 예시는 주계약 기본형 일반1형, 40세, 1년만기, 연납, 주계약 가입금액 1,000만원기준입니다. 6. 위 특약보험료 예시는 40세, 1년만기, 연납 기준이며, 농업인재해골절특약(무), 농업인깁스치료특약(무)의 경우 가입금액 10만원, 농업인장제비지원특약(무)의 경우 가입금액 100만원, 농업인재해사망특약(무)의 경우 가입금액 1,000만원 기준입니다.",1544-4000,보장성_상품비교_20260406102544980.xls,NH농협생명,농업인NH안전보험(무배당),특약,농업인장제비지원특약(무),보험기간 중 사망시,100만원,100만원,11600  원,"11,600  원",2.25 %,-,-,75.3 %,69.6 %,-,-,-,-,보험기간(1년 이하),순수보장,비갱신형,비유니버셜,방카슈랑스,2026-01-01,"1. 가입나이 : 만15세 ~ 87세 2. 가입한도 : 1,000만원 단일 3. 보험기간 : 1년만기 4. 판매채널 : 방카슈랑스(농·축협) 5. 위 보험료 및 보험가격지수 예시는 주계약 기본형 일반1형, 40세, 1년만기, 연납, 주계약 가입금액 1,000만원기준입니다. 6. 위 특약보험료 예시는 40세, 1년만기, 연납 기준이며, 농업인재해골절특약(무), 농업인깁스치료특약(무)의 경우 가입금액 10만원, 농업인장제비지원특약(무)의 경우 가입금액 100만원, 농업인재해사망특약(무)의 경우 가입금액 1,000만원 기준입니다.",1544-4000,,,,
NH농협생명,농업인NH안전보험(무배당) (월납),특약,농업인재해사망특약(무),보험기간 중 재해로 사망시,"1,000만원","1,000만원","11,400 원","11,400 원",2.25 %,비갱신형,방카슈랑스,2026-01-01,"1. 가입나이 : 만15세 ~ 87세 2. 가입한도 : 1,000만원 단일 3. 보험기간 : 1년만기 4. 판매채널 : 방카슈랑스(농·축협) 5. 위 보험료 및 보험가격지수 예시는 주계약 기본형 일반1형, 40세, 1년만기, 연납, 주계약 가입금액 1,000만원기준입니다. 6. 위 특약보험료 예시는 40세, 1년만기, 연납 기준이며, 농업인재해골절특약(무), 농업인깁스치료특약(무)의 경우 가입금액 10만원, 농업인장제비지원특약(무)의 경우 가입금액 100만원, 농업인재해사망특약(무)의 경우 가입금액 1,000만원 기준입니다.",1544-4000,보장성_상품비교_20260406102544980.xls,NH농협생명,농업인NH안전보험(무배당),특약,농업인재해사망특약(무),보험기간 중 재해로 사망시,"1,000만원","1,000만원",11400  원,"11,400  원",2.25 %,-,-,75.3 %,69.6 %,-,-,-,-,보험기간(1년 이하),순수보장,비갱신형,비유니버셜,방카슈랑스,2026-01-01,"1. 가입나이 : 만15세 ~ 87세 2. 가입한도 : 1,000만원 단일 3. 보험기간 : 1년만기 4. 판매채널 : 방카슈랑스(농·축협) 5. 위 보험료 및 보험가격지수 예시는 주계약 기본형 일반1형, 40세, 1년만기, 연납, 주계약 가입금액 1,000만원기준입니다. 6. 위 특약보험료 예시는 40세, 1년만기, 연납 기준이며, 농업인재해골절특약(무), 농업인깁스치료특약(무)의 경우 가입금액 10만원, 농업인장제비지원특약(무)의 경우 가입금액 100만원, 농업인재해사망특약(무)의 경우 가입금액 1,000만원 기준입니다.",1544-4000,,,,
NH농협생명,농업인NH안전보험(무배당) (월납),특약,농업인깁스치료특약(무),보험기간 중 ‘깁스(Cast)’치료를 받은 때,10만원,10만원,"1,700 원","1,700 원",2.25 %,비갱신형,방카슈랑스,2026-01-01,"1. 가입나이 : 만15세 ~ 87세 2. 가입한도 : 1,000만원 단일 3. 보험기간 : 1년만기 4. 판매채널 : 방카슈랑스(농·축협) 5. 위 보험료 및 보험가격지수 예시는 주계약 기본형 일반1형, 40세, 1년만기, 연납, 주계약 가입금액 1,000만원기준입니다. 6. 위 특약보험료 예시는 40세, 1년만기, 연납 기준이며, 농업인재해골절특약(무), 농업인깁스치료특약(무)의 경우 가입금액 10만원, 농업인장제비지원특약(무)의 경우 가입금액 100만원, 농업인재해사망특약(무)의 경우 가입금액 1,000만원 기준입니다.",1544-4000,보장성_상품비교_20260406102544980.xls,NH농협생명,농업인NH안전보험(무배당),특약,농업인깁스치료특약(무),보험기간 중 ‘깁스(Cast)’치료를 받은 때,10만원,10만원,1700  원,"1,700  원",2.25 %,-,-,75.3 %,69.6 %,-,-,-,-,보험기간(1년 이하),순수보장,비갱신형,비유니버셜,방카슈랑스,2026-01-01,"1. 가입나이 : 만15세 ~ 87세 2. 가입한도 : 1,000만원 단일 3. 보험기간 : 1년만기 4. 판매채널 : 방카슈랑스(농·축협) 5. 위 보험료 및 보험가격지수 예시는 주계약 기본형 일반1형, 40세, 1년만기, 연납, 주계약 가입금액 1,000만원기준입니다. 6. 위 특약보험료 예시는 40세, 1년만기, 연납 기준이며, 농업인재해골절특약(무), 농업인깁스치료특약(무)의 경우 가입금액 10만원, 농업인장제비지원특약(무)의 경우 가입금액 100만원, 농업인재해사망특약(무)의 경우 가입금액 1,000만원 기준입니다.",1544-4000,,,,
주계약,재해사망보험금 (월납),주계약,재해사망보험금,피보험자가 보험기간 중 재해 분류표에서 정한 재해를 원인으로 사망하였을 때,6억원,"3,000만원","507,000 원","270,900 원",3.00 %,비갱신형,방카슈랑스,2026-04-01,"1. 가입나이 : 만 19세 ~ 최대 65세 2. 보험기간 : 90세/100세/110세만기 3. 보험료 예시 기준 : 보험가입금액 3,000만원, 40세, 90세만기, 20년납, 월납 4. 보험료 납입기간 : 5년/7년/10년/15년/20년납 5. 보험료 납입주기 : 월납 6. 가입한도 : 보험가입금액 최저 10만원 ~ 최고 7,000만원 7. 보험가격지수 : 보험가입금액 3,000만원, 40세, 90세만기, 20년납, 월납 8. 적용이율 : 10년 이하 연 복리 3.00%, 10년 초과 연 복리 1.5%",1566-0999,보장성_상품비교_20260406102544980.xls,교보라이프플래닛생명,"(무)교보라플안심보험(상해보장형, 해약환급금 일부지급형)",주계약,재해사망보험금,피보험자가 보험기간 중 재해 분류표에서 정한 재해를 원인으로 사망하였을 때,6억원,"3,000만원",507000  원,"270,900  원",3.00 %,-,-,122.3 %,117.2 %,-,-,-,-,보험기간(1년 초과),무해지/저해지환급,비갱신형,비유니버셜,방카슈랑스,2026-04-01,"1. 가입나이 : 만 19세 ~ 최대 65세 2. 보험기간 : 90세/100세/110세만기 3. 보험료 예시 기준 : 보험가입금액 3,000만원, 40세, 90세만기, 20년납, 월납 4. 보험료 납입기간 : 5년/7년/10년/15년/20년납 5. 보험료 납입주기 : 월납 6. 가입한도 : 보험가입금액 최저 10만원 ~ 최고 7,000만원 7. 보험가격지수 : 보험가입금액 3,000만원, 40세, 90세만기, 20년납, 월납 8. 적용이율 : 10년 이하 연 복리 3.00%, 10년 초과 연 복리 1.5%",1566-0999,,,,
주계약,안심보장플러스 재해사망보험금 (월납),주계약,안심보장플러스 재해사망보험금,피보험자가 안심보장플러스 보험기간 중 안심보장플러스 보장개시일 이후에 재해 분류표에서 정한 재해를 원인으로 사망하였을 때,안심보장플러스 보장금액의 100%,"3,000만원","507,000 원","270,900 원",3.00 %,비갱신형,방카슈랑스,2026-04-01,"1. 가입나이 : 만 19세 ~ 최대 65세 2. 보험기간 : 90세/100세/110세만기 3. 보험료 예시 기준 : 보험가입금액 3,000만원, 40세, 90세만기, 20년납, 월납 4. 보험료 납입기간 : 5년/7년/10년/15년/20년납 5. 보험료 납입주기 : 월납 6. 가입한도 : 보험가입금액 최저 10만원 ~ 최고 7,000만원 7. 보험가격지수 : 보험가입금액 3,000만원, 40세, 90세만기, 20년납, 월납 8. 적용이율 : 10년 이하 연 복리 3.00%, 10년 초과 연 복리 1.5%",1566-0999,보장성_상품비교_20260406102544980.xls,교보라이프플래닛생명,"(무)교보라플안심보험(상해보장형, 해약환급금 일부지급형)",주계약,안심보장플러스 재해사망보험금,피보험자가 안심보장플러스 보험기간 중 안심보장플러스 보장개시일 이후에 재해 분류표에서 정한 재해를 원인으로 사망하였을 때,안심보장플러스 보장금액의 100%,"3,000만원",507000  원,"270,900  원",3.00 %,-,-,122.3 %,117.2 %,-,-,-,-,보험기간(1년 초과),무해지/저해지환급,비갱신형,비유니버셜,방카슈랑스,2026-04-01,"1. 가입나이 : 만 19세 ~ 최대 65세 2. 보험기간 : 90세/100세/110세만기 3. 보험료 예시 기준 : 보험가입금액 3,000만원, 40세, 90세만기, 20년납, 월납 4. 보험료 납입기간 : 5년/7년/10년/15년/20년납 5. 보험료 납입주기 : 월납 6. 가입한도 : 보험가입금액 최저 10만원 ~ 최고 7,000만원 7. 보험가격지수 : 보험가입금액 3,000만원, 40세, 90세만기, 20년납, 월납 8. 적용이율 : 10년 이하 연 복리 3.00%, 10년 초과 연 복리 1.5%",1566-0999,,,,
교보라이프플래닛,"(무)교보라플안심보험(상해보장형, 표준형) (월납)",주계약,재해사망보험금,피보험자가 보험기간 중 재해 분류표에서 정한 재해를 원인으로 사망하였을 때,6억원,"3,000만원","528,000 원","282,000 원",3.00 %,비갱신형,방카슈랑스,2026-04-01,"1. 가입나이 : 만 19세 ~ 최대 65세 2. 보험기간 : 90세/100세/110세만기 3. 보험료 예시 기준 : 보험가입금액 3,000만원, 40세, 90세만기, 20년납, 월납 4. 보험료 납입기간 : 5년/7년/10년/15년/20년납 5. 보험료 납입주기 : 월납 6. 가입한도 : 보험가입금액 최저 10만원 ~ 최고 7,000만원 7. 보험가격지수 : 보험가입금액 3,000만원, 40세, 90세만기, 20년납, 월납 8. 적용이율 : 10년 이하 연 복리 3.00%, 10년 초과 연 복리 1.5%",1566-0999,보장성_상품비교_20260406102544980.xls,교보라이프플래닛생명,"(무)교보라플안심보험(상해보장형, 표준형)",주계약,재해사망보험금,피보험자가 보험기간 중 재해 분류표에서 정한 재해를 원인으로 사망하였을 때,6억원,"3,000만원",528000  원,"282,000  원",3.00 %,-,-,109.9 %,1043.9 %,-,-,-,-,보험기간(1년 초과),순수보장,비갱신형,비유니버셜,방카슈랑스,2026-04-01,"1. 가입나이 : 만 19세 ~ 최대 65세 2. 보험기간 : 90세/100세/110세만기 3. 보험료 예시 기준 : 보험가입금액 3,000만원, 40세, 90세만기, 20년납, 월납 4. 보험료 납입기간 : 5년/7년/10년/15년/20년납 5. 보험료 납입주기 : 월납 6. 가입한도 : 보험가입금액 최저 10만원 ~ 최고 7,000만원 7. 보험가격지수 : 보험가입금액 3,000만원, 40세, 90세만기, 20년납, 월납 8. 적용이율 : 10년 이하 연 복리 3.00%, 10년 초과 연 복리 1.5%",1566-0999,,,,
교보라이프플래닛,"(무)교보라플안심보험(상해보장형, 표준형) (월납)",주계약,고도장해보험금,"피보험자가 보험기간 중 보장개시일 이후 동일한 재해 또는 재해 이외의 동일한 원 인으로 인하여 장해분류표 중 여러 신체부 위의 장해지급률을 더하여 80%이상인 장 해상태가 되었을 때 (다만, 최초 1 회에 한함)","9억원 (다만, 가입 후 1년 미만에 재해 이외 의 동일한 원인으로 80%이상인 장해 상태가 되었을 경우 4억 5천만원 지급)","3,000만원","528,000 원","282,000 원",3.00 %,비갱신형,방카슈랑스,2026-04-01,"1. 가입나이 : 만 19세 ~ 최대 65세 2. 보험기간 : 90세/100세/110세만기 3. 보험료 예시 기준 : 보험가입금액 3,000만원, 40세, 90세만기, 20년납, 월납 4. 보험료 납입기간 : 5년/7년/10년/15년/20년납 5. 보험료 납입주기 : 월납 6. 가입한도 : 보험가입금액 최저 10만원 ~ 최고 7,000만원 7. 보험가격지수 : 보험가입금액 3,000만원, 40세, 90세만기, 20년납, 월납 8. 적용이율 : 10년 이하 연 복리 3.00%, 10년 초과 연 복리 1.5%",1566-0999,보장성_상품비교_20260406102544980.xls,교보라이프플래닛생명,"(무)교보라플안심보험(상해보장형, 표준형)",주계약,고도장해보험금,"피보험자가 보험기간 중 보장개시일 이후 동일한 재해 또는 재해 이외의 동일한 원 인으로 인하여 장해분류표 중 여러 신체부 위의 장해지급률을 더하여 80%이상인 장 해상태가 되었을 때 (다만, 최초 1 회에 한함)","9억원 (다만, 가입 후 1년 미만에 재해 이외 의 동일한 원인으로 80%이상인 장해 상태가 되었을 경우 4억 5천만원 지급)","3,000만원",528000  원,"282,000  원",3.00 %,-,-,109.9 %,1043.9 %,-,-,-,-,보험기간(1년 초과),순수보장,비갱신형,비유니버셜,방카슈랑스,2026-04-01,"1. 가입나이 : 만 19세 ~ 최대 65세 2. 보험기간 : 90세/100세/110세만기 3. 보험료 예시 기준 : 보험가입금액 3,000만원, 40세, 90세만기, 20년납, 월납 4. 보험료 납입기간 : 5년/7년/10년/15년/20년납 5. 보험료 납입주기 : 월납 6. 가입한도 : 보험가입금액 최저 10만원 ~ 최고 7,000만원 7. 보험가격지수 : 보험가입금액 3,000만원, 40세, 90세만기, 20년납, 월납 8. 적용이율 : 10년 이하 연 복리 3.00%, 10년 초과 연 복리 1.5%",1566-0999,,,,
교보라이프플래닛,"(무)교보라플안심보험(상해보장형, 표준형) (월납)",주계약,안심보장플러스 재해사망보험금,피보험자가 안심보장플러스 보험기간 중 안심보장플러스 보장개시일 이후에 재해 분류표에서 정한 재해를 원인으로 사망하였을 때,안심보장플러스 보장금액의 100%,"3,000만원","528,000 원","282,000 원",3.00 %,비갱신형,방카슈랑스,2026-04-01,"1. 가입나이 : 만 19세 ~ 최대 65세 2. 보험기간 : 90세/100세/110세만기 3. 보험료 예시 기준 : 보험가입금액 3,000만원, 40세, 90세만기, 20년납, 월납 4. 보험료 납입기간 : 5년/7년/10년/15년/20년납 5. 보험료 납입주기 : 월납 6. 가입한도 : 보험가입금액 최저 10만원 ~ 최고 7,000만원 7. 보험가격지수 : 보험가입금액 3,000만원, 40세, 90세만기, 20년납, 월납 8. 적용이율 : 10년 이하 연 복리 3.00%, 10년 초과 연 복리 1.5%",1566-0999,보장성_상품비교_20260406102544980.xls,교보라이프플래닛생명,"(무)교보라플안심보험(상해보장형, 표준형)",주계약,안심보장플러스 재해사망보험금,피보험자가 안심보장플러스 보험기간 중 안심보장플러스 보장개시일 이후에 재해 분류표에서 정한 재해를 원인으로 사망하였을 때,안심보장플러스 보장금액의 100%,"3,000만원",528000  원,"282,000  원",3.00 %,-,-,109.9 %,1043.9 %,-,-,-,-,보험기간(1년 초과),순수보장,비갱신형,비유니버셜,방카슈랑스,2026-04-01,"1. 가입나이 : 만 19세 ~ 최대 65세 2. 보험기간 : 90세/100세/110세만기 3. 보험료 예시 기준 : 보험가입금액 3,000만원, 40세, 90세만기, 20년납, 월납 4. 보험료 납입기간 : 5년/7년/10년/15년/20년납 5. 보험료 납입주기 : 월납 6. 가입한도 : 보험가입금액 최저 10만원 ~ 최고 7,000만원 7. 보험가격지수 : 보험가입금액 3,000만원, 40세, 90세만기, 20년납, 월납 8. 적용이율 : 10년 이하 연 복리 3.00%, 10년 초과 연 복리 1.5%",1566-0999,,,,
신한라이프생명,신한SOL다치면속상해보험 mini(무배당) (월납),주계약,재해수술급여금,보험기간 중 피보험자가 재해로 인한 그 직접적인 치료를 목적으로 보험기간 중 수술을 받았을 때(수 술 1회당),【수술 1회당】 10 만원,"1,000 만원 원","12,600 원","8,650 원",2.10 %,비유니버셜,2026-01-01,"1. 보험기간 : 1년/3년 2. 보험형태 : 순수보장형 3. 가입나이 : 15세~70세(디지털채널:19세~ 60세) 4. 1년,3년만기/일시납 으로 운영 5. 보험료 및 보험가격지수 예시 기준 : 가입금액 1,000만원, 1년만기, 일시납, 40세",1588-5580,,보장성_상품비교_20260406102559489.xls,신한라이프생명,신한SOL다치면속상해보험 mini(무배당),주계약,재해수술급여금,보험기간 중 피보험자가 재해로 인한 그 직접적인 치료를 목적으로 보험기간 중 수술을 받았을 때(수 술 1회당),【수술 1회당】 10 만원,"1,000 만원 원",12600  원,"8,650  원",2.10 %,-,-,129.0 %,118.6 %,-,-,-,-,순수보장,비갱신형,비유니버셜,대면채널  CM,2026-01-01,"1. 보험기간 : 1년/3년 2. 보험형태 : 순수보장형 3. 가입나이 : 15세~70세(디지털채널:19세~ 60세) 4. 1년,3년만기/일시납 으로 운영 5. 보험료 및 보험가격지수 예시 기준 : 가입금액 1,000만원, 1년만기, 일시납, 40세",1588-5580,,,,,
신한라이프생명,신한SOL다치면속상해보험 mini(무배당) (월납),주계약,재해골절치료급여금,보험기간 중 피보험자에게 재해가 발생하고 그 재 해를 직접적인 원인으로 보험기간 중 재해골절(치 아파절 제외)로 진단이 확정되었을 때,【골절 1회당】 10 만원,"1,000 만원 원","12,600 원","8,650 원",2.10 %,비유니버셜,2026-01-01,"1. 보험기간 : 1년/3년 2. 보험형태 : 순수보장형 3. 가입나이 : 15세~70세(디지털채널:19세~ 60세) 4. 1년,3년만기/일시납 으로 운영 5. 보험료 및 보험가격지수 예시 기준 : 가입금액 1,000만원, 1년만기, 일시납, 40세",1588-5580,,보장성_상품비교_20260406102559489.xls,신한라이프생명,신한SOL다치면속상해보험 mini(무배당),주계약,재해골절치료급여금,보험기간 중 피보험자에게 재해가 발생하고 그 재 해를 직접적인 원인으로 보험기간 중 재해골절(치 아파절 제외)로 진단이 확정되었을 때,【골절 1회당】 10 만원,"1,000 만원 원",12600  원,"8,650  원",2.10 %,-,-,129.0 %,118.6 %,-,-,-,-,순수보장,비갱신형,비유니버셜,대면채널  CM,2026-01-01,"1. 보험기간 : 1년/3년 2. 보험형태 : 순수보장형 3. 가입나이 : 15세~70세(디지털채널:19세~ 60세) 4. 1년,3년만기/일시납 으로 운영 5. 보험료 및 보험가격지수 예시 기준 : 가입금액 1,000만원, 1년만기, 일시납, 40세",1588-5580,,,,,
신한라이프생명,신한SOL다치면속상해보험 mini(무배당) (월납),주계약,첫날부터재해입원급여금,"보험기간 중 피보험자에게 재해로 인한 그 직접적 인 치료를 목적으로 보험기간 중 1일 이상 계속 입원하였을 때(다만, 1회 입원당 10일 한도)",【입원일수 1일당】 1 만원,"1,000 만원 원","12,600 원","8,650 원",2.10 %,비유니버셜,2026-01-01,"1. 보험기간 : 1년/3년 2. 보험형태 : 순수보장형 3. 가입나이 : 15세~70세(디지털채널:19세~ 60세) 4. 1년,3년만기/일시납 으로 운영 5. 보험료 및 보험가격지수 예시 기준 : 가입금액 1,000만원, 1년만기, 일시납, 40세",1588-5580,,보장성_상품비교_20260406102559489.xls,신한라이프생명,신한SOL다치면속상해보험 mini(무배당),주계약,첫날부터재해입원급여금,"보험기간 중 피보험자에게 재해로 인한 그 직접적 인 치료를 목적으로 보험기간 중 1일 이상 계속 입원하였을 때(다만, 1회 입원당 10일 한도)",【입원일수 1일당】 1 만원,"1,000 만원 원",12600  원,"8,650  원",2.10 %,-,-,129.0 %,118.6 %,-,-,-,-,순수보장,비갱신형,비유니버셜,대면채널  CM,2026-01-01,"1. 보험기간 : 1년/3년 2. 보험형태 : 순수보장형 3. 가입나이 : 15세~70세(디지털채널:19세~ 60세) 4. 1년,3년만기/일시납 으로 운영 5. 보험료 및 보험가격지수 예시 기준 : 가입금액 1,000만원, 1년만기, 일시납, 40세",1588-5580,,,,,
특약,재해장해특약 무배당 (월납),특약,재해장해특약 무배당,피보험자가 보험기간 중 발생한 재해를 원인으로 장해분류표에서 정한 각 장해지급률 중 3%이상 100%이하에 해당하는 장해상태가 되었을 때,"1,000만원 × 장해지급률","1,000만원","3,710 원","3,240 원",2.25 %,-,-,-,비갱신형,비유니버셜,보장성_상품비교_20260608162031320.xls,iM라이프,THE당당한인생종신보험S 무배당 2601 (해약환급금 일부지급형),특약,재해장해특약 무배당,피보험자가 보험기간 중 발생한 재해를 원인으로 장해분류표에서 정한 각 장해지급률 중 3%이상 100%이하에 해당하는 장해상태가 되었을 때,"1,000만원 × 장해지급률","1,000만원",3710  원,"3,240  원",2.25 %,-,-,159.3 %,170 %,-,-,-,-,체증형,무해지/저해지환급,-,-,-,-,비갱신형,비유니버셜,대면채널,2026-01-01,"1. 가입나이: 만15세 ~ 최고 70세 ※성별 및 납입기간별로 상이 2. 보험기간: 종신 3. 납입기간: 5/7년납 4. 보험료 및 보험가격지수 예시 기준: 40세, 종신, 7년납, 월납, 가입금액 1억원 기준 5. 선택특약 예시 기준  - 납입보험료환급특약 무배당: 40세, 7년만기, 7년납, 월납, 가입금액 주계약 보험료 기준  - 재해장해특약 무배당: 40세, 80세만기, 5년납, 월납, 가입금액 1,000만원 기준  - 재해사망특약 무배당: 40세, 80세만기, 7년납, 월납, 가입금액 1,000만원 기준 6. 적용이율: 10년이내 연복리 2.25%, 10년초과 연복리 1.0%",1588-4770
특약,재해사망특약 무배당 (월납),특약,재해사망특약 무배당,피보험자가 보험기간 중 재해로 인하여 사망하였을 때,"1,000만원","1,000만원","2,530 원","1,160 원",2.25 %,-,-,-,비갱신형,비유니버셜,보장성_상품비교_20260608162031320.xls,iM라이프,THE당당한인생종신보험S 무배당 2601 (해약환급금 일부지급형),특약,재해사망특약 무배당,피보험자가 보험기간 중 재해로 인하여 사망하였을 때,"1,000만원","1,000만원",2530  원,"1,160  원",2.25 %,-,-,159.3 %,170 %,-,-,-,-,체증형,무해지/저해지환급,-,-,-,-,비갱신형,비유니버셜,대면채널,2026-01-01,"1. 가입나이: 만15세 ~ 최고 70세 ※성별 및 납입기간별로 상이 2. 보험기간: 종신 3. 납입기간: 5/7년납 4. 보험료 및 보험가격지수 예시 기준: 40세, 종신, 7년납, 월납, 가입금액 1억원 기준 5. 선택특약 예시 기준  - 납입보험료환급특약 무배당: 40세, 7년만기, 7년납, 월납, 가입금액 주계약 보험료 기준  - 재해장해특약 무배당: 40세, 80세만기, 5년납, 월납, 가입금액 1,000만원 기준  - 재해사망특약 무배당: 40세, 80세만기, 7년납, 월납, 가입금액 1,000만원 기준 6. 적용이율: 10년이내 연복리 2.25%, 10년초과 연복리 1.0%",1588-4770
특약,재해사망특약 무배당 (월납),주계약,사망보험금,피보험자가 보험기간 중 사망하였을 경우,"계약일부터 1년경과시점 계약해당일 전일까지 : 10,000만원 / 1년경과시점 계약해당일부터 61년경과시점 계약해당일 전일까지 : 10,000만원 + 1년경과시점 계약해당일부터 매년 계약해당일에 ‘1,000만원’만큼 더한 금액 / 61년경과시점 계약해당일 이후 : 70,000만원","10,000만원","1,220,000 원","1,215,000 원",2.50 %,-,-,-,비갱신형,비유니버셜,보장성_상품비교_20260608162031320.xls,iM라이프,iM Plus세븐UP골드종신보험 무배당 2601 (해약환급금 일부지급형),주계약,사망보험금,피보험자가 보험기간 중 사망하였을 경우,"계약일부터 1년경과시점 계약해당일 전일까지 : 10,000만원 / 1년경과시점 계약해당일부터 61년경과시점 계약해당일 전일까지 : 10,000만원 + 1년경과시점 계약해당일부터 매년 계약해당일에 ‘1,000만원’만큼 더한 금액 / 61년경과시점 계약해당일 이후 : 70,000만원","10,000만원",1220000  원,"1,215,000  원",2.50 %,-,-,105.8 %,109.1 %,-,-,-,-,체증형,무해지/저해지환급,-,-,-,-,비갱신형,비유니버셜,대면채널,2026-01-01,"1. 가입나이: 만15세 ~ 최고70세 ※ 성별별로 상이 2. 보험기간: 종신 3. 납입기간: 20년납 4. 보험료 및 보험가격지수 예시 기준: 40세, 종신, 20년납, 월납, 가입금액 1억원 5. 선택특약 예시 기준: 40세, 종신, 20년납, 월납, 가입금액 주계약 1천만원(단, 소액암진단특약 무배당은 500만원) 6. 적용이율 : 10년이내 연복리 2.50%, 10년초과 1.50%",1588-4770
특약,무배당 재해사망특약Ⅰ (월납),특약,무배당 재해사망특약Ⅰ,피보험자가 보험기간 중 재해로 인하여 사망 하였을 때,"1,000 만원","1,000만원",620 원,200 원,2.50 %,-,-,-,비갱신형,비유니버셜,보장성_상품비교_20260608162031320.xls,KB라이프생명,KB 더블업 역모기지 종신보험 무배당(해약환급금 미지급형)(일반심사형),특약,무배당 재해사망특약Ⅰ,피보험자가 보험기간 중 재해로 인하여 사망 하였을 때,"1,000 만원","1,000만원",620  원,200  원,2.50 %,-,-,96.9 %,99.5 %,-,-,-,-,기본형,무해지/저해지환급,-,-,-,-,비갱신형,비유니버셜,대면채널,2026-04-20,"1. 가입나이 : 만15세 ~ 75세(납입기간별 차등) 2. 보험기간 : 종신 3. 납입기간 : 5년납, 10년납, 15년납, 20년납, 25년납, 30년납 4. 가입금액 : 3천만원 ~ 5억원 5. 보험료(주계약) 기준 : 40세, 1억원, 20년납, 월납 기준 6. 보험료(특약) 기준 : 40세, 최장만기, 20년납, 월납 기준  - 단, 3대질병납입면제특약Ⅰ의 보험기간은 주계약의 납입기간과 같습니다.  - KB 더블업 역모기지 종신보험 무배당(해약환급금 미지급형)은 무배당 암 뇌졸중 급성심근경색증진단특약(해약환급금 미지급형)(일반심사형), 보험계약역모기지특약Ⅲ, 가입당시연금전환특약, 가입당시유가족연금전환특약이 의무 부가되는 상품입니다. 자세한 내용은 상품요약서를 참고 부탁드립니다.",1588-3374
특약,무배당 재해장해보장특약Ⅰ (월납),특약,무배당 재해장해보장특약Ⅰ,피보험자가 보험기간 중 재해로 인하여 장해 분류표에서 정한 장해지급률 중 3%이상이며 100%이하에 해당하는 장해상태가 되었을 때,특약 보험가입금액에 장해지급률을 곱한 금액,"1,000만원","7,700 원","6,410 원",2.50 %,-,-,-,비갱신형,비유니버셜,보장성_상품비교_20260608162031320.xls,KB라이프생명,KB 더블업 역모기지 종신보험 무배당(해약환급금 미지급형)(일반심사형),특약,무배당 재해장해보장특약Ⅰ,피보험자가 보험기간 중 재해로 인하여 장해 분류표에서 정한 장해지급률 중 3%이상이며 100%이하에 해당하는 장해상태가 되었을 때,특약 보험가입금액에 장해지급률을 곱한 금액,"1,000만원",7700  원,"6,410  원",2.50 %,-,-,96.9 %,99.5 %,-,-,-,-,기본형,무해지/저해지환급,-,-,-,-,비갱신형,비유니버셜,대면채널,2026-04-20,"1. 가입나이 : 만15세 ~ 75세(납입기간별 차등) 2. 보험기간 : 종신 3. 납입기간 : 5년납, 10년납, 15년납, 20년납, 25년납, 30년납 4. 가입금액 : 3천만원 ~ 5억원 5. 보험료(주계약) 기준 : 40세, 1억원, 20년납, 월납 기준 6. 보험료(특약) 기준 : 40세, 최장만기, 20년납, 월납 기준  - 단, 3대질병납입면제특약Ⅰ의 보험기간은 주계약의 납입기간과 같습니다.  - KB 더블업 역모기지 종신보험 무배당(해약환급금 미지급형)은 무배당 암 뇌졸중 급성심근경색증진단특약(해약환급금 미지급형)(일반심사형), 보험계약역모기지특약Ⅲ, 가입당시연금전환특약, 가입당시유가족연금전환특약이 의무 부가되는 상품입니다. 자세한 내용은 상품요약서를 참고 부탁드립니다.",1588-3374
특약,무배당 재해장해보장특약Ⅰ (월납),주계약,사망보험금,"피보험자가 보험기간 중 「암, 뇌졸중 또는 급성심근경색증」이 발생하지 않고 사망한 경우",1억원,1억원,"314,000 원","269,000 원",2.50 %,-,-,-,비갱신형,비유니버셜,보장성_상품비교_20260608162031320.xls,KB라이프생명,KB 더블업 역모기지 종신보험 무배당(해약환급금 미지급형)(간편심사형),주계약,사망보험금,"피보험자가 보험기간 중 「암, 뇌졸중 또는 급성심근경색증」이 발생하지 않고 사망한 경우",1억원,1억원,314000  원,"269,000  원",2.50 %,-,-,110.0 %,114.8 %,-,-,-,-,기본형,무해지/저해지환급,-,-,-,-,비갱신형,비유니버셜,대면채널,2026-04-20,"1. 가입나이 : 30세 ~ 75세(납입기간별 차등) 2. 보험기간 : 종신 3. 납입기간 : 5년납, 10년납, 15년납, 20년납, 25년납, 30년납 4. 가입금액 : 3천만원 ~ 2억원 5. 보험료(주계약) 기준 : 40세, 1억원, 20년납, 월납 기준 6. 보험료(특약) 기준 : 40세, 최장만기, 20년납, 월납  - KB 더블업 역모기지 종신보험 무배당(해약환급금 미지급형)은 무배당 암 뇌졸중 급성심근경색증진단특약(해약환급금 미지급형)(간편심사형), 보험계약역모기지특약Ⅲ이 의무 부가되는 상품입니다. 자세한 내용은 상품요약서를 참고 부탁드립니다.",1588-3374
특약,무배당 재해장해보장특약Ⅰ (월납),주계약,사망보험금,"피보험자가 보험기간 중 「암, 뇌졸중 또는 급성심근경색증」이 발생한 이후 사망한 경우",2억원,1억원,"314,000 원","269,000 원",2.50 %,-,-,-,비갱신형,비유니버셜,보장성_상품비교_20260608162031320.xls,KB라이프생명,KB 더블업 역모기지 종신보험 무배당(해약환급금 미지급형)(간편심사형),주계약,사망보험금,"피보험자가 보험기간 중 「암, 뇌졸중 또는 급성심근경색증」이 발생한 이후 사망한 경우",2억원,1억원,314000  원,"269,000  원",2.50 %,-,-,110.0 %,114.8 %,-,-,-,-,기본형,무해지/저해지환급,-,-,-,-,비갱신형,비유니버셜,대면채널,2026-04-20,"1. 가입나이 : 30세 ~ 75세(납입기간별 차등) 2. 보험기간 : 종신 3. 납입기간 : 5년납, 10년납, 15년납, 20년납, 25년납, 30년납 4. 가입금액 : 3천만원 ~ 2억원 5. 보험료(주계약) 기준 : 40세, 1억원, 20년납, 월납 기준 6. 보험료(특약) 기준 : 40세, 최장만기, 20년납, 월납  - KB 더블업 역모기지 종신보험 무배당(해약환급금 미지급형)은 무배당 암 뇌졸중 급성심근경색증진단특약(해약환급금 미지급형)(간편심사형), 보험계약역모기지특약Ⅲ이 의무 부가되는 상품입니다. 자세한 내용은 상품요약서를 참고 부탁드립니다.",1588-3374
특약,무배당 재해장해보장특약Ⅰ (월납),특약,무배당 암 뇌졸중 급성심근경색증진단특약(해약환급금 미지급형)(간편심사형),"피보험자가 보험기간 중 「암, 뇌졸중 또는 급성심근경색증」이 발생한 경우",100만원,100만원,"2,261 원","1,832 원",2.50 %,-,-,-,비갱신형,비유니버셜,보장성_상품비교_20260608162031320.xls,KB라이프생명,KB 더블업 역모기지 종신보험 무배당(해약환급금 미지급형)(간편심사형),특약,무배당 암 뇌졸중 급성심근경색증진단특약(해약환급금 미지급형)(간편심사형),"피보험자가 보험기간 중 「암, 뇌졸중 또는 급성심근경색증」이 발생한 경우",100만원,100만원,2261  원,"1,832  원",2.50 %,-,-,110.0 %,114.8 %,-,-,-,-,기본형,무해지/저해지환급,-,-,-,-,비갱신형,비유니버셜,대면채널,2026-04-20,"1. 가입나이 : 30세 ~ 75세(납입기간별 차등) 2. 보험기간 : 종신 3. 납입기간 : 5년납, 10년납, 15년납, 20년납, 25년납, 30년납 4. 가입금액 : 3천만원 ~ 2억원 5. 보험료(주계약) 기준 : 40세, 1억원, 20년납, 월납 기준 6. 보험료(특약) 기준 : 40세, 최장만기, 20년납, 월납  - KB 더블업 역모기지 종신보험 무배당(해약환급금 미지급형)은 무배당 암 뇌졸중 급성심근경색증진단특약(해약환급금 미지급형)(간편심사형), 보험계약역모기지특약Ⅲ이 의무 부가되는 상품입니다. 자세한 내용은 상품요약서를 참고 부탁드립니다.",1588-3374
특약,무배당 재해장해보장특약Ⅰ (월납),주계약,사망보험금,피보험자가 보험기간(종신) 중 사망하였을 때,1억원,1억원,"188,000 원","168,000 원",3.10 %,-,-,-,,비유니버셜,보장성_상품비교_20260608162031320.xls,KB라이프생명,KB Trust 라이프 파트너 종신보험 무배당(해약환급금 일부지급형)(2종 간편심사형),주계약,사망보험금,피보험자가 보험기간(종신) 중 사망하였을 때,1억원,1억원,188000  원,"168,000  원",3.10 %,-,-,88.3 %,88.8 %,-,-,-,-,기본형,무해지/저해지환급,-,-,-,-,,비유니버셜,대면채널,2026-04-01,"1. 가입나이 : 30세 ~ 75세(납입기간별 차등) 2. 보험기간 : 종신 3. 납입기간 : 5년납, 7년납, 10년납, 12년납, 15년납, 20년납, 25년납, 30년납 4. 가입금액 : 3,000만원 ~ (가입연령별 차등) 5. 보험가입금액 1억원이상 가입시 보험료 할인 6. 보험료 예시 기준: 40세, 1억원, 20년납, 월납 기준 - 단, 상품요약서와 공시시스템 상의 가입금액 예시기준이 상이함에 따라 보험료가 상이할 수 있습니다. 7. 간편심사형",1588-3374
특약,무배당 재해장해보장특약Ⅰ (월납),주계약,사망보험금,피보험자가 보험기간(종신) 중 사망하였을 때,1억원,1억원,"168,000 원","150,000 원",3.10 %,-,-,-,,비유니버셜,보장성_상품비교_20260608162031320.xls,KB라이프생명,KB Trust 라이프 파트너 종신보험 무배당(해약환급금 일부지급형)(1종 일반심사형),주계약,사망보험금,피보험자가 보험기간(종신) 중 사망하였을 때,1억원,1억원,168000  원,"150,000  원",3.10 %,-,-,78.3 %,79.3 %,-,-,-,-,기본형,무해지/저해지환급,-,-,-,-,,비유니버셜,대면채널,2026-04-01,"1. 가입나이 : 만15세 ~ 75세(납입기간별 차등) 2. 보험기간 : 종신 3. 납입기간 : 5년납, 7년납, 10년납, 12년납, 15년납, 20년납, 25년납, 30년납 4. 가입금액 : 3,000만원 ~ (가입연령별 차등) 5. 보험가입금액 1억원이상 가입시 보험료 할인 6. 보험료(주계약) 예시 기준: 40세, 1억원, 20년납, 월납 기준 - 단, 상품요약서와 공시시스템 상의 가입금액 예시기준이 상이함에 따라 보험료가 상이할 수 있습니다. 7. 보험료(특약) 예시 기준: 40세, 최장만기, 20년납, 월납 기준 - 단, 3대질병납입면제특약Ⅰ의 보험기간은 주계약의 납입기간과 같습니다.",1588-3374
특약,무배당 재해장해보장특약I (월납),특약,무배당 재해장해보장특약I,피보험자가 보험기간 중 재해로 인하여 장해 분류표에서 정한 장해지급률 중 3%이상이며 100%이하에 해당하는 장해상태가 되었을 때,특약 보험가입금액에 장해지급률을 곱한 금액,"1,000만원",650 원,540 원,3.10 %,-,-,-,,비유니버셜,보장성_상품비교_20260608162031320.xls,KB라이프생명,KB Trust 라이프 파트너 종신보험 무배당(해약환급금 일부지급형)(1종 일반심사형),특약,무배당 재해장해보장특약I,피보험자가 보험기간 중 재해로 인하여 장해 분류표에서 정한 장해지급률 중 3%이상이며 100%이하에 해당하는 장해상태가 되었을 때,특약 보험가입금액에 장해지급률을 곱한 금액,"1,000만원",650  원,540  원,3.10 %,-,-,78.3 %,79.3 %,-,-,-,-,기본형,무해지/저해지환급,-,-,-,-,,비유니버셜,대면채널,2026-04-01,"1. 가입나이 : 만15세 ~ 75세(납입기간별 차등) 2. 보험기간 : 종신 3. 납입기간 : 5년납, 7년납, 10년납, 12년납, 15년납, 20년납, 25년납, 30년납 4. 가입금액 : 3,000만원 ~ (가입연령별 차등) 5. 보험가입금액 1억원이상 가입시 보험료 할인 6. 보험료(주계약) 예시 기준: 40세, 1억원, 20년납, 월납 기준 - 단, 상품요약서와 공시시스템 상의 가입금액 예시기준이 상이함에 따라 보험료가 상이할 수 있습니다. 7. 보험료(특약) 예시 기준: 40세, 최장만기, 20년납, 월납 기준 - 단, 3대질병납입면제특약Ⅰ의 보험기간은 주계약의 납입기간과 같습니다.",1588-3374
특약,무배당 재해장해보장특약I (월납),주계약,사망보험금,피보험자가 보험기간(종신) 중 사망하였을 때,1억원,1억원,"188,000 원","168,000 원",3.10 %,-,-,-,,비유니버셜,보장성_상품비교_20260608162031320.xls,KB라이프생명,KB 라이프 파트너 종신보험 무배당(해약환급금 일부지급형)(간편심사형),주계약,사망보험금,피보험자가 보험기간(종신) 중 사망하였을 때,1억원,1억원,188000  원,"168,000  원",3.10 %,-,-,88.3 %,88.8 %,-,-,-,-,기본형,무해지/저해지환급,-,-,-,-,,비유니버셜,대면채널,2026-04-01,"1. 가입나이 : 30세 ~ 75세(납입기간별 차등) 2. 보험기간 : 종신 3. 납입기간 : 5년납, 7년납, 10년납, 12년납, 15년납, 20년납, 25년납, 30년납 4. 가입금액 : 1,000만원 ~ (가입연령별 차등) 5. 보험가입금액 1억원이상 가입시 보험료 할인 6. 보험료 예시 기준: 40세, 1억원, 20년납, 월납 기준 7. 간편심사형  - KB 라이프 파트너 종신보험 무배당(해약환급금 일부지급형)(간편심사형)은 가입당시연금전환특약, 가입당시유가족연금전환특약이 의무 부가되는 상품입니다. 자세한 내용은 상품요약서를 참고 부탁드립니다.",1588-3374
특약,무배당 재해장해보장특약I (월납),주계약,사망보험금,피보험자가 보험기간(종신) 중 사망하였을 때,1억원,1억원,"168,000 원","150,000 원",3.10 %,-,-,-,,비유니버셜,보장성_상품비교_20260608162031320.xls,KB라이프생명,KB 라이프 파트너 종신보험 무배당(해약환급금 일부지급형)(일반심사형),주계약,사망보험금,피보험자가 보험기간(종신) 중 사망하였을 때,1억원,1억원,168000  원,"150,000  원",3.10 %,-,-,78.3 %,79.3 %,-,-,-,-,기본형,무해지/저해지환급,-,-,-,-,,비유니버셜,대면채널,2026-04-01,"1. 가입나이 : 만15세 ~ 75세(납입기간별 차등) 2. 보험기간 : 종신 3. 납입기간 : 5년납, 7년납, 10년납, 12년납, 15년납, 20년납, 25년납, 30년납 4. 가입금액 : 1,000만원 ~ (가입연령별 차등) 5. 보험가입금액 1억원이상 가입시 보험료 할인 6. 보험료(주계약) 예시 기준: 40세, 1억원, 20년납, 월납 기준 - 단, 상품요약서와 공시시스템 상의 가입금액 예시기준이 상이함에 따라 보험료가 상이할 수 있습니다. 7. 보험료(특약) 예시 기준: 40세, 최장만기, 20년납, 월납 기준  - 단, 3대질병납입면제특약Ⅰ의 보험기간은 주계약의 납입기간과 같습니다.  - KB 라이프 파트너 종신보험 무배당(해약환급금 일부지급형)(일반심사형)은 가입당시연금전환특약, 가입당시유가족연금전환특약이 의무 부가되는 상품입니다. 자세한 내용은 상품요약서를 참고 부탁드립니다.",1588-3374
특약,무배당 재해사망특약Ⅰ (월납),특약,무배당 재해사망특약Ⅰ,피보험자가 보험기간 중 재해로 인하여 사망 하였을 때,"1,000 만원","1,000만원",620 원,200 원,3.10 %,-,-,-,,비유니버셜,보장성_상품비교_20260608162031320.xls,KB라이프생명,KB 라이프 파트너 종신보험 무배당(해약환급금 일부지급형)(일반심사형),특약,무배당 재해사망특약Ⅰ,피보험자가 보험기간 중 재해로 인하여 사망 하였을 때,"1,000 만원","1,000만원",620  원,200  원,3.10 %,-,-,78.3 %,79.3 %,-,-,-,-,기본형,무해지/저해지환급,-,-,-,-,,비유니버셜,대면채널,2026-04-01,"1. 가입나이 : 만15세 ~ 75세(납입기간별 차등) 2. 보험기간 : 종신 3. 납입기간 : 5년납, 7년납, 10년납, 12년납, 15년납, 20년납, 25년납, 30년납 4. 가입금액 : 1,000만원 ~ (가입연령별 차등) 5. 보험가입금액 1억원이상 가입시 보험료 할인 6. 보험료(주계약) 예시 기준: 40세, 1억원, 20년납, 월납 기준 - 단, 상품요약서와 공시시스템 상의 가입금액 예시기준이 상이함에 따라 보험료가 상이할 수 있습니다. 7. 보험료(특약) 예시 기준: 40세, 최장만기, 20년납, 월납 기준  - 단, 3대질병납입면제특약Ⅰ의 보험기간은 주계약의 납입기간과 같습니다.  - KB 라이프 파트너 종신보험 무배당(해약환급금 일부지급형)(일반심사형)은 가입당시연금전환특약, 가입당시유가족연금전환특약이 의무 부가되는 상품입니다. 자세한 내용은 상품요약서를 참고 부탁드립니다.",1588-3374
특약,무배당 재해장해보장특약Ⅰ (월납),특약,무배당 재해장해보장특약Ⅰ,피보험자가 보험기간 중 재해로 인하여 장해 분류표에서 정한 장해지급률 중 3%이상이며 100%이하에 해당하는 장해상태가 되었을 때,특약 보험가입금액에 장해지급률을 곱한 금액,"1,000만원",650 원,540 원,3.10 %,-,-,-,,비유니버셜,보장성_상품비교_20260608162031320.xls,KB라이프생명,KB 라이프 파트너 종신보험 무배당(해약환급금 일부지급형)(일반심사형),특약,무배당 재해장해보장특약Ⅰ,피보험자가 보험기간 중 재해로 인하여 장해 분류표에서 정한 장해지급률 중 3%이상이며 100%이하에 해당하는 장해상태가 되었을 때,특약 보험가입금액에 장해지급률을 곱한 금액,"1,000만원",650  원,540  원,3.10 %,-,-,78.3 %,79.3 %,-,-,-,-,기본형,무해지/저해지환급,-,-,-,-,,비유니버셜,대면채널,2026-04-01,"1. 가입나이 : 만15세 ~ 75세(납입기간별 차등) 2. 보험기간 : 종신 3. 납입기간 : 5년납, 7년납, 10년납, 12년납, 15년납, 20년납, 25년납, 30년납 4. 가입금액 : 1,000만원 ~ (가입연령별 차등) 5. 보험가입금액 1억원이상 가입시 보험료 할인 6. 보험료(주계약) 예시 기준: 40세, 1억원, 20년납, 월납 기준 - 단, 상품요약서와 공시시스템 상의 가입금액 예시기준이 상이함에 따라 보험료가 상이할 수 있습니다. 7. 보험료(특약) 예시 기준: 40세, 최장만기, 20년납, 월납 기준  - 단, 3대질병납입면제특약Ⅰ의 보험기간은 주계약의 납입기간과 같습니다.  - KB 라이프 파트너 종신보험 무배당(해약환급금 일부지급형)(일반심사형)은 가입당시연금전환특약, 가입당시유가족연금전환특약이 의무 부가되는 상품입니다. 자세한 내용은 상품요약서를 참고 부탁드립니다.",1588-3374
특약,무배당 재해사망특약Ⅰ (월납),특약,무배당 재해사망특약Ⅰ,피보험자가 보험기간 중 재해로 인하여 사망 하였을 때,"1,000 만원","1,000만원",620 원,200 원,2.50 %,-,-,-,,비유니버셜,보장성_상품비교_20260608162031320.xls,KB라이프생명,KB 라이프 역모기지 종신보험 무배당(해약환급금 일부지급형)(일반심사형),특약,무배당 재해사망특약Ⅰ,피보험자가 보험기간 중 재해로 인하여 사망 하였을 때,"1,000 만원","1,000만원",620  원,200  원,2.50 %,-,-,118.5 %,120.2 %,-,-,-,-,기본형,무해지/저해지환급,-,-,-,-,,비유니버셜,대면채널,2026-04-01,"1. 가입나이 : 만15세 ~ 70세(납입기간별 차등) 2. 보험기간 : 종신 3. 납입기간 : 5년납, 10년납, 15년납, 20년납, 25년납, 30년납, 55세납, 60세납, 65세납, 70세납, 75세납, 80세납 4. 가입금액 : 1,000만원 ~ 5. 보험가입금액 1억원이상 가입시 보험료 할인 6. 보험료(주계약) 기준 : 40세, 1억원, 20년납, 월납 기준 7. 보험료(특약) 기준 : 40세, 최장만기, 20년납, 월납  - 단, 3대질병납입면제특약Ⅰ의 보험기간은 주계약의 납입기간과 같습니다.  - KB 라이프 역모기지 종신보험 무배당(해약환급금 일부지급형)(일반심사형)은 보험계약역모기지특약Ⅱ이 의무 부가되는 상품입니다. 자세한 내용은 상품요약서를 참고 부탁드립니다.",1588-3374
특약,무배당 재해장해보장특약Ⅰ (월납),특약,무배당 재해장해보장특약Ⅰ,피보험자가 보험기간 중 재해로 인하여 장해 분류표에서 정한 장해지급률 중 3%이상이며 100%이하에 해당하는 장해상태가 되었을 때,특약 보험가입금액에 장해지급률을 곱한 금액,"1,000만원",650 원,540 원,2.50 %,-,-,-,,비유니버셜,보장성_상품비교_20260608162031320.xls,KB라이프생명,KB 라이프 역모기지 종신보험 무배당(해약환급금 일부지급형)(일반심사형),특약,무배당 재해장해보장특약Ⅰ,피보험자가 보험기간 중 재해로 인하여 장해 분류표에서 정한 장해지급률 중 3%이상이며 100%이하에 해당하는 장해상태가 되었을 때,특약 보험가입금액에 장해지급률을 곱한 금액,"1,000만원",650  원,540  원,2.50 %,-,-,118.5 %,120.2 %,-,-,-,-,기본형,무해지/저해지환급,-,-,-,-,,비유니버셜,대면채널,2026-04-01,"1. 가입나이 : 만15세 ~ 70세(납입기간별 차등) 2. 보험기간 : 종신 3. 납입기간 : 5년납, 10년납, 15년납, 20년납, 25년납, 30년납, 55세납, 60세납, 65세납, 70세납, 75세납, 80세납 4. 가입금액 : 1,000만원 ~ 5. 보험가입금액 1억원이상 가입시 보험료 할인 6. 보험료(주계약) 기준 : 40세, 1억원, 20년납, 월납 기준 7. 보험료(특약) 기준 : 40세, 최장만기, 20년납, 월납  - 단, 3대질병납입면제특약Ⅰ의 보험기간은 주계약의 납입기간과 같습니다.  - KB 라이프 역모기지 종신보험 무배당(해약환급금 일부지급형)(일반심사형)은 보험계약역모기지특약Ⅱ이 의무 부가되는 상품입니다. 자세한 내용은 상품요약서를 참고 부탁드립니다.",1588-3374
특약,무배당 재해장해보장특약Ⅰ (월납),주계약,사망보험금,피보험자가 보험기간(종신) 중 사망하였을 때,1억원,1억원,"280,000 원","255,000 원",2.50 %,-,-,-,,비유니버셜,보장성_상품비교_20260608162031320.xls,KB라이프생명,KB 라이프 역모기지 종신보험 무배당(해약환급금 일부지급형)(간편심사형),주계약,사망보험금,피보험자가 보험기간(종신) 중 사망하였을 때,1억원,1억원,280000  원,"255,000  원",2.50 %,-,-,130.2 %,132.2 %,-,-,-,-,기본형,무해지/저해지환급,-,-,-,-,,비유니버셜,대면채널,2026-04-01,"1. 가입나이 : 30세 ~ 70세(납입기간별 차등) 2. 보험기간 : 종신 3. 납입기간 : 5년납, 10년납, 15년납, 20년납, 25년납, 30년납, 55세납, 60세납, 65세납, 70세납, 75세납, 80세납 4. 가입금액 : 1,000만원 ~ 15억원 5. 보험가입금액 1억원이상 가입시 보험료 할인 6. 보험료 예시 기준 : 40세, 1억원, 20년납, 월납 기준  - KB 라이프 역모기지 종신보험 무배당(해약환급금 일부지급형)(간편심사형)은 보험계약역모기지특약Ⅱ이 의무 부가되는 상품입니다. 자세한 내용은 상품요약서를 참고 부탁드립니다.",1588-3374
특약,무배당 재해장해보장특약Ⅰ (월납),주계약,사망보험금,피보험자가 보험기간(종신) 중 사망하였을 때,1억원 + 사망 당시의 이미 납입한 보험료,1억원,"367,000 원","309,000 원",2.50 %,-,-,-,,비유니버셜,보장성_상품비교_20260608162031320.xls,KB라이프생명,KB 라이프 역모기지 종신보험 무배당(해약환급금 미지급형)(일반심사형),주계약,사망보험금,피보험자가 보험기간(종신) 중 사망하였을 때,1억원 + 사망 당시의 이미 납입한 보험료,1억원,367000  원,"309,000  원",2.50 %,-,-,108.3 %,112.5 %,-,-,-,-,기본형,무해지/저해지환급,-,-,-,-,,비유니버셜,대면채널,2026-04-01,"1. 가입나이 : 만15세 ~ 70세(납입기간별 차등) 2. 보험기간 : 종신 3. 납입기간 : 5년납, 10년납, 15년납, 20년납, 25년납, 30년납 4. 가입금액 : 3,000만원~ 5. 보험료(주계약) 기준 : 40세, 1억원, 20년납, 월납 기준 6. 보험료(특약) 기준 : 40세, 최장만기, 20년납, 월납 기준  - 단, 3대질병납입면제특약Ⅰ의 보험기간은 주계약의 납입기간과 같습니다. 7. 보험가격지수 예시기준 : 40세, 종신, 20년납, 월납, 가입금액 10,000만원 - 무배당 KB 라이프 역모기지 종신보험(기납입보험료플러스형, 해약환급금 미지급형)은 보험계약역모기지특약Ⅱ이 의무 부가되는 상품입니다. 자세한 내용은 상품요약서를 참고 부탁드립니다.",1588-3374
특약,무배당 재해사망특약Ⅰ (월납),특약,무배당 재해사망특약Ⅰ,피보험자가 보험기간 중 재해로 인하여 사망하였을 때,"1,000만원","1,000만원",620 원,200 원,2.50 %,-,-,-,,비유니버셜,보장성_상품비교_20260608162031320.xls,KB라이프생명,KB 라이프 역모기지 종신보험 무배당(해약환급금 미지급형)(일반심사형),특약,무배당 재해사망특약Ⅰ,피보험자가 보험기간 중 재해로 인하여 사망하였을 때,"1,000만원","1,000만원",620  원,200  원,2.50 %,-,-,108.3 %,112.5 %,-,-,-,-,기본형,무해지/저해지환급,-,-,-,-,,비유니버셜,대면채널,2026-04-01,"1. 가입나이 : 만15세 ~ 70세(납입기간별 차등) 2. 보험기간 : 종신 3. 납입기간 : 5년납, 10년납, 15년납, 20년납, 25년납, 30년납 4. 가입금액 : 3,000만원~ 5. 보험료(주계약) 기준 : 40세, 1억원, 20년납, 월납 기준 6. 보험료(특약) 기준 : 40세, 최장만기, 20년납, 월납 기준  - 단, 3대질병납입면제특약Ⅰ의 보험기간은 주계약의 납입기간과 같습니다. 7. 보험가격지수 예시기준 : 40세, 종신, 20년납, 월납, 가입금액 10,000만원 - 무배당 KB 라이프 역모기지 종신보험(기납입보험료플러스형, 해약환급금 미지급형)은 보험계약역모기지특약Ⅱ이 의무 부가되는 상품입니다. 자세한 내용은 상품요약서를 참고 부탁드립니다.",1588-3374
특약,무배당 재해장해보장특약Ⅰ (월납),특약,무배당 재해장해보장특약Ⅰ,피보험자가 보험기간 중 재해로 인하여 장해분류표에서 정한 장해지급률 중 3% 이상이며 100%이하에 해당하는 장해상 태가 되었을 때,특약 보험가입금액에 장해지급률을 곱한 금액,"1,000만원",650 원,540 원,2.50 %,-,-,-,,비유니버셜,보장성_상품비교_20260608162031320.xls,KB라이프생명,KB 라이프 역모기지 종신보험 무배당(해약환급금 미지급형)(일반심사형),특약,무배당 재해장해보장특약Ⅰ,피보험자가 보험기간 중 재해로 인하여 장해분류표에서 정한 장해지급률 중 3% 이상이며 100%이하에 해당하는 장해상 태가 되었을 때,특약 보험가입금액에 장해지급률을 곱한 금액,"1,000만원",650  원,540  원,2.50 %,-,-,108.3 %,112.5 %,-,-,-,-,기본형,무해지/저해지환급,-,-,-,-,,비유니버셜,대면채널,2026-04-01,"1. 가입나이 : 만15세 ~ 70세(납입기간별 차등) 2. 보험기간 : 종신 3. 납입기간 : 5년납, 10년납, 15년납, 20년납, 25년납, 30년납 4. 가입금액 : 3,000만원~ 5. 보험료(주계약) 기준 : 40세, 1억원, 20년납, 월납 기준 6. 보험료(특약) 기준 : 40세, 최장만기, 20년납, 월납 기준  - 단, 3대질병납입면제특약Ⅰ의 보험기간은 주계약의 납입기간과 같습니다. 7. 보험가격지수 예시기준 : 40세, 종신, 20년납, 월납, 가입금액 10,000만원 - 무배당 KB 라이프 역모기지 종신보험(기납입보험료플러스형, 해약환급금 미지급형)은 보험계약역모기지특약Ⅱ이 의무 부가되는 상품입니다. 자세한 내용은 상품요약서를 참고 부탁드립니다.",1588-3374
특약,무배당 재해장해보장특약Ⅰ (월납),주계약,사망보험금,피보험자가 보험기간(종신) 중 사망하였을 때,1억원 + 사망 당시의 이미 납입한 보험료,1억원,"441,000 원","365,000 원",2.50 %,-,-,-,,비유니버셜,보장성_상품비교_20260608162031320.xls,KB라이프생명,KB 라이프 역모기지 종신보험 무배당(해약환급금 미지급형)(간편심사형),주계약,사망보험금,피보험자가 보험기간(종신) 중 사망하였을 때,1억원 + 사망 당시의 이미 납입한 보험료,1억원,441000  원,"365,000  원",2.50 %,-,-,130.8 %,133.6 %,-,-,-,-,기본형,무해지/저해지환급,-,-,-,-,,비유니버셜,대면채널,2026-04-01,"1. 가입나이 : 30세 ~ 70세(납입기간별 차등) 2. 보험기간 : 종신 3. 납입기간 : 5년납, 10년납, 15년납, 20년납, 25년납, 30년납 4. 가입금액 : 3,000만원~ 5. 40세, 1억원, 20년납, 월납 기준 - KB 라이프 역모기지 종신보험 무배당(해약환급금 미지급형)은 보험계약역모기지특약Ⅱ이 의무 부가되는 상품입니다. 자세한 내용은 상품요약서를 참고 부탁드립니다.",1588-3374
특약,무배당 재해사망특약Ⅰ (월납),특약,무배당 재해사망특약Ⅰ,피보험자가 보험기간 중 재해로 인하여 사망하였을 때,"1,000만원","1,000만원",620 원,200 원,2.50 %,-,-,-,,비유니버셜,보장성_상품비교_20260608162031320.xls,KB라이프생명,KB 역모기지 체증종신보험 무배당(해약환급금 일부지급형)(일반심사형),특약,무배당 재해사망특약Ⅰ,피보험자가 보험기간 중 재해로 인하여 사망하였을 때,"1,000만원","1,000만원",620  원,200  원,2.50 %,-,-,96.3 %,98.8 %,-,-,-,-,체증형,무해지/저해지환급,-,-,-,-,,비유니버셜,대면채널,2026-04-01,"1. 가입나이 : 만15세 ~ 75세(납입기간별 차등) 2. 보험기간 : 종신 3. 납입기간 : 5년납, 7년납, 10년납, 15년납, 20년납, 25년납, 30년납 4. 가입금액 : 5천만원 ~ 5. 보험료(주계약) 기준 : 40세, 1억원, 20년납, 월납 기준 6. 보험료(특약)기준 : 40세, 최장만기, 20년납, 월납 기준  - 단, 3대질병납입면제특약Ⅰ의 보험기간은 주계약의 납입기간과 같습니다.  - 무배당 KB 역모기지 체증종신보험(해약환급금 일부지급형)은 보험계약역모기지특약Ⅱ이 의무 부가되는 상품입니다. 자세한 내용은 상품요약서를 참고 부탁드립니다.",1588-3374
특약,무배당 재해장해보장특약Ⅰ (월납),특약,무배당 재해장해보장특약Ⅰ,피보험자가 보험기간 중 재해로 인하여 장해분류표에서 정한 장해지급률 중 3% 이상이며 100%이하에 해당하는 장해상 태가 되었을 때,특약 보험가입금액에 장해지급률을 곱한 금액,"1,000만원",650 원,540 원,2.50 %,-,-,-,,비유니버셜,보장성_상품비교_20260608162031320.xls,KB라이프생명,KB 역모기지 체증종신보험 무배당(해약환급금 일부지급형)(일반심사형),특약,무배당 재해장해보장특약Ⅰ,피보험자가 보험기간 중 재해로 인하여 장해분류표에서 정한 장해지급률 중 3% 이상이며 100%이하에 해당하는 장해상 태가 되었을 때,특약 보험가입금액에 장해지급률을 곱한 금액,"1,000만원",650  원,540  원,2.50 %,-,-,96.3 %,98.8 %,-,-,-,-,체증형,무해지/저해지환급,-,-,-,-,,비유니버셜,대면채널,2026-04-01,"1. 가입나이 : 만15세 ~ 75세(납입기간별 차등) 2. 보험기간 : 종신 3. 납입기간 : 5년납, 7년납, 10년납, 15년납, 20년납, 25년납, 30년납 4. 가입금액 : 5천만원 ~ 5. 보험료(주계약) 기준 : 40세, 1억원, 20년납, 월납 기준 6. 보험료(특약)기준 : 40세, 최장만기, 20년납, 월납 기준  - 단, 3대질병납입면제특약Ⅰ의 보험기간은 주계약의 납입기간과 같습니다.  - 무배당 KB 역모기지 체증종신보험(해약환급금 일부지급형)은 보험계약역모기지특약Ⅱ이 의무 부가되는 상품입니다. 자세한 내용은 상품요약서를 참고 부탁드립니다.",1588-3374
주계약,재해사망보험금 (월납),주계약,재해사망보험금,보험기간 중 피보험자가 재해를 직접적인 원인으로 보험기간 중 사망하였을 때,보험가입금액의 100%,400만원,0 원,"12,224 원",2.10 %,-,-,-,,비유니버셜,보장성_상품비교_20260608162031320.xls,신한라이프생명,"신한(간편가입)통합건강보험 ONE더우먼(무배당, 해약환급금 미지급형)",주계약,재해사망보험금,보험기간 중 피보험자가 재해를 직접적인 원인으로 보험기간 중 사망하였을 때,보험가입금액의 100%,400만원,0  원,"12,224  원",2.10 %,-,-,0 %,159.4 %,-,-,-,-,기본형,무해지/저해지환급,-,-,-,-,,비유니버셜,대면채널  TM,2026-05-07,"0. 가입조건 : 피보험자의 경우 여성에 한함 1. 가입나이 : 만15세~70세 (간편심사형: 만15세~80세) 2. 보험기간 : 종신, 90세만기 3. 보험료 산출기준 : 간편심사(335)형, 종신, 20년납, 월납, 가입금액: 주계약 400만원, 특약 1,000만원(소액암진단특약만 200만원) 4. 보험가격지수 산출기준 : 간편심사(335)형, 종신, 20년납, 월납, 가입금액: 1,000만원",1588-5580
주계약,재해사망보험금 (월납),특약,"허혈심장질환진단특약(무배당, 해약환급금 미지급형)","특약보험기간 중 피보험자가 허혈 심장질환으로 진단확정 되었을 때 (다만, 최초 1회의 진단확정에 한 함)","특약보험가입금액의 100% (다만, 계약일부터 1년 미만에 지급사유가 발생한 경우 “특약보험가입금액의 50%”를 지급함)",1000만원,0 원,"6,210 원",2.10 %,-,-,-,,비유니버셜,보장성_상품비교_20260608162031320.xls,신한라이프생명,"신한(간편가입)통합건강보험 ONE더우먼(무배당, 해약환급금 미지급형)",특약,"허혈심장질환진단특약(무배당, 해약환급금 미지급형)","특약보험기간 중 피보험자가 허혈 심장질환으로 진단확정 되었을 때 (다만, 최초 1회의 진단확정에 한 함)","특약보험가입금액의 100% (다만, 계약일부터 1년 미만에 지급사유가 발생한 경우 “특약보험가입금액의 50%”를 지급함)",1000만원,0  원,"6,210  원",2.10 %,-,-,0 %,159.4 %,-,-,-,-,기본형,무해지/저해지환급,-,-,-,-,,비유니버셜,대면채널  TM,2026-05-07,"0. 가입조건 : 피보험자의 경우 여성에 한함 1. 가입나이 : 만15세~70세 (간편심사형: 만15세~80세) 2. 보험기간 : 종신, 90세만기 3. 보험료 산출기준 : 간편심사(335)형, 종신, 20년납, 월납, 가입금액: 주계약 400만원, 특약 1,000만원(소액암진단특약만 200만원) 4. 보험가격지수 산출기준 : 간편심사(335)형, 종신, 20년납, 월납, 가입금액: 1,000만원",1588-5580
주계약,재해사망보험금 (월납),특약,"뇌혈관질환수술특약(무배당, 해약환급금 미지급형)",특약보험기간 중 피보험자가 “뇌혈관질 환”의 직접적인 치료를 목적으로 특약보험기간 중 수술을 받았을 때,"【수술 1회당】 특약보험가입금액의 100% (다만, 계약일부터 1년 미만 에 지급사유가 발생한 경우 특약보험가입금액의 50%를 지급함)",1000만원,0 원,"3,460 원",2.10 %,-,-,-,,비유니버셜,보장성_상품비교_20260608162031320.xls,신한라이프생명,"신한(간편가입)통합건강보험 ONE더우먼(무배당, 해약환급금 미지급형)",특약,"뇌혈관질환수술특약(무배당, 해약환급금 미지급형)",특약보험기간 중 피보험자가 “뇌혈관질 환”의 직접적인 치료를 목적으로 특약보험기간 중 수술을 받았을 때,"【수술 1회당】 특약보험가입금액의 100% (다만, 계약일부터 1년 미만 에 지급사유가 발생한 경우 특약보험가입금액의 50%를 지급함)",1000만원,0  원,"3,460  원",2.10 %,-,-,0 %,159.4 %,-,-,-,-,기본형,무해지/저해지환급,-,-,-,-,,비유니버셜,대면채널  TM,2026-05-07,"0. 가입조건 : 피보험자의 경우 여성에 한함 1. 가입나이 : 만15세~70세 (간편심사형: 만15세~80세) 2. 보험기간 : 종신, 90세만기 3. 보험료 산출기준 : 간편심사(335)형, 종신, 20년납, 월납, 가입금액: 주계약 400만원, 특약 1,000만원(소액암진단특약만 200만원) 4. 보험가격지수 산출기준 : 간편심사(335)형, 종신, 20년납, 월납, 가입금액: 1,000만원",1588-5580
주계약,재해사망보험금 (월납),특약,"[기본]소액암진단특약(무배당, 해약환급금 미지급형)","특약보험기간 중 피보험자가 보장개시일 이후에 “기타피부암”, “중증이외 갑상선암”, “제자리암”, “경계성종양”, “대장점막내암” 또는 “비침습방광암”으로 진단확정 되었을 때 (다만, 각각 최초1회의 진단확정에 한함)","특약보험가입금액의 100% (다만, 계약일부터 1년 미만에 지급사유가 발생한 경우 특약보험가입금액의 50%를 지급함)",200만원,0 원,"1,784 원",2.10 %,-,-,-,,비유니버셜,보장성_상품비교_20260608162031320.xls,신한라이프생명,"신한(간편가입)통합건강보험 ONE더우먼(무배당, 해약환급금 미지급형)",특약,"[기본]소액암진단특약(무배당, 해약환급금 미지급형)","특약보험기간 중 피보험자가 보장개시일 이후에 “기타피부암”, “중증이외 갑상선암”, “제자리암”, “경계성종양”, “대장점막내암” 또는 “비침습방광암”으로 진단확정 되었을 때 (다만, 각각 최초1회의 진단확정에 한함)","특약보험가입금액의 100% (다만, 계약일부터 1년 미만에 지급사유가 발생한 경우 특약보험가입금액의 50%를 지급함)",200만원,0  원,"1,784  원",2.10 %,-,-,0 %,159.4 %,-,-,-,-,기본형,무해지/저해지환급,-,-,-,-,,비유니버셜,대면채널  TM,2026-05-07,"0. 가입조건 : 피보험자의 경우 여성에 한함 1. 가입나이 : 만15세~70세 (간편심사형: 만15세~80세) 2. 보험기간 : 종신, 90세만기 3. 보험료 산출기준 : 간편심사(335)형, 종신, 20년납, 월납, 가입금액: 주계약 400만원, 특약 1,000만원(소액암진단특약만 200만원) 4. 보험가격지수 산출기준 : 간편심사(335)형, 종신, 20년납, 월납, 가입금액: 1,000만원",1588-5580
주계약,재해사망보험금 (월납),특약,"뇌혈관질환진단특약(무배당, 해약환급금 미지급형)","특약보험기간 중 피보험자가 뇌혈관질환으로 진단확정 되었을 때 (다만, 최초 1회의 진단확정에 한함)","특약보험가입금액의 100% (다만, 계약일부터 1년 미만에 지급사유가 발생한 경우 “특약보험가입금액의 50%”를 지급함)",1000만원,0 원,"16,650 원",2.10 %,-,-,-,,비유니버셜,보장성_상품비교_20260608162031320.xls,신한라이프생명,"신한(간편가입)통합건강보험 ONE더우먼(무배당, 해약환급금 미지급형)",특약,"뇌혈관질환진단특약(무배당, 해약환급금 미지급형)","특약보험기간 중 피보험자가 뇌혈관질환으로 진단확정 되었을 때 (다만, 최초 1회의 진단확정에 한함)","특약보험가입금액의 100% (다만, 계약일부터 1년 미만에 지급사유가 발생한 경우 “특약보험가입금액의 50%”를 지급함)",1000만원,0  원,"16,650  원",2.10 %,-,-,0 %,159.4 %,-,-,-,-,기본형,무해지/저해지환급,-,-,-,-,,비유니버셜,대면채널  TM,2026-05-07,"0. 가입조건 : 피보험자의 경우 여성에 한함 1. 가입나이 : 만15세~70세 (간편심사형: 만15세~80세) 2. 보험기간 : 종신, 90세만기 3. 보험료 산출기준 : 간편심사(335)형, 종신, 20년납, 월납, 가입금액: 주계약 400만원, 특약 1,000만원(소액암진단특약만 200만원) 4. 보험가격지수 산출기준 : 간편심사(335)형, 종신, 20년납, 월납, 가입금액: 1,000만원",1588-5580
주계약,재해사망보험금 (월납),주계약,사망보험금,보험기간 중 피보험자가 사망하였을 때,보험가입금액의 100%,400만원,"11,544 원","10,720 원",2.10 %,-,-,-,,비유니버셜,보장성_상품비교_20260608162031320.xls,신한라이프생명,"신한통합건강보험 슈퍼원(ONE)(무배당, 해약환급금 미지급형)",주계약,사망보험금,보험기간 중 피보험자가 사망하였을 때,보험가입금액의 100%,400만원,11544  원,"10,720  원",2.10 %,-,-,151.4 %,157.4 %,-,-,-,-,기본형,무해지/저해지환급,-,-,-,-,,비유니버셜,대면채널  TM,2026-05-07,"1. 가입나이 : 만15세~80세 2. 보험기간 : 종신, 90세만기 3. 보험료 산출기준 : 해약환급금 미지급형, 건강심사(10년고지)형, 종신, 20년납, 월납 , 가입금액: 주계약 400만원, 특약 1,000만원 4. 보험가격지수 산출기준 : 해약환급금 미지급형 / 건강심사(6년고지)형 ~ 건강심사(10년고지)형(대표 작성 10년고지형) / 40세 / 종신 / 20년납 / 주계약 가입금액 1,000만원",1588-5580
주계약,재해사망보험금 (월납),특약,"(N)뇌혈관질환진단특약(무배당, 해약환급금 미지급형)","특약보험기간 중 피보험자가 뇌혈관질환으로 진단 확정 되었을 때 (다만, 최초 1회의 진단확정에 한함)","1,000만원(다만, 계약일로부터 1년 미만에 지급사유가 발생한 경우 ""특약보험가입금액의 50%""를 지급함)","1,000만원","8,600 원","8,680 원",2.10 %,-,-,-,,비유니버셜,보장성_상품비교_20260608162031320.xls,신한라이프생명,"신한통합건강보험 슈퍼원(ONE)(무배당, 해약환급금 미지급형)",특약,"(N)뇌혈관질환진단특약(무배당, 해약환급금 미지급형)","특약보험기간 중 피보험자가 뇌혈관질환으로 진단 확정 되었을 때 (다만, 최초 1회의 진단확정에 한함)","1,000만원(다만, 계약일로부터 1년 미만에 지급사유가 발생한 경우 ""특약보험가입금액의 50%""를 지급함)","1,000만원",8600  원,"8,680  원",2.10 %,-,-,151.4 %,157.4 %,-,-,-,-,기본형,무해지/저해지환급,-,-,-,-,,비유니버셜,대면채널  TM,2026-05-07,"1. 가입나이 : 만15세~80세 2. 보험기간 : 종신, 90세만기 3. 보험료 산출기준 : 해약환급금 미지급형, 건강심사(10년고지)형, 종신, 20년납, 월납 , 가입금액: 주계약 400만원, 특약 1,000만원 4. 보험가격지수 산출기준 : 해약환급금 미지급형 / 건강심사(6년고지)형 ~ 건강심사(10년고지)형(대표 작성 10년고지형) / 40세 / 종신 / 20년납 / 주계약 가입금액 1,000만원",1588-5580
주계약,재해사망보험금 (월납),특약,"(N)질병수술특약(무배당, 해약환급금 미지급형)","특약보험기간 중 피보험자가 “질병”으로 인한 그 직접적인 치료를 목적으로 특약보험기간 중 수술을 받았을 때 (다만, 동일 질병당 1회에 한함)","10만원(다만, 계약일부터 1년 미만에 지급사유가 발생한 경우 “특약보험가입금액의 0.5%”를 지급함)","1,000만원","2,280 원","2,390 원",2.10 %,-,-,-,,비유니버셜,보장성_상품비교_20260608162031320.xls,신한라이프생명,"신한통합건강보험 슈퍼원(ONE)(무배당, 해약환급금 미지급형)",특약,"(N)질병수술특약(무배당, 해약환급금 미지급형)","특약보험기간 중 피보험자가 “질병”으로 인한 그 직접적인 치료를 목적으로 특약보험기간 중 수술을 받았을 때 (다만, 동일 질병당 1회에 한함)","10만원(다만, 계약일부터 1년 미만에 지급사유가 발생한 경우 “특약보험가입금액의 0.5%”를 지급함)","1,000만원",2280  원,"2,390  원",2.10 %,-,-,151.4 %,157.4 %,-,-,-,-,기본형,무해지/저해지환급,-,-,-,-,,비유니버셜,대면채널  TM,2026-05-07,"1. 가입나이 : 만15세~80세 2. 보험기간 : 종신, 90세만기 3. 보험료 산출기준 : 해약환급금 미지급형, 건강심사(10년고지)형, 종신, 20년납, 월납 , 가입금액: 주계약 400만원, 특약 1,000만원 4. 보험가격지수 산출기준 : 해약환급금 미지급형 / 건강심사(6년고지)형 ~ 건강심사(10년고지)형(대표 작성 10년고지형) / 40세 / 종신 / 20년납 / 주계약 가입금액 1,000만원",1588-5580
주계약,재해사망보험금 (월납),특약,"(N)허혈심장질환진단특약(무배당, 해약환급금 미지급형)","특약보험기간 중 피보험자가 허혈심장질환으로 진단확정 되었을 때 (다만, 최초 1회의 진단확정에 한함)","1,000만원(다만, 계약일로부터 1년 미만에 지급사유가 발생한 경우 ""특약보험가입금액의 50%""를 지급함)","1,000만원","8,260 원","3,010 원",2.10 %,-,-,-,,비유니버셜,보장성_상품비교_20260608162031320.xls,신한라이프생명,"신한통합건강보험 슈퍼원(ONE)(무배당, 해약환급금 미지급형)",특약,"(N)허혈심장질환진단특약(무배당, 해약환급금 미지급형)","특약보험기간 중 피보험자가 허혈심장질환으로 진단확정 되었을 때 (다만, 최초 1회의 진단확정에 한함)","1,000만원(다만, 계약일로부터 1년 미만에 지급사유가 발생한 경우 ""특약보험가입금액의 50%""를 지급함)","1,000만원",8260  원,"3,010  원",2.10 %,-,-,151.4 %,157.4 %,-,-,-,-,기본형,무해지/저해지환급,-,-,-,-,,비유니버셜,대면채널  TM,2026-05-07,"1. 가입나이 : 만15세~80세 2. 보험기간 : 종신, 90세만기 3. 보험료 산출기준 : 해약환급금 미지급형, 건강심사(10년고지)형, 종신, 20년납, 월납 , 가입금액: 주계약 400만원, 특약 1,000만원 4. 보험가격지수 산출기준 : 해약환급금 미지급형 / 건강심사(6년고지)형 ~ 건강심사(10년고지)형(대표 작성 10년고지형) / 40세 / 종신 / 20년납 / 주계약 가입금액 1,000만원",1588-5580
주계약,재해사망보험금 (월납),특약,"(건강N)당뇨병(당화혈색소 6.5%이상)진단특약(무배당, 해약환급금 미지급형)","약보험기간 중 피보험자가 당뇨보장개시일 이후에 “당뇨병(당화혈색소 6.5%이상)”으로 진단확정 되었을 때 (다만, 최초1회의 진단확정에 한함)",100만원,"1,000만원","3,870 원","2,990 원",2.10 %,-,-,-,,비유니버셜,보장성_상품비교_20260608162031320.xls,신한라이프생명,"신한통합건강보험 슈퍼원(ONE)(무배당, 해약환급금 미지급형)",특약,"(건강N)당뇨병(당화혈색소 6.5%이상)진단특약(무배당, 해약환급금 미지급형)","약보험기간 중 피보험자가 당뇨보장개시일 이후에 “당뇨병(당화혈색소 6.5%이상)”으로 진단확정 되었을 때 (다만, 최초1회의 진단확정에 한함)",100만원,"1,000만원",3870  원,"2,990  원",2.10 %,-,-,151.4 %,157.4 %,-,-,-,-,기본형,무해지/저해지환급,-,-,-,-,,비유니버셜,대면채널  TM,2026-05-07,"1. 가입나이 : 만15세~80세 2. 보험기간 : 종신, 90세만기 3. 보험료 산출기준 : 해약환급금 미지급형, 건강심사(10년고지)형, 종신, 20년납, 월납 , 가입금액: 주계약 400만원, 특약 1,000만원 4. 보험가격지수 산출기준 : 해약환급금 미지급형 / 건강심사(6년고지)형 ~ 건강심사(10년고지)형(대표 작성 10년고지형) / 40세 / 종신 / 20년납 / 주계약 가입금액 1,000만원",1588-5580
특약,무배당 재해사망특약 (월납),특약,무배당 재해사망특약,피보험자가 특약의 보험기간 중 재해로 인하여 사망하였을 경우,"1,000만원",1000만원  원,900 원,400 원,3.30 %,-,-,-,,비유니버셜,보장성_상품비교_20260608162031320.xls,처브라이프생명,Chubb New 수(秀) 종신보험 무배당(해약환급금 일부지급형) 1종 일반납입형,특약,무배당 재해사망특약,피보험자가 특약의 보험기간 중 재해로 인하여 사망하였을 경우,"1,000만원",1000만원  원,900  원,400  원,3.30 %,-,-,132.0 %,131.9 %,-,-,-,-,체증형,무해지/저해지환급,-,-,-,-,,비유니버셜,대면채널,2026-01-01,"1. 가입나이: 만15세~65세 (성별, 납입기간별 상이) 2. 보험기간: 종신 3. 납입기간: 7년, 10년, 15년, 20년납 4. 납입주기: 월납 5. 가입한도: 1,000만원~10억원 6. 주계약 보험료 및 보험가격지수 예시: 일반심사형, 1종 일반납입형, 가입금액 10,000만원, 40세, 종신, 20년납, 월납 7. 기간별 적용이율: 7년 이내 3.3%, 7년 초과 2.3% 8. 선택특약 보험료 예시: 80세만기, 20년납",02-1599-4600
특약,무배당 재해사망특약 (월납),주계약,사망보험금,보험기간 중 피보험자가 사망하였을 때,계약일로부터 1년이 지난 계약해당일 전일까지 : 보험가입금액과 이미 납입한 보험료 중 큰 금액 *이외의 지급사유 및 지급금액은 상품요약서 참조,"10,000만원  원","598,000 원","541,000 원",3.30 %,-,-,-,,비유니버셜,보장성_상품비교_20260608162031320.xls,처브라이프생명,Chubb New 수(秀) 종신보험 무배당(해약환급금 일부지급형) 2종 체감납입형,주계약,사망보험금,보험기간 중 피보험자가 사망하였을 때,계약일로부터 1년이 지난 계약해당일 전일까지 : 보험가입금액과 이미 납입한 보험료 중 큰 금액 *이외의 지급사유 및 지급금액은 상품요약서 참조,"10,000만원  원",598000  원,"541,000  원",3.30 %,-,-,132.1 %,132.0 %,-,-,-,-,체증형,무해지/저해지환급,-,-,-,-,,비유니버셜,대면채널,2026-01-01,"1. 가입나이: 만15세~65세 (성별, 납입기간별 상이) 2. 보험기간: 종신 3. 납입기간: 7년, 10년, 15년, 20년납 4. 납입주기: 월납 5. 가입한도: 1,000만원~10억원 6. 주계약 보험가격지수 예시: 일반심사형, 2종 체감납입형, 보험가입금액 10,000만원, 40세, 20년납, 월납, 납입기간 가중 평균보험료 기준 7. 주계약 보험료 예시: 일반심사형, 2종 체감납입형, 보험가입금액 10,000만원, 40세, 20년납, 월납, 제2납입기간 보험료 기준  위 기준에서 납입기간별 보험료는 아래와 같습니다.  제1납입기간 - 남자: 690,000원, 여자: 626,000원 / 제2납입기간 - 남자: 593,000원, 여자: 537,000원 / 제3납입기간 - 남자: 119,000원, 여자: 107,000원 8. 기간별 적용이율: 7년 이내 3.3%, 7년 초과 2.3% 9. 선택특약 보험료 예시: 80세만기, 20년납",02-1599-4600
특약,무배당 재해사망특약 (월납),특약,무배당 재해사망특약,피보험자가 특약의 보험기간 중 재해로 인하여 사망하였을 경우,"1,000만원",1000만원  원,900 원,400 원,3.30 %,-,-,-,,비유니버셜,보장성_상품비교_20260608162031320.xls,처브라이프생명,Chubb New 수(秀) 종신보험 무배당(해약환급금 일부지급형) 2종 체감납입형,특약,무배당 재해사망특약,피보험자가 특약의 보험기간 중 재해로 인하여 사망하였을 경우,"1,000만원",1000만원  원,900  원,400  원,3.30 %,-,-,132.1 %,132.0 %,-,-,-,-,체증형,무해지/저해지환급,-,-,-,-,,비유니버셜,대면채널,2026-01-01,"1. 가입나이: 만15세~65세 (성별, 납입기간별 상이) 2. 보험기간: 종신 3. 납입기간: 7년, 10년, 15년, 20년납 4. 납입주기: 월납 5. 가입한도: 1,000만원~10억원 6. 주계약 보험가격지수 예시: 일반심사형, 2종 체감납입형, 보험가입금액 10,000만원, 40세, 20년납, 월납, 납입기간 가중 평균보험료 기준 7. 주계약 보험료 예시: 일반심사형, 2종 체감납입형, 보험가입금액 10,000만원, 40세, 20년납, 월납, 제2납입기간 보험료 기준  위 기준에서 납입기간별 보험료는 아래와 같습니다.  제1납입기간 - 남자: 690,000원, 여자: 626,000원 / 제2납입기간 - 남자: 593,000원, 여자: 537,000원 / 제3납입기간 - 남자: 119,000원, 여자: 107,000원 8. 기간별 적용이율: 7년 이내 3.3%, 7년 초과 2.3% 9. 선택특약 보험료 예시: 80세만기, 20년납",02-1599-4600
특약,무배당 재해사망특약I (월납),특약,무배당 재해사망특약I,피보험자가 보험기간 중 재해로 인하여 사망하였을 때,"1,000만원","1,000만원",410 원,130 원,2.70 %,-,-,-,비갱신형,비유니버셜,보장성_상품비교_20260608162037508.xls,KB라이프생명,KB 경영인정기보험III 무배당(해약환급금 일부지급형)(일반심사형),특약,무배당 재해사망특약I,피보험자가 보험기간 중 재해로 인하여 사망하였을 때,"1,000만원","1,000만원",410  원,130  원,2.70 %,-,-,133.6 %,168.8 %,-,-,-,-,체증형,순수보장,-,-,-,-,비갱신형,비유니버셜,대면채널,2026-04-01,"1. 가입나이 : 남자(23~70세), 여자(24~70세) 2. 보험기간 : 90세만기 3. 납입기간 : 전기납 4. 가입금액 : 5천만원 ~ 5. 보험료(주계약) 기준 : 40세, 가입금액 1억원, 90세만기, 전기납, 월납 기준 6. 보험료(특약) 기준 : 40세, 80세만기, 전기납, 월납, 특약가입금액 1,000만원 7. 보험가격지수 예시기준 : 40세, 가입금액 1억원, 90세만기, 전기납, 월납 기준 8. 적용이율 : 10년이내 연복리 2.70%, 10년초과 연복리 1.00%",1588-3374
특약,무배당 재해장해보장특약I (월납),특약,무배당 재해장해보장특약I,피보험자가 보험기간 중 재해로 인하여 장해분류표에서 정한 장해지급률 중 3%이상이며 100%이하에 해당하는 장해상태가 되었을 때,"1,000만원 x 장해지급률","1,000만원",430 원,350 원,2.70 %,-,-,-,비갱신형,비유니버셜,보장성_상품비교_20260608162037508.xls,KB라이프생명,KB 경영인정기보험III 무배당(해약환급금 일부지급형)(일반심사형),특약,무배당 재해장해보장특약I,피보험자가 보험기간 중 재해로 인하여 장해분류표에서 정한 장해지급률 중 3%이상이며 100%이하에 해당하는 장해상태가 되었을 때,"1,000만원 x 장해지급률","1,000만원",430  원,350  원,2.70 %,-,-,133.6 %,168.8 %,-,-,-,-,체증형,순수보장,-,-,-,-,비갱신형,비유니버셜,대면채널,2026-04-01,"1. 가입나이 : 남자(23~70세), 여자(24~70세) 2. 보험기간 : 90세만기 3. 납입기간 : 전기납 4. 가입금액 : 5천만원 ~ 5. 보험료(주계약) 기준 : 40세, 가입금액 1억원, 90세만기, 전기납, 월납 기준 6. 보험료(특약) 기준 : 40세, 80세만기, 전기납, 월납, 특약가입금액 1,000만원 7. 보험가격지수 예시기준 : 40세, 가입금액 1억원, 90세만기, 전기납, 월납 기준 8. 적용이율 : 10년이내 연복리 2.70%, 10년초과 연복리 1.00%",1588-3374
특약,재해사망보험금 (월납),특약,재해사망보험금,특약보험기간 중 피보험자가 재해를 직접적인 원인으로 사망하였을 경우,"10,000만원",10000만원  원,"3,640 원","1,070 원",2.60 %,-,-,-,비갱신형,비유니버셜,보장성_상품비교_20260608162037508.xls,푸본현대생명,푸본현대 정기보험 스마트픽 무배당/해약환급금 미지급형(2604),특약,재해사망보험금,특약보험기간 중 피보험자가 재해를 직접적인 원인으로 사망하였을 경우,"10,000만원",10000만원  원,3640  원,"1,070  원",2.60 %,-,-,125.0 %,131.8 %,-,-,-,-,기본형,무해지/저해지환급,-,-,-,-,비갱신형,비유니버셜,대면채널,2026-04-01,"1. 가입나이 : 20세 ~ 최고 70세 2. 보험기간 : 65세/70세/80세/90세만기 3. 납입기간 : 10/20/30년/전기납 4. 보험종목 : 1종(일반가입)/2종(간편가입), 1형(기본납입면제형)/2형(치매납입면제추가형), 해약환급금미지급형/표준형 * 주계약 보험료 예시 : 1종(일반가입) 1형(기본납입면제형), 40세, 가입금액 1억원, 65세만기, 20년납, 월납 기준 * 선택특약 보험료 예시  - 1종(일반가입) 1형(기본납입면제형), 40세, 가입금액 1억원, 65세만기, 20년납, 월납 기준 * 보험가격지수 예시 : 1종(일반가입) 1형(기본납입면제형), 40세, 가입금액 1억원, 20년만기, 20년납, 월납 기준",1577-3311
교보생명,교보e상해케어보험 23.11 (무배당) (월납),주계약,강력범죄위로금,피보험자가 보험기간 중 “강력범죄”를 직접적인 원인으로 “신체피해로 전치 1개월을 초과하는 상해”가 발생하였을 경우 (동일사고에 의한 경우 1회에 한함),300만원(사고 1회당),"1,000만원","1,100 원",710 원,2.00 %,비갱신형,CM,2026-04-01,"■필수기재사항 1. 가입나이 : 20 ~ 60세 2. 보험기간 : 1년 3. 납입기간 : 전기납 ■선택기재사항 1. 보험료 예시기준 : 보험가입금액 1,000만원, 40세, 1년만기, 전기납, 월납",1588-1001,보장성_상품비교_20260608162045373.xls,교보생명,교보e상해케어보험 23.11 (무배당),주계약,강력범죄위로금,피보험자가 보험기간 중 “강력범죄”를 직접적인 원인으로 “신체피해로 전치 1개월을 초과하는 상해”가 발생하였을 경우 (동일사고에 의한 경우 1회에 한함),300만원(사고 1회당),"1,000만원",1100  원,710  원,2.00 %,-,-,92.5 %,85.6 %,-,-,-,-,기타,순수보장,비갱신형,비유니버셜,CM,2026-04-01,"■필수기재사항 1. 가입나이 : 20 ~ 60세 2. 보험기간 : 1년 3. 납입기간 : 전기납 ■선택기재사항 1. 보험료 예시기준 : 보험가입금액 1,000만원, 40세, 1년만기, 전기납, 월납",1588-1001,,,,
교보생명,교보e상해케어보험 23.11 (무배당) (월납),주계약,깁스치료비,피보험자가 보험기간 중 질병 또는 재해로 “깁스(Cast)치료”를 받았을 경우,10만원(깁스치료 1회당),"1,000만원","1,100 원",710 원,2.00 %,비갱신형,CM,2026-04-01,"■필수기재사항 1. 가입나이 : 20 ~ 60세 2. 보험기간 : 1년 3. 납입기간 : 전기납 ■선택기재사항 1. 보험료 예시기준 : 보험가입금액 1,000만원, 40세, 1년만기, 전기납, 월납",1588-1001,보장성_상품비교_20260608162045373.xls,교보생명,교보e상해케어보험 23.11 (무배당),주계약,깁스치료비,피보험자가 보험기간 중 질병 또는 재해로 “깁스(Cast)치료”를 받았을 경우,10만원(깁스치료 1회당),"1,000만원",1100  원,710  원,2.00 %,-,-,92.5 %,85.6 %,-,-,-,-,기타,순수보장,비갱신형,비유니버셜,CM,2026-04-01,"■필수기재사항 1. 가입나이 : 20 ~ 60세 2. 보험기간 : 1년 3. 납입기간 : 전기납 ■선택기재사항 1. 보험료 예시기준 : 보험가입금액 1,000만원, 40세, 1년만기, 전기납, 월납",1588-1001,,,,
교보생명,교보e상해케어보험 23.11 (무배당) (월납),주계약,재해골절치료비,"피보험자가 보험기간 중 재해를 직접적인 원인으로 골절[치아파절(깨짐, 부러짐) 제외]이 발생하였을 경우",10만원(골절발생 1회당),"1,000만원","1,100 원",710 원,2.00 %,비갱신형,CM,2026-04-01,"■필수기재사항 1. 가입나이 : 20 ~ 60세 2. 보험기간 : 1년 3. 납입기간 : 전기납 ■선택기재사항 1. 보험료 예시기준 : 보험가입금액 1,000만원, 40세, 1년만기, 전기납, 월납",1588-1001,보장성_상품비교_20260608162045373.xls,교보생명,교보e상해케어보험 23.11 (무배당),주계약,재해골절치료비,"피보험자가 보험기간 중 재해를 직접적인 원인으로 골절[치아파절(깨짐, 부러짐) 제외]이 발생하였을 경우",10만원(골절발생 1회당),"1,000만원",1100  원,710  원,2.00 %,-,-,92.5 %,85.6 %,-,-,-,-,기타,순수보장,비갱신형,비유니버셜,CM,2026-04-01,"■필수기재사항 1. 가입나이 : 20 ~ 60세 2. 보험기간 : 1년 3. 납입기간 : 전기납 ■선택기재사항 1. 보험료 예시기준 : 보험가입금액 1,000만원, 40세, 1년만기, 전기납, 월납",1588-1001,,,,
교보생명,교보e상해케어보험 23.11 (무배당) (월납),주계약,응급실내원비,"피보험자가 보험기간 중 “응급환자”로 응급실에 내원하여 진료를 받았을 경우(다만, 1일 1회에 한함)",1만원(내원 1회당),"1,000만원","1,100 원",710 원,2.00 %,비갱신형,CM,2026-04-01,"■필수기재사항 1. 가입나이 : 20 ~ 60세 2. 보험기간 : 1년 3. 납입기간 : 전기납 ■선택기재사항 1. 보험료 예시기준 : 보험가입금액 1,000만원, 40세, 1년만기, 전기납, 월납",1588-1001,보장성_상품비교_20260608162045373.xls,교보생명,교보e상해케어보험 23.11 (무배당),주계약,응급실내원비,"피보험자가 보험기간 중 “응급환자”로 응급실에 내원하여 진료를 받았을 경우(다만, 1일 1회에 한함)",1만원(내원 1회당),"1,000만원",1100  원,710  원,2.00 %,-,-,92.5 %,85.6 %,-,-,-,-,기타,순수보장,비갱신형,비유니버셜,CM,2026-04-01,"■필수기재사항 1. 가입나이 : 20 ~ 60세 2. 보험기간 : 1년 3. 납입기간 : 전기납 ■선택기재사항 1. 보험료 예시기준 : 보험가입금액 1,000만원, 40세, 1년만기, 전기납, 월납",1588-1001,,,,
교보생명,교보e상해케어보험 23.11 (무배당) (월납),주계약,재해입원비,피보험자가 보험기간 중 재해로 인한 직접적인 치료를 목적으로 1일 이상 입원하였을 경우,입원일수 1일당 1만원(1회 입원당지급일수 120일 한도),"1,000만원","1,100 원",710 원,2.00 %,비갱신형,CM,2026-04-01,"■필수기재사항 1. 가입나이 : 20 ~ 60세 2. 보험기간 : 1년 3. 납입기간 : 전기납 ■선택기재사항 1. 보험료 예시기준 : 보험가입금액 1,000만원, 40세, 1년만기, 전기납, 월납",1588-1001,보장성_상품비교_20260608162045373.xls,교보생명,교보e상해케어보험 23.11 (무배당),주계약,재해입원비,피보험자가 보험기간 중 재해로 인한 직접적인 치료를 목적으로 1일 이상 입원하였을 경우,입원일수 1일당 1만원(1회 입원당지급일수 120일 한도),"1,000만원",1100  원,710  원,2.00 %,-,-,92.5 %,85.6 %,-,-,-,-,기타,순수보장,비갱신형,비유니버셜,CM,2026-04-01,"■필수기재사항 1. 가입나이 : 20 ~ 60세 2. 보험기간 : 1년 3. 납입기간 : 전기납 ■선택기재사항 1. 보험료 예시기준 : 보험가입금액 1,000만원, 40세, 1년만기, 전기납, 월납",1588-1001,,,,
교보생명,교보e상해케어보험 23.11 (무배당) (월납),주계약,재해수술비,피보험자가 보험기간 중 재해를 직접적인 원인으로 수술을 받았을 경우,10만원(수술 1회당),"1,000만원","1,100 원",710 원,2.00 %,비갱신형,CM,2026-04-01,"■필수기재사항 1. 가입나이 : 20 ~ 60세 2. 보험기간 : 1년 3. 납입기간 : 전기납 ■선택기재사항 1. 보험료 예시기준 : 보험가입금액 1,000만원, 40세, 1년만기, 전기납, 월납",1588-1001,보장성_상품비교_20260608162045373.xls,교보생명,교보e상해케어보험 23.11 (무배당),주계약,재해수술비,피보험자가 보험기간 중 재해를 직접적인 원인으로 수술을 받았을 경우,10만원(수술 1회당),"1,000만원",1100  원,710  원,2.00 %,-,-,92.5 %,85.6 %,-,-,-,-,기타,순수보장,비갱신형,비유니버셜,CM,2026-04-01,"■필수기재사항 1. 가입나이 : 20 ~ 60세 2. 보험기간 : 1년 3. 납입기간 : 전기납 ■선택기재사항 1. 보험료 예시기준 : 보험가입금액 1,000만원, 40세, 1년만기, 전기납, 월납",1588-1001,,,,
교보생명,교보e상해케어보험 23.11 (무배당) (월납),주계약,특정외모상해수술비,"피보험자가 보험기간 중 “특정외모상해”로 진단확정되고, “특정외모상해”의 직접적인 치료를 목적으로 수술을 받았을 경우 ※ 다만, 연간 1회에 한함",30만원 (수술 1회당),"1,000만원","1,100 원",710 원,2.00 %,비갱신형,CM,2026-04-01,"■필수기재사항 1. 가입나이 : 20 ~ 60세 2. 보험기간 : 1년 3. 납입기간 : 전기납 ■선택기재사항 1. 보험료 예시기준 : 보험가입금액 1,000만원, 40세, 1년만기, 전기납, 월납",1588-1001,보장성_상품비교_20260608162045373.xls,교보생명,교보e상해케어보험 23.11 (무배당),주계약,특정외모상해수술비,"피보험자가 보험기간 중 “특정외모상해”로 진단확정되고, “특정외모상해”의 직접적인 치료를 목적으로 수술을 받았을 경우 ※ 다만, 연간 1회에 한함",30만원 (수술 1회당),"1,000만원",1100  원,710  원,2.00 %,-,-,92.5 %,85.6 %,-,-,-,-,기타,순수보장,비갱신형,비유니버셜,CM,2026-04-01,"■필수기재사항 1. 가입나이 : 20 ~ 60세 2. 보험기간 : 1년 3. 납입기간 : 전기납 ■선택기재사항 1. 보험료 예시기준 : 보험가입금액 1,000만원, 40세, 1년만기, 전기납, 월납",1588-1001,,,,
KB라이프생명,KB 골든라이프 안심보험 무배당(상해보장형) (월납),주계약,재해사망보험금,피보험자가 보험기간 중 보장개시일 이후에 재해분류표에서 정하는 재해로 인하여 사망하였을 때,6억원,3000만원,"3,032,040 원","2,128,770 원",3.40 %,비갱신형,방카슈랑스,2026-01-19,"1. 가입나이: 만15세 ~ 최대 75세 2. 보험기간: 110세만기 3. 납입기간 : 3년, 4년, 5년, 7년, 10년납 4. 보험료(주계약) 기준 : 40세, 110세만기, 10년납, 월납, 가입금액 : 3,000만원 5. 보험가격지수 기준 : 40세, 110세만기, 10년납, 월납, 가입금액 : 3,000만원 6. 적용이율: 10년 이내 3.40%, 10년 이후 2.0%",1588-3374,보장성_상품비교_20260608162045373.xls,KB라이프생명,KB 골든라이프 안심보험 무배당(상해보장형),주계약,재해사망보험금,피보험자가 보험기간 중 보장개시일 이후에 재해분류표에서 정하는 재해로 인하여 사망하였을 때,6억원,3000만원,3032040  원,"2,128,770  원",3.40 %,-,-,93.4 %,92.1 %,-,-,-,-,기타,순수보장,비갱신형,비유니버셜,방카슈랑스,2026-01-19,"1. 가입나이: 만15세 ~ 최대 75세 2. 보험기간: 110세만기 3. 납입기간 : 3년, 4년, 5년, 7년, 10년납 4. 보험료(주계약) 기준 : 40세, 110세만기, 10년납, 월납, 가입금액 : 3,000만원 5. 보험가격지수 기준 : 40세, 110세만기, 10년납, 월납, 가입금액 : 3,000만원 6. 적용이율: 10년 이내 3.40%, 10년 이후 2.0%",1588-3374,,,,
KB라이프생명,KB 골든라이프 안심보험 무배당(상해보장형) (월납),주계약,고도장해보험금,피보험자가 보험기간 중 보장개시일 이후에 동일한 재해 또는 재해 이외의 동일한 원인으로 인하여 장해분류표 중 여러 신체부위의 장해지급률을 더하여 80%이상인 장해상태가 되었을 때,"9억원 (다만, 계약일로부터 1년이 되는 계약해당일의 전날까지 재해 이외의 동일한 원인으로 80%이상인 장해상태가 되었을 때는 4.5억원)",3000만원,"3,032,040 원","2,128,770 원",3.40 %,비갱신형,방카슈랑스,2026-01-19,"1. 가입나이: 만15세 ~ 최대 75세 2. 보험기간: 110세만기 3. 납입기간 : 3년, 4년, 5년, 7년, 10년납 4. 보험료(주계약) 기준 : 40세, 110세만기, 10년납, 월납, 가입금액 : 3,000만원 5. 보험가격지수 기준 : 40세, 110세만기, 10년납, 월납, 가입금액 : 3,000만원 6. 적용이율: 10년 이내 3.40%, 10년 이후 2.0%",1588-3374,보장성_상품비교_20260608162045373.xls,KB라이프생명,KB 골든라이프 안심보험 무배당(상해보장형),주계약,고도장해보험금,피보험자가 보험기간 중 보장개시일 이후에 동일한 재해 또는 재해 이외의 동일한 원인으로 인하여 장해분류표 중 여러 신체부위의 장해지급률을 더하여 80%이상인 장해상태가 되었을 때,"9억원 (다만, 계약일로부터 1년이 되는 계약해당일의 전날까지 재해 이외의 동일한 원인으로 80%이상인 장해상태가 되었을 때는 4.5억원)",3000만원,3032040  원,"2,128,770  원",3.40 %,-,-,93.4 %,92.1 %,-,-,-,-,기타,순수보장,비갱신형,비유니버셜,방카슈랑스,2026-01-19,"1. 가입나이: 만15세 ~ 최대 75세 2. 보험기간: 110세만기 3. 납입기간 : 3년, 4년, 5년, 7년, 10년납 4. 보험료(주계약) 기준 : 40세, 110세만기, 10년납, 월납, 가입금액 : 3,000만원 5. 보험가격지수 기준 : 40세, 110세만기, 10년납, 월납, 가입금액 : 3,000만원 6. 적용이율: 10년 이내 3.40%, 10년 이후 2.0%",1588-3374,,,,
한화생명,한화생명 간편가입 포켓골절보험 무배당 (일시납),주계약,재해골절진단자금,피보험자가 보험기간 중 발생한 재해를 직접적인 원인으로 보험기간 중 '재해골절'로 진단이 확정되었을 경우,5만원(1회당),5만원,"2,053 원","1,573 원",2.50 %,비갱신형,CM,2026-05-18,"1. 가입나이 : 만 19세 ~ 65세 2. 납입주기 : 일시납 3. 가입한도 : 보험가입금액 5~10만원 4. 보험기간 : 1년만기 5. 보험가격지수 기준 : 40세, 1년만기, 일시납, 주계약가입금액 5만원 6. 보험료 기준 : 40세, 1년만기, 일시납, 주계약가입금액 5만원 7. 확정이율 : 2.50% * 특약 : 부가가능 특약 無",1588-6363,보장성_상품비교_20260608162059302.xls,한화생명,한화생명 간편가입 포켓골절보험 무배당,주계약,재해골절진단자금,피보험자가 보험기간 중 발생한 재해를 직접적인 원인으로 보험기간 중 '재해골절'로 진단이 확정되었을 경우,5만원(1회당),5만원,2053  원,"1,573  원",2.50 %,-,-,136.8 %,133.8 %,-,-,-,-,보험기간(1년 이하),무해지/저해지환급,비갱신형,비유니버셜,CM,2026-05-18,"1. 가입나이 : 만 19세 ~ 65세 2. 납입주기 : 일시납 3. 가입한도 : 보험가입금액 5~10만원 4. 보험기간 : 1년만기 5. 보험가격지수 기준 : 40세, 1년만기, 일시납, 주계약가입금액 5만원 6. 보험료 기준 : 40세, 1년만기, 일시납, 주계약가입금액 5만원 7. 확정이율 : 2.50% * 특약 : 부가가능 특약 無",1588-6363,,,,
한화생명,한화생명 포켓골절보험 무배당 (일시납),주계약,재해골절진단자금,피보험자가 보험기간 중 발생한 재해를 직접적인 원인으로 보험기간 중 '재해골절'로 진단이 확정되었을 경우,5만원(1회당),5만원,"1,177 원",852 원,2.50 %,비갱신형,CM,2026-05-18,"1. 가입나이 : 만 19세 ~ 65세 2. 납입주기 : 일시납 3. 가입한도 : 보험가입금액 5~10만원 4. 보험기간 : 1년만기 5. 보험가격지수 기준 : 40세, 1년만기, 일시납, 주계약가입금액 5만원 6. 보험료 기준 : 40세, 1년만기, 일시납, 주계약가입금액 5만원 7. 확정이율 : 2.50% * 특약 : 부가가능 특약 無",1588-6363,보장성_상품비교_20260608162059302.xls,한화생명,한화생명 포켓골절보험 무배당,주계약,재해골절진단자금,피보험자가 보험기간 중 발생한 재해를 직접적인 원인으로 보험기간 중 '재해골절'로 진단이 확정되었을 경우,5만원(1회당),5만원,1177  원,852  원,2.50 %,-,-,78.4 %,72.4 %,-,-,-,-,보험기간(1년 이하),무해지/저해지환급,비갱신형,비유니버셜,CM,2026-05-18,"1. 가입나이 : 만 19세 ~ 65세 2. 납입주기 : 일시납 3. 가입한도 : 보험가입금액 5~10만원 4. 보험기간 : 1년만기 5. 보험가격지수 기준 : 40세, 1년만기, 일시납, 주계약가입금액 5만원 6. 보험료 기준 : 40세, 1년만기, 일시납, 주계약가입금액 5만원 7. 확정이율 : 2.50% * 특약 : 부가가능 특약 無",1588-6363,,,,
한화생명,한화생명 스마트V상해보험 무배당 (월납),주계약,재해사망보험금,보험기간 중 피보험자에게 재해가 발생하고 그 재해를 직접적인 원인으로 보험 기간 중 피보험자가 사망한 경우,3억원,"1,000만원","2,557,400 원","1,922,200 원",3.25 %,비갱신형,방카슈랑스,2026-05-01,"1. 가입나이 : 만 15세 ~ 80세(단, 납입기간별 가입나이 상이) 2. 가입한도 : [70세 이하] 10만원 ~ 3,000만원  [71세 이상] 10만원 ~ 1,000만원  (단, 위험직급별 가입한도 이내) 3. 보험기간 : 110세 만기 4. 보험종류 : 1형(기본형), 2형(보장강화형) 5. 보험가격지수 기준 : 1형(기본형), 주계약 가입금액 3,000만원, 40세, 110세만기, 20년납 6. 주계약 보험료 기준 : 1형(기본형), 주계약 가입금액 1,000만원, 40세, 110세만기, 5년납",1588-6363,보장성_상품비교_20260608162059302.xls,한화생명,한화생명 스마트V상해보험 무배당,주계약,재해사망보험금,보험기간 중 피보험자에게 재해가 발생하고 그 재해를 직접적인 원인으로 보험 기간 중 피보험자가 사망한 경우,3억원,"1,000만원",2557400  원,"1,922,200  원",3.25 %,-,-,105.3 %,105.5 %,-,-,-,-,보험기간(1년 초과),무해지/저해지환급,비갱신형,비유니버셜,방카슈랑스,2026-05-01,"1. 가입나이 : 만 15세 ~ 80세(단, 납입기간별 가입나이 상이) 2. 가입한도 : [70세 이하] 10만원 ~ 3,000만원  [71세 이상] 10만원 ~ 1,000만원  (단, 위험직급별 가입한도 이내) 3. 보험기간 : 110세 만기 4. 보험종류 : 1형(기본형), 2형(보장강화형) 5. 보험가격지수 기준 : 1형(기본형), 주계약 가입금액 3,000만원, 40세, 110세만기, 20년납 6. 주계약 보험료 기준 : 1형(기본형), 주계약 가입금액 1,000만원, 40세, 110세만기, 5년납",1588-6363,,,,
한화생명,한화생명 스마트V상해보험 무배당 (월납),주계약,고도장해보험금,"피보험자가 보험기간 중 발생한 동일한 재해 또는 재해 이외의 동일한 원인으로 인하여 장해분류표 중 여러 신체부위의 장해지급률을 더하여 80% 이상인 장해상태가 되었을 경우(최초 1회한)(1년 미만 50%(단, 재해로 인한 장해상태가 되었을 경우 제외) 지급)",3억원,"1,000만원","2,557,400 원","1,922,200 원",3.25 %,비갱신형,방카슈랑스,2026-05-01,"1. 가입나이 : 만 15세 ~ 80세(단, 납입기간별 가입나이 상이) 2. 가입한도 : [70세 이하] 10만원 ~ 3,000만원  [71세 이상] 10만원 ~ 1,000만원  (단, 위험직급별 가입한도 이내) 3. 보험기간 : 110세 만기 4. 보험종류 : 1형(기본형), 2형(보장강화형) 5. 보험가격지수 기준 : 1형(기본형), 주계약 가입금액 3,000만원, 40세, 110세만기, 20년납 6. 주계약 보험료 기준 : 1형(기본형), 주계약 가입금액 1,000만원, 40세, 110세만기, 5년납",1588-6363,보장성_상품비교_20260608162059302.xls,한화생명,한화생명 스마트V상해보험 무배당,주계약,고도장해보험금,"피보험자가 보험기간 중 발생한 동일한 재해 또는 재해 이외의 동일한 원인으로 인하여 장해분류표 중 여러 신체부위의 장해지급률을 더하여 80% 이상인 장해상태가 되었을 경우(최초 1회한)(1년 미만 50%(단, 재해로 인한 장해상태가 되었을 경우 제외) 지급)",3억원,"1,000만원",2557400  원,"1,922,200  원",3.25 %,-,-,105.3 %,105.5 %,-,-,-,-,보험기간(1년 초과),무해지/저해지환급,비갱신형,비유니버셜,방카슈랑스,2026-05-01,"1. 가입나이 : 만 15세 ~ 80세(단, 납입기간별 가입나이 상이) 2. 가입한도 : [70세 이하] 10만원 ~ 3,000만원  [71세 이상] 10만원 ~ 1,000만원  (단, 위험직급별 가입한도 이내) 3. 보험기간 : 110세 만기 4. 보험종류 : 1형(기본형), 2형(보장강화형) 5. 보험가격지수 기준 : 1형(기본형), 주계약 가입금액 3,000만원, 40세, 110세만기, 20년납 6. 주계약 보험료 기준 : 1형(기본형), 주계약 가입금액 1,000만원, 40세, 110세만기, 5년납",1588-6363,,,,
한화생명,한화생명 스마트H상해보험 무배당 (월납),주계약,재해사망보험금,보험기간 중 피보험자에게 재해가 발생하고 그 재해를 직접적인 원인으로 보험 기간 중 피보험자가 사망한 경우,3억원,"1,000만원","2,611,100 원","1,964,100 원",3.25 %,비갱신형,대면채널,2026-05-01,"1. 가입나이 : 만 15세 ~ 80세(단, 납입기간별 가입나이 상이) 2. 가입한도 : [70세 이하] 10만원 ~ 3,000만원  [71세 이상] 10만원 ~ 1,000만원  (단, 위험직급별 가입한도 이내) 3. 보험기간 : 110세 만기 4. 보험가격지수 기준 : 1형(기본형), 주계약 가입금액 3,000만원, 40세, 110세만기, 20년납 5. 주계약 보험료 기준 : 1형(기본형), 주계약 가입금액 1,000만원, 40세, 110세만기, 5년납",1588-6363,보장성_상품비교_20260608162059302.xls,한화생명,한화생명 스마트H상해보험 무배당,주계약,재해사망보험금,보험기간 중 피보험자에게 재해가 발생하고 그 재해를 직접적인 원인으로 보험 기간 중 피보험자가 사망한 경우,3억원,"1,000만원",2611100  원,"1,964,100  원",3.25 %,-,-,107.7 %,107.9 %,-,-,-,-,보험기간(1년 초과),무해지/저해지환급,비갱신형,비유니버셜,대면채널,2026-05-01,"1. 가입나이 : 만 15세 ~ 80세(단, 납입기간별 가입나이 상이) 2. 가입한도 : [70세 이하] 10만원 ~ 3,000만원  [71세 이상] 10만원 ~ 1,000만원  (단, 위험직급별 가입한도 이내) 3. 보험기간 : 110세 만기 4. 보험가격지수 기준 : 1형(기본형), 주계약 가입금액 3,000만원, 40세, 110세만기, 20년납 5. 주계약 보험료 기준 : 1형(기본형), 주계약 가입금액 1,000만원, 40세, 110세만기, 5년납",1588-6363,,,,
한화생명,한화생명 스마트H상해보험 무배당 (월납),주계약,고도장해보험금,"피보험자가 보험기간 중 발생한 동일한 재해 또는 재해 이외의 동일한 원인으로 인하여 장해분류표 중 여러 신체부위의 장해지급률을 더하여 80% 이상인 장해상태가 되었을 경우(최초 1회한, 1년 미만 50%(단, 재해로 인한 장해상태가 되었을 경우 제외) 지급)",3억원,"1,000만원","2,611,100 원","1,964,100 원",3.25 %,비갱신형,대면채널,2026-05-01,"1. 가입나이 : 만 15세 ~ 80세(단, 납입기간별 가입나이 상이) 2. 가입한도 : [70세 이하] 10만원 ~ 3,000만원  [71세 이상] 10만원 ~ 1,000만원  (단, 위험직급별 가입한도 이내) 3. 보험기간 : 110세 만기 4. 보험가격지수 기준 : 1형(기본형), 주계약 가입금액 3,000만원, 40세, 110세만기, 20년납 5. 주계약 보험료 기준 : 1형(기본형), 주계약 가입금액 1,000만원, 40세, 110세만기, 5년납",1588-6363,보장성_상품비교_20260608162059302.xls,한화생명,한화생명 스마트H상해보험 무배당,주계약,고도장해보험금,"피보험자가 보험기간 중 발생한 동일한 재해 또는 재해 이외의 동일한 원인으로 인하여 장해분류표 중 여러 신체부위의 장해지급률을 더하여 80% 이상인 장해상태가 되었을 경우(최초 1회한, 1년 미만 50%(단, 재해로 인한 장해상태가 되었을 경우 제외) 지급)",3억원,"1,000만원",2611100  원,"1,964,100  원",3.25 %,-,-,107.7 %,107.9 %,-,-,-,-,보험기간(1년 초과),무해지/저해지환급,비갱신형,비유니버셜,대면채널,2026-05-01,"1. 가입나이 : 만 15세 ~ 80세(단, 납입기간별 가입나이 상이) 2. 가입한도 : [70세 이하] 10만원 ~ 3,000만원  [71세 이상] 10만원 ~ 1,000만원  (단, 위험직급별 가입한도 이내) 3. 보험기간 : 110세 만기 4. 보험가격지수 기준 : 1형(기본형), 주계약 가입금액 3,000만원, 40세, 110세만기, 20년납 5. 주계약 보험료 기준 : 1형(기본형), 주계약 가입금액 1,000만원, 40세, 110세만기, 5년납",1588-6363,,,,
ABL생명,(무)더나은안심보험_2형(상해보장형) (월납),주계약,고도장해보험금,"피보험자가 보험기간 중 「동일한 재해 또는 재해 이외의 동일한 원인」으로 인하여 장해분류표 중 여러 신체부위의 장해지급률을 더하여 80%이상인 장해 상태가 되었을 때(다만, 최초 1회에 한하여 지급)","30,000만원 (다만, 계약일로부터 1년이 지난 보험계약해당일 전일 이전에 재해 이외의 원인으로 지급사유가 발생하였을 경우 상기금액의 50%를 지급)","1,000만원  원","426,400 원","186,300 원",3.00 %,비갱신형,방카슈랑스,2026-04-01,"1. 가입나이 : (1형 장해보장형) 만15세 ~ 최대 75세 (성별, 납입기간별 상이)  (2형 상해보장형) 만15세 ~ 최대 75세 (성별, 납입기간별 상이) 2. 가입한도 : (1형 장해보장형) 65세 이하 - 100만원 ~ 7,000만원  66세 이상 - 100만원 ~ 4,000만원  (2형 상해보장형) 70세 이하 - 100만원 ~ 3,000만원  71세 이상 - 100만원 ~ 2,000만원 3. 보험종류  - 1형(장해보장형) - 기본형  - 2형(상해보장형) - 기본형 4. 보험기간 : 100세/110세 만기 5. 납입기간 : 5/7/10/15/20년납 6. 적용이율 : 가입 후 경과기간 10년 이내 3.00% / 10년 초과 2.00% 7. 보험료 예시기준 : 2형(상해보장형), 기본형, 가입금액 1,000만원, 40세, 100세만기, 20년납, 월납 8. 보험가격지수 예시기준 : 2형(상해보장형), 기본형, 가입금액 3,000만원, 40세, 100세만기, 20년납, 월납",0215886500,보장성_상품비교_20260608162059302.xls,ABL생명,(무)더나은안심보험_2형(상해보장형),주계약,고도장해보험금,"피보험자가 보험기간 중 「동일한 재해 또는 재해 이외의 동일한 원인」으로 인하여 장해분류표 중 여러 신체부위의 장해지급률을 더하여 80%이상인 장해 상태가 되었을 때(다만, 최초 1회에 한하여 지급)","30,000만원 (다만, 계약일로부터 1년이 지난 보험계약해당일 전일 이전에 재해 이외의 원인으로 지급사유가 발생하였을 경우 상기금액의 50%를 지급)","1,000만원  원",426400  원,"186,300  원",3.00 %,-,-,93.9 %,90.0 %,-,-,-,-,보험기간(1년 초과),순수보장,비갱신형,비유니버셜,방카슈랑스,2026-04-01,"1. 가입나이 : (1형 장해보장형) 만15세 ~ 최대 75세 (성별, 납입기간별 상이)  (2형 상해보장형) 만15세 ~ 최대 75세 (성별, 납입기간별 상이) 2. 가입한도 : (1형 장해보장형) 65세 이하 - 100만원 ~ 7,000만원  66세 이상 - 100만원 ~ 4,000만원  (2형 상해보장형) 70세 이하 - 100만원 ~ 3,000만원  71세 이상 - 100만원 ~ 2,000만원 3. 보험종류  - 1형(장해보장형) - 기본형  - 2형(상해보장형) - 기본형 4. 보험기간 : 100세/110세 만기 5. 납입기간 : 5/7/10/15/20년납 6. 적용이율 : 가입 후 경과기간 10년 이내 3.00% / 10년 초과 2.00% 7. 보험료 예시기준 : 2형(상해보장형), 기본형, 가입금액 1,000만원, 40세, 100세만기, 20년납, 월납 8. 보험가격지수 예시기준 : 2형(상해보장형), 기본형, 가입금액 3,000만원, 40세, 100세만기, 20년납, 월납",0215886500,,,,
ABL생명,(무)더나은안심보험_2형(상해보장형) (월납),주계약,재해사망보험금,피보험자가 보험기간 중 재해로 사망하였을 때,"20,000만원","1,000만원  원","426,400 원","186,300 원",3.00 %,비갱신형,방카슈랑스,2026-04-01,"1. 가입나이 : (1형 장해보장형) 만15세 ~ 최대 75세 (성별, 납입기간별 상이)  (2형 상해보장형) 만15세 ~ 최대 75세 (성별, 납입기간별 상이) 2. 가입한도 : (1형 장해보장형) 65세 이하 - 100만원 ~ 7,000만원  66세 이상 - 100만원 ~ 4,000만원  (2형 상해보장형) 70세 이하 - 100만원 ~ 3,000만원  71세 이상 - 100만원 ~ 2,000만원 3. 보험종류  - 1형(장해보장형) - 기본형  - 2형(상해보장형) - 기본형 4. 보험기간 : 100세/110세 만기 5. 납입기간 : 5/7/10/15/20년납 6. 적용이율 : 가입 후 경과기간 10년 이내 3.00% / 10년 초과 2.00% 7. 보험료 예시기준 : 2형(상해보장형), 기본형, 가입금액 1,000만원, 40세, 100세만기, 20년납, 월납 8. 보험가격지수 예시기준 : 2형(상해보장형), 기본형, 가입금액 3,000만원, 40세, 100세만기, 20년납, 월납",0215886500,보장성_상품비교_20260608162059302.xls,ABL생명,(무)더나은안심보험_2형(상해보장형),주계약,재해사망보험금,피보험자가 보험기간 중 재해로 사망하였을 때,"20,000만원","1,000만원  원",426400  원,"186,300  원",3.00 %,-,-,93.9 %,90.0 %,-,-,-,-,보험기간(1년 초과),순수보장,비갱신형,비유니버셜,방카슈랑스,2026-04-01,"1. 가입나이 : (1형 장해보장형) 만15세 ~ 최대 75세 (성별, 납입기간별 상이)  (2형 상해보장형) 만15세 ~ 최대 75세 (성별, 납입기간별 상이) 2. 가입한도 : (1형 장해보장형) 65세 이하 - 100만원 ~ 7,000만원  66세 이상 - 100만원 ~ 4,000만원  (2형 상해보장형) 70세 이하 - 100만원 ~ 3,000만원  71세 이상 - 100만원 ~ 2,000만원 3. 보험종류  - 1형(장해보장형) - 기본형  - 2형(상해보장형) - 기본형 4. 보험기간 : 100세/110세 만기 5. 납입기간 : 5/7/10/15/20년납 6. 적용이율 : 가입 후 경과기간 10년 이내 3.00% / 10년 초과 2.00% 7. 보험료 예시기준 : 2형(상해보장형), 기본형, 가입금액 1,000만원, 40세, 100세만기, 20년납, 월납 8. 보험가격지수 예시기준 : 2형(상해보장형), 기본형, 가입금액 3,000만원, 40세, 100세만기, 20년납, 월납",0215886500,,,,
삼성생명,삼성 슬기로운 취미생활 상해보험(2501)(무배당) (월납),주계약,재해골절수술보험금,"보험기간 중 재해로 인하여 ""재해 골절"" 상태가 되고, ""재해골절""의 직접적인 치료를 목적 으로 ""재해골절수술""을 받았을 때 (치아의 파절 제외) (단, 보험연도 기준 연 3회한)",1회당 5만원,"1,000만원",900 원,900 원,2.00 %,비갱신형,대면채널,2025-01-14,"□ 필수기재사항 1. 가입나이 : -1종(골절수술보장형), 2종(스포츠안심보장형) : 20세~만64세  -3종(어린이골절수술보장형): 0세~ 만13세 2. 보험기간 : 1년 3. 보험료 예시기준 : 주보험 1종 보험가입금액 1,000만원, 40세, 남자, 1년만기, 일시납 □ 선택기재사항 1. 보험료 납입기간 : 일시납 2. 보험가격지수 예시 기준 : 주보험 1종 보험가입금액 1,000만원, 40세, 1년만기, 일시납",1588-3114,보장성_상품비교_20260608162059302.xls,삼성생명,삼성 슬기로운 취미생활 상해보험(2501)(무배당),주계약,재해골절수술보험금,"보험기간 중 재해로 인하여 ""재해 골절"" 상태가 되고, ""재해골절""의 직접적인 치료를 목적 으로 ""재해골절수술""을 받았을 때 (치아의 파절 제외) (단, 보험연도 기준 연 3회한)",1회당 5만원,"1,000만원",900  원,900  원,2.00 %,-,-,95.9 %,76.0 %,-,-,-,-,보험기간(1년 초과),순수보장,비갱신형,비유니버셜,대면채널,2025-01-14,"□ 필수기재사항 1. 가입나이 : -1종(골절수술보장형), 2종(스포츠안심보장형) : 20세~만64세  -3종(어린이골절수술보장형): 0세~ 만13세 2. 보험기간 : 1년 3. 보험료 예시기준 : 주보험 1종 보험가입금액 1,000만원, 40세, 남자, 1년만기, 일시납 □ 선택기재사항 1. 보험료 납입기간 : 일시납 2. 보험가격지수 예시 기준 : 주보험 1종 보험가입금액 1,000만원, 40세, 1년만기, 일시납",1588-3114,,,,
삼성생명,삼성 슬기로운 취미생활 상해보험(2501)(무배당) (월납),주계약,5대재해골절수술보험금,"보험기간 중 재해로 인하여 ""5대 재해골절"" 상태가 되고, ""5대재해골절""의 직접적인 치료 를 목적으로 ""5대재해골절수술""을 받았을 때 (치아의 파절 및 비골의 골절 제외) (단, 최대 3회한)",1회당 25만원,"1,000만원",900 원,900 원,2.00 %,비갱신형,대면채널,2025-01-14,"□ 필수기재사항 1. 가입나이 : -1종(골절수술보장형), 2종(스포츠안심보장형) : 20세~만64세  -3종(어린이골절수술보장형): 0세~ 만13세 2. 보험기간 : 1년 3. 보험료 예시기준 : 주보험 1종 보험가입금액 1,000만원, 40세, 남자, 1년만기, 일시납 □ 선택기재사항 1. 보험료 납입기간 : 일시납 2. 보험가격지수 예시 기준 : 주보험 1종 보험가입금액 1,000만원, 40세, 1년만기, 일시납",1588-3114,보장성_상품비교_20260608162059302.xls,삼성생명,삼성 슬기로운 취미생활 상해보험(2501)(무배당),주계약,5대재해골절수술보험금,"보험기간 중 재해로 인하여 ""5대 재해골절"" 상태가 되고, ""5대재해골절""의 직접적인 치료 를 목적으로 ""5대재해골절수술""을 받았을 때 (치아의 파절 및 비골의 골절 제외) (단, 최대 3회한)",1회당 25만원,"1,000만원",900  원,900  원,2.00 %,-,-,95.9 %,76.0 %,-,-,-,-,보험기간(1년 초과),순수보장,비갱신형,비유니버셜,대면채널,2025-01-14,"□ 필수기재사항 1. 가입나이 : -1종(골절수술보장형), 2종(스포츠안심보장형) : 20세~만64세  -3종(어린이골절수술보장형): 0세~ 만13세 2. 보험기간 : 1년 3. 보험료 예시기준 : 주보험 1종 보험가입금액 1,000만원, 40세, 남자, 1년만기, 일시납 □ 선택기재사항 1. 보험료 납입기간 : 일시납 2. 보험가격지수 예시 기준 : 주보험 1종 보험가입금액 1,000만원, 40세, 1년만기, 일시납",1588-3114,,,,
삼성생명,삼성 마음모아 미니상해보험(2403)(무배당) (월납),주계약,재해골절(치아파절제외) 진단보험금,"재해로 인하여 ""재해골절""상태가 되었을 때(발생 1회당) ※ 동일한 재해로 인하여 2가지 이상의 골절(복합골절)시 1회만 지급",10만원,"1,000만원","4,800 원","4,000 원",2.00 %,비갱신형,CM,2024-03-04,"□ 필수기재사항  1. 가입 나이 : 20세 ~ 만 64세  2. 보험 기간 : 1년  3. 보험료 예시 기준 : 납입기간 일시납, 40세, 가입금액 1,000만원 □ 선택기재사항  1. 가입한도  - 보험가입금액 : 500만원 ~ 1,000만원  2. 보험가격지수 예시기준  - 납입기간 일시납, 40세, 가입금액 1,000만원",1588-3114,보장성_상품비교_20260608162059302.xls,삼성생명,삼성 마음모아 미니상해보험(2403)(무배당),주계약,재해골절(치아파절제외) 진단보험금,"재해로 인하여 ""재해골절""상태가 되었을 때(발생 1회당) ※ 동일한 재해로 인하여 2가지 이상의 골절(복합골절)시 1회만 지급",10만원,"1,000만원",4800  원,"4,000  원",2.00 %,-,-,85.2 %,78.8 %,-,-,-,-,보험기간(1년 이하),순수보장,비갱신형,비유니버셜,CM,2024-03-04,"□ 필수기재사항  1. 가입 나이 : 20세 ~ 만 64세  2. 보험 기간 : 1년  3. 보험료 예시 기준 : 납입기간 일시납, 40세, 가입금액 1,000만원 □ 선택기재사항  1. 가입한도  - 보험가입금액 : 500만원 ~ 1,000만원  2. 보험가격지수 예시기준  - 납입기간 일시납, 40세, 가입금액 1,000만원",1588-3114,,,,
삼성생명,삼성 마음모아 미니상해보험(2403)(무배당) (월납),주계약,깁스치료(부목제외) 보험금,"재해 또는 재해 이외의 원인으로 ""깁스(Cast)치료""를 받았을 때(1회당)",10만원,"1,000만원","4,800 원","4,000 원",2.00 %,비갱신형,CM,2024-03-04,"□ 필수기재사항  1. 가입 나이 : 20세 ~ 만 64세  2. 보험 기간 : 1년  3. 보험료 예시 기준 : 납입기간 일시납, 40세, 가입금액 1,000만원 □ 선택기재사항  1. 가입한도  - 보험가입금액 : 500만원 ~ 1,000만원  2. 보험가격지수 예시기준  - 납입기간 일시납, 40세, 가입금액 1,000만원",1588-3114,보장성_상품비교_20260608162059302.xls,삼성생명,삼성 마음모아 미니상해보험(2403)(무배당),주계약,깁스치료(부목제외) 보험금,"재해 또는 재해 이외의 원인으로 ""깁스(Cast)치료""를 받았을 때(1회당)",10만원,"1,000만원",4800  원,"4,000  원",2.00 %,-,-,85.2 %,78.8 %,-,-,-,-,보험기간(1년 이하),순수보장,비갱신형,비유니버셜,CM,2024-03-04,"□ 필수기재사항  1. 가입 나이 : 20세 ~ 만 64세  2. 보험 기간 : 1년  3. 보험료 예시 기준 : 납입기간 일시납, 40세, 가입금액 1,000만원 □ 선택기재사항  1. 가입한도  - 보험가입금액 : 500만원 ~ 1,000만원  2. 보험가격지수 예시기준  - 납입기간 일시납, 40세, 가입금액 1,000만원",1588-3114,,,,
삼성생명,삼성 s교통상해보험(2501)(무배당) (월납),주계약,교통재해사망보험금,"보험기간 중 교통재해분류표에서 정하는 ""교통재해""로 인하여 사망하였을 경우","3,000만원","3,000만원","5,700 원","3,300 원",2.00 %,비갱신형,대면채널,2025-01-14,"□ 필수기재사항 1. 가입나이 : 최저 만15세~만64세 2. 보험기간 : 1년만기 3. 보험료 예시기준(비위험)  - 주계약 : 가입금액 3,000만원, 1년만기, 일시납  - 특약 : 가입금액 3,000만원, 1년만기, 일시납 □ 선택기재사항 1. 보험료 납입기간 : 일시납 2. 보험가격지수 예시기준  - 주계약 1종(교통재해사망보장형) 가입금액 3,000만원,  40세, 비위험, 1년만기, 일시납 ※ 교통재해장해특약(무배당)은 주보험 1종(교통재해사망보장형) 선택시 부가 가능 ※ 일반자동차탑승중교통재해장해특약(무배당)은 주보험 2종(일반자동차탑승중교통재해사망보장형) 선택시 부가 가능 ※ 대중교통재해장해특약(무배당)은 주보험 3종(대중교통재해사망보장형) 선택시 부가 가능",1588-3114,보장성_상품비교_20260608162059302.xls,삼성생명,삼성 s교통상해보험(2501)(무배당),주계약,교통재해사망보험금,"보험기간 중 교통재해분류표에서 정하는 ""교통재해""로 인하여 사망하였을 경우","3,000만원","3,000만원",5700  원,"3,300  원",2.00 %,-,-,134.9 %,216.7 %,-,-,-,-,보험기간(1년 이하),순수보장,비갱신형,비유니버셜,대면채널,2025-01-14,"□ 필수기재사항 1. 가입나이 : 최저 만15세~만64세 2. 보험기간 : 1년만기 3. 보험료 예시기준(비위험)  - 주계약 : 가입금액 3,000만원, 1년만기, 일시납  - 특약 : 가입금액 3,000만원, 1년만기, 일시납 □ 선택기재사항 1. 보험료 납입기간 : 일시납 2. 보험가격지수 예시기준  - 주계약 1종(교통재해사망보장형) 가입금액 3,000만원,  40세, 비위험, 1년만기, 일시납 ※ 교통재해장해특약(무배당)은 주보험 1종(교통재해사망보장형) 선택시 부가 가능 ※ 일반자동차탑승중교통재해장해특약(무배당)은 주보험 2종(일반자동차탑승중교통재해사망보장형) 선택시 부가 가능 ※ 대중교통재해장해특약(무배당)은 주보험 3종(대중교통재해사망보장형) 선택시 부가 가능",1588-3114,,,,
삼성생명,삼성 s교통상해보험(2501)(무배당) (월납),주계약,일반자동차탑승중교통재해사망보험금,"보험기간 중 ""일반자동차탑승중교통사고""로 인하여 사망하였을 경우","3,000만원","3,000만원","2,700 원","2,100 원",2.00 %,비갱신형,대면채널,2025-01-14,"□ 필수기재사항 1. 가입나이 : 최저 만15세~만64세 2. 보험기간 : 1년만기 3. 보험료 예시기준(비위험)  - 주계약 : 가입금액 3,000만원, 1년만기, 일시납  - 특약 : 가입금액 3,000만원, 1년만기, 일시납 □ 선택기재사항 1. 보험료 납입기간 : 일시납 2. 보험가격지수 예시기준  - 주계약 1종(교통재해사망보장형) 가입금액 3,000만원,  40세, 비위험, 1년만기, 일시납 ※ 교통재해장해특약(무배당)은 주보험 1종(교통재해사망보장형) 선택시 부가 가능 ※ 일반자동차탑승중교통재해장해특약(무배당)은 주보험 2종(일반자동차탑승중교통재해사망보장형) 선택시 부가 가능 ※ 대중교통재해장해특약(무배당)은 주보험 3종(대중교통재해사망보장형) 선택시 부가 가능",1588-3114,보장성_상품비교_20260608162059302.xls,삼성생명,삼성 s교통상해보험(2501)(무배당),주계약,일반자동차탑승중교통재해사망보험금,"보험기간 중 ""일반자동차탑승중교통사고""로 인하여 사망하였을 경우","3,000만원","3,000만원",2700  원,"2,100  원",2.00 %,-,-,134.9 %,216.7 %,-,-,-,-,보험기간(1년 이하),순수보장,비갱신형,비유니버셜,대면채널,2025-01-14,"□ 필수기재사항 1. 가입나이 : 최저 만15세~만64세 2. 보험기간 : 1년만기 3. 보험료 예시기준(비위험)  - 주계약 : 가입금액 3,000만원, 1년만기, 일시납  - 특약 : 가입금액 3,000만원, 1년만기, 일시납 □ 선택기재사항 1. 보험료 납입기간 : 일시납 2. 보험가격지수 예시기준  - 주계약 1종(교통재해사망보장형) 가입금액 3,000만원,  40세, 비위험, 1년만기, 일시납 ※ 교통재해장해특약(무배당)은 주보험 1종(교통재해사망보장형) 선택시 부가 가능 ※ 일반자동차탑승중교통재해장해특약(무배당)은 주보험 2종(일반자동차탑승중교통재해사망보장형) 선택시 부가 가능 ※ 대중교통재해장해특약(무배당)은 주보험 3종(대중교통재해사망보장형) 선택시 부가 가능",1588-3114,,,,
삼성생명,삼성 s교통상해보험(2501)(무배당) (월납),주계약,대중교통사고사망보험금,"보험기간 중 ""대중교통사고""로 인하여 사망하였을 경우","3,000만원","3,000만원",300 원,240 원,2.00 %,비갱신형,대면채널,2025-01-14,"□ 필수기재사항 1. 가입나이 : 최저 만15세~만64세 2. 보험기간 : 1년만기 3. 보험료 예시기준(비위험)  - 주계약 : 가입금액 3,000만원, 1년만기, 일시납  - 특약 : 가입금액 3,000만원, 1년만기, 일시납 □ 선택기재사항 1. 보험료 납입기간 : 일시납 2. 보험가격지수 예시기준  - 주계약 1종(교통재해사망보장형) 가입금액 3,000만원,  40세, 비위험, 1년만기, 일시납 ※ 교통재해장해특약(무배당)은 주보험 1종(교통재해사망보장형) 선택시 부가 가능 ※ 일반자동차탑승중교통재해장해특약(무배당)은 주보험 2종(일반자동차탑승중교통재해사망보장형) 선택시 부가 가능 ※ 대중교통재해장해특약(무배당)은 주보험 3종(대중교통재해사망보장형) 선택시 부가 가능",1588-3114,보장성_상품비교_20260608162059302.xls,삼성생명,삼성 s교통상해보험(2501)(무배당),주계약,대중교통사고사망보험금,"보험기간 중 ""대중교통사고""로 인하여 사망하였을 경우","3,000만원","3,000만원",300  원,240  원,2.00 %,-,-,134.9 %,216.7 %,-,-,-,-,보험기간(1년 이하),순수보장,비갱신형,비유니버셜,대면채널,2025-01-14,"□ 필수기재사항 1. 가입나이 : 최저 만15세~만64세 2. 보험기간 : 1년만기 3. 보험료 예시기준(비위험)  - 주계약 : 가입금액 3,000만원, 1년만기, 일시납  - 특약 : 가입금액 3,000만원, 1년만기, 일시납 □ 선택기재사항 1. 보험료 납입기간 : 일시납 2. 보험가격지수 예시기준  - 주계약 1종(교통재해사망보장형) 가입금액 3,000만원,  40세, 비위험, 1년만기, 일시납 ※ 교통재해장해특약(무배당)은 주보험 1종(교통재해사망보장형) 선택시 부가 가능 ※ 일반자동차탑승중교통재해장해특약(무배당)은 주보험 2종(일반자동차탑승중교통재해사망보장형) 선택시 부가 가능 ※ 대중교통재해장해특약(무배당)은 주보험 3종(대중교통재해사망보장형) 선택시 부가 가능",1588-3114,,,,
삼성생명,삼성 s교통상해보험(2501)(무배당) (월납),특약,교통재해장해특약,"보험기간 중 교통재해분류표에서 정하는 ""교통재해""로 인하여 장해분류표 중 장해지급률이 3%이상 100%이하에 해당하는 장해상태가 되었을 경우","3,000만원 ×해당 장해지급률","3,000만원","4,500 원","3,000 원",2.00 %,비갱신형,대면채널,2025-01-14,"□ 필수기재사항 1. 가입나이 : 최저 만15세~만64세 2. 보험기간 : 1년만기 3. 보험료 예시기준(비위험)  - 주계약 : 가입금액 3,000만원, 1년만기, 일시납  - 특약 : 가입금액 3,000만원, 1년만기, 일시납 □ 선택기재사항 1. 보험료 납입기간 : 일시납 2. 보험가격지수 예시기준  - 주계약 1종(교통재해사망보장형) 가입금액 3,000만원,  40세, 비위험, 1년만기, 일시납 ※ 교통재해장해특약(무배당)은 주보험 1종(교통재해사망보장형) 선택시 부가 가능 ※ 일반자동차탑승중교통재해장해특약(무배당)은 주보험 2종(일반자동차탑승중교통재해사망보장형) 선택시 부가 가능 ※ 대중교통재해장해특약(무배당)은 주보험 3종(대중교통재해사망보장형) 선택시 부가 가능",1588-3114,보장성_상품비교_20260608162059302.xls,삼성생명,삼성 s교통상해보험(2501)(무배당),특약,교통재해장해특약,"보험기간 중 교통재해분류표에서 정하는 ""교통재해""로 인하여 장해분류표 중 장해지급률이 3%이상 100%이하에 해당하는 장해상태가 되었을 경우","3,000만원 ×해당 장해지급률","3,000만원",4500  원,"3,000  원",2.00 %,-,-,134.9 %,216.7 %,-,-,-,-,보험기간(1년 이하),순수보장,비갱신형,비유니버셜,대면채널,2025-01-14,"□ 필수기재사항 1. 가입나이 : 최저 만15세~만64세 2. 보험기간 : 1년만기 3. 보험료 예시기준(비위험)  - 주계약 : 가입금액 3,000만원, 1년만기, 일시납  - 특약 : 가입금액 3,000만원, 1년만기, 일시납 □ 선택기재사항 1. 보험료 납입기간 : 일시납 2. 보험가격지수 예시기준  - 주계약 1종(교통재해사망보장형) 가입금액 3,000만원,  40세, 비위험, 1년만기, 일시납 ※ 교통재해장해특약(무배당)은 주보험 1종(교통재해사망보장형) 선택시 부가 가능 ※ 일반자동차탑승중교통재해장해특약(무배당)은 주보험 2종(일반자동차탑승중교통재해사망보장형) 선택시 부가 가능 ※ 대중교통재해장해특약(무배당)은 주보험 3종(대중교통재해사망보장형) 선택시 부가 가능",1588-3114,,,,
삼성생명,삼성 s교통상해보험(2501)(무배당) (월납),특약,일반자동차탑승중 교통재해장해특약,보험기간 중 “일반자동차탑승중 교통사고”로 인하여 장해분류표 중 장해지급률이 3%이상 100%이하에 해당하는 장해상태가 되었을 경우,"3,000만원 ×해당 장해지급률","3,000만원","3,600 원","2,700 원",2.00 %,비갱신형,대면채널,2025-01-14,"□ 필수기재사항 1. 가입나이 : 최저 만15세~만64세 2. 보험기간 : 1년만기 3. 보험료 예시기준(비위험)  - 주계약 : 가입금액 3,000만원, 1년만기, 일시납  - 특약 : 가입금액 3,000만원, 1년만기, 일시납 □ 선택기재사항 1. 보험료 납입기간 : 일시납 2. 보험가격지수 예시기준  - 주계약 1종(교통재해사망보장형) 가입금액 3,000만원,  40세, 비위험, 1년만기, 일시납 ※ 교통재해장해특약(무배당)은 주보험 1종(교통재해사망보장형) 선택시 부가 가능 ※ 일반자동차탑승중교통재해장해특약(무배당)은 주보험 2종(일반자동차탑승중교통재해사망보장형) 선택시 부가 가능 ※ 대중교통재해장해특약(무배당)은 주보험 3종(대중교통재해사망보장형) 선택시 부가 가능",1588-3114,보장성_상품비교_20260608162059302.xls,삼성생명,삼성 s교통상해보험(2501)(무배당),특약,일반자동차탑승중 교통재해장해특약,보험기간 중 “일반자동차탑승중 교통사고”로 인하여 장해분류표 중 장해지급률이 3%이상 100%이하에 해당하는 장해상태가 되었을 경우,"3,000만원 ×해당 장해지급률","3,000만원",3600  원,"2,700  원",2.00 %,-,-,134.9 %,216.7 %,-,-,-,-,보험기간(1년 이하),순수보장,비갱신형,비유니버셜,대면채널,2025-01-14,"□ 필수기재사항 1. 가입나이 : 최저 만15세~만64세 2. 보험기간 : 1년만기 3. 보험료 예시기준(비위험)  - 주계약 : 가입금액 3,000만원, 1년만기, 일시납  - 특약 : 가입금액 3,000만원, 1년만기, 일시납 □ 선택기재사항 1. 보험료 납입기간 : 일시납 2. 보험가격지수 예시기준  - 주계약 1종(교통재해사망보장형) 가입금액 3,000만원,  40세, 비위험, 1년만기, 일시납 ※ 교통재해장해특약(무배당)은 주보험 1종(교통재해사망보장형) 선택시 부가 가능 ※ 일반자동차탑승중교통재해장해특약(무배당)은 주보험 2종(일반자동차탑승중교통재해사망보장형) 선택시 부가 가능 ※ 대중교통재해장해특약(무배당)은 주보험 3종(대중교통재해사망보장형) 선택시 부가 가능",1588-3114,,,,
삼성생명,삼성 s교통상해보험(2501)(무배당) (월납),특약,대중교통재해장해특약,보험기간 중 “대중교통사고”로 인하여 장해분류표 중 장해지급률이 3%이상 100%이하에 해당하는 장해상태가 되었을 경우,"3,000만원 ×해당 장해지급률","3,000만원",300 원,300 원,2.00 %,비갱신형,대면채널,2025-01-14,"□ 필수기재사항 1. 가입나이 : 최저 만15세~만64세 2. 보험기간 : 1년만기 3. 보험료 예시기준(비위험)  - 주계약 : 가입금액 3,000만원, 1년만기, 일시납  - 특약 : 가입금액 3,000만원, 1년만기, 일시납 □ 선택기재사항 1. 보험료 납입기간 : 일시납 2. 보험가격지수 예시기준  - 주계약 1종(교통재해사망보장형) 가입금액 3,000만원,  40세, 비위험, 1년만기, 일시납 ※ 교통재해장해특약(무배당)은 주보험 1종(교통재해사망보장형) 선택시 부가 가능 ※ 일반자동차탑승중교통재해장해특약(무배당)은 주보험 2종(일반자동차탑승중교통재해사망보장형) 선택시 부가 가능 ※ 대중교통재해장해특약(무배당)은 주보험 3종(대중교통재해사망보장형) 선택시 부가 가능",1588-3114,보장성_상품비교_20260608162059302.xls,삼성생명,삼성 s교통상해보험(2501)(무배당),특약,대중교통재해장해특약,보험기간 중 “대중교통사고”로 인하여 장해분류표 중 장해지급률이 3%이상 100%이하에 해당하는 장해상태가 되었을 경우,"3,000만원 ×해당 장해지급률","3,000만원",300  원,300  원,2.00 %,-,-,134.9 %,216.7 %,-,-,-,-,보험기간(1년 이하),순수보장,비갱신형,비유니버셜,대면채널,2025-01-14,"□ 필수기재사항 1. 가입나이 : 최저 만15세~만64세 2. 보험기간 : 1년만기 3. 보험료 예시기준(비위험)  - 주계약 : 가입금액 3,000만원, 1년만기, 일시납  - 특약 : 가입금액 3,000만원, 1년만기, 일시납 □ 선택기재사항 1. 보험료 납입기간 : 일시납 2. 보험가격지수 예시기준  - 주계약 1종(교통재해사망보장형) 가입금액 3,000만원,  40세, 비위험, 1년만기, 일시납 ※ 교통재해장해특약(무배당)은 주보험 1종(교통재해사망보장형) 선택시 부가 가능 ※ 일반자동차탑승중교통재해장해특약(무배당)은 주보험 2종(일반자동차탑승중교통재해사망보장형) 선택시 부가 가능 ※ 대중교통재해장해특약(무배당)은 주보험 3종(대중교통재해사망보장형) 선택시 부가 가능",1588-3114,,,,
주계약,재해장해보험금 (월납),주계약,재해장해보험금,피보험자가 보험기간 중 보장개시일 이후에 재 해로 인하여 장해분류표에서 정한 각 장해지 급률에 해당하는 장해상태가 되었을 경우,보험가입금액 x 해당 장해지급률,"3,000만원","1,050 원",630 원,2.75 %,갱신형,대면채널  TM,2026-05-22,"1.가입나이: 만15세~80세(단 성별, 보험기간, 납입기간별 차등적용) 2.보험기간: 10년(단, 갱신계약의 경우 1~10년), 20년(단, 갱신계약의 경우 1~20년) 3.보험료 예시기준: 가입금액 3,000만원, 20년만기, 전기납,월납, 40세 (단, 자사 최대 가입한도는 1,000만원임)",1588-2288,보장성_상품비교_20260608162059302.xls,흥국생명,(무)흥국생명 다사랑3.10.5간편건강보험(해약환급금미지급형)(갱신형),주계약,재해장해보험금,피보험자가 보험기간 중 보장개시일 이후에 재 해로 인하여 장해분류표에서 정한 각 장해지 급률에 해당하는 장해상태가 되었을 경우,보험가입금액 x 해당 장해지급률,"3,000만원",1050  원,630  원,2.75 %,-,-,106.5 %,95.5 %,-,-,-,-,보험기간(1년 초과),순수보장,갱신형,비유니버셜,대면채널  TM,2026-05-22,"1.가입나이: 만15세~80세(단 성별, 보험기간, 납입기간별 차등적용) 2.보험기간: 10년(단, 갱신계약의 경우 1~10년), 20년(단, 갱신계약의 경우 1~20년) 3.보험료 예시기준: 가입금액 3,000만원, 20년만기, 전기납,월납, 40세 (단, 자사 최대 가입한도는 1,000만원임)",1588-2288,,,,
주계약,재해장해보험금 (월납),특약,(무)간편한(3.10.5)질병수술특약S(기본형)(해약환급금미지급형)(갱신형),피보험자가 보험기간 중 보장개시일 이후에 질병으로 인하여 그 치료를 직접목적으로 하 여 수술을 받았을 때 (동일한 질병당 1회한),"1년 미만 5만원, 1년 이후 10만원",10만원,"1,458 원","1,851 원",2.75 %,갱신형,대면채널  TM,2026-05-22,"1.가입나이: 만15세~80세(단 성별, 보험기간, 납입기간별 차등적용) 2.보험기간: 10년(단, 갱신계약의 경우 1~10년), 20년(단, 갱신계약의 경우 1~20년) 3.보험료 예시기준: 가입금액 3,000만원, 20년만기, 전기납,월납, 40세 (단, 자사 최대 가입한도는 1,000만원임)",1588-2288,보장성_상품비교_20260608162059302.xls,흥국생명,(무)흥국생명 다사랑3.10.5간편건강보험(해약환급금미지급형)(갱신형),특약,(무)간편한(3.10.5)질병수술특약S(기본형)(해약환급금미지급형)(갱신형),피보험자가 보험기간 중 보장개시일 이후에 질병으로 인하여 그 치료를 직접목적으로 하 여 수술을 받았을 때 (동일한 질병당 1회한),"1년 미만 5만원, 1년 이후 10만원",10만원,1458  원,"1,851  원",2.75 %,-,-,106.5 %,95.5 %,-,-,-,-,보험기간(1년 초과),순수보장,갱신형,비유니버셜,대면채널  TM,2026-05-22,"1.가입나이: 만15세~80세(단 성별, 보험기간, 납입기간별 차등적용) 2.보험기간: 10년(단, 갱신계약의 경우 1~10년), 20년(단, 갱신계약의 경우 1~20년) 3.보험료 예시기준: 가입금액 3,000만원, 20년만기, 전기납,월납, 40세 (단, 자사 최대 가입한도는 1,000만원임)",1588-2288,,,,
주계약,재해장해보험금 (월납),특약,(무)간편한(3.10.5)암진단특약S(해약환급금미지급형)(갱신형),피보험자가 보험기간 중 암보장개시일 이후 에 암으로 진단확정 되었을 때 (최초 1회에 한함),"180일 미만 100만원, 180일 이후 1,000만원 다만, 1년 미만에 유방암으로 진단확정되었을 경우 50%만 지급",1000만원,"4,400 원","5,900 원",2.75 %,갱신형,대면채널  TM,2026-05-22,"1.가입나이: 만15세~80세(단 성별, 보험기간, 납입기간별 차등적용) 2.보험기간: 10년(단, 갱신계약의 경우 1~10년), 20년(단, 갱신계약의 경우 1~20년) 3.보험료 예시기준: 가입금액 3,000만원, 20년만기, 전기납,월납, 40세 (단, 자사 최대 가입한도는 1,000만원임)",1588-2288,보장성_상품비교_20260608162059302.xls,흥국생명,(무)흥국생명 다사랑3.10.5간편건강보험(해약환급금미지급형)(갱신형),특약,(무)간편한(3.10.5)암진단특약S(해약환급금미지급형)(갱신형),피보험자가 보험기간 중 암보장개시일 이후 에 암으로 진단확정 되었을 때 (최초 1회에 한함),"180일 미만 100만원, 180일 이후 1,000만원 다만, 1년 미만에 유방암으로 진단확정되었을 경우 50%만 지급",1000만원,4400  원,"5,900  원",2.75 %,-,-,106.5 %,95.5 %,-,-,-,-,보험기간(1년 초과),순수보장,갱신형,비유니버셜,대면채널  TM,2026-05-22,"1.가입나이: 만15세~80세(단 성별, 보험기간, 납입기간별 차등적용) 2.보험기간: 10년(단, 갱신계약의 경우 1~10년), 20년(단, 갱신계약의 경우 1~20년) 3.보험료 예시기준: 가입금액 3,000만원, 20년만기, 전기납,월납, 40세 (단, 자사 최대 가입한도는 1,000만원임)",1588-2288,,,,
주계약,재해장해보험금 (월납),특약,(무)간편한(3.10.5)항암약물치료특약S(해약환급금미지급형)(갱신형),"피보험자가 보험기간 중 암보장개시일 이후에 암으로 진단 확정되고, 그 암의 직접적인 치료 를 목적으로 항암약물치료를 받았을 때 (최초 1회에 한함) * 이외 보장담보는 상품요약서 참조","암항암약물치료비: 1년 미만 50만원, 1년 이후 100만원",100만원,118 원,194 원,2.75 %,갱신형,대면채널  TM,2026-05-22,"1.가입나이: 만15세~80세(단 성별, 보험기간, 납입기간별 차등적용) 2.보험기간: 10년(단, 갱신계약의 경우 1~10년), 20년(단, 갱신계약의 경우 1~20년) 3.보험료 예시기준: 가입금액 3,000만원, 20년만기, 전기납,월납, 40세 (단, 자사 최대 가입한도는 1,000만원임)",1588-2288,보장성_상품비교_20260608162059302.xls,흥국생명,(무)흥국생명 다사랑3.10.5간편건강보험(해약환급금미지급형)(갱신형),특약,(무)간편한(3.10.5)항암약물치료특약S(해약환급금미지급형)(갱신형),"피보험자가 보험기간 중 암보장개시일 이후에 암으로 진단 확정되고, 그 암의 직접적인 치료 를 목적으로 항암약물치료를 받았을 때 (최초 1회에 한함) * 이외 보장담보는 상품요약서 참조","암항암약물치료비: 1년 미만 50만원, 1년 이후 100만원",100만원,118  원,194  원,2.75 %,-,-,106.5 %,95.5 %,-,-,-,-,보험기간(1년 초과),순수보장,갱신형,비유니버셜,대면채널  TM,2026-05-22,"1.가입나이: 만15세~80세(단 성별, 보험기간, 납입기간별 차등적용) 2.보험기간: 10년(단, 갱신계약의 경우 1~10년), 20년(단, 갱신계약의 경우 1~20년) 3.보험료 예시기준: 가입금액 3,000만원, 20년만기, 전기납,월납, 40세 (단, 자사 최대 가입한도는 1,000만원임)",1588-2288,,,,
주계약,재해장해보험금 (월납),특약,(무)간편한(3.10.5)항암방사선치료특약S(해약환급금미지급형)(갱신형),"피보험자가 보험기간 중 암보장개시일 이후에 암으로 진단 확정되고, 그 암의 직접적인 치 료를 목적으로 항암방사선치료를 받았을 때 (최초 1회에 한함) * 이외 보장담보는 상품요약서 참조","암항암방사선치료비: 1년 미만 50만원, 1년 이후 100만원",100만원,75 원,147 원,2.75 %,갱신형,대면채널  TM,2026-05-22,"1.가입나이: 만15세~80세(단 성별, 보험기간, 납입기간별 차등적용) 2.보험기간: 10년(단, 갱신계약의 경우 1~10년), 20년(단, 갱신계약의 경우 1~20년) 3.보험료 예시기준: 가입금액 3,000만원, 20년만기, 전기납,월납, 40세 (단, 자사 최대 가입한도는 1,000만원임)",1588-2288,보장성_상품비교_20260608162059302.xls,흥국생명,(무)흥국생명 다사랑3.10.5간편건강보험(해약환급금미지급형)(갱신형),특약,(무)간편한(3.10.5)항암방사선치료특약S(해약환급금미지급형)(갱신형),"피보험자가 보험기간 중 암보장개시일 이후에 암으로 진단 확정되고, 그 암의 직접적인 치 료를 목적으로 항암방사선치료를 받았을 때 (최초 1회에 한함) * 이외 보장담보는 상품요약서 참조","암항암방사선치료비: 1년 미만 50만원, 1년 이후 100만원",100만원,75  원,147  원,2.75 %,-,-,106.5 %,95.5 %,-,-,-,-,보험기간(1년 초과),순수보장,갱신형,비유니버셜,대면채널  TM,2026-05-22,"1.가입나이: 만15세~80세(단 성별, 보험기간, 납입기간별 차등적용) 2.보험기간: 10년(단, 갱신계약의 경우 1~10년), 20년(단, 갱신계약의 경우 1~20년) 3.보험료 예시기준: 가입금액 3,000만원, 20년만기, 전기납,월납, 40세 (단, 자사 최대 가입한도는 1,000만원임)",1588-2288,,,,
주계약,재해장해보험금 (월납),주계약,경증재해사고급여금/중등증재해사고급여금/중증재해사고급여금,"""경증재해사고급여금 : 피보험자가 보험기간 중 보장개시일 이후에 재해를 원인으로 약관 별표2(재해사고분류표)에서 정한 경증재해사고가 발생하였을 경우 (부위별로 연간 1회한) 중등증 재해사고급여금: 피보험자가 보험기간 중 보장개시일 이후에 재해를 원인으로 약관 별표2(재해사고분류표)에서 정한 중등증재해사고가발생하였을 경우 (부위별로 연간 1회한) 중증 재해사고급여금: 피보험자가 보험기간 중 보장개시일 이후에 재해를 원인으로 약관 별표2(재해사고분류표)에서 정한 중증재해사고가 발생하였을 경우 (부위별로 연간 1회한)""",가입금액의 10% / 50% / 100%,"3,000만원","503,400 원","464,400 원",2.75 %,갱신형,대면채널  TM,2026-05-06,"1. 가입나이 : 만15세 ~ 80세(단 성별, 보험기간, 납입기간별 차등적용) 2. 보험기간 : 20년(단, 갱신계약의 경우 1~20년) , 30년(단, 갱신계약의 경우 1~30년) 3. 보험료 예시기준 : 가입금액 3,000만원, 20년만기, 전기납, 월납, 40세 (단, 자사 최대 가입한도는 10만원임)",1588-2288,보장성_상품비교_20260608162059302.xls,흥국생명,(무)흥국생명 다사랑통합상해보험(해약환급금미지급형)(갱신형),주계약,경증재해사고급여금/중등증재해사고급여금/중증재해사고급여금,"""경증재해사고급여금 : 피보험자가 보험기간 중 보장개시일 이후에 재해를 원인으로 약관 별표2(재해사고분류표)에서 정한 경증재해사고가 발생하였을 경우 (부위별로 연간 1회한) 중등증 재해사고급여금: 피보험자가 보험기간 중 보장개시일 이후에 재해를 원인으로 약관 별표2(재해사고분류표)에서 정한 중등증재해사고가발생하였을 경우 (부위별로 연간 1회한) 중증 재해사고급여금: 피보험자가 보험기간 중 보장개시일 이후에 재해를 원인으로 약관 별표2(재해사고분류표)에서 정한 중증재해사고가 발생하였을 경우 (부위별로 연간 1회한)""",가입금액의 10% / 50% / 100%,"3,000만원",503400  원,"464,400  원",2.75 %,-,-,123.3 %,114.0 %,-,-,-,-,보험기간(1년 초과),순수보장,갱신형,비유니버셜,대면채널  TM,2026-05-06,"1. 가입나이 : 만15세 ~ 80세(단 성별, 보험기간, 납입기간별 차등적용) 2. 보험기간 : 20년(단, 갱신계약의 경우 1~20년) , 30년(단, 갱신계약의 경우 1~30년) 3. 보험료 예시기준 : 가입금액 3,000만원, 20년만기, 전기납, 월납, 40세 (단, 자사 최대 가입한도는 10만원임)",1588-2288,,,,
주계약,재해장해보험금 (월납),특약,(무)OK통합상해진단비특약T(해약환급금미지급형)(갱신형)(경증),피보험자가 보험기간 중 보장개시일 이후에 재해를 원인으 로 약관 별표2(재해사고분류표)에서 정한 경증재해사고가 발생하였을 경우 (부위별로 연간 1회한),가입금액의 100%,10만원,"9,180 원","9,563 원",2.75 %,갱신형,대면채널  TM,2026-05-06,"1. 가입나이 : 만15세 ~ 80세(단 성별, 보험기간, 납입기간별 차등적용) 2. 보험기간 : 20년(단, 갱신계약의 경우 1~20년) , 30년(단, 갱신계약의 경우 1~30년) 3. 보험료 예시기준 : 가입금액 3,000만원, 20년만기, 전기납, 월납, 40세 (단, 자사 최대 가입한도는 10만원임)",1588-2288,보장성_상품비교_20260608162059302.xls,흥국생명,(무)흥국생명 다사랑통합상해보험(해약환급금미지급형)(갱신형),특약,(무)OK통합상해진단비특약T(해약환급금미지급형)(갱신형)(경증),피보험자가 보험기간 중 보장개시일 이후에 재해를 원인으 로 약관 별표2(재해사고분류표)에서 정한 경증재해사고가 발생하였을 경우 (부위별로 연간 1회한),가입금액의 100%,10만원,9180  원,"9,563  원",2.75 %,-,-,123.3 %,114.0 %,-,-,-,-,보험기간(1년 초과),순수보장,갱신형,비유니버셜,대면채널  TM,2026-05-06,"1. 가입나이 : 만15세 ~ 80세(단 성별, 보험기간, 납입기간별 차등적용) 2. 보험기간 : 20년(단, 갱신계약의 경우 1~20년) , 30년(단, 갱신계약의 경우 1~30년) 3. 보험료 예시기준 : 가입금액 3,000만원, 20년만기, 전기납, 월납, 40세 (단, 자사 최대 가입한도는 10만원임)",1588-2288,,,,
주계약,재해장해보험금 (월납),특약,(무)OK통합상해진단비특약T(해약환급금미지급형)(갱신형)(중등증),피보험자가 보험기간 중 보장개시일 이후에 재해를 원인으 로 약관 별표2(재해사고분류표)에서 정한 중등증재해사고 가 발생하였을 경우 (부위별로 연간 1회한),가입금액의 100%,10만원,"1,753 원","1,452 원",2.75 %,갱신형,대면채널  TM,2026-05-06,"1. 가입나이 : 만15세 ~ 80세(단 성별, 보험기간, 납입기간별 차등적용) 2. 보험기간 : 20년(단, 갱신계약의 경우 1~20년) , 30년(단, 갱신계약의 경우 1~30년) 3. 보험료 예시기준 : 가입금액 3,000만원, 20년만기, 전기납, 월납, 40세 (단, 자사 최대 가입한도는 10만원임)",1588-2288,보장성_상품비교_20260608162059302.xls,흥국생명,(무)흥국생명 다사랑통합상해보험(해약환급금미지급형)(갱신형),특약,(무)OK통합상해진단비특약T(해약환급금미지급형)(갱신형)(중등증),피보험자가 보험기간 중 보장개시일 이후에 재해를 원인으 로 약관 별표2(재해사고분류표)에서 정한 중등증재해사고 가 발생하였을 경우 (부위별로 연간 1회한),가입금액의 100%,10만원,1753  원,"1,452  원",2.75 %,-,-,123.3 %,114.0 %,-,-,-,-,보험기간(1년 초과),순수보장,갱신형,비유니버셜,대면채널  TM,2026-05-06,"1. 가입나이 : 만15세 ~ 80세(단 성별, 보험기간, 납입기간별 차등적용) 2. 보험기간 : 20년(단, 갱신계약의 경우 1~20년) , 30년(단, 갱신계약의 경우 1~30년) 3. 보험료 예시기준 : 가입금액 3,000만원, 20년만기, 전기납, 월납, 40세 (단, 자사 최대 가입한도는 10만원임)",1588-2288,,,,
주계약,재해장해보험금 (월납),특약,(무)OK통합상해진단비특약T(해약환급금미지급형)(갱신형)(중증),피보험자가 보험기간 중 보장개시일 이후에 재해를 원인으 로 약관 별표2(재해사고분류표)에서 정한 중증재해사고가 발생하였을 경우 (부위별로 연간 1회한),가입금액의 100%,10만원,64 원,32 원,2.75 %,갱신형,대면채널  TM,2026-05-06,"1. 가입나이 : 만15세 ~ 80세(단 성별, 보험기간, 납입기간별 차등적용) 2. 보험기간 : 20년(단, 갱신계약의 경우 1~20년) , 30년(단, 갱신계약의 경우 1~30년) 3. 보험료 예시기준 : 가입금액 3,000만원, 20년만기, 전기납, 월납, 40세 (단, 자사 최대 가입한도는 10만원임)",1588-2288,보장성_상품비교_20260608162059302.xls,흥국생명,(무)흥국생명 다사랑통합상해보험(해약환급금미지급형)(갱신형),특약,(무)OK통합상해진단비특약T(해약환급금미지급형)(갱신형)(중증),피보험자가 보험기간 중 보장개시일 이후에 재해를 원인으 로 약관 별표2(재해사고분류표)에서 정한 중증재해사고가 발생하였을 경우 (부위별로 연간 1회한),가입금액의 100%,10만원,64  원,32  원,2.75 %,-,-,123.3 %,114.0 %,-,-,-,-,보험기간(1년 초과),순수보장,갱신형,비유니버셜,대면채널  TM,2026-05-06,"1. 가입나이 : 만15세 ~ 80세(단 성별, 보험기간, 납입기간별 차등적용) 2. 보험기간 : 20년(단, 갱신계약의 경우 1~20년) , 30년(단, 갱신계약의 경우 1~30년) 3. 보험료 예시기준 : 가입금액 3,000만원, 20년만기, 전기납, 월납, 40세 (단, 자사 최대 가입한도는 10만원임)",1588-2288,,,,
주계약,재해장해보험금 (월납),특약,(무)OK급여특정골절재활치료특약T(연간10회한)(해약환급금미지급형)(갱신형),"피보험자가 보험기간 중 보장개시일 이후에 특정재해골절 로 진단확정되고, 입원 급여 특정재해골절재활치료 또는 통원 급여 특정재해골절재활치료를 받을 경우 (입원 및 통원 각각 1일 1회, 합산 연간 10회한)",가입금액의 100%,1만원,108 원,144 원,2.75 %,갱신형,대면채널  TM,2026-05-06,"1. 가입나이 : 만15세 ~ 80세(단 성별, 보험기간, 납입기간별 차등적용) 2. 보험기간 : 20년(단, 갱신계약의 경우 1~20년) , 30년(단, 갱신계약의 경우 1~30년) 3. 보험료 예시기준 : 가입금액 3,000만원, 20년만기, 전기납, 월납, 40세 (단, 자사 최대 가입한도는 10만원임)",1588-2288,보장성_상품비교_20260608162059302.xls,흥국생명,(무)흥국생명 다사랑통합상해보험(해약환급금미지급형)(갱신형),특약,(무)OK급여특정골절재활치료특약T(연간10회한)(해약환급금미지급형)(갱신형),"피보험자가 보험기간 중 보장개시일 이후에 특정재해골절 로 진단확정되고, 입원 급여 특정재해골절재활치료 또는 통원 급여 특정재해골절재활치료를 받을 경우 (입원 및 통원 각각 1일 1회, 합산 연간 10회한)",가입금액의 100%,1만원,108  원,144  원,2.75 %,-,-,123.3 %,114.0 %,-,-,-,-,보험기간(1년 초과),순수보장,갱신형,비유니버셜,대면채널  TM,2026-05-06,"1. 가입나이 : 만15세 ~ 80세(단 성별, 보험기간, 납입기간별 차등적용) 2. 보험기간 : 20년(단, 갱신계약의 경우 1~20년) , 30년(단, 갱신계약의 경우 1~30년) 3. 보험료 예시기준 : 가입금액 3,000만원, 20년만기, 전기납, 월납, 40세 (단, 자사 최대 가입한도는 10만원임)",1588-2288,,,,
주계약,재해장해보험금 (월납),주계약,경증재해사고급여금/중등증재해사고급여금/중증재해사고급여금,"""경증재해사고급여금 : 피보험자가 보험기간 중 보장개시일 이후에 재해를 원인으로 약관 별표2(재해사고분류표)에서 정한 경증재해사고가 발생하였을 경우 (부위별로 연간 1회한) 중등증 재해사고급여금: 피보험자가 보험기간 중 보장개시일 이후에 재해를 원인으로 약관 별표2(재해사고분류표)에서 정한 중등증재해사고가발생하였을 경우 (부위별로 연간 1회한) 중증 재해사고급여금: 피보험자가 보험기간 중 보장개시일 이후에 재해를 원인으로 약관 별표2(재해사고분류표)에서 정한 중증재해사고가 발생하였을 경우 (부위별로 연간 1회한)""",가입금액의 10% / 50% / 100%,"3,000만원","584,100 원","539,700 원",2.75 %,갱신형,대면채널  TM,2026-05-06,"1. 가입나이 : 만15세 ~ 80세(단 성별, 보험기간, 납입기간별 차등적용) 2. 보험기간 : 20년(단, 갱신계약의 경우 1~20년) , 30년(단, 갱신계약의 경우 1~30년) 3. 보험료 예시기준 : 가입금액 3,000만원, 20년만기, 전기납, 월납, 40세 (단, 자사 최대 가입한도는 10만원임)",1588-2288,보장성_상품비교_20260608162059302.xls,흥국생명,(무)흥국생명다사랑3.10.5간편통합상해보험(해약환급금미지급형)(갱신형),주계약,경증재해사고급여금/중등증재해사고급여금/중증재해사고급여금,"""경증재해사고급여금 : 피보험자가 보험기간 중 보장개시일 이후에 재해를 원인으로 약관 별표2(재해사고분류표)에서 정한 경증재해사고가 발생하였을 경우 (부위별로 연간 1회한) 중등증 재해사고급여금: 피보험자가 보험기간 중 보장개시일 이후에 재해를 원인으로 약관 별표2(재해사고분류표)에서 정한 중등증재해사고가발생하였을 경우 (부위별로 연간 1회한) 중증 재해사고급여금: 피보험자가 보험기간 중 보장개시일 이후에 재해를 원인으로 약관 별표2(재해사고분류표)에서 정한 중증재해사고가 발생하였을 경우 (부위별로 연간 1회한)""",가입금액의 10% / 50% / 100%,"3,000만원",584100  원,"539,700  원",2.75 %,-,-,123.2 %,114.0 %,-,-,-,-,보험기간(1년 초과),순수보장,갱신형,비유니버셜,대면채널  TM,2026-05-06,"1. 가입나이 : 만15세 ~ 80세(단 성별, 보험기간, 납입기간별 차등적용) 2. 보험기간 : 20년(단, 갱신계약의 경우 1~20년) , 30년(단, 갱신계약의 경우 1~30년) 3. 보험료 예시기준 : 가입금액 3,000만원, 20년만기, 전기납, 월납, 40세 (단, 자사 최대 가입한도는 10만원임)",1588-2288,,,,
주계약,재해장해보험금 (월납),특약,(무)OK간편한(3.10.5)통합상해진단비특약T(해약환급금미지급형)(갱신형)(경증),피보험자가 보험기간 중 보장개시일 이후에 재해를 원인으 로 약관 별표2(재해사고분류표)에서 정한 경증재해사고가 발생하였을 경우 (부위별로 연간 1회한),가입금액의 100%,10만원,"10,660 원","11,098 원",2.75 %,갱신형,대면채널  TM,2026-05-06,"1. 가입나이 : 만15세 ~ 80세(단 성별, 보험기간, 납입기간별 차등적용) 2. 보험기간 : 20년(단, 갱신계약의 경우 1~20년) , 30년(단, 갱신계약의 경우 1~30년) 3. 보험료 예시기준 : 가입금액 3,000만원, 20년만기, 전기납, 월납, 40세 (단, 자사 최대 가입한도는 10만원임)",1588-2288,보장성_상품비교_20260608162059302.xls,흥국생명,(무)흥국생명다사랑3.10.5간편통합상해보험(해약환급금미지급형)(갱신형),특약,(무)OK간편한(3.10.5)통합상해진단비특약T(해약환급금미지급형)(갱신형)(경증),피보험자가 보험기간 중 보장개시일 이후에 재해를 원인으 로 약관 별표2(재해사고분류표)에서 정한 경증재해사고가 발생하였을 경우 (부위별로 연간 1회한),가입금액의 100%,10만원,10660  원,"11,098  원",2.75 %,-,-,123.2 %,114.0 %,-,-,-,-,보험기간(1년 초과),순수보장,갱신형,비유니버셜,대면채널  TM,2026-05-06,"1. 가입나이 : 만15세 ~ 80세(단 성별, 보험기간, 납입기간별 차등적용) 2. 보험기간 : 20년(단, 갱신계약의 경우 1~20년) , 30년(단, 갱신계약의 경우 1~30년) 3. 보험료 예시기준 : 가입금액 3,000만원, 20년만기, 전기납, 월납, 40세 (단, 자사 최대 가입한도는 10만원임)",1588-2288,,,,
주계약,재해장해보험금 (월납),특약,(무)OK간편한(3.10.5)통합상해진단비특약T(해약환급금미지급형)(갱신형)(중등증),피보험자가 보험기간 중 보장개시일 이후에 재해를 원인으 로 약관 별표2(재해사고분류표)에서 정한 중등증재해사고 가 발생하였을 경우 (부위별로 연간 1회한),가입금액의 100%,10만원,"2,031 원","1,691 원",2.75 %,갱신형,대면채널  TM,2026-05-06,"1. 가입나이 : 만15세 ~ 80세(단 성별, 보험기간, 납입기간별 차등적용) 2. 보험기간 : 20년(단, 갱신계약의 경우 1~20년) , 30년(단, 갱신계약의 경우 1~30년) 3. 보험료 예시기준 : 가입금액 3,000만원, 20년만기, 전기납, 월납, 40세 (단, 자사 최대 가입한도는 10만원임)",1588-2288,보장성_상품비교_20260608162059302.xls,흥국생명,(무)흥국생명다사랑3.10.5간편통합상해보험(해약환급금미지급형)(갱신형),특약,(무)OK간편한(3.10.5)통합상해진단비특약T(해약환급금미지급형)(갱신형)(중등증),피보험자가 보험기간 중 보장개시일 이후에 재해를 원인으 로 약관 별표2(재해사고분류표)에서 정한 중등증재해사고 가 발생하였을 경우 (부위별로 연간 1회한),가입금액의 100%,10만원,2031  원,"1,691  원",2.75 %,-,-,123.2 %,114.0 %,-,-,-,-,보험기간(1년 초과),순수보장,갱신형,비유니버셜,대면채널  TM,2026-05-06,"1. 가입나이 : 만15세 ~ 80세(단 성별, 보험기간, 납입기간별 차등적용) 2. 보험기간 : 20년(단, 갱신계약의 경우 1~20년) , 30년(단, 갱신계약의 경우 1~30년) 3. 보험료 예시기준 : 가입금액 3,000만원, 20년만기, 전기납, 월납, 40세 (단, 자사 최대 가입한도는 10만원임)",1588-2288,,,,
주계약,재해장해보험금 (월납),특약,(무)OK간편한(3.10.5)통합상해진단비특약T(해약환급금미지급형)(갱신형)(중증),피보험자가 보험기간 중 보장개시일 이후에 재해를 원인으 로 약관 별표2(재해사고분류표)에서 정한 중증재해사고가 발생하였을 경우 (부위별로 연간 1회한),가입금액의 100%,10만원,74 원,37 원,2.75 %,갱신형,대면채널  TM,2026-05-06,"1. 가입나이 : 만15세 ~ 80세(단 성별, 보험기간, 납입기간별 차등적용) 2. 보험기간 : 20년(단, 갱신계약의 경우 1~20년) , 30년(단, 갱신계약의 경우 1~30년) 3. 보험료 예시기준 : 가입금액 3,000만원, 20년만기, 전기납, 월납, 40세 (단, 자사 최대 가입한도는 10만원임)",1588-2288,보장성_상품비교_20260608162059302.xls,흥국생명,(무)흥국생명다사랑3.10.5간편통합상해보험(해약환급금미지급형)(갱신형),특약,(무)OK간편한(3.10.5)통합상해진단비특약T(해약환급금미지급형)(갱신형)(중증),피보험자가 보험기간 중 보장개시일 이후에 재해를 원인으 로 약관 별표2(재해사고분류표)에서 정한 중증재해사고가 발생하였을 경우 (부위별로 연간 1회한),가입금액의 100%,10만원,74  원,37  원,2.75 %,-,-,123.2 %,114.0 %,-,-,-,-,보험기간(1년 초과),순수보장,갱신형,비유니버셜,대면채널  TM,2026-05-06,"1. 가입나이 : 만15세 ~ 80세(단 성별, 보험기간, 납입기간별 차등적용) 2. 보험기간 : 20년(단, 갱신계약의 경우 1~20년) , 30년(단, 갱신계약의 경우 1~30년) 3. 보험료 예시기준 : 가입금액 3,000만원, 20년만기, 전기납, 월납, 40세 (단, 자사 최대 가입한도는 10만원임)",1588-2288,,,,
주계약,재해장해보험금 (월납),특약,(무)OK간편한(3.10.5)급여특정골절재활치료특약T(연간10회한)(해약환급금미지급형)(갱신형),"피보험자가 보험기간 중 보장개시일 이후에 특정재해골절 로 진단확정되고, 입원 급여 특정재해골절재활치료 또는 통원 급여 특정재해골절재활치료를 받을 경우 (입원 및 통원 각각 1일 1회, 합산 연간 10회한)",가입금액의 100%,1만원,125 원,169 원,2.75 %,갱신형,대면채널  TM,2026-05-06,"1. 가입나이 : 만15세 ~ 80세(단 성별, 보험기간, 납입기간별 차등적용) 2. 보험기간 : 20년(단, 갱신계약의 경우 1~20년) , 30년(단, 갱신계약의 경우 1~30년) 3. 보험료 예시기준 : 가입금액 3,000만원, 20년만기, 전기납, 월납, 40세 (단, 자사 최대 가입한도는 10만원임)",1588-2288,보장성_상품비교_20260608162059302.xls,흥국생명,(무)흥국생명다사랑3.10.5간편통합상해보험(해약환급금미지급형)(갱신형),특약,(무)OK간편한(3.10.5)급여특정골절재활치료특약T(연간10회한)(해약환급금미지급형)(갱신형),"피보험자가 보험기간 중 보장개시일 이후에 특정재해골절 로 진단확정되고, 입원 급여 특정재해골절재활치료 또는 통원 급여 특정재해골절재활치료를 받을 경우 (입원 및 통원 각각 1일 1회, 합산 연간 10회한)",가입금액의 100%,1만원,125  원,169  원,2.75 %,-,-,123.2 %,114.0 %,-,-,-,-,보험기간(1년 초과),순수보장,갱신형,비유니버셜,대면채널  TM,2026-05-06,"1. 가입나이 : 만15세 ~ 80세(단 성별, 보험기간, 납입기간별 차등적용) 2. 보험기간 : 20년(단, 갱신계약의 경우 1~20년) , 30년(단, 갱신계약의 경우 1~30년) 3. 보험료 예시기준 : 가입금액 3,000만원, 20년만기, 전기납, 월납, 40세 (단, 자사 최대 가입한도는 10만원임)",1588-2288,,,,
주계약,재해장해보험금 (월납),주계약,경증재해사고급여금/중등증재해사고급여금/중증재해사고급여금,경증재해사고급여금 : 피보험자가 보험기간 중 보장개시일 이후에 재해를 원인으로 약관 별표2(재해사고분류표)에서 정한 경증재해사고가 발생하였을 경우 (부위별로 연간 1회한) 중등증 재해사고급여금: 피보험자가 보험기간 중 보장개시일 이후에 재해를 원인으로 약관 별표2(재해사고분류표)에서 정한 중등증재해사고가발생하였을 경우 (부위별로 연간 1회한) 중증 재해사고급여금: 피보험자가 보험기간 중 보장개시일 이후에 재해를 원인으로 약관 별표2(재해사고분류표)에서 정한 중증재해사고가 발생하였을 경우 (부위별로 연간 1회한),가입금액의 10% / 50% / 100%,"3,000만원","654,600 원","603,900 원",2.75 %,갱신형,대면채널  TM,2026-05-06,"1. 가입나이 : 만15세 ~ 80세(단 성별, 보험기간, 납입기간별 차등적용) 2. 보험기간 : 20년(단, 갱신계약의 경우 1~20년) , 30년(단, 갱신계약의 경우 1~30년) 3. 보험료 예시기준 : 가입금액 3,000만원, 20년만기, 전기납, 월납, 40세 (단, 자사 최대 가입한도는 10만원임)",1588-2288,보장성_상품비교_20260608162059302.xls,흥국생명,(무)흥국생명 다사랑3.5.5간편통합상해보험(해약환급금미지급형)(갱신형),주계약,경증재해사고급여금/중등증재해사고급여금/중증재해사고급여금,경증재해사고급여금 : 피보험자가 보험기간 중 보장개시일 이후에 재해를 원인으로 약관 별표2(재해사고분류표)에서 정한 경증재해사고가 발생하였을 경우 (부위별로 연간 1회한) 중등증 재해사고급여금: 피보험자가 보험기간 중 보장개시일 이후에 재해를 원인으로 약관 별표2(재해사고분류표)에서 정한 중등증재해사고가발생하였을 경우 (부위별로 연간 1회한) 중증 재해사고급여금: 피보험자가 보험기간 중 보장개시일 이후에 재해를 원인으로 약관 별표2(재해사고분류표)에서 정한 중증재해사고가 발생하였을 경우 (부위별로 연간 1회한),가입금액의 10% / 50% / 100%,"3,000만원",654600  원,"603,900  원",2.75 %,-,-,123.3 %,114.1 %,-,-,-,-,보험기간(1년 초과),순수보장,갱신형,비유니버셜,대면채널  TM,2026-05-06,"1. 가입나이 : 만15세 ~ 80세(단 성별, 보험기간, 납입기간별 차등적용) 2. 보험기간 : 20년(단, 갱신계약의 경우 1~20년) , 30년(단, 갱신계약의 경우 1~30년) 3. 보험료 예시기준 : 가입금액 3,000만원, 20년만기, 전기납, 월납, 40세 (단, 자사 최대 가입한도는 10만원임)",1588-2288,,,,
주계약,재해장해보험금 (월납),특약,(무)OK간편한(3.5.5)통합상해진단비특약T(해약환급금미지급형)(갱신형)(경증),피보험자가 보험기간 중 보장개시일 이후에 재해를 원인으 로 약관 별표2(재해사고분류표)에서 정한 경증재해사고가 발생하였을 경우 (부위별로 연간 1회한),가입금액의 100%,10만원,"11,935 원","12,437 원",2.75 %,갱신형,대면채널  TM,2026-05-06,"1. 가입나이 : 만15세 ~ 80세(단 성별, 보험기간, 납입기간별 차등적용) 2. 보험기간 : 20년(단, 갱신계약의 경우 1~20년) , 30년(단, 갱신계약의 경우 1~30년) 3. 보험료 예시기준 : 가입금액 3,000만원, 20년만기, 전기납, 월납, 40세 (단, 자사 최대 가입한도는 10만원임)",1588-2288,보장성_상품비교_20260608162059302.xls,흥국생명,(무)흥국생명 다사랑3.5.5간편통합상해보험(해약환급금미지급형)(갱신형),특약,(무)OK간편한(3.5.5)통합상해진단비특약T(해약환급금미지급형)(갱신형)(경증),피보험자가 보험기간 중 보장개시일 이후에 재해를 원인으 로 약관 별표2(재해사고분류표)에서 정한 경증재해사고가 발생하였을 경우 (부위별로 연간 1회한),가입금액의 100%,10만원,11935  원,"12,437  원",2.75 %,-,-,123.3 %,114.1 %,-,-,-,-,보험기간(1년 초과),순수보장,갱신형,비유니버셜,대면채널  TM,2026-05-06,"1. 가입나이 : 만15세 ~ 80세(단 성별, 보험기간, 납입기간별 차등적용) 2. 보험기간 : 20년(단, 갱신계약의 경우 1~20년) , 30년(단, 갱신계약의 경우 1~30년) 3. 보험료 예시기준 : 가입금액 3,000만원, 20년만기, 전기납, 월납, 40세 (단, 자사 최대 가입한도는 10만원임)",1588-2288,,,,
주계약,재해장해보험금 (월납),특약,(무)OK간편한(3.5.5)통합상해진단비특약T(해약환급금미지급형)(갱신형)(중등증),피보험자가 보험기간 중 보장개시일 이후에 재해를 원인으 로 약관 별표2(재해사고분류표)에서 정한 중등증재해사고 가 발생하였을 경우 (부위별로 연간 1회한),가입금액의 100%,10만원,"2,278 원","1,889 원",2.75 %,갱신형,대면채널  TM,2026-05-06,"1. 가입나이 : 만15세 ~ 80세(단 성별, 보험기간, 납입기간별 차등적용) 2. 보험기간 : 20년(단, 갱신계약의 경우 1~20년) , 30년(단, 갱신계약의 경우 1~30년) 3. 보험료 예시기준 : 가입금액 3,000만원, 20년만기, 전기납, 월납, 40세 (단, 자사 최대 가입한도는 10만원임)",1588-2288,보장성_상품비교_20260608162059302.xls,흥국생명,(무)흥국생명 다사랑3.5.5간편통합상해보험(해약환급금미지급형)(갱신형),특약,(무)OK간편한(3.5.5)통합상해진단비특약T(해약환급금미지급형)(갱신형)(중등증),피보험자가 보험기간 중 보장개시일 이후에 재해를 원인으 로 약관 별표2(재해사고분류표)에서 정한 중등증재해사고 가 발생하였을 경우 (부위별로 연간 1회한),가입금액의 100%,10만원,2278  원,"1,889  원",2.75 %,-,-,123.3 %,114.1 %,-,-,-,-,보험기간(1년 초과),순수보장,갱신형,비유니버셜,대면채널  TM,2026-05-06,"1. 가입나이 : 만15세 ~ 80세(단 성별, 보험기간, 납입기간별 차등적용) 2. 보험기간 : 20년(단, 갱신계약의 경우 1~20년) , 30년(단, 갱신계약의 경우 1~30년) 3. 보험료 예시기준 : 가입금액 3,000만원, 20년만기, 전기납, 월납, 40세 (단, 자사 최대 가입한도는 10만원임)",1588-2288,,,,
주계약,재해장해보험금 (월납),특약,(무)OK간편한(3.5.5)통합상해진단비특약T(해약환급금미지급형)(갱신형)(중증),피보험자가 보험기간 중 보장개시일 이후에 재해를 원인으 로 약관 별표2(재해사고분류표)에서 정한 중증재해사고가 발생하였을 경우 (부위별로 연간 1회한),가입금액의 100%,10만원,83 원,41 원,2.75 %,갱신형,대면채널  TM,2026-05-06,"1. 가입나이 : 만15세 ~ 80세(단 성별, 보험기간, 납입기간별 차등적용) 2. 보험기간 : 20년(단, 갱신계약의 경우 1~20년) , 30년(단, 갱신계약의 경우 1~30년) 3. 보험료 예시기준 : 가입금액 3,000만원, 20년만기, 전기납, 월납, 40세 (단, 자사 최대 가입한도는 10만원임)",1588-2288,보장성_상품비교_20260608162059302.xls,흥국생명,(무)흥국생명 다사랑3.5.5간편통합상해보험(해약환급금미지급형)(갱신형),특약,(무)OK간편한(3.5.5)통합상해진단비특약T(해약환급금미지급형)(갱신형)(중증),피보험자가 보험기간 중 보장개시일 이후에 재해를 원인으 로 약관 별표2(재해사고분류표)에서 정한 중증재해사고가 발생하였을 경우 (부위별로 연간 1회한),가입금액의 100%,10만원,83  원,41  원,2.75 %,-,-,123.3 %,114.1 %,-,-,-,-,보험기간(1년 초과),순수보장,갱신형,비유니버셜,대면채널  TM,2026-05-06,"1. 가입나이 : 만15세 ~ 80세(단 성별, 보험기간, 납입기간별 차등적용) 2. 보험기간 : 20년(단, 갱신계약의 경우 1~20년) , 30년(단, 갱신계약의 경우 1~30년) 3. 보험료 예시기준 : 가입금액 3,000만원, 20년만기, 전기납, 월납, 40세 (단, 자사 최대 가입한도는 10만원임)",1588-2288,,,,
주계약,재해장해보험금 (월납),특약,(무)OK간편한(3.5.5)급여특정골절재활치료특약T(연간10회한)(해약환급금미지급형)(갱신형),"피보험자가 보험기간 중 보장개시일 이후에 특정재해골절 로 진단확정되고, 입원 급여 특정재해골절재활치료 또는 통원 급여 특정재해골절재활치료를 받을 경우 (입원 및 통원 각각 1일 1회, 합산 연간 10회한)",가입금액의 100%,1만원,141 원,187 원,2.75 %,갱신형,대면채널  TM,2026-05-06,"1. 가입나이 : 만15세 ~ 80세(단 성별, 보험기간, 납입기간별 차등적용) 2. 보험기간 : 20년(단, 갱신계약의 경우 1~20년) , 30년(단, 갱신계약의 경우 1~30년) 3. 보험료 예시기준 : 가입금액 3,000만원, 20년만기, 전기납, 월납, 40세 (단, 자사 최대 가입한도는 10만원임)",1588-2288,보장성_상품비교_20260608162059302.xls,흥국생명,(무)흥국생명 다사랑3.5.5간편통합상해보험(해약환급금미지급형)(갱신형),특약,(무)OK간편한(3.5.5)급여특정골절재활치료특약T(연간10회한)(해약환급금미지급형)(갱신형),"피보험자가 보험기간 중 보장개시일 이후에 특정재해골절 로 진단확정되고, 입원 급여 특정재해골절재활치료 또는 통원 급여 특정재해골절재활치료를 받을 경우 (입원 및 통원 각각 1일 1회, 합산 연간 10회한)",가입금액의 100%,1만원,141  원,187  원,2.75 %,-,-,123.3 %,114.1 %,-,-,-,-,보험기간(1년 초과),순수보장,갱신형,비유니버셜,대면채널  TM,2026-05-06,"1. 가입나이 : 만15세 ~ 80세(단 성별, 보험기간, 납입기간별 차등적용) 2. 보험기간 : 20년(단, 갱신계약의 경우 1~20년) , 30년(단, 갱신계약의 경우 1~30년) 3. 보험료 예시기준 : 가입금액 3,000만원, 20년만기, 전기납, 월납, 40세 (단, 자사 최대 가입한도는 10만원임)",1588-2288,,,,
주계약,재해장해보험금 (월납),주계약,재해장해보험금,피보험자가 보험기간 중 보장개시일 이후에 재 해로 인하여 장해분류표에서 정한 각 장해지 급률에 해당하는 장해상태가 되었을 경우,보험가입금액 x 해당 장해지급률,"3,000만원  원","1,170 원",690 원,2.75 %,갱신형,대면채널  TM,2026-03-03,"1.가입나이: 만15세~80세(단 성별, 보험기간, 납입기간별 차등적용) 2.보험기간: 20년(단, 갱신계약의 경우 1~20년), 30년(단, 갱신계약의 경우 1~30년) 3.보험료 예시기준: 가입금액 3,000만원, 20년만기, 전기납,월납, 40세 (단, 자사 최대 가입한도는 1,000만원임)",1588-2288,보장성_상품비교_20260608162059302.xls,흥국생명,(무)흥국생명 다사랑3.1.1간편건강보험(해약환급금미지급형)(갱신형),주계약,재해장해보험금,피보험자가 보험기간 중 보장개시일 이후에 재 해로 인하여 장해분류표에서 정한 각 장해지 급률에 해당하는 장해상태가 되었을 경우,보험가입금액 x 해당 장해지급률,"3,000만원  원",1170  원,690  원,2.75 %,-,-,118.7 %,104.6 %,-,-,-,-,보험기간(1년 초과),순수보장,갱신형,비유니버셜,대면채널  TM,2026-03-03,"1.가입나이: 만15세~80세(단 성별, 보험기간, 납입기간별 차등적용) 2.보험기간: 20년(단, 갱신계약의 경우 1~20년), 30년(단, 갱신계약의 경우 1~30년) 3.보험료 예시기준: 가입금액 3,000만원, 20년만기, 전기납,월납, 40세 (단, 자사 최대 가입한도는 1,000만원임)",1588-2288,,,,
주계약,재해장해보험금 (월납),특약,(무)간편한질병수술특약S(기본형)(갱신형),피보험자가 보험기간 중 보장개시일 이후에 질병으로 인하여 그 치료를 직접목적으로 하 여 수술을 받았을 때 (동일한 질병당 1회한),"1년 미만 5만원, 1년 이후 10만원",10만원  원,"2,604 원","3,282 원",2.75 %,갱신형,대면채널  TM,2026-03-03,"1.가입나이: 만15세~80세(단 성별, 보험기간, 납입기간별 차등적용) 2.보험기간: 20년(단, 갱신계약의 경우 1~20년), 30년(단, 갱신계약의 경우 1~30년) 3.보험료 예시기준: 가입금액 3,000만원, 20년만기, 전기납,월납, 40세 (단, 자사 최대 가입한도는 1,000만원임)",1588-2288,보장성_상품비교_20260608162059302.xls,흥국생명,(무)흥국생명 다사랑3.1.1간편건강보험(해약환급금미지급형)(갱신형),특약,(무)간편한질병수술특약S(기본형)(갱신형),피보험자가 보험기간 중 보장개시일 이후에 질병으로 인하여 그 치료를 직접목적으로 하 여 수술을 받았을 때 (동일한 질병당 1회한),"1년 미만 5만원, 1년 이후 10만원",10만원  원,2604  원,"3,282  원",2.75 %,-,-,118.7 %,104.6 %,-,-,-,-,보험기간(1년 초과),순수보장,갱신형,비유니버셜,대면채널  TM,2026-03-03,"1.가입나이: 만15세~80세(단 성별, 보험기간, 납입기간별 차등적용) 2.보험기간: 20년(단, 갱신계약의 경우 1~20년), 30년(단, 갱신계약의 경우 1~30년) 3.보험료 예시기준: 가입금액 3,000만원, 20년만기, 전기납,월납, 40세 (단, 자사 최대 가입한도는 1,000만원임)",1588-2288,,,,
주계약,재해장해보험금 (월납),특약,(무)간편한암진단특약S(갱신형),피보험자가 보험기간 중 암보장개시일 이후에 암으로 진단확정 되었을 때 (최초 1회에 한함),"180일 미만 100만원, 180일 이후 1,000만원 다만, 1년 미만에 유방암으로 진단확정되었을 경우 50%만 지급",1000만원  원,"7,600 원","9,100 원",2.75 %,갱신형,대면채널  TM,2026-03-03,"1.가입나이: 만15세~80세(단 성별, 보험기간, 납입기간별 차등적용) 2.보험기간: 20년(단, 갱신계약의 경우 1~20년), 30년(단, 갱신계약의 경우 1~30년) 3.보험료 예시기준: 가입금액 3,000만원, 20년만기, 전기납,월납, 40세 (단, 자사 최대 가입한도는 1,000만원임)",1588-2288,보장성_상품비교_20260608162059302.xls,흥국생명,(무)흥국생명 다사랑3.1.1간편건강보험(해약환급금미지급형)(갱신형),특약,(무)간편한암진단특약S(갱신형),피보험자가 보험기간 중 암보장개시일 이후에 암으로 진단확정 되었을 때 (최초 1회에 한함),"180일 미만 100만원, 180일 이후 1,000만원 다만, 1년 미만에 유방암으로 진단확정되었을 경우 50%만 지급",1000만원  원,7600  원,"9,100  원",2.75 %,-,-,118.7 %,104.6 %,-,-,-,-,보험기간(1년 초과),순수보장,갱신형,비유니버셜,대면채널  TM,2026-03-03,"1.가입나이: 만15세~80세(단 성별, 보험기간, 납입기간별 차등적용) 2.보험기간: 20년(단, 갱신계약의 경우 1~20년), 30년(단, 갱신계약의 경우 1~30년) 3.보험료 예시기준: 가입금액 3,000만원, 20년만기, 전기납,월납, 40세 (단, 자사 최대 가입한도는 1,000만원임)",1588-2288,,,,
주계약,재해장해보험금 (월납),특약,(무)간편한항암약물치료특약S(갱신형),"피보험자가 보험기간 중 암보장개시일 이후에 암으로 진단 확정되고, 그 암의 직접적인 치료 를 목적으로 항암약물치료를 받았을 때 (최초 1회에 한함) * 이외 보장담보는 상품요약서 참조","암항암약물치료비: 1년 미만 50만원, 1년 이후 100만원",100만원  원,195 원,285 원,2.75 %,갱신형,대면채널  TM,2026-03-03,"1.가입나이: 만15세~80세(단 성별, 보험기간, 납입기간별 차등적용) 2.보험기간: 20년(단, 갱신계약의 경우 1~20년), 30년(단, 갱신계약의 경우 1~30년) 3.보험료 예시기준: 가입금액 3,000만원, 20년만기, 전기납,월납, 40세 (단, 자사 최대 가입한도는 1,000만원임)",1588-2288,보장성_상품비교_20260608162059302.xls,흥국생명,(무)흥국생명 다사랑3.1.1간편건강보험(해약환급금미지급형)(갱신형),특약,(무)간편한항암약물치료특약S(갱신형),"피보험자가 보험기간 중 암보장개시일 이후에 암으로 진단 확정되고, 그 암의 직접적인 치료 를 목적으로 항암약물치료를 받았을 때 (최초 1회에 한함) * 이외 보장담보는 상품요약서 참조","암항암약물치료비: 1년 미만 50만원, 1년 이후 100만원",100만원  원,195  원,285  원,2.75 %,-,-,118.7 %,104.6 %,-,-,-,-,보험기간(1년 초과),순수보장,갱신형,비유니버셜,대면채널  TM,2026-03-03,"1.가입나이: 만15세~80세(단 성별, 보험기간, 납입기간별 차등적용) 2.보험기간: 20년(단, 갱신계약의 경우 1~20년), 30년(단, 갱신계약의 경우 1~30년) 3.보험료 예시기준: 가입금액 3,000만원, 20년만기, 전기납,월납, 40세 (단, 자사 최대 가입한도는 1,000만원임)",1588-2288,,,,
주계약,재해장해보험금 (월납),특약,(무)간편한항암방사선치료특약S(갱신형),"피보험자가 보험기간 중 암보장개시일 이후에 암으로 진단 확정되고, 그 암의 직접적인 치료를 목적으로 항암방사선치료를 받았을 때 (최초 1회에 한함) * 이외 보장담보는 상품요약서 참조","암 항암방사선치료비: 1년 미만 50만원, 1년 이후 100만원",100만원  원,120 원,210 원,2.75 %,갱신형,대면채널  TM,2026-03-03,"1.가입나이: 만15세~80세(단 성별, 보험기간, 납입기간별 차등적용) 2.보험기간: 20년(단, 갱신계약의 경우 1~20년), 30년(단, 갱신계약의 경우 1~30년) 3.보험료 예시기준: 가입금액 3,000만원, 20년만기, 전기납,월납, 40세 (단, 자사 최대 가입한도는 1,000만원임)",1588-2288,보장성_상품비교_20260608162059302.xls,흥국생명,(무)흥국생명 다사랑3.1.1간편건강보험(해약환급금미지급형)(갱신형),특약,(무)간편한항암방사선치료특약S(갱신형),"피보험자가 보험기간 중 암보장개시일 이후에 암으로 진단 확정되고, 그 암의 직접적인 치료를 목적으로 항암방사선치료를 받았을 때 (최초 1회에 한함) * 이외 보장담보는 상품요약서 참조","암 항암방사선치료비: 1년 미만 50만원, 1년 이후 100만원",100만원  원,120  원,210  원,2.75 %,-,-,118.7 %,104.6 %,-,-,-,-,보험기간(1년 초과),순수보장,갱신형,비유니버셜,대면채널  TM,2026-03-03,"1.가입나이: 만15세~80세(단 성별, 보험기간, 납입기간별 차등적용) 2.보험기간: 20년(단, 갱신계약의 경우 1~20년), 30년(단, 갱신계약의 경우 1~30년) 3.보험료 예시기준: 가입금액 3,000만원, 20년만기, 전기납,월납, 40세 (단, 자사 최대 가입한도는 1,000만원임)",1588-2288,,,,
주계약,재해사망보험금 (월납),주계약,재해사망보험금,피보험자가 보험기간 중 재해로 인하여 사망하였을 때,6억원,"3,000만원  원","1,149,900 원","518,100 원",3.00 %,비갱신형,대면채널  방카슈랑스  CM,2026-03-03,"1. 가입나이 : 만15세 ~ 70세(단 성별, 보험기간, 납입기간별 차등적용) 2. 보험기간 : 100세만기, 110세 만기 3. 보험료 예시기준 : 1종(50%환급형) 4형(상해보장형) 가입금액 3,000만원, 40세, 100세만기, 20년납, 월납",1588-2288,보장성_상품비교_20260608162059302.xls,흥국생명,(무)흥국생명 안심케어보험2603(해약환급금일부지급형)_1종 4형,주계약,재해사망보험금,피보험자가 보험기간 중 재해로 인하여 사망하였을 때,6억원,"3,000만원  원",1149900  원,"518,100  원",3.00 %,-,-,89.8 %,87.3 %,-,-,-,-,보험기간(1년 초과),무해지/저해지환급,비갱신형,비유니버셜,대면채널  방카슈랑스  CM,2026-03-03,"1. 가입나이 : 만15세 ~ 70세(단 성별, 보험기간, 납입기간별 차등적용) 2. 보험기간 : 100세만기, 110세 만기 3. 보험료 예시기준 : 1종(50%환급형) 4형(상해보장형) 가입금액 3,000만원, 40세, 100세만기, 20년납, 월납",1588-2288,,,,
주계약,재해장해보험금 (월납),주계약,재해장해보험금,피보험자가 보험기간 중 보장개시일 이후에 재해로 인하여 장해분류표에서 정한 각 장해지급률에 해당하는 장해상태가 되었을 경우,"1,000만원 × 해당 장해지급률","3,000만원","1,620 원","1,380 원",2.75 %,비갱신형,대면채널,2026-02-08,"1. 가입나이 : 0세 ~ 30세(단, 성별, 보험기간, 납입기간별 차등적용) 2. 보험기간 : 90세만기, 100세만기 3. 보험료 예시 및 보험가격지수 산출기준 : 1종(해약환급금 미지급형V2), 1형(재해장해보장형), 가입금액 3,000만원, 5세, 100세만기, 20년납, 월납",1588-2288,보장성_상품비교_20260608162059302.xls,흥국생명,(무)흥국생명다재다능종합보험(해약환급금미지급형V2),주계약,재해장해보험금,피보험자가 보험기간 중 보장개시일 이후에 재해로 인하여 장해분류표에서 정한 각 장해지급률에 해당하는 장해상태가 되었을 경우,"1,000만원 × 해당 장해지급률","3,000만원",1620  원,"1,380  원",2.75 %,-,-,95.8 %,98.1 %,-,-,-,-,보험기간(1년 초과),무해지/저해지환급,비갱신형,비유니버셜,대면채널,2026-02-08,"1. 가입나이 : 0세 ~ 30세(단, 성별, 보험기간, 납입기간별 차등적용) 2. 보험기간 : 90세만기, 100세만기 3. 보험료 예시 및 보험가격지수 산출기준 : 1종(해약환급금 미지급형V2), 1형(재해장해보장형), 가입금액 3,000만원, 5세, 100세만기, 20년납, 월납",1588-2288,,,,
주계약,재해장해보험금 (월납),특약,(무)골절진단(치아파절제외)특약,"피보험자가 보험기간 중 보장개시일 이후에 재해골절(치아파절 제외)이 발생하였을 때(발생 1회당) (다만, 동일재해에 의한 경우 1회에 한함)",가입금액의 100%,"1,000만원",869 원,716 원,2.75 %,비갱신형,대면채널,2026-02-08,"1. 가입나이 : 0세 ~ 30세(단, 성별, 보험기간, 납입기간별 차등적용) 2. 보험기간 : 90세만기, 100세만기 3. 보험료 예시 및 보험가격지수 산출기준 : 1종(해약환급금 미지급형V2), 1형(재해장해보장형), 가입금액 3,000만원, 5세, 100세만기, 20년납, 월납",1588-2288,보장성_상품비교_20260608162059302.xls,흥국생명,(무)흥국생명다재다능종합보험(해약환급금미지급형V2),특약,(무)골절진단(치아파절제외)특약,"피보험자가 보험기간 중 보장개시일 이후에 재해골절(치아파절 제외)이 발생하였을 때(발생 1회당) (다만, 동일재해에 의한 경우 1회에 한함)",가입금액의 100%,"1,000만원",869  원,716  원,2.75 %,-,-,95.8 %,98.1 %,-,-,-,-,보험기간(1년 초과),무해지/저해지환급,비갱신형,비유니버셜,대면채널,2026-02-08,"1. 가입나이 : 0세 ~ 30세(단, 성별, 보험기간, 납입기간별 차등적용) 2. 보험기간 : 90세만기, 100세만기 3. 보험료 예시 및 보험가격지수 산출기준 : 1종(해약환급금 미지급형V2), 1형(재해장해보장형), 가입금액 3,000만원, 5세, 100세만기, 20년납, 월납",1588-2288,,,,
주계약,재해장해보험금 (월납),특약,(무)허혈심장질환특약Ⅱ,"피보험자가 보험기간 중 보장개시일 이후에 허혈심장질환으로 진단확정 되었을 때(다만, 최초 1회에 한함)",가입금액의 100%,10만원,"3,600 원","1,900 원",2.75 %,비갱신형,대면채널,2026-02-08,"1. 가입나이 : 0세 ~ 30세(단, 성별, 보험기간, 납입기간별 차등적용) 2. 보험기간 : 90세만기, 100세만기 3. 보험료 예시 및 보험가격지수 산출기준 : 1종(해약환급금 미지급형V2), 1형(재해장해보장형), 가입금액 3,000만원, 5세, 100세만기, 20년납, 월납",1588-2288,보장성_상품비교_20260608162059302.xls,흥국생명,(무)흥국생명다재다능종합보험(해약환급금미지급형V2),특약,(무)허혈심장질환특약Ⅱ,"피보험자가 보험기간 중 보장개시일 이후에 허혈심장질환으로 진단확정 되었을 때(다만, 최초 1회에 한함)",가입금액의 100%,10만원,3600  원,"1,900  원",2.75 %,-,-,95.8 %,98.1 %,-,-,-,-,보험기간(1년 초과),무해지/저해지환급,비갱신형,비유니버셜,대면채널,2026-02-08,"1. 가입나이 : 0세 ~ 30세(단, 성별, 보험기간, 납입기간별 차등적용) 2. 보험기간 : 90세만기, 100세만기 3. 보험료 예시 및 보험가격지수 산출기준 : 1종(해약환급금 미지급형V2), 1형(재해장해보장형), 가입금액 3,000만원, 5세, 100세만기, 20년납, 월납",1588-2288,,,,
주계약,재해장해보험금 (월납),특약,(무)수술보장특약Ⅲ,피보험자가 보험기간 중 보장개시일 이후에 질병 또는 재해로 인하여 그 치료를 직접 목적으로 별표3(1~5종 수술분류표)에서 정한 수술을 받았을 때(수술 1회당),"1종 : 20만원 2종 : 50만원 3종 : 100만원 4종 : 500만원 5종 : 1,000만원","1,000만원","12,400 원","12,300 원",2.75 %,비갱신형,대면채널,2026-02-08,"1. 가입나이 : 0세 ~ 30세(단, 성별, 보험기간, 납입기간별 차등적용) 2. 보험기간 : 90세만기, 100세만기 3. 보험료 예시 및 보험가격지수 산출기준 : 1종(해약환급금 미지급형V2), 1형(재해장해보장형), 가입금액 3,000만원, 5세, 100세만기, 20년납, 월납",1588-2288,보장성_상품비교_20260608162059302.xls,흥국생명,(무)흥국생명다재다능종합보험(해약환급금미지급형V2),특약,(무)수술보장특약Ⅲ,피보험자가 보험기간 중 보장개시일 이후에 질병 또는 재해로 인하여 그 치료를 직접 목적으로 별표3(1~5종 수술분류표)에서 정한 수술을 받았을 때(수술 1회당),"1종 : 20만원 2종 : 50만원 3종 : 100만원 4종 : 500만원 5종 : 1,000만원","1,000만원",12400  원,"12,300  원",2.75 %,-,-,95.8 %,98.1 %,-,-,-,-,보험기간(1년 초과),무해지/저해지환급,비갱신형,비유니버셜,대면채널,2026-02-08,"1. 가입나이 : 0세 ~ 30세(단, 성별, 보험기간, 납입기간별 차등적용) 2. 보험기간 : 90세만기, 100세만기 3. 보험료 예시 및 보험가격지수 산출기준 : 1종(해약환급금 미지급형V2), 1형(재해장해보장형), 가입금액 3,000만원, 5세, 100세만기, 20년납, 월납",1588-2288,,,,
주계약,재해장해보험금 (월납),특약,(무)암진단특약Ⅲ(해약환급금 미지급형V2),피보험자가 암보장개시일 이후에 암으로 진단 확 정되었을 때,가입금액의 100%,"1,000만원","6,970 원","5,170 원",2.75 %,비갱신형,대면채널,2026-02-08,"1. 가입나이 : 0세 ~ 30세(단, 성별, 보험기간, 납입기간별 차등적용) 2. 보험기간 : 90세만기, 100세만기 3. 보험료 예시 및 보험가격지수 산출기준 : 1종(해약환급금 미지급형V2), 1형(재해장해보장형), 가입금액 3,000만원, 5세, 100세만기, 20년납, 월납",1588-2288,보장성_상품비교_20260608162059302.xls,흥국생명,(무)흥국생명다재다능종합보험(해약환급금미지급형V2),특약,(무)암진단특약Ⅲ(해약환급금 미지급형V2),피보험자가 암보장개시일 이후에 암으로 진단 확 정되었을 때,가입금액의 100%,"1,000만원",6970  원,"5,170  원",2.75 %,-,-,95.8 %,98.1 %,-,-,-,-,보험기간(1년 초과),무해지/저해지환급,비갱신형,비유니버셜,대면채널,2026-02-08,"1. 가입나이 : 0세 ~ 30세(단, 성별, 보험기간, 납입기간별 차등적용) 2. 보험기간 : 90세만기, 100세만기 3. 보험료 예시 및 보험가격지수 산출기준 : 1종(해약환급금 미지급형V2), 1형(재해장해보장형), 가입금액 3,000만원, 5세, 100세만기, 20년납, 월납",1588-2288,,,,
흥국생명,(무)처음만난흥국생명상해보험 (월납),주계약,"뺑소니,무보험차 교통재해 장해급여금","피보험자가 보험기간 중 보장개시일 이후에 제3조(“뺑소니,무보험차 교통재해”의 정의)에서 정한 뺑소니 ？ 무보험차에 의한 교통재해로 인하여 장해분류표에서 정한 장해지급률에 해당하는 장해상태가 되었을 때","남자 1,000만원 × 해당 장해지급률 / 여자 2,000만원 × 해당 장해지급률",10만원,"3,000 원","3,000 원",2.75 %,비갱신형,대면채널,2026-02-08,"1. 가입나이 : 자녀형(0세~20세), 레저형 및 성인형(만15세~65세) 2. 보험기간 : 1년 3. 보험료 예시기준 : 1형(자녀형), 가입금액 1구좌(10만원), 1년만기, 일시납, 5세",1588-2288,보장성_상품비교_20260608162059302.xls,흥국생명,(무)처음만난흥국생명상해보험,주계약,"뺑소니,무보험차 교통재해 장해급여금","피보험자가 보험기간 중 보장개시일 이후에 제3조(“뺑소니,무보험차 교통재해”의 정의)에서 정한 뺑소니 ？ 무보험차에 의한 교통재해로 인하여 장해분류표에서 정한 장해지급률에 해당하는 장해상태가 되었을 때","남자 1,000만원 × 해당 장해지급률 / 여자 2,000만원 × 해당 장해지급률",10만원,3000  원,"3,000  원",2.75 %,-,-,121.0 %,70.4 %,-,-,-,-,보험기간(1년 이하),순수보장,비갱신형,비유니버셜,대면채널,2026-02-08,"1. 가입나이 : 자녀형(0세~20세), 레저형 및 성인형(만15세~65세) 2. 보험기간 : 1년 3. 보험료 예시기준 : 1형(자녀형), 가입금액 1구좌(10만원), 1년만기, 일시납, 5세",1588-2288,,,,
흥국생명,(무)처음만난흥국생명상해보험 (월납),주계약,일반재해 장해급여금,"피보험자가 보험기간 중 보장개시일 이후에 발생한 뺑소니,무보험차에 의한 교통재해 이외의 재해로 인하여 장해분류표에서 정한 장해지급률에 해당하는 장해상태가 되었을 때",남자 300만원 × 해당 장해지급률 / 여자 600만원 × 해당 장해지급률,10만원,"3,000 원","3,000 원",2.75 %,비갱신형,대면채널,2026-02-08,"1. 가입나이 : 자녀형(0세~20세), 레저형 및 성인형(만15세~65세) 2. 보험기간 : 1년 3. 보험료 예시기준 : 1형(자녀형), 가입금액 1구좌(10만원), 1년만기, 일시납, 5세",1588-2288,보장성_상품비교_20260608162059302.xls,흥국생명,(무)처음만난흥국생명상해보험,주계약,일반재해 장해급여금,"피보험자가 보험기간 중 보장개시일 이후에 발생한 뺑소니,무보험차에 의한 교통재해 이외의 재해로 인하여 장해분류표에서 정한 장해지급률에 해당하는 장해상태가 되었을 때",남자 300만원 × 해당 장해지급률 / 여자 600만원 × 해당 장해지급률,10만원,3000  원,"3,000  원",2.75 %,-,-,121.0 %,70.4 %,-,-,-,-,보험기간(1년 이하),순수보장,비갱신형,비유니버셜,대면채널,2026-02-08,"1. 가입나이 : 자녀형(0세~20세), 레저형 및 성인형(만15세~65세) 2. 보험기간 : 1년 3. 보험료 예시기준 : 1형(자녀형), 가입금액 1구좌(10만원), 1년만기, 일시납, 5세",1588-2288,,,,
흥국생명,(무)처음만난흥국생명상해보험 (월납),주계약,재해골절 (치아파절 제외) 수술비,피보험자가 보험기간 중 보장개시일 이후에 재해로 인하여 제4조(“재해골절(치아파절 제외)”의 정의 및 진단확정)에서 정한 골절상태가 되어 그 치료를 직접적인 목적으로 수술을 받았을 때(수술 1회당),남자 10만원 / 여자 20만원,10만원,"3,000 원","3,000 원",2.75 %,비갱신형,대면채널,2026-02-08,"1. 가입나이 : 자녀형(0세~20세), 레저형 및 성인형(만15세~65세) 2. 보험기간 : 1년 3. 보험료 예시기준 : 1형(자녀형), 가입금액 1구좌(10만원), 1년만기, 일시납, 5세",1588-2288,보장성_상품비교_20260608162059302.xls,흥국생명,(무)처음만난흥국생명상해보험,주계약,재해골절 (치아파절 제외) 수술비,피보험자가 보험기간 중 보장개시일 이후에 재해로 인하여 제4조(“재해골절(치아파절 제외)”의 정의 및 진단확정)에서 정한 골절상태가 되어 그 치료를 직접적인 목적으로 수술을 받았을 때(수술 1회당),남자 10만원 / 여자 20만원,10만원,3000  원,"3,000  원",2.75 %,-,-,121.0 %,70.4 %,-,-,-,-,보험기간(1년 이하),순수보장,비갱신형,비유니버셜,대면채널,2026-02-08,"1. 가입나이 : 자녀형(0세~20세), 레저형 및 성인형(만15세~65세) 2. 보험기간 : 1년 3. 보험료 예시기준 : 1형(자녀형), 가입금액 1구좌(10만원), 1년만기, 일시납, 5세",1588-2288,,,,
흥국생명,(무)처음만난흥국생명상해보험 (월납),주계약,화상 및 부식 입원비,"피보험자가 보험기간 중 보장개시일 이후에 재해를 직접적인 원인으로 화상 및 부식 이 진단확정되고 그 화상 및 부식치료를 직접목적으로 하여 11일이상 계속입원 하였을 때(110일 한도, 10일초과 1일당)",남자 5만원 / 여자 10만원,10만원,"3,000 원","3,000 원",2.75 %,비갱신형,대면채널,2026-02-08,"1. 가입나이 : 자녀형(0세~20세), 레저형 및 성인형(만15세~65세) 2. 보험기간 : 1년 3. 보험료 예시기준 : 1형(자녀형), 가입금액 1구좌(10만원), 1년만기, 일시납, 5세",1588-2288,보장성_상품비교_20260608162059302.xls,흥국생명,(무)처음만난흥국생명상해보험,주계약,화상 및 부식 입원비,"피보험자가 보험기간 중 보장개시일 이후에 재해를 직접적인 원인으로 화상 및 부식 이 진단확정되고 그 화상 및 부식치료를 직접목적으로 하여 11일이상 계속입원 하였을 때(110일 한도, 10일초과 1일당)",남자 5만원 / 여자 10만원,10만원,3000  원,"3,000  원",2.75 %,-,-,121.0 %,70.4 %,-,-,-,-,보험기간(1년 이하),순수보장,비갱신형,비유니버셜,대면채널,2026-02-08,"1. 가입나이 : 자녀형(0세~20세), 레저형 및 성인형(만15세~65세) 2. 보험기간 : 1년 3. 보험료 예시기준 : 1형(자녀형), 가입금액 1구좌(10만원), 1년만기, 일시납, 5세",1588-2288,,,,
교보생명,교보e대중교통안심보험 (무배당) (월납),주계약,대중교통 재해사망보험금,"피보험자가 보험기간 중 ""대중교통 이용 중 교통재해""로 사망하였을 경우",보험가입금액의 100%,"1,000만원","5,340 원","3,460 원",2.00 %,비갱신형,CM,2026-03-27,"■필수기재사항 1. 가입나이 : 19세 ~ 60세 2. 보험기간 : 1년 3. 납입기간 : 일시납 ■선택기재사항 1. 보험료 예시기준 : 보험가입금액 1,000만원, 40세, 1년만기, 일시납",1588-1001,보장성_상품비교_20260608162059302.xls,교보생명,교보e대중교통안심보험 (무배당),주계약,대중교통 재해사망보험금,"피보험자가 보험기간 중 ""대중교통 이용 중 교통재해""로 사망하였을 경우",보험가입금액의 100%,"1,000만원",5340  원,"3,460  원",2.00 %,-,-,111.9 %,96.5 %,-,-,-,-,보험기간(1년 이하),순수보장,비갱신형,비유니버셜,CM,2026-03-27,"■필수기재사항 1. 가입나이 : 19세 ~ 60세 2. 보험기간 : 1년 3. 납입기간 : 일시납 ■선택기재사항 1. 보험료 예시기준 : 보험가입금액 1,000만원, 40세, 1년만기, 일시납",1588-1001,,,,
교보생명,교보e대중교통안심보험 (무배당) (월납),주계약,교통재해 장해급여금,"피보험자가 보험기간 중 ""교통재해""를 원인으로 장해분류표에서 정한 각 장해지급률 중 3%이상 100%이하에 해당하는 장해상태가 되었을 경우",보험가입금액 X 해당 장해지급률,"1,000만원","5,340 원","3,460 원",2.00 %,비갱신형,CM,2026-03-27,"■필수기재사항 1. 가입나이 : 19세 ~ 60세 2. 보험기간 : 1년 3. 납입기간 : 일시납 ■선택기재사항 1. 보험료 예시기준 : 보험가입금액 1,000만원, 40세, 1년만기, 일시납",1588-1001,보장성_상품비교_20260608162059302.xls,교보생명,교보e대중교통안심보험 (무배당),주계약,교통재해 장해급여금,"피보험자가 보험기간 중 ""교통재해""를 원인으로 장해분류표에서 정한 각 장해지급률 중 3%이상 100%이하에 해당하는 장해상태가 되었을 경우",보험가입금액 X 해당 장해지급률,"1,000만원",5340  원,"3,460  원",2.00 %,-,-,111.9 %,96.5 %,-,-,-,-,보험기간(1년 이하),순수보장,비갱신형,비유니버셜,CM,2026-03-27,"■필수기재사항 1. 가입나이 : 19세 ~ 60세 2. 보험기간 : 1년 3. 납입기간 : 일시납 ■선택기재사항 1. 보험료 예시기준 : 보험가입금액 1,000만원, 40세, 1년만기, 일시납",1588-1001,,,,
교보생명,교보e대중교통안심보험 (무배당) (월납),주계약,재해골절 진단보험금,"피보험자가 보험기간 중 재해로 인하여 재해골절[치아파절(깨짐, 부러짐) 제외]로 진단확정되었을 경우 [다만, 치아파절(깨짐, 부러짐) 제외, 연간 1회에 한하여 지급]",10만원,"1,000만원","5,340 원","3,460 원",2.00 %,비갱신형,CM,2026-03-27,"■필수기재사항 1. 가입나이 : 19세 ~ 60세 2. 보험기간 : 1년 3. 납입기간 : 일시납 ■선택기재사항 1. 보험료 예시기준 : 보험가입금액 1,000만원, 40세, 1년만기, 일시납",1588-1001,보장성_상품비교_20260608162059302.xls,교보생명,교보e대중교통안심보험 (무배당),주계약,재해골절 진단보험금,"피보험자가 보험기간 중 재해로 인하여 재해골절[치아파절(깨짐, 부러짐) 제외]로 진단확정되었을 경우 [다만, 치아파절(깨짐, 부러짐) 제외, 연간 1회에 한하여 지급]",10만원,"1,000만원",5340  원,"3,460  원",2.00 %,-,-,111.9 %,96.5 %,-,-,-,-,보험기간(1년 이하),순수보장,비갱신형,비유니버셜,CM,2026-03-27,"■필수기재사항 1. 가입나이 : 19세 ~ 60세 2. 보험기간 : 1년 3. 납입기간 : 일시납 ■선택기재사항 1. 보험료 예시기준 : 보험가입금액 1,000만원, 40세, 1년만기, 일시납",1588-1001,,,,
교보생명,교보e대중교통안심보험 (무배당) (월납),주계약,깁스치료보험금,피보험자가 보험기간 중 질병 또는 재해로 “깁스(Cast)치료”를 받았을 경우,깁스치료 1회당 10만원,"1,000만원","5,340 원","3,460 원",2.00 %,비갱신형,CM,2026-03-27,"■필수기재사항 1. 가입나이 : 19세 ~ 60세 2. 보험기간 : 1년 3. 납입기간 : 일시납 ■선택기재사항 1. 보험료 예시기준 : 보험가입금액 1,000만원, 40세, 1년만기, 일시납",1588-1001,보장성_상품비교_20260608162059302.xls,교보생명,교보e대중교통안심보험 (무배당),주계약,깁스치료보험금,피보험자가 보험기간 중 질병 또는 재해로 “깁스(Cast)치료”를 받았을 경우,깁스치료 1회당 10만원,"1,000만원",5340  원,"3,460  원",2.00 %,-,-,111.9 %,96.5 %,-,-,-,-,보험기간(1년 이하),순수보장,비갱신형,비유니버셜,CM,2026-03-27,"■필수기재사항 1. 가입나이 : 19세 ~ 60세 2. 보험기간 : 1년 3. 납입기간 : 일시납 ■선택기재사항 1. 보험료 예시기준 : 보험가입금액 1,000만원, 40세, 1년만기, 일시납",1588-1001,,,,
교보생명,교보상해케어보험 23.11 (무배당) (월납),주계약,강력범죄위로금,피보험자가 보험기간 중 “강력범죄”를 직접적인 원인으로 “신체피해로 전치 1개월을 초과하는 상해”가 발생하였을 경우 (동일사고에 의한 경우 1회에 한함),300만원(사고 1회당),"1,000만원","1,100 원",710 원,2.00 %,비갱신형,대면채널,2026-04-01,"■필수기재사항 1. 가입나이 : 20 ~ 60세 2. 보험기간 : 1년 3. 납입기간 : 전기납 ■선택기재사항 1. 보험료 예시기준 : 보험가입금액 1,000만원, 40세, 1년만기, 전기납, 월납",1588-1001,보장성_상품비교_20260608162059302.xls,교보생명,교보상해케어보험 23.11 (무배당),주계약,강력범죄위로금,피보험자가 보험기간 중 “강력범죄”를 직접적인 원인으로 “신체피해로 전치 1개월을 초과하는 상해”가 발생하였을 경우 (동일사고에 의한 경우 1회에 한함),300만원(사고 1회당),"1,000만원",1100  원,710  원,2.00 %,-,-,92.5 %,85.6 %,-,-,-,-,보험기간(1년 이하),순수보장,비갱신형,비유니버셜,대면채널,2026-04-01,"■필수기재사항 1. 가입나이 : 20 ~ 60세 2. 보험기간 : 1년 3. 납입기간 : 전기납 ■선택기재사항 1. 보험료 예시기준 : 보험가입금액 1,000만원, 40세, 1년만기, 전기납, 월납",1588-1001,,,,
교보생명,교보상해케어보험 23.11 (무배당) (월납),주계약,깁스치료비,피보험자가 보험기간 중 질병 또는 재해로 “깁스(Cast)치료”를 받았을 경우,10만원(깁스치료 1회당),"1,000만원","1,100 원",710 원,2.00 %,비갱신형,대면채널,2026-04-01,"■필수기재사항 1. 가입나이 : 20 ~ 60세 2. 보험기간 : 1년 3. 납입기간 : 전기납 ■선택기재사항 1. 보험료 예시기준 : 보험가입금액 1,000만원, 40세, 1년만기, 전기납, 월납",1588-1001,보장성_상품비교_20260608162059302.xls,교보생명,교보상해케어보험 23.11 (무배당),주계약,깁스치료비,피보험자가 보험기간 중 질병 또는 재해로 “깁스(Cast)치료”를 받았을 경우,10만원(깁스치료 1회당),"1,000만원",1100  원,710  원,2.00 %,-,-,92.5 %,85.6 %,-,-,-,-,보험기간(1년 이하),순수보장,비갱신형,비유니버셜,대면채널,2026-04-01,"■필수기재사항 1. 가입나이 : 20 ~ 60세 2. 보험기간 : 1년 3. 납입기간 : 전기납 ■선택기재사항 1. 보험료 예시기준 : 보험가입금액 1,000만원, 40세, 1년만기, 전기납, 월납",1588-1001,,,,
교보생명,교보상해케어보험 23.11 (무배당) (월납),주계약,재해골절치료비,"피보험자가 보험기간 중 재해로 인하여 재해골절[치아파절(깨짐, 부러짐) 제외]로 진단확정되었을 경우 [다만, 치아파절(깨짐, 부러짐) 제외, 연간 1회에 한하여 지급]",10만원(골절발생 1회당),"1,000만원","1,100 원",710 원,2.00 %,비갱신형,대면채널,2026-04-01,"■필수기재사항 1. 가입나이 : 20 ~ 60세 2. 보험기간 : 1년 3. 납입기간 : 전기납 ■선택기재사항 1. 보험료 예시기준 : 보험가입금액 1,000만원, 40세, 1년만기, 전기납, 월납",1588-1001,보장성_상품비교_20260608162059302.xls,교보생명,교보상해케어보험 23.11 (무배당),주계약,재해골절치료비,"피보험자가 보험기간 중 재해로 인하여 재해골절[치아파절(깨짐, 부러짐) 제외]로 진단확정되었을 경우 [다만, 치아파절(깨짐, 부러짐) 제외, 연간 1회에 한하여 지급]",10만원(골절발생 1회당),"1,000만원",1100  원,710  원,2.00 %,-,-,92.5 %,85.6 %,-,-,-,-,보험기간(1년 이하),순수보장,비갱신형,비유니버셜,대면채널,2026-04-01,"■필수기재사항 1. 가입나이 : 20 ~ 60세 2. 보험기간 : 1년 3. 납입기간 : 전기납 ■선택기재사항 1. 보험료 예시기준 : 보험가입금액 1,000만원, 40세, 1년만기, 전기납, 월납",1588-1001,,,,
교보생명,교보상해케어보험 23.11 (무배당) (월납),주계약,응급실내원비,"피보험자가 보험기간 중 “응급환자”로 응급실에 내원하여 진료를 받았을 경우(다만, 1일 1회에 한함)",1만원(내원 1회당),"1,000만원","1,100 원",710 원,2.00 %,비갱신형,대면채널,2026-04-01,"■필수기재사항 1. 가입나이 : 20 ~ 60세 2. 보험기간 : 1년 3. 납입기간 : 전기납 ■선택기재사항 1. 보험료 예시기준 : 보험가입금액 1,000만원, 40세, 1년만기, 전기납, 월납",1588-1001,보장성_상품비교_20260608162059302.xls,교보생명,교보상해케어보험 23.11 (무배당),주계약,응급실내원비,"피보험자가 보험기간 중 “응급환자”로 응급실에 내원하여 진료를 받았을 경우(다만, 1일 1회에 한함)",1만원(내원 1회당),"1,000만원",1100  원,710  원,2.00 %,-,-,92.5 %,85.6 %,-,-,-,-,보험기간(1년 이하),순수보장,비갱신형,비유니버셜,대면채널,2026-04-01,"■필수기재사항 1. 가입나이 : 20 ~ 60세 2. 보험기간 : 1년 3. 납입기간 : 전기납 ■선택기재사항 1. 보험료 예시기준 : 보험가입금액 1,000만원, 40세, 1년만기, 전기납, 월납",1588-1001,,,,
교보생명,교보상해케어보험 23.11 (무배당) (월납),주계약,재해입원비,피보험자가 보험기간 중 재해로 인한 직접적인 치료를 목적으로 1일 이상 입원하였을 경우,입원일수 1일당 1만원(1회 입원당지급일수 120일 한도),"1,000만원","1,100 원",710 원,2.00 %,비갱신형,대면채널,2026-04-01,"■필수기재사항 1. 가입나이 : 20 ~ 60세 2. 보험기간 : 1년 3. 납입기간 : 전기납 ■선택기재사항 1. 보험료 예시기준 : 보험가입금액 1,000만원, 40세, 1년만기, 전기납, 월납",1588-1001,보장성_상품비교_20260608162059302.xls,교보생명,교보상해케어보험 23.11 (무배당),주계약,재해입원비,피보험자가 보험기간 중 재해로 인한 직접적인 치료를 목적으로 1일 이상 입원하였을 경우,입원일수 1일당 1만원(1회 입원당지급일수 120일 한도),"1,000만원",1100  원,710  원,2.00 %,-,-,92.5 %,85.6 %,-,-,-,-,보험기간(1년 이하),순수보장,비갱신형,비유니버셜,대면채널,2026-04-01,"■필수기재사항 1. 가입나이 : 20 ~ 60세 2. 보험기간 : 1년 3. 납입기간 : 전기납 ■선택기재사항 1. 보험료 예시기준 : 보험가입금액 1,000만원, 40세, 1년만기, 전기납, 월납",1588-1001,,,,
교보생명,교보상해케어보험 23.11 (무배당) (월납),주계약,재해수술비,피보험자가 보험기간 중 재해를 직접적인 원인으로 수술을 받았을 경우,10만원(수술 1회당),"1,000만원","1,100 원",710 원,2.00 %,비갱신형,대면채널,2026-04-01,"■필수기재사항 1. 가입나이 : 20 ~ 60세 2. 보험기간 : 1년 3. 납입기간 : 전기납 ■선택기재사항 1. 보험료 예시기준 : 보험가입금액 1,000만원, 40세, 1년만기, 전기납, 월납",1588-1001,보장성_상품비교_20260608162059302.xls,교보생명,교보상해케어보험 23.11 (무배당),주계약,재해수술비,피보험자가 보험기간 중 재해를 직접적인 원인으로 수술을 받았을 경우,10만원(수술 1회당),"1,000만원",1100  원,710  원,2.00 %,-,-,92.5 %,85.6 %,-,-,-,-,보험기간(1년 이하),순수보장,비갱신형,비유니버셜,대면채널,2026-04-01,"■필수기재사항 1. 가입나이 : 20 ~ 60세 2. 보험기간 : 1년 3. 납입기간 : 전기납 ■선택기재사항 1. 보험료 예시기준 : 보험가입금액 1,000만원, 40세, 1년만기, 전기납, 월납",1588-1001,,,,
교보생명,교보상해케어보험 23.11 (무배당) (월납),주계약,특정외모상해수술비,"피보험자가 보험기간 중 “특정외모상해”로 진단확정되고, “특정외모상해”의 직접적인 치료를 목적으로 수술을 받았을 경우 ※ 다만, 연간 1회에 한함",30만원 (수술 1회당),"1,000만원","1,100 원",710 원,2.00 %,비갱신형,대면채널,2026-04-01,"■필수기재사항 1. 가입나이 : 20 ~ 60세 2. 보험기간 : 1년 3. 납입기간 : 전기납 ■선택기재사항 1. 보험료 예시기준 : 보험가입금액 1,000만원, 40세, 1년만기, 전기납, 월납",1588-1001,보장성_상품비교_20260608162059302.xls,교보생명,교보상해케어보험 23.11 (무배당),주계약,특정외모상해수술비,"피보험자가 보험기간 중 “특정외모상해”로 진단확정되고, “특정외모상해”의 직접적인 치료를 목적으로 수술을 받았을 경우 ※ 다만, 연간 1회에 한함",30만원 (수술 1회당),"1,000만원",1100  원,710  원,2.00 %,-,-,92.5 %,85.6 %,-,-,-,-,보험기간(1년 이하),순수보장,비갱신형,비유니버셜,대면채널,2026-04-01,"■필수기재사항 1. 가입나이 : 20 ~ 60세 2. 보험기간 : 1년 3. 납입기간 : 전기납 ■선택기재사항 1. 보험료 예시기준 : 보험가입금액 1,000만원, 40세, 1년만기, 전기납, 월납",1588-1001,,,,
교보생명,교보e교통안심보험 (무배당) (월납),주계약,교통재해사망보험금,"피보험자가 보험기간 중 ""교통재해""로 사망하였을 경우",보험가입금액의 100%,"1,000만원","3,010 원",990 원,2.00 %,비갱신형,CM,2026-03-27,"■필수기재사항 1. 가입나이 : 20세 ~ 60세 2. 보험기간 : 1년 3. 납입기간 : 일시납 ■선택기재사항 1. 보험료 예시기준 : 보험가입금액 1,000만원, 40세, 1년만기, 일시납",1588-1001,보장성_상품비교_20260608162059302.xls,교보생명,교보e교통안심보험 (무배당),주계약,교통재해사망보험금,"피보험자가 보험기간 중 ""교통재해""로 사망하였을 경우",보험가입금액의 100%,"1,000만원",3010  원,990  원,2.00 %,-,-,153.9 %,136.1 %,-,-,-,-,보험기간(1년 이하),순수보장,비갱신형,비유니버셜,CM,2026-03-27,"■필수기재사항 1. 가입나이 : 20세 ~ 60세 2. 보험기간 : 1년 3. 납입기간 : 일시납 ■선택기재사항 1. 보험료 예시기준 : 보험가입금액 1,000만원, 40세, 1년만기, 일시납",1588-1001,,,,
교보생명,교보e교통안심보험 (무배당) (월납),주계약,교통재해장해급여금,"피보험자가 보험기간 중 ""교통재해""를 원인으로 장해분류표에서 정한 각 장해지급률 중 3%이상 100%이하에 해당하는 장해상태가 되었을 경우",보험가입금액 X 해당 장해지급률,"1,000만원","3,010 원",990 원,2.00 %,비갱신형,CM,2026-03-27,"■필수기재사항 1. 가입나이 : 20세 ~ 60세 2. 보험기간 : 1년 3. 납입기간 : 일시납 ■선택기재사항 1. 보험료 예시기준 : 보험가입금액 1,000만원, 40세, 1년만기, 일시납",1588-1001,보장성_상품비교_20260608162059302.xls,교보생명,교보e교통안심보험 (무배당),주계약,교통재해장해급여금,"피보험자가 보험기간 중 ""교통재해""를 원인으로 장해분류표에서 정한 각 장해지급률 중 3%이상 100%이하에 해당하는 장해상태가 되었을 경우",보험가입금액 X 해당 장해지급률,"1,000만원",3010  원,990  원,2.00 %,-,-,153.9 %,136.1 %,-,-,-,-,보험기간(1년 이하),순수보장,비갱신형,비유니버셜,CM,2026-03-27,"■필수기재사항 1. 가입나이 : 20세 ~ 60세 2. 보험기간 : 1년 3. 납입기간 : 일시납 ■선택기재사항 1. 보험료 예시기준 : 보험가입금액 1,000만원, 40세, 1년만기, 일시납",1588-1001,,,,
교보생명,교보e교통안심보험 (무배당) (월납),주계약,강력범죄 위로금,"피보험자가 보험기간 중 ""강력범죄""를 직접적인 원인으로 ""신체피해로 전치 1개월을 초과하는 상해""가 발생하였을 경우 (사고 1회당, 동일사고에 의한 경우 1회에 한함)",100만원,"1,000만원","3,010 원",990 원,2.00 %,비갱신형,CM,2026-03-27,"■필수기재사항 1. 가입나이 : 20세 ~ 60세 2. 보험기간 : 1년 3. 납입기간 : 일시납 ■선택기재사항 1. 보험료 예시기준 : 보험가입금액 1,000만원, 40세, 1년만기, 일시납",1588-1001,보장성_상품비교_20260608162059302.xls,교보생명,교보e교통안심보험 (무배당),주계약,강력범죄 위로금,"피보험자가 보험기간 중 ""강력범죄""를 직접적인 원인으로 ""신체피해로 전치 1개월을 초과하는 상해""가 발생하였을 경우 (사고 1회당, 동일사고에 의한 경우 1회에 한함)",100만원,"1,000만원",3010  원,990  원,2.00 %,-,-,153.9 %,136.1 %,-,-,-,-,보험기간(1년 이하),순수보장,비갱신형,비유니버셜,CM,2026-03-27,"■필수기재사항 1. 가입나이 : 20세 ~ 60세 2. 보험기간 : 1년 3. 납입기간 : 일시납 ■선택기재사항 1. 보험료 예시기준 : 보험가입금액 1,000만원, 40세, 1년만기, 일시납",1588-1001,,,,
교보생명,교보상해보험 [D](무배당)[만기환급형(100%)] (월납),주계약,재해사망보험금,피보험자가 보험기간 중 발생한 재해로 사망하였을 경우,보험가입금액의 500%,"1,000만원","152,496 원","82,530 원",2.00 %,비갱신형,TM,2025-03-26,"■필수기재사항 1. 가입나이 : 19 ~ 60세 2. 보험기간 : 20년 3. 보험료 예시기준 : 만기환급형(100%), 보험가입금액 1,000만원, 40세, 20년만기, 20년납, 월납, 비위험직 ■선택기재사항 1. 납입기간 : 5년, 10년, 15년, 20년 2. 납입방법 : 월납 / 연납",1588-1001,보장성_상품비교_20260608162059302.xls,교보생명,교보상해보험 [D](무배당)[만기환급형(100%)],주계약,재해사망보험금,피보험자가 보험기간 중 발생한 재해로 사망하였을 경우,보험가입금액의 500%,"1,000만원",152496  원,"82,530  원",2.00 %,-,-,1028.2 %,991.8 %,-,-,-,-,보험기간(1년 초과),만기환급,비갱신형,비유니버셜,TM,2025-03-26,"■필수기재사항 1. 가입나이 : 19 ~ 60세 2. 보험기간 : 20년 3. 보험료 예시기준 : 만기환급형(100%), 보험가입금액 1,000만원, 40세, 20년만기, 20년납, 월납, 비위험직 ■선택기재사항 1. 납입기간 : 5년, 10년, 15년, 20년 2. 납입방법 : 월납 / 연납",1588-1001,,,,
교보생명,교보상해보험 [D](무배당)[만기환급형(100%)] (월납),주계약,만기환급금,만기환급형의 경우 보험기간이 끝날 때까지 피보험자가 살아 있을 경우,이미 납입한 주계약 보험료의 100%,"1,000만원","152,496 원","82,530 원",2.00 %,비갱신형,TM,2025-03-26,"■필수기재사항 1. 가입나이 : 19 ~ 60세 2. 보험기간 : 20년 3. 보험료 예시기준 : 만기환급형(100%), 보험가입금액 1,000만원, 40세, 20년만기, 20년납, 월납, 비위험직 ■선택기재사항 1. 납입기간 : 5년, 10년, 15년, 20년 2. 납입방법 : 월납 / 연납",1588-1001,보장성_상품비교_20260608162059302.xls,교보생명,교보상해보험 [D](무배당)[만기환급형(100%)],주계약,만기환급금,만기환급형의 경우 보험기간이 끝날 때까지 피보험자가 살아 있을 경우,이미 납입한 주계약 보험료의 100%,"1,000만원",152496  원,"82,530  원",2.00 %,-,-,1028.2 %,991.8 %,-,-,-,-,보험기간(1년 초과),만기환급,비갱신형,비유니버셜,TM,2025-03-26,"■필수기재사항 1. 가입나이 : 19 ~ 60세 2. 보험기간 : 20년 3. 보험료 예시기준 : 만기환급형(100%), 보험가입금액 1,000만원, 40세, 20년만기, 20년납, 월납, 비위험직 ■선택기재사항 1. 납입기간 : 5년, 10년, 15년, 20년 2. 납입방법 : 월납 / 연납",1588-1001,,,,
교보생명,교보상해보험 [D](무배당)[만기환급형(100%)] (월납),특약,(무)교보재해수술특약,피보험자가 이 특약의 보험기간 중 재해를 직접 적인 원인으로 수술을 받았을 경우,수술1회당 10만원,"1,000만원",190 원,130 원,2.00 %,비갱신형,TM,2025-03-26,"■필수기재사항 1. 가입나이 : 19 ~ 60세 2. 보험기간 : 20년 3. 보험료 예시기준 : 만기환급형(100%), 보험가입금액 1,000만원, 40세, 20년만기, 20년납, 월납, 비위험직 ■선택기재사항 1. 납입기간 : 5년, 10년, 15년, 20년 2. 납입방법 : 월납 / 연납",1588-1001,보장성_상품비교_20260608162059302.xls,교보생명,교보상해보험 [D](무배당)[만기환급형(100%)],특약,(무)교보재해수술특약,피보험자가 이 특약의 보험기간 중 재해를 직접 적인 원인으로 수술을 받았을 경우,수술1회당 10만원,"1,000만원",190  원,130  원,2.00 %,-,-,1028.2 %,991.8 %,-,-,-,-,보험기간(1년 초과),만기환급,비갱신형,비유니버셜,TM,2025-03-26,"■필수기재사항 1. 가입나이 : 19 ~ 60세 2. 보험기간 : 20년 3. 보험료 예시기준 : 만기환급형(100%), 보험가입금액 1,000만원, 40세, 20년만기, 20년납, 월납, 비위험직 ■선택기재사항 1. 납입기간 : 5년, 10년, 15년, 20년 2. 납입방법 : 월납 / 연납",1588-1001,,,,
교보생명,교보상해보험 [D](무배당)[만기환급형(100%)] (월납),특약,(무)재해상해특약(1형),피보험자가 이 특약의 보험기간 중 발생한 재해로 약관 장해분류표에서 정한 각 장해지급률에 해당하 는 장해상태가 되었을 경우,특약보험가입금액의 100% ×해당 장해지급률,"1,000만원",480 원,270 원,2.00 %,비갱신형,TM,2025-03-26,"■필수기재사항 1. 가입나이 : 19 ~ 60세 2. 보험기간 : 20년 3. 보험료 예시기준 : 만기환급형(100%), 보험가입금액 1,000만원, 40세, 20년만기, 20년납, 월납, 비위험직 ■선택기재사항 1. 납입기간 : 5년, 10년, 15년, 20년 2. 납입방법 : 월납 / 연납",1588-1001,보장성_상품비교_20260608162059302.xls,교보생명,교보상해보험 [D](무배당)[만기환급형(100%)],특약,(무)재해상해특약(1형),피보험자가 이 특약의 보험기간 중 발생한 재해로 약관 장해분류표에서 정한 각 장해지급률에 해당하 는 장해상태가 되었을 경우,특약보험가입금액의 100% ×해당 장해지급률,"1,000만원",480  원,270  원,2.00 %,-,-,1028.2 %,991.8 %,-,-,-,-,보험기간(1년 초과),만기환급,비갱신형,비유니버셜,TM,2025-03-26,"■필수기재사항 1. 가입나이 : 19 ~ 60세 2. 보험기간 : 20년 3. 보험료 예시기준 : 만기환급형(100%), 보험가입금액 1,000만원, 40세, 20년만기, 20년납, 월납, 비위험직 ■선택기재사항 1. 납입기간 : 5년, 10년, 15년, 20년 2. 납입방법 : 월납 / 연납",1588-1001,,,,
교보생명,교보상해보험 [D](무배당)[만기환급형(100%)] (월납),특약,(무)재해입원특약Ⅱ,피보험자가 이 특약의 보험기간 중 재해로 인한 직접적인 치료를 목적으로 1일 이상 입원하였을 때,입원일수 1일당 1만원 (1회 입원당 지급일수 120일 한도),"1,000만원",650 원,610 원,2.00 %,비갱신형,TM,2025-03-26,"■필수기재사항 1. 가입나이 : 19 ~ 60세 2. 보험기간 : 20년 3. 보험료 예시기준 : 만기환급형(100%), 보험가입금액 1,000만원, 40세, 20년만기, 20년납, 월납, 비위험직 ■선택기재사항 1. 납입기간 : 5년, 10년, 15년, 20년 2. 납입방법 : 월납 / 연납",1588-1001,보장성_상품비교_20260608162059302.xls,교보생명,교보상해보험 [D](무배당)[만기환급형(100%)],특약,(무)재해입원특약Ⅱ,피보험자가 이 특약의 보험기간 중 재해로 인한 직접적인 치료를 목적으로 1일 이상 입원하였을 때,입원일수 1일당 1만원 (1회 입원당 지급일수 120일 한도),"1,000만원",650  원,610  원,2.00 %,-,-,1028.2 %,991.8 %,-,-,-,-,보험기간(1년 초과),만기환급,비갱신형,비유니버셜,TM,2025-03-26,"■필수기재사항 1. 가입나이 : 19 ~ 60세 2. 보험기간 : 20년 3. 보험료 예시기준 : 만기환급형(100%), 보험가입금액 1,000만원, 40세, 20년만기, 20년납, 월납, 비위험직 ■선택기재사항 1. 납입기간 : 5년, 10년, 15년, 20년 2. 납입방법 : 월납 / 연납",1588-1001,,,,
교보생명,교보상해보험 [D](무배당)[만기환급형(100%)] (월납),특약,(무)교보깁스치료(부목제외)특약,피보험자가 이 특약의 보험기간 중 질병 또는 재해로 “깁스(Cast)치료”를 받았을 경우(발생 1회당),깁스치료 1회당 10만원,"1,000만원",70 원,100 원,2.00 %,비갱신형,TM,2025-03-26,"■필수기재사항 1. 가입나이 : 19 ~ 60세 2. 보험기간 : 20년 3. 보험료 예시기준 : 만기환급형(100%), 보험가입금액 1,000만원, 40세, 20년만기, 20년납, 월납, 비위험직 ■선택기재사항 1. 납입기간 : 5년, 10년, 15년, 20년 2. 납입방법 : 월납 / 연납",1588-1001,보장성_상품비교_20260608162059302.xls,교보생명,교보상해보험 [D](무배당)[만기환급형(100%)],특약,(무)교보깁스치료(부목제외)특약,피보험자가 이 특약의 보험기간 중 질병 또는 재해로 “깁스(Cast)치료”를 받았을 경우(발생 1회당),깁스치료 1회당 10만원,"1,000만원",70  원,100  원,2.00 %,-,-,1028.2 %,991.8 %,-,-,-,-,보험기간(1년 초과),만기환급,비갱신형,비유니버셜,TM,2025-03-26,"■필수기재사항 1. 가입나이 : 19 ~ 60세 2. 보험기간 : 20년 3. 보험료 예시기준 : 만기환급형(100%), 보험가입금액 1,000만원, 40세, 20년만기, 20년납, 월납, 비위험직 ■선택기재사항 1. 납입기간 : 5년, 10년, 15년, 20년 2. 납입방법 : 월납 / 연납",1588-1001,,,,
교보생명,교보상해보험 [D](무배당)[순수보장형] (월납),주계약,재해사망보험금,피보험자가 보험기간 중 발생한 재해로 사망하였을 경우,보험가입금액의 500%,"1,000만원","1,544 원",532 원,2.00 %,비갱신형,TM,2025-03-26,"■필수기재사항 1. 가입나이 : 19 ~ 60세 2. 보험기간 : 20년 3. 보험료 예시기준 : 순수보장형, 보험가입금액 1,000만원, 40세, 20년만기, 20년납, 월납, 비위험직 ■선택기재사항 1. 납입기간 : 5년, 10년, 15년, 20년 2. 납입방법 : 월납 / 연납",1588-1001,보장성_상품비교_20260608162059302.xls,교보생명,교보상해보험 [D](무배당)[순수보장형],주계약,재해사망보험금,피보험자가 보험기간 중 발생한 재해로 사망하였을 경우,보험가입금액의 500%,"1,000만원",1544  원,532  원,2.00 %,-,-,159.7 %,165.3 %,-,-,-,-,보험기간(1년 초과),순수보장,비갱신형,비유니버셜,TM,2025-03-26,"■필수기재사항 1. 가입나이 : 19 ~ 60세 2. 보험기간 : 20년 3. 보험료 예시기준 : 순수보장형, 보험가입금액 1,000만원, 40세, 20년만기, 20년납, 월납, 비위험직 ■선택기재사항 1. 납입기간 : 5년, 10년, 15년, 20년 2. 납입방법 : 월납 / 연납",1588-1001,,,,
교보생명,교보상해보험 [D](무배당)[순수보장형] (월납),특약,(무)교보재해수술특약,피보험자가 이 특약의 보험기간 중 재해를 직접적인 원인으로 수술을 받았을 경우,수술1회당 10만원,"1,000만원",190 원,130 원,2.00 %,비갱신형,TM,2025-03-26,"■필수기재사항 1. 가입나이 : 19 ~ 60세 2. 보험기간 : 20년 3. 보험료 예시기준 : 순수보장형, 보험가입금액 1,000만원, 40세, 20년만기, 20년납, 월납, 비위험직 ■선택기재사항 1. 납입기간 : 5년, 10년, 15년, 20년 2. 납입방법 : 월납 / 연납",1588-1001,보장성_상품비교_20260608162059302.xls,교보생명,교보상해보험 [D](무배당)[순수보장형],특약,(무)교보재해수술특약,피보험자가 이 특약의 보험기간 중 재해를 직접적인 원인으로 수술을 받았을 경우,수술1회당 10만원,"1,000만원",190  원,130  원,2.00 %,-,-,159.7 %,165.3 %,-,-,-,-,보험기간(1년 초과),순수보장,비갱신형,비유니버셜,TM,2025-03-26,"■필수기재사항 1. 가입나이 : 19 ~ 60세 2. 보험기간 : 20년 3. 보험료 예시기준 : 순수보장형, 보험가입금액 1,000만원, 40세, 20년만기, 20년납, 월납, 비위험직 ■선택기재사항 1. 납입기간 : 5년, 10년, 15년, 20년 2. 납입방법 : 월납 / 연납",1588-1001,,,,
교보생명,교보상해보험 [D](무배당)[순수보장형] (월납),특약,(무)재해상해특약(1형),피보험자가 이 특약의 보험기간 중 발생한 재해로 약관 장해분류표에서 정한 각 장해지급률에 해당하는 장해상태가 되었을 경우,특약보험가입금액의100%×해당 장해지급률,"1,000만원",480 원,270 원,2.00 %,비갱신형,TM,2025-03-26,"■필수기재사항 1. 가입나이 : 19 ~ 60세 2. 보험기간 : 20년 3. 보험료 예시기준 : 순수보장형, 보험가입금액 1,000만원, 40세, 20년만기, 20년납, 월납, 비위험직 ■선택기재사항 1. 납입기간 : 5년, 10년, 15년, 20년 2. 납입방법 : 월납 / 연납",1588-1001,보장성_상품비교_20260608162059302.xls,교보생명,교보상해보험 [D](무배당)[순수보장형],특약,(무)재해상해특약(1형),피보험자가 이 특약의 보험기간 중 발생한 재해로 약관 장해분류표에서 정한 각 장해지급률에 해당하는 장해상태가 되었을 경우,특약보험가입금액의100%×해당 장해지급률,"1,000만원",480  원,270  원,2.00 %,-,-,159.7 %,165.3 %,-,-,-,-,보험기간(1년 초과),순수보장,비갱신형,비유니버셜,TM,2025-03-26,"■필수기재사항 1. 가입나이 : 19 ~ 60세 2. 보험기간 : 20년 3. 보험료 예시기준 : 순수보장형, 보험가입금액 1,000만원, 40세, 20년만기, 20년납, 월납, 비위험직 ■선택기재사항 1. 납입기간 : 5년, 10년, 15년, 20년 2. 납입방법 : 월납 / 연납",1588-1001,,,,
교보생명,교보상해보험 [D](무배당)[순수보장형] (월납),특약,(무)재해입원특약Ⅱ,피보험자가 이 특약의 보험기간 중 재해로 인한 직접적인 치료를 목적으로 1일 이상 입원하였을 때,입원일수 1일당 1만원 (1회 입원당 지급일수 120일 한도),"1,000만원",650 원,610 원,2.00 %,비갱신형,TM,2025-03-26,"■필수기재사항 1. 가입나이 : 19 ~ 60세 2. 보험기간 : 20년 3. 보험료 예시기준 : 순수보장형, 보험가입금액 1,000만원, 40세, 20년만기, 20년납, 월납, 비위험직 ■선택기재사항 1. 납입기간 : 5년, 10년, 15년, 20년 2. 납입방법 : 월납 / 연납",1588-1001,보장성_상품비교_20260608162059302.xls,교보생명,교보상해보험 [D](무배당)[순수보장형],특약,(무)재해입원특약Ⅱ,피보험자가 이 특약의 보험기간 중 재해로 인한 직접적인 치료를 목적으로 1일 이상 입원하였을 때,입원일수 1일당 1만원 (1회 입원당 지급일수 120일 한도),"1,000만원",650  원,610  원,2.00 %,-,-,159.7 %,165.3 %,-,-,-,-,보험기간(1년 초과),순수보장,비갱신형,비유니버셜,TM,2025-03-26,"■필수기재사항 1. 가입나이 : 19 ~ 60세 2. 보험기간 : 20년 3. 보험료 예시기준 : 순수보장형, 보험가입금액 1,000만원, 40세, 20년만기, 20년납, 월납, 비위험직 ■선택기재사항 1. 납입기간 : 5년, 10년, 15년, 20년 2. 납입방법 : 월납 / 연납",1588-1001,,,,
교보생명,교보상해보험 [D](무배당)[순수보장형] (월납),특약,(무)교보깁스치료(부목제외)특약,피보험자가 이 특약의 보험기간 중 질병 또는 재해로 “깁스(Cast)치료”를 받았을 경우(발생 1회당),깁스치료1회당10만원,"1,000만원",70 원,100 원,2.00 %,비갱신형,TM,2025-03-26,"■필수기재사항 1. 가입나이 : 19 ~ 60세 2. 보험기간 : 20년 3. 보험료 예시기준 : 순수보장형, 보험가입금액 1,000만원, 40세, 20년만기, 20년납, 월납, 비위험직 ■선택기재사항 1. 납입기간 : 5년, 10년, 15년, 20년 2. 납입방법 : 월납 / 연납",1588-1001,보장성_상품비교_20260608162059302.xls,교보생명,교보상해보험 [D](무배당)[순수보장형],특약,(무)교보깁스치료(부목제외)특약,피보험자가 이 특약의 보험기간 중 질병 또는 재해로 “깁스(Cast)치료”를 받았을 경우(발생 1회당),깁스치료1회당10만원,"1,000만원",70  원,100  원,2.00 %,-,-,159.7 %,165.3 %,-,-,-,-,보험기간(1년 초과),순수보장,비갱신형,비유니버셜,TM,2025-03-26,"■필수기재사항 1. 가입나이 : 19 ~ 60세 2. 보험기간 : 20년 3. 보험료 예시기준 : 순수보장형, 보험가입금액 1,000만원, 40세, 20년만기, 20년납, 월납, 비위험직 ■선택기재사항 1. 납입기간 : 5년, 10년, 15년, 20년 2. 납입방법 : 월납 / 연납",1588-1001,,,,
iM라이프,iM 프리미엄안심보험 무배당 2603 3종(상해보장형) 2형(일반형) (월납),주계약,재해사망보험금,피보험자가 보험기간 중 재해로 사망하였을 때,7억 5천만원,"3,000만원  원","1,645,500 원","722,700 원",2.75 %,비갱신형,대면채널  방카슈랑스,2026-03-03,"1. 가입나이 : 만15세 ~ 최고 75세 2. 보험기간 : 100세/110세만기 3. 납입기간 : 5/7/10/15/20년납 4. 보험료 및 보험가격지수 예시 기준 : 3종(상해보장형), 40세, 100세 만기, 20년납, 월납, 가입금액 3천만원 기준 5. 적용이율: 10년이내 연복리 2.75%, 10년초과 연복리 1.25%",1588-4770,보장성_상품비교_20260608162059302.xls,iM라이프,iM 프리미엄안심보험 무배당 2603 3종(상해보장형) 2형(일반형),주계약,재해사망보험금,피보험자가 보험기간 중 재해로 사망하였을 때,7억 5천만원,"3,000만원  원",1645500  원,"722,700  원",2.75 %,-,-,109.3 %,101.5 %,-,-,-,-,보험기간(1년 초과),순수보장,비갱신형,비유니버셜,대면채널  방카슈랑스,2026-03-03,"1. 가입나이 : 만15세 ~ 최고 75세 2. 보험기간 : 100세/110세만기 3. 납입기간 : 5/7/10/15/20년납 4. 보험료 및 보험가격지수 예시 기준 : 3종(상해보장형), 40세, 100세 만기, 20년납, 월납, 가입금액 3천만원 기준 5. 적용이율: 10년이내 연복리 2.75%, 10년초과 연복리 1.25%",1588-4770,,,,
iM라이프,iM 프리미엄안심보험 무배당 2603 3종(상해보장형) 2형(일반형) (월납),주계약,고도장해보험금,피보험자가 보험기간 중 발생한 동일한 재해 또는 재해 이외의 동일한 원인으로 장해분류표에서 정한 기준에 따른 여러 신체부위의 장해지급률을 더하여 80%이상인 장해상태가 되었을 때(최초 1회에 한함),"9억원(다만, 계약일로부터 1년 미만에 재해 이외의 동일한 원인으로 80%이상인 장해상태가 되었을 때 50% 지급)","3,000만원  원","1,645,500 원","722,700 원",2.75 %,비갱신형,대면채널  방카슈랑스,2026-03-03,"1. 가입나이 : 만15세 ~ 최고 75세 2. 보험기간 : 100세/110세만기 3. 납입기간 : 5/7/10/15/20년납 4. 보험료 및 보험가격지수 예시 기준 : 3종(상해보장형), 40세, 100세 만기, 20년납, 월납, 가입금액 3천만원 기준 5. 적용이율: 10년이내 연복리 2.75%, 10년초과 연복리 1.25%",1588-4770,보장성_상품비교_20260608162059302.xls,iM라이프,iM 프리미엄안심보험 무배당 2603 3종(상해보장형) 2형(일반형),주계약,고도장해보험금,피보험자가 보험기간 중 발생한 동일한 재해 또는 재해 이외의 동일한 원인으로 장해분류표에서 정한 기준에 따른 여러 신체부위의 장해지급률을 더하여 80%이상인 장해상태가 되었을 때(최초 1회에 한함),"9억원(다만, 계약일로부터 1년 미만에 재해 이외의 동일한 원인으로 80%이상인 장해상태가 되었을 때 50% 지급)","3,000만원  원",1645500  원,"722,700  원",2.75 %,-,-,109.3 %,101.5 %,-,-,-,-,보험기간(1년 초과),순수보장,비갱신형,비유니버셜,대면채널  방카슈랑스,2026-03-03,"1. 가입나이 : 만15세 ~ 최고 75세 2. 보험기간 : 100세/110세만기 3. 납입기간 : 5/7/10/15/20년납 4. 보험료 및 보험가격지수 예시 기준 : 3종(상해보장형), 40세, 100세 만기, 20년납, 월납, 가입금액 3천만원 기준 5. 적용이율: 10년이내 연복리 2.75%, 10년초과 연복리 1.25%",1588-4770,,,,
주계약,재해사망보험금 (월납),주계약,재해사망보험금,피보험자가 보험기간 중 재해로 사망하였을 때,7억 5천만원,"3,000만원  원","1,606,500 원","709,200 원",2.75 %,비갱신형,대면채널  방카슈랑스,2026-03-03,"1. 가입나이 : 만15세 ~ 최고 75세 2. 보험기간 : 100세/110세만기 3. 납입기간 : 5/7/10/15/20년납 4. 보험료 및 보험가격지수 예시 기준 : 3종(상해보장형), 40세, 100세 만기, 20년납, 월납, 가입금액 3천만원 기준 5. 적용이율: 10년이내 연복리 2.75%, 10년초과 연복리 1.25%",1588-4770,보장성_상품비교_20260608162059302.xls,iM라이프,iM 프리미엄안심보험 무배당 2603 3종(상해보장형) 1형(해약환급금 일부지급형),주계약,재해사망보험금,피보험자가 보험기간 중 재해로 사망하였을 때,7억 5천만원,"3,000만원  원",1606500  원,"709,200  원",2.75 %,-,-,126.6 %,119.0 %,-,-,-,-,보험기간(1년 초과),무해지/저해지환급,비갱신형,비유니버셜,대면채널  방카슈랑스,2026-03-03,"1. 가입나이 : 만15세 ~ 최고 75세 2. 보험기간 : 100세/110세만기 3. 납입기간 : 5/7/10/15/20년납 4. 보험료 및 보험가격지수 예시 기준 : 3종(상해보장형), 40세, 100세 만기, 20년납, 월납, 가입금액 3천만원 기준 5. 적용이율: 10년이내 연복리 2.75%, 10년초과 연복리 1.25%",1588-4770,,,,
DB생명,(무)백년친구 안심보험(2602)(상해보장형) (월납),주계약,재해사망보험금,피보험자가 보험기간 중 재해로 인하여 사망하였을 때,2억원,"1,000만원","619,600 원","435,000 원",2.75 %,비갱신형,대면채널  방카슈랑스,2026-04-01,"○ 상품형태: 상해보장형 ○ 가입연령 : 15세 ~ 최고75세 ○ 보험기간 : 110세만기 ○ 납입기간 : 5. 7, 10, 15, 20년납 ○ 보험료 예시 기준  가입금액 1,000만원, 40세, 110세만기, 20년납, 월납 ○ 보험가격지수 예시 기준  -.가입금액 3,000만원, 40세, 110세만기, 20년납, 월납 ※기타 자세한 사항은 상품요약서 참조",1588-3131,보장성_상품비교_20260608162059302.xls,DB생명,(무)백년친구 안심보험(2602)(상해보장형),주계약,재해사망보험금,피보험자가 보험기간 중 재해로 인하여 사망하였을 때,2억원,"1,000만원",619600  원,"435,000  원",2.75 %,-,-,69.3 %,64.5 %,-,-,-,-,보험기간(1년 초과),순수보장,비갱신형,비유니버셜,대면채널  방카슈랑스,2026-04-01,"○ 상품형태: 상해보장형 ○ 가입연령 : 15세 ~ 최고75세 ○ 보험기간 : 110세만기 ○ 납입기간 : 5. 7, 10, 15, 20년납 ○ 보험료 예시 기준  가입금액 1,000만원, 40세, 110세만기, 20년납, 월납 ○ 보험가격지수 예시 기준  -.가입금액 3,000만원, 40세, 110세만기, 20년납, 월납 ※기타 자세한 사항은 상품요약서 참조",1588-3131,,,,
DB생명,(무)백년친구 안심보험(2602)(상해보장형) (월납),주계약,고도장해급여금,피보험자가 보험기간 중 「동일한 재해 또는 재해 이외의 동일한 원인」 을 직접적인 원인으로 장해분류표 중 여러 신체부위의 장해지급률을 더하여 80%이상인 장해상태가 되었을 때(최초1회한),"3억원(단, 계약일로부터 1년 미만에 재해 이외의 동일한 원인으로 80%이상인 장해상태가 되었을 때 50% 지급)","1,000만원","619,600 원","435,000 원",2.75 %,비갱신형,대면채널  방카슈랑스,2026-04-01,"○ 상품형태: 상해보장형 ○ 가입연령 : 15세 ~ 최고75세 ○ 보험기간 : 110세만기 ○ 납입기간 : 5. 7, 10, 15, 20년납 ○ 보험료 예시 기준  가입금액 1,000만원, 40세, 110세만기, 20년납, 월납 ○ 보험가격지수 예시 기준  -.가입금액 3,000만원, 40세, 110세만기, 20년납, 월납 ※기타 자세한 사항은 상품요약서 참조",1588-3131,보장성_상품비교_20260608162059302.xls,DB생명,(무)백년친구 안심보험(2602)(상해보장형),주계약,고도장해급여금,피보험자가 보험기간 중 「동일한 재해 또는 재해 이외의 동일한 원인」 을 직접적인 원인으로 장해분류표 중 여러 신체부위의 장해지급률을 더하여 80%이상인 장해상태가 되었을 때(최초1회한),"3억원(단, 계약일로부터 1년 미만에 재해 이외의 동일한 원인으로 80%이상인 장해상태가 되었을 때 50% 지급)","1,000만원",619600  원,"435,000  원",2.75 %,-,-,69.3 %,64.5 %,-,-,-,-,보험기간(1년 초과),순수보장,비갱신형,비유니버셜,대면채널  방카슈랑스,2026-04-01,"○ 상품형태: 상해보장형 ○ 가입연령 : 15세 ~ 최고75세 ○ 보험기간 : 110세만기 ○ 납입기간 : 5. 7, 10, 15, 20년납 ○ 보험료 예시 기준  가입금액 1,000만원, 40세, 110세만기, 20년납, 월납 ○ 보험가격지수 예시 기준  -.가입금액 3,000만원, 40세, 110세만기, 20년납, 월납 ※기타 자세한 사항은 상품요약서 참조",1588-3131,,,,
동양생명,"(무)엔젤안심보험(상해보장형,표준형) (월납)",주계약,고도장해보험금,"피보험자가 보험기간 중 보장개시일 이후 「동일한 재해 또는 재해 이외의 동일한 원인」으로 인하여 장해분류표 중 여러 신체부위의 장해지급률을 더하여 80%이상인 장해상태가 되었을 때 (다만, 최초 1회에 한함)","3억원 (다만, 계약일로부터 1년 미만에 재해 이외의 동일한 원인으로 80%이상인 장해상태가 되었을 때 50%지급)","1,000만원","166,100 원","90,000 원",2.75 %,비갱신형,대면채널  방카슈랑스,2026-04-01,"1. 가입나이 : 만 15세~최대 75세 2. 상품형태 : 치매보장형, 생활비보장형(장해), 상해보장형 / 해약환급금 일부지급형Ⅲ, 표준형 3. 보험기간 : 90·100·110세만기 4. 보험료 예시기준: 상해보장형, 표준형, 보험가입금액 1,000만원, 40세, 90세만기, 20년납, 월납 5. 보험가격지수 예시기준: 상해보장형, 표준형, 보험가입금액 1,000만원, 40세, 90세만기, 20년납, 월납 6. 확정이율 : 10년 이내 2.75%, 10년 초과 2.00%",1577-1004,보장성_상품비교_20260608162059302.xls,동양생명,"(무)엔젤안심보험(상해보장형,표준형)",주계약,고도장해보험금,"피보험자가 보험기간 중 보장개시일 이후 「동일한 재해 또는 재해 이외의 동일한 원인」으로 인하여 장해분류표 중 여러 신체부위의 장해지급률을 더하여 80%이상인 장해상태가 되었을 때 (다만, 최초 1회에 한함)","3억원 (다만, 계약일로부터 1년 미만에 재해 이외의 동일한 원인으로 80%이상인 장해상태가 되었을 때 50%지급)","1,000만원",166100  원,"90,000  원",2.75 %,-,-,95.2 %,89.5 %,-,-,-,-,보험기간(1년 초과),순수보장,비갱신형,비유니버셜,대면채널  방카슈랑스,2026-04-01,"1. 가입나이 : 만 15세~최대 75세 2. 상품형태 : 치매보장형, 생활비보장형(장해), 상해보장형 / 해약환급금 일부지급형Ⅲ, 표준형 3. 보험기간 : 90·100·110세만기 4. 보험료 예시기준: 상해보장형, 표준형, 보험가입금액 1,000만원, 40세, 90세만기, 20년납, 월납 5. 보험가격지수 예시기준: 상해보장형, 표준형, 보험가입금액 1,000만원, 40세, 90세만기, 20년납, 월납 6. 확정이율 : 10년 이내 2.75%, 10년 초과 2.00%",1577-1004,,,,
동양생명,"(무)엔젤안심보험(상해보장형,표준형) (월납)",주계약,재해사망보험금,피보험자가 보험기간 중 재해를 직접적인 원인으로 사망하였을 때,2억원,"1,000만원","166,100 원","90,000 원",2.75 %,비갱신형,대면채널  방카슈랑스,2026-04-01,"1. 가입나이 : 만 15세~최대 75세 2. 상품형태 : 치매보장형, 생활비보장형(장해), 상해보장형 / 해약환급금 일부지급형Ⅲ, 표준형 3. 보험기간 : 90·100·110세만기 4. 보험료 예시기준: 상해보장형, 표준형, 보험가입금액 1,000만원, 40세, 90세만기, 20년납, 월납 5. 보험가격지수 예시기준: 상해보장형, 표준형, 보험가입금액 1,000만원, 40세, 90세만기, 20년납, 월납 6. 확정이율 : 10년 이내 2.75%, 10년 초과 2.00%",1577-1004,보장성_상품비교_20260608162059302.xls,동양생명,"(무)엔젤안심보험(상해보장형,표준형)",주계약,재해사망보험금,피보험자가 보험기간 중 재해를 직접적인 원인으로 사망하였을 때,2억원,"1,000만원",166100  원,"90,000  원",2.75 %,-,-,95.2 %,89.5 %,-,-,-,-,보험기간(1년 초과),순수보장,비갱신형,비유니버셜,대면채널  방카슈랑스,2026-04-01,"1. 가입나이 : 만 15세~최대 75세 2. 상품형태 : 치매보장형, 생활비보장형(장해), 상해보장형 / 해약환급금 일부지급형Ⅲ, 표준형 3. 보험기간 : 90·100·110세만기 4. 보험료 예시기준: 상해보장형, 표준형, 보험가입금액 1,000만원, 40세, 90세만기, 20년납, 월납 5. 보험가격지수 예시기준: 상해보장형, 표준형, 보험가입금액 1,000만원, 40세, 90세만기, 20년납, 월납 6. 확정이율 : 10년 이내 2.75%, 10년 초과 2.00%",1577-1004,,,,
주계약,재해사망보험금 (월납),주계약,재해사망보험금,피보험자가 보험기간 중 재해를 직접적인 원인으로 사망하였을 때,2억원,"1,000만원","163,400 원","89,000 원",2.75 %,비갱신형,대면채널  방카슈랑스,2026-04-01,"1. 가입나이 : 만 15세~최대 75세 2. 상품형태 : 치매보장형, 생활비보장형(장해), 상해보장형 / 해약환급금 일부지급형Ⅲ, 표준형 3. 보험기간 : 90·100·110세만기 4. 보험료 예시기준: 상해보장형, 해약환급금 일부지급형Ⅲ, 보험가입금액 1,000만원, 40세, 90세만기, 20년납, 월납 5. 보험가격지수 예시기준: 상해보장형, 해약환급금 일부지급형Ⅲ, 보험가입금액 1,000만원, 40세, 90세만기, 20년납, 월납 6. 확정이율 : 10년 이내 2.75%, 10년 초과 2.00%",1577-1004,보장성_상품비교_20260608162059302.xls,동양생명,"(무)엔젤안심보험(상해보장형,해약환급금 일부지급형Ⅲ)",주계약,재해사망보험금,피보험자가 보험기간 중 재해를 직접적인 원인으로 사망하였을 때,2억원,"1,000만원",163400  원,"89,000  원",2.75 %,-,-,97.7 %,92.6 %,-,-,-,-,보험기간(1년 초과),무해지/저해지환급,비갱신형,비유니버셜,대면채널  방카슈랑스,2026-04-01,"1. 가입나이 : 만 15세~최대 75세 2. 상품형태 : 치매보장형, 생활비보장형(장해), 상해보장형 / 해약환급금 일부지급형Ⅲ, 표준형 3. 보험기간 : 90·100·110세만기 4. 보험료 예시기준: 상해보장형, 해약환급금 일부지급형Ⅲ, 보험가입금액 1,000만원, 40세, 90세만기, 20년납, 월납 5. 보험가격지수 예시기준: 상해보장형, 해약환급금 일부지급형Ⅲ, 보험가입금액 1,000만원, 40세, 90세만기, 20년납, 월납 6. 확정이율 : 10년 이내 2.75%, 10년 초과 2.00%",1577-1004,,,,
동양생명,(무)엔젤플러스안심보험(상해보장형) (월납),주계약,고도장해보험금,"피보험자가 보험기간 중 보장개시일 이후 「동일한 재해 또는 재해 이외의 동일한 원인」으로 인하여 장해분류표 중 여러 신체부위의 장해지급률을 더하여 80%이상인 장해상태가 되었을 때 (다만, 최초 1 회에 한함)","3 억원 (다만, 계약일로부터 1 년 미만에 재해 이외의 동일한 원인으로 80%이상인 장해상태가 되었을 때 50%지급)","1,000만원  원","579,600 원","413,700 원",2.90 %,비갱신형,대면채널  방카슈랑스,2026-04-01,"1. 가입나이 : 15세~최대 75세 2. 상품형태 : 생활비보장형(장해), 상해보장형 3. 보험기간 : 110세만기 4. 보험료 예시기준: 상해보장형, 보험가입금액 1,000만원, 40 세, 90세만기, 20년납, 월납 5. 보험가격지수 예시기준: 상해보장형, 보험가입금액 1,000만원, 40 세, 90세만기, 20년납, 월납 6. 확정이율: 7년 이내 2.90%, 7년 초과 2.00%",1577-1004,보장성_상품비교_20260608162059302.xls,동양생명,(무)엔젤플러스안심보험(상해보장형),주계약,고도장해보험금,"피보험자가 보험기간 중 보장개시일 이후 「동일한 재해 또는 재해 이외의 동일한 원인」으로 인하여 장해분류표 중 여러 신체부위의 장해지급률을 더하여 80%이상인 장해상태가 되었을 때 (다만, 최초 1 회에 한함)","3 억원 (다만, 계약일로부터 1 년 미만에 재해 이외의 동일한 원인으로 80%이상인 장해상태가 되었을 때 50%지급)","1,000만원  원",579600  원,"413,700  원",2.90 %,-,-,87.4 %,85.2 %,-,-,-,-,보험기간(1년 초과),순수보장,비갱신형,비유니버셜,대면채널  방카슈랑스,2026-04-01,"1. 가입나이 : 15세~최대 75세 2. 상품형태 : 생활비보장형(장해), 상해보장형 3. 보험기간 : 110세만기 4. 보험료 예시기준: 상해보장형, 보험가입금액 1,000만원, 40 세, 90세만기, 20년납, 월납 5. 보험가격지수 예시기준: 상해보장형, 보험가입금액 1,000만원, 40 세, 90세만기, 20년납, 월납 6. 확정이율: 7년 이내 2.90%, 7년 초과 2.00%",1577-1004,,,,
동양생명,(무)엔젤플러스안심보험(상해보장형) (월납),주계약,재해사망보험금,피보험자가 보험기간 중 재해를 직접적인 원인으로 사망하였을 때,2 억원,"1,000만원  원","579,600 원","413,700 원",2.90 %,비갱신형,대면채널  방카슈랑스,2026-04-01,"1. 가입나이 : 15세~최대 75세 2. 상품형태 : 생활비보장형(장해), 상해보장형 3. 보험기간 : 110세만기 4. 보험료 예시기준: 상해보장형, 보험가입금액 1,000만원, 40 세, 90세만기, 20년납, 월납 5. 보험가격지수 예시기준: 상해보장형, 보험가입금액 1,000만원, 40 세, 90세만기, 20년납, 월납 6. 확정이율: 7년 이내 2.90%, 7년 초과 2.00%",1577-1004,보장성_상품비교_20260608162059302.xls,동양생명,(무)엔젤플러스안심보험(상해보장형),주계약,재해사망보험금,피보험자가 보험기간 중 재해를 직접적인 원인으로 사망하였을 때,2 억원,"1,000만원  원",579600  원,"413,700  원",2.90 %,-,-,87.4 %,85.2 %,-,-,-,-,보험기간(1년 초과),순수보장,비갱신형,비유니버셜,대면채널  방카슈랑스,2026-04-01,"1. 가입나이 : 15세~최대 75세 2. 상품형태 : 생활비보장형(장해), 상해보장형 3. 보험기간 : 110세만기 4. 보험료 예시기준: 상해보장형, 보험가입금액 1,000만원, 40 세, 90세만기, 20년납, 월납 5. 보험가격지수 예시기준: 상해보장형, 보험가입금액 1,000만원, 40 세, 90세만기, 20년납, 월납 6. 확정이율: 7년 이내 2.90%, 7년 초과 2.00%",1577-1004,,,,
동양생명,(무)우리WON하는미니상해보험 (월납),주계약,재해골절치료비,피보험자가 보험기간 중 발생한 재해를 직접적인 원인으로 재해골절(치아파절 제외) 상태가 되었을 때(발생1회당),10만원,10만원,"3,660 원","3,450 원",2.90 %,비갱신형,대면채널  CM,2026-01-01,"1. 가입나이: 20세~70세 2. 보험기간: 1년만기 3. 상품형태: - 4. 보험료 예시기준: 보험가입금액 10만원, 40세, 1년만기, 일시납 5. 보험가격지수 예시 기준: 보험가입금액 10만원, 40세, 1년만기, 일시납",1577-1004,보장성_상품비교_20260608162059302.xls,동양생명,(무)우리WON하는미니상해보험,주계약,재해골절치료비,피보험자가 보험기간 중 발생한 재해를 직접적인 원인으로 재해골절(치아파절 제외) 상태가 되었을 때(발생1회당),10만원,10만원,3660  원,"3,450  원",2.90 %,-,-,77.4 %,71.3 %,-,-,-,-,보험기간(1년 이하),순수보장,비갱신형,비유니버셜,대면채널  CM,2026-01-01,"1. 가입나이: 20세~70세 2. 보험기간: 1년만기 3. 상품형태: - 4. 보험료 예시기준: 보험가입금액 10만원, 40세, 1년만기, 일시납 5. 보험가격지수 예시 기준: 보험가입금액 10만원, 40세, 1년만기, 일시납",1577-1004,,,,
동양생명,(무)우리WON하는미니상해보험 (월납),주계약,깁스치료비,피보험자가 보험기간 중 치료를 직접적인 목적으로 깁스(Cast) 치료를 받았을 때(깁스치료 1회당),10만원,10만원,"3,660 원","3,450 원",2.90 %,비갱신형,대면채널  CM,2026-01-01,"1. 가입나이: 20세~70세 2. 보험기간: 1년만기 3. 상품형태: - 4. 보험료 예시기준: 보험가입금액 10만원, 40세, 1년만기, 일시납 5. 보험가격지수 예시 기준: 보험가입금액 10만원, 40세, 1년만기, 일시납",1577-1004,보장성_상품비교_20260608162059302.xls,동양생명,(무)우리WON하는미니상해보험,주계약,깁스치료비,피보험자가 보험기간 중 치료를 직접적인 목적으로 깁스(Cast) 치료를 받았을 때(깁스치료 1회당),10만원,10만원,3660  원,"3,450  원",2.90 %,-,-,77.4 %,71.3 %,-,-,-,-,보험기간(1년 이하),순수보장,비갱신형,비유니버셜,대면채널  CM,2026-01-01,"1. 가입나이: 20세~70세 2. 보험기간: 1년만기 3. 상품형태: - 4. 보험료 예시기준: 보험가입금액 10만원, 40세, 1년만기, 일시납 5. 보험가격지수 예시 기준: 보험가입금액 10만원, 40세, 1년만기, 일시납",1577-1004,,,,
동양생명,(무)우리WON하는mini교통재해보험 (월납),주계약,교통재해응급실내원진료비(응급),"피보험자가 보험기간 중 발생한 ""교통재해""를 직접적인 원인으로 ""응급환자""로 응급실에 내원하여 진료를 받았을 때 (내원 1회당)",10만원,"1,000만원","2,980 원","1,340 원",2.90 %,비갱신형,대면채널  CM,2026-01-01,"1. 가입나이: 20세~70세 2. 보험기간: 1년만기 3. 상품형태: - 4. 보험료 예시기준: 보험가입금액 1,000만원, 40세, 1년만기, 일시납 5. 보험가격지수 예시 기준: 보험가입금액 1,000만원, 40세, 1년만기, 일시납",1577-1004,보장성_상품비교_20260608162059302.xls,동양생명,(무)우리WON하는mini교통재해보험,주계약,교통재해응급실내원진료비(응급),"피보험자가 보험기간 중 발생한 ""교통재해""를 직접적인 원인으로 ""응급환자""로 응급실에 내원하여 진료를 받았을 때 (내원 1회당)",10만원,"1,000만원",2980  원,"1,340  원",2.90 %,-,-,77.1 %,71.3 %,-,-,-,-,보험기간(1년 이하),순수보장,비갱신형,비유니버셜,대면채널  CM,2026-01-01,"1. 가입나이: 20세~70세 2. 보험기간: 1년만기 3. 상품형태: - 4. 보험료 예시기준: 보험가입금액 1,000만원, 40세, 1년만기, 일시납 5. 보험가격지수 예시 기준: 보험가입금액 1,000만원, 40세, 1년만기, 일시납",1577-1004,,,,
동양생명,(무)우리WON하는mini교통재해보험 (월납),주계약,교통재해골절(치아파절포함)치료비,"피보험자가 보험기간 중 발생한 ""교통재해""를 직접적인 원인으로 ""재해골절(치아파절포함)""로 진단확정 되었을 때 (발생 1회당)",10만원,"1,000만원","2,980 원","1,340 원",2.90 %,비갱신형,대면채널  CM,2026-01-01,"1. 가입나이: 20세~70세 2. 보험기간: 1년만기 3. 상품형태: - 4. 보험료 예시기준: 보험가입금액 1,000만원, 40세, 1년만기, 일시납 5. 보험가격지수 예시 기준: 보험가입금액 1,000만원, 40세, 1년만기, 일시납",1577-1004,보장성_상품비교_20260608162059302.xls,동양생명,(무)우리WON하는mini교통재해보험,주계약,교통재해골절(치아파절포함)치료비,"피보험자가 보험기간 중 발생한 ""교통재해""를 직접적인 원인으로 ""재해골절(치아파절포함)""로 진단확정 되었을 때 (발생 1회당)",10만원,"1,000만원",2980  원,"1,340  원",2.90 %,-,-,77.1 %,71.3 %,-,-,-,-,보험기간(1년 이하),순수보장,비갱신형,비유니버셜,대면채널  CM,2026-01-01,"1. 가입나이: 20세~70세 2. 보험기간: 1년만기 3. 상품형태: - 4. 보험료 예시기준: 보험가입금액 1,000만원, 40세, 1년만기, 일시납 5. 보험가격지수 예시 기준: 보험가입금액 1,000만원, 40세, 1년만기, 일시납",1577-1004,,,,
동양생명,(무)우리WON하는mini교통재해보험 (월납),주계약,교통사고중상치료비,"피보험자가 보험기간 중 발생한 ""교통사고""를 직접적인 원인으로 ""교통사고중상"" 상태가 되었을 때 (발생 1회당)",100만원,"1,000만원","2,980 원","1,340 원",2.90 %,비갱신형,대면채널  CM,2026-01-01,"1. 가입나이: 20세~70세 2. 보험기간: 1년만기 3. 상품형태: - 4. 보험료 예시기준: 보험가입금액 1,000만원, 40세, 1년만기, 일시납 5. 보험가격지수 예시 기준: 보험가입금액 1,000만원, 40세, 1년만기, 일시납",1577-1004,보장성_상품비교_20260608162059302.xls,동양생명,(무)우리WON하는mini교통재해보험,주계약,교통사고중상치료비,"피보험자가 보험기간 중 발생한 ""교통사고""를 직접적인 원인으로 ""교통사고중상"" 상태가 되었을 때 (발생 1회당)",100만원,"1,000만원",2980  원,"1,340  원",2.90 %,-,-,77.1 %,71.3 %,-,-,-,-,보험기간(1년 이하),순수보장,비갱신형,비유니버셜,대면채널  CM,2026-01-01,"1. 가입나이: 20세~70세 2. 보험기간: 1년만기 3. 상품형태: - 4. 보험료 예시기준: 보험가입금액 1,000만원, 40세, 1년만기, 일시납 5. 보험가격지수 예시 기준: 보험가입금액 1,000만원, 40세, 1년만기, 일시납",1577-1004,,,,
동양생명,(무)엔젤상해보험 (월납),주계약,만기보험금,피보험자가 보험기간이 끝날 때까지 살아있을 때,이미 납입한 보험료의 100%,"5,000만원","45,000 원","22,000 원",3.00 %,비갱신형,대면채널  방카슈랑스,2024-04-01,"1. 가입나이: 만15세~70세 2. 보험기간: 3·5·7·10·15·20년만기 3. 납입주기: 월납, 3개월납, 6개월납, 연납 4. 보험료 예시기준: 기본형, 가입금액 5,000만원, 40세, 비위험, 20년만기, 15년납, 월납 5. 보험가격지수 예시기준: 기본형, 가입금액 3,000만원, 40세, 비위험, 20년만기, 15년납, 월납",1577-1004,보장성_상품비교_20260608162059302.xls,동양생명,(무)엔젤상해보험,주계약,만기보험금,피보험자가 보험기간이 끝날 때까지 살아있을 때,이미 납입한 보험료의 100%,"5,000만원",45000  원,"22,000  원",3.00 %,-,-,108.3 %,95.8 %,-,-,-,-,보험기간(1년 초과),만기환급,비갱신형,비유니버셜,대면채널  방카슈랑스,2024-04-01,"1. 가입나이: 만15세~70세 2. 보험기간: 3·5·7·10·15·20년만기 3. 납입주기: 월납, 3개월납, 6개월납, 연납 4. 보험료 예시기준: 기본형, 가입금액 5,000만원, 40세, 비위험, 20년만기, 15년납, 월납 5. 보험가격지수 예시기준: 기본형, 가입금액 3,000만원, 40세, 비위험, 20년만기, 15년납, 월납",1577-1004,,,,
동양생명,(무)엔젤상해보험 (월납),주계약,재해사망보험금,재해로 인하여 사망하였을 때,2억원 + 사망 당시 이미 납입한 보험료,"5,000만원","45,000 원","22,000 원",3.00 %,비갱신형,대면채널  방카슈랑스,2024-04-01,"1. 가입나이: 만15세~70세 2. 보험기간: 3·5·7·10·15·20년만기 3. 납입주기: 월납, 3개월납, 6개월납, 연납 4. 보험료 예시기준: 기본형, 가입금액 5,000만원, 40세, 비위험, 20년만기, 15년납, 월납 5. 보험가격지수 예시기준: 기본형, 가입금액 3,000만원, 40세, 비위험, 20년만기, 15년납, 월납",1577-1004,보장성_상품비교_20260608162059302.xls,동양생명,(무)엔젤상해보험,주계약,재해사망보험금,재해로 인하여 사망하였을 때,2억원 + 사망 당시 이미 납입한 보험료,"5,000만원",45000  원,"22,000  원",3.00 %,-,-,108.3 %,95.8 %,-,-,-,-,보험기간(1년 초과),만기환급,비갱신형,비유니버셜,대면채널  방카슈랑스,2024-04-01,"1. 가입나이: 만15세~70세 2. 보험기간: 3·5·7·10·15·20년만기 3. 납입주기: 월납, 3개월납, 6개월납, 연납 4. 보험료 예시기준: 기본형, 가입금액 5,000만원, 40세, 비위험, 20년만기, 15년납, 월납 5. 보험가격지수 예시기준: 기본형, 가입금액 3,000만원, 40세, 비위험, 20년만기, 15년납, 월납",1577-1004,,,,
동양생명,(무)엔젤상해보험 (월납),주계약,재해장해보험금,보장개시일 이후 발생한 동일한 재해로 장해분류표에서 정한 각 장해지급률에 해당하는 장해상태가 되었을 때,"4,000만원 + 해당장해지급률","5,000만원","45,000 원","22,000 원",3.00 %,비갱신형,대면채널  방카슈랑스,2024-04-01,"1. 가입나이: 만15세~70세 2. 보험기간: 3·5·7·10·15·20년만기 3. 납입주기: 월납, 3개월납, 6개월납, 연납 4. 보험료 예시기준: 기본형, 가입금액 5,000만원, 40세, 비위험, 20년만기, 15년납, 월납 5. 보험가격지수 예시기준: 기본형, 가입금액 3,000만원, 40세, 비위험, 20년만기, 15년납, 월납",1577-1004,보장성_상품비교_20260608162059302.xls,동양생명,(무)엔젤상해보험,주계약,재해장해보험금,보장개시일 이후 발생한 동일한 재해로 장해분류표에서 정한 각 장해지급률에 해당하는 장해상태가 되었을 때,"4,000만원 + 해당장해지급률","5,000만원",45000  원,"22,000  원",3.00 %,-,-,108.3 %,95.8 %,-,-,-,-,보험기간(1년 초과),만기환급,비갱신형,비유니버셜,대면채널  방카슈랑스,2024-04-01,"1. 가입나이: 만15세~70세 2. 보험기간: 3·5·7·10·15·20년만기 3. 납입주기: 월납, 3개월납, 6개월납, 연납 4. 보험료 예시기준: 기본형, 가입금액 5,000만원, 40세, 비위험, 20년만기, 15년납, 월납 5. 보험가격지수 예시기준: 기본형, 가입금액 3,000만원, 40세, 비위험, 20년만기, 15년납, 월납",1577-1004,,,,
메트라이프생명,무배당 메트라이프 mini 재해보험 (월납),주계약,재해사망보험금,보험 기간 중 별표 3 (재해분류표)에서 정하는 재해 (이하 “재해”라 합니다)를 직접적인 원인으로 하여 사망하였을 때,"1,000만원","1,000만원","4,900 원","3,000 원",2.30 %,비갱신형,CM,2024-04-01,"1. 가입연령 : 20세 ~ 70세 2. 보험기간 및 납입기간 : 1년 만기 및 일시납 3. 보험가입금액 : 1,000만원 4. 보험가격지수 예시 기준 : 1년만기, 일시납, 가입금액 1,000만원, 40세 5. 보험료 예시 기준 : 가입금액 1,000만원, 40세 남/여, 1년만기, 일시납",1588-9600,보장성_상품비교_20260608162059302.xls,메트라이프생명,무배당 메트라이프 mini 재해보험,주계약,재해사망보험금,보험 기간 중 별표 3 (재해분류표)에서 정하는 재해 (이하 “재해”라 합니다)를 직접적인 원인으로 하여 사망하였을 때,"1,000만원","1,000만원",4900  원,"3,000  원",2.30 %,-,-,89.5 %,104.3 %,-,-,-,-,보험기간(1년 이하),순수보장,비갱신형,비유니버셜,CM,2024-04-01,"1. 가입연령 : 20세 ~ 70세 2. 보험기간 및 납입기간 : 1년 만기 및 일시납 3. 보험가입금액 : 1,000만원 4. 보험가격지수 예시 기준 : 1년만기, 일시납, 가입금액 1,000만원, 40세 5. 보험료 예시 기준 : 가입금액 1,000만원, 40세 남/여, 1년만기, 일시납",1588-9600,,,,
메트라이프생명,무배당 메트라이프 mini 재해보험 (월납),주계약,재해골절진단보험금,"보험기간 중 재해로 인하여 골절 (치아파절 제외) 로 진단 확정 되었을 때 (다만, 동일한 재해로 2 가지 이상의 골절(복합골절)시 1 회만 지급함)",재해골절 발생 1 회당 10 만원 (보험가입금액의 1 %),"1,000만원","4,900 원","3,000 원",2.30 %,비갱신형,CM,2024-04-01,"1. 가입연령 : 20세 ~ 70세 2. 보험기간 및 납입기간 : 1년 만기 및 일시납 3. 보험가입금액 : 1,000만원 4. 보험가격지수 예시 기준 : 1년만기, 일시납, 가입금액 1,000만원, 40세 5. 보험료 예시 기준 : 가입금액 1,000만원, 40세 남/여, 1년만기, 일시납",1588-9600,보장성_상품비교_20260608162059302.xls,메트라이프생명,무배당 메트라이프 mini 재해보험,주계약,재해골절진단보험금,"보험기간 중 재해로 인하여 골절 (치아파절 제외) 로 진단 확정 되었을 때 (다만, 동일한 재해로 2 가지 이상의 골절(복합골절)시 1 회만 지급함)",재해골절 발생 1 회당 10 만원 (보험가입금액의 1 %),"1,000만원",4900  원,"3,000  원",2.30 %,-,-,89.5 %,104.3 %,-,-,-,-,보험기간(1년 이하),순수보장,비갱신형,비유니버셜,CM,2024-04-01,"1. 가입연령 : 20세 ~ 70세 2. 보험기간 및 납입기간 : 1년 만기 및 일시납 3. 보험가입금액 : 1,000만원 4. 보험가격지수 예시 기준 : 1년만기, 일시납, 가입금액 1,000만원, 40세 5. 보험료 예시 기준 : 가입금액 1,000만원, 40세 남/여, 1년만기, 일시납",1588-9600,,,,
메트라이프생명,무배당 메트라이프 교통재해사망보험 (월납),주계약,교통재해사망보험금,보험 기간 중 별표 3 (교통재해사고)에서 정하는 교통재해 (이하 “교통재해”라 합니다)를 직접적인 원인으로 하여 사망하였을 때,"1,000만원","1,000만원","1,100 원",600 원,2.30 %,비갱신형,CM,2024-04-01,"1. 가입연령 : 20세 ~ 70세 2. 보험기간 및 납입기간 : 1년 만기 및 일시납 3. 보험가입금액 : 1,000만원 4. 보험가격지수 예시 기준 : 1년만기, 일시납, 가입금액 1,000만원, 40세 5. 보험료 예시 기준 : 가입금액 1,000만원, 40세 남/여, 1년만기, 일시납",1588-9600,보장성_상품비교_20260608162059302.xls,메트라이프생명,무배당 메트라이프 교통재해사망보험,주계약,교통재해사망보험금,보험 기간 중 별표 3 (교통재해사고)에서 정하는 교통재해 (이하 “교통재해”라 합니다)를 직접적인 원인으로 하여 사망하였을 때,"1,000만원","1,000만원",1100  원,600  원,2.30 %,-,-,140.6 %,354.6 %,-,-,-,-,보험기간(1년 이하),순수보장,비갱신형,비유니버셜,CM,2024-04-01,"1. 가입연령 : 20세 ~ 70세 2. 보험기간 및 납입기간 : 1년 만기 및 일시납 3. 보험가입금액 : 1,000만원 4. 보험가격지수 예시 기준 : 1년만기, 일시납, 가입금액 1,000만원, 40세 5. 보험료 예시 기준 : 가입금액 1,000만원, 40세 남/여, 1년만기, 일시납",1588-9600,,,,
메트라이프생명,무배당 뼈 미니 재해골절보험 (월납),주계약,재해골절진단보험금,"보험기간 중 재해로 인하여 골절 (치아파절 제외) 로 진단 확정 되었을 때 (다만, 동일한 재해로 2 가지 이상의 골절(복합골절)시 1 회만 지급함)",재해골절 발생 1 회당 10 만원 (보험가입금액의 1 %),"1,000만원","3,700 원","2,600 원",2.30 %,비갱신형,CM,2025-04-01,"1. 가입연령 : 20세 ~ 70세 2. 보험기간 및 납입기간 : 1년 만기 및 일시납 3. 보험가입금액 : 1,000만원 4. 보험가격지수 예시 기준 : 1년만기, 일시납, 가입금액 1,000만원, 40세 5. 보험료 예시 기준 : 가입금액 1,000만원, 40세 남/여, 1년만기, 일시납",1588-9600,보장성_상품비교_20260608162059302.xls,메트라이프생명,무배당 뼈 미니 재해골절보험,주계약,재해골절진단보험금,"보험기간 중 재해로 인하여 골절 (치아파절 제외) 로 진단 확정 되었을 때 (다만, 동일한 재해로 2 가지 이상의 골절(복합골절)시 1 회만 지급함)",재해골절 발생 1 회당 10 만원 (보험가입금액의 1 %),"1,000만원",3700  원,"2,600  원",2.30 %,-,-,102.8 %,109.8 %,-,-,-,-,보험기간(1년 이하),순수보장,비갱신형,비유니버셜,CM,2025-04-01,"1. 가입연령 : 20세 ~ 70세 2. 보험기간 및 납입기간 : 1년 만기 및 일시납 3. 보험가입금액 : 1,000만원 4. 보험가격지수 예시 기준 : 1년만기, 일시납, 가입금액 1,000만원, 40세 5. 보험료 예시 기준 : 가입금액 1,000만원, 40세 남/여, 1년만기, 일시납",1588-9600,,,,
메트라이프생명,무배당 뼈대있는깁스보험 (월납),주계약,깁스치료비,피보험자가 보험기간 중 재해 또는 질병으로 깁스치료를 받았을 때,1만원 (발생 1회당),1만원,770 원,770 원,2.30 %,비갱신형,CM,2025-04-01,"1. 가입연령 : 20세 ~ 70세 2. 보험기간 및 납입기간 : 1년 만기 및 일시납 3. 보험가입금액 : 1만원 4. 보험가격지수 예시 기준 : 1년만기, 일시납, 가입금액 1만원, 40세 5. 보험료 예시 기준 : 가입금액 1만원, 40세 남/여, 1년만기, 일시납",1588-9600,보장성_상품비교_20260608162059302.xls,메트라이프생명,무배당 뼈대있는깁스보험,주계약,깁스치료비,피보험자가 보험기간 중 재해 또는 질병으로 깁스치료를 받았을 때,1만원 (발생 1회당),1만원,770  원,770  원,2.30 %,-,-,136.3 %,126.1 %,-,-,-,-,보험기간(1년 이하),순수보장,비갱신형,비유니버셜,CM,2025-04-01,"1. 가입연령 : 20세 ~ 70세 2. 보험기간 및 납입기간 : 1년 만기 및 일시납 3. 보험가입금액 : 1만원 4. 보험가격지수 예시 기준 : 1년만기, 일시납, 가입금액 1만원, 40세 5. 보험료 예시 기준 : 가입금액 1만원, 40세 남/여, 1년만기, 일시납",1588-9600,,,,
KB라이프생명,KB 지켜주는 교통안심보험 무배당 (월납),주계약,교통재해사망보험금,피보험자가 보험기간 중 “교통사고”로 인하여 사망하였 을 때,"1,000만원","1,000만원","6,110 원","2,460 원",2.70 %,비갱신형,CM,2025-09-01,"1. 가입나이 : 만19세 ~ 64세 2. 보험기간 : 1년만기, 3년만기 3. 납입기간 : 일시납 5. 보험료 기준 : 40세, 3년만기, 일시납, 가입금액 1,000만원 6. 보험가격지수 기준 : 40세, 3년만기, 일시납, 가입금액 1,000만원",1588-3374,보장성_상품비교_20260608162059302.xls,KB라이프생명,KB 지켜주는 교통안심보험 무배당,주계약,교통재해사망보험금,피보험자가 보험기간 중 “교통사고”로 인하여 사망하였 을 때,"1,000만원","1,000만원",6110  원,"2,460  원",2.70 %,-,-,115.9 %,106.9 %,-,-,-,-,보험기간(1년 초과),순수보장,비갱신형,비유니버셜,CM,2025-09-01,"1. 가입나이 : 만19세 ~ 64세 2. 보험기간 : 1년만기, 3년만기 3. 납입기간 : 일시납 5. 보험료 기준 : 40세, 3년만기, 일시납, 가입금액 1,000만원 6. 보험가격지수 기준 : 40세, 3년만기, 일시납, 가입금액 1,000만원",1588-3374,,,,
KB라이프생명,KB 지켜주는 교통안심보험 무배당 (월납),주계약,교통재해장해급여금,피보험자가 보험기간 중 “교통사고”로 인하여 장해분류 표(약관 별표2 참조)에서 정한 각 장해지급률 중 3%이 상 100%이하에 해당하는 장해상태가 되었을 때,500만원× 해당 장해지급률,"1,000만원","6,110 원","2,460 원",2.70 %,비갱신형,CM,2025-09-01,"1. 가입나이 : 만19세 ~ 64세 2. 보험기간 : 1년만기, 3년만기 3. 납입기간 : 일시납 5. 보험료 기준 : 40세, 3년만기, 일시납, 가입금액 1,000만원 6. 보험가격지수 기준 : 40세, 3년만기, 일시납, 가입금액 1,000만원",1588-3374,보장성_상품비교_20260608162059302.xls,KB라이프생명,KB 지켜주는 교통안심보험 무배당,주계약,교통재해장해급여금,피보험자가 보험기간 중 “교통사고”로 인하여 장해분류 표(약관 별표2 참조)에서 정한 각 장해지급률 중 3%이 상 100%이하에 해당하는 장해상태가 되었을 때,500만원× 해당 장해지급률,"1,000만원",6110  원,"2,460  원",2.70 %,-,-,115.9 %,106.9 %,-,-,-,-,보험기간(1년 초과),순수보장,비갱신형,비유니버셜,CM,2025-09-01,"1. 가입나이 : 만19세 ~ 64세 2. 보험기간 : 1년만기, 3년만기 3. 납입기간 : 일시납 5. 보험료 기준 : 40세, 3년만기, 일시납, 가입금액 1,000만원 6. 보험가격지수 기준 : 40세, 3년만기, 일시납, 가입금액 1,000만원",1588-3374,,,,
KB라이프생명,KB 지켜주는 대중교통안심보험 무배당 (월납),주계약,대중교통재해사망보험금,피보험자가 보험기간 중 “대중교통 이용 중 교통사고”로 인하여 사망하였을 때,"5,000만원","5,000만원","1,200 원",500 원,2.70 %,비갱신형,CM,2025-09-01,"1. 가입나이 : 만19세 ~ 64세 2. 보험기간 : 1년만기, 3년만기 3. 납입기간 : 일시납 5. 보험료 기준 : 40세, 3년만기, 일시납, 가입금액 5,000만원 6. 보험가격지수 기준 : 40세, 3년만기, 일시납, 가입금액 5,000만원",1588-3374,보장성_상품비교_20260608162059302.xls,KB라이프생명,KB 지켜주는 대중교통안심보험 무배당,주계약,대중교통재해사망보험금,피보험자가 보험기간 중 “대중교통 이용 중 교통사고”로 인하여 사망하였을 때,"5,000만원","5,000만원",1200  원,500  원,2.70 %,-,-,118.0 %,118.2 %,-,-,-,-,보험기간(1년 초과),순수보장,비갱신형,비유니버셜,CM,2025-09-01,"1. 가입나이 : 만19세 ~ 64세 2. 보험기간 : 1년만기, 3년만기 3. 납입기간 : 일시납 5. 보험료 기준 : 40세, 3년만기, 일시납, 가입금액 5,000만원 6. 보험가격지수 기준 : 40세, 3년만기, 일시납, 가입금액 5,000만원",1588-3374,,,,
KB라이프생명,KB 지켜주는 대중교통안심보험 무배당 (월납),주계약,대중교통재해장해급여금,피보험자가 보험기간 중 “대중교통 이용 중 교통사고”로 인하여 장해분류표(약관 별표2 참조)에서 정한 각 장해 지급률 중 3%이상 100%이하에 해당하는 장해상태가 되었을 때,"1,500만원× 해당 장해지급률","5,000만원","1,200 원",500 원,2.70 %,비갱신형,CM,2025-09-01,"1. 가입나이 : 만19세 ~ 64세 2. 보험기간 : 1년만기, 3년만기 3. 납입기간 : 일시납 5. 보험료 기준 : 40세, 3년만기, 일시납, 가입금액 5,000만원 6. 보험가격지수 기준 : 40세, 3년만기, 일시납, 가입금액 5,000만원",1588-3374,보장성_상품비교_20260608162059302.xls,KB라이프생명,KB 지켜주는 대중교통안심보험 무배당,주계약,대중교통재해장해급여금,피보험자가 보험기간 중 “대중교통 이용 중 교통사고”로 인하여 장해분류표(약관 별표2 참조)에서 정한 각 장해 지급률 중 3%이상 100%이하에 해당하는 장해상태가 되었을 때,"1,500만원× 해당 장해지급률","5,000만원",1200  원,500  원,2.70 %,-,-,118.0 %,118.2 %,-,-,-,-,보험기간(1년 초과),순수보장,비갱신형,비유니버셜,CM,2025-09-01,"1. 가입나이 : 만19세 ~ 64세 2. 보험기간 : 1년만기, 3년만기 3. 납입기간 : 일시납 5. 보험료 기준 : 40세, 3년만기, 일시납, 가입금액 5,000만원 6. 보험가격지수 기준 : 40세, 3년만기, 일시납, 가입금액 5,000만원",1588-3374,,,,
신한라이프생명,신한SOL대중교통보험 mini(무배당) (일시납),주계약,대중교통재해장해급여금,"보험기간 중 피보험자가 ""대중교통 이용 중 교통사고""를 직접적인 원인으로 보험기간 중 장해분류표에서 정한 장해지급률 중 3%이상 100%이하에 해당하는 장해상태가 되었을 경우","보험가입금액의 1,000% x 해당 장해지급률",500만원,950 원,610 원,2.10 %,비갱신형,대면채널  CM,2026-01-01,"1. 가입나이 : 0세(태아불가) ~ 75세 2. 보험료 납입기간 및 납입주기 : 일시납 3. 가입한도 : 500만원~1,000만원(디지털채널, 대면채널) 100만원~500만원(제휴채널) 4. 보험기간 : 1/2/3년만기 5. 보험료 및 보험가격지수 기준 : 40세, 3년만기, 일시납, 가입금액 500만원",1588-5580,보장성_상품비교_20260608162059302.xls,신한라이프생명,신한SOL대중교통보험 mini(무배당),주계약,대중교통재해장해급여금,"보험기간 중 피보험자가 ""대중교통 이용 중 교통사고""를 직접적인 원인으로 보험기간 중 장해분류표에서 정한 장해지급률 중 3%이상 100%이하에 해당하는 장해상태가 되었을 경우","보험가입금액의 1,000% x 해당 장해지급률",500만원,950  원,610  원,2.10 %,-,-,92.0 %,84.8 %,-,-,-,-,보험기간(1년 초과),순수보장,비갱신형,비유니버셜,대면채널  CM,2026-01-01,"1. 가입나이 : 0세(태아불가) ~ 75세 2. 보험료 납입기간 및 납입주기 : 일시납 3. 가입한도 : 500만원~1,000만원(디지털채널, 대면채널) 100만원~500만원(제휴채널) 4. 보험기간 : 1/2/3년만기 5. 보험료 및 보험가격지수 기준 : 40세, 3년만기, 일시납, 가입금액 500만원",1588-5580,,,,
BNP파리바카디프생명,무배당 안심드림(Dream) 상해보험(2종 종합보장형) (월납),주계약,만기보험금,피보험자가 보험기간이 끝날 때까지 살아있을 경우,이미 납입한 보험료의 100%,"3,000만원  원","2,988,690 원","2,910,480 원",2.25 %,비갱신형,방카슈랑스  CM,2026-04-01,"1. 가입나이 : 25세~ 70세(다만, 납입주기별로 상이)  2. 보험기간 : 5년만기 3. 보험료 납입기간: 2, 3, 5, 일시납(다만, 보험기간별로 상이)  4. 보험료 납입주기: 월납/ 연납 / 일시납  5. 보험료 예시 기준: (2종 종합보장형) 40세, 5년 만기, 전기납, 월납, 주계약 가입금액 3,000만원, 비위험 6. 보험가격지수 예시 기준: (2종 종합보장형) 40세, 5년 만기, 전기납, 월납, 주계약 가입금액 3,000만원, 비위험",1688-1118,보장성_상품비교_20260608162059302.xls,BNP파리바카디프생명,무배당 안심드림(Dream) 상해보험(2종 종합보장형),주계약,만기보험금,피보험자가 보험기간이 끝날 때까지 살아있을 경우,이미 납입한 보험료의 100%,"3,000만원  원",2988690  원,"2,910,480  원",2.25 %,-,-,121.8 %,120.9 %,-,-,-,-,보험기간(1년 초과),만기환급,비갱신형,비유니버셜,방카슈랑스  CM,2026-04-01,"1. 가입나이 : 25세~ 70세(다만, 납입주기별로 상이)  2. 보험기간 : 5년만기 3. 보험료 납입기간: 2, 3, 5, 일시납(다만, 보험기간별로 상이)  4. 보험료 납입주기: 월납/ 연납 / 일시납  5. 보험료 예시 기준: (2종 종합보장형) 40세, 5년 만기, 전기납, 월납, 주계약 가입금액 3,000만원, 비위험 6. 보험가격지수 예시 기준: (2종 종합보장형) 40세, 5년 만기, 전기납, 월납, 주계약 가입금액 3,000만원, 비위험",1688-1118,,,,
BNP파리바카디프생명,무배당 안심드림(Dream) 상해보험(2종 종합보장형) (월납),주계약,교통재해사망 보험금,피보험자가 보험기간 중 발생한 「교통재해」로 사망하였을 경우,"9,000만 원 + 사망당시의 이미 납입한 보험료","3,000만원  원","2,988,690 원","2,910,480 원",2.25 %,비갱신형,방카슈랑스  CM,2026-04-01,"1. 가입나이 : 25세~ 70세(다만, 납입주기별로 상이)  2. 보험기간 : 5년만기 3. 보험료 납입기간: 2, 3, 5, 일시납(다만, 보험기간별로 상이)  4. 보험료 납입주기: 월납/ 연납 / 일시납  5. 보험료 예시 기준: (2종 종합보장형) 40세, 5년 만기, 전기납, 월납, 주계약 가입금액 3,000만원, 비위험 6. 보험가격지수 예시 기준: (2종 종합보장형) 40세, 5년 만기, 전기납, 월납, 주계약 가입금액 3,000만원, 비위험",1688-1118,보장성_상품비교_20260608162059302.xls,BNP파리바카디프생명,무배당 안심드림(Dream) 상해보험(2종 종합보장형),주계약,교통재해사망 보험금,피보험자가 보험기간 중 발생한 「교통재해」로 사망하였을 경우,"9,000만 원 + 사망당시의 이미 납입한 보험료","3,000만원  원",2988690  원,"2,910,480  원",2.25 %,-,-,121.8 %,120.9 %,-,-,-,-,보험기간(1년 초과),만기환급,비갱신형,비유니버셜,방카슈랑스  CM,2026-04-01,"1. 가입나이 : 25세~ 70세(다만, 납입주기별로 상이)  2. 보험기간 : 5년만기 3. 보험료 납입기간: 2, 3, 5, 일시납(다만, 보험기간별로 상이)  4. 보험료 납입주기: 월납/ 연납 / 일시납  5. 보험료 예시 기준: (2종 종합보장형) 40세, 5년 만기, 전기납, 월납, 주계약 가입금액 3,000만원, 비위험 6. 보험가격지수 예시 기준: (2종 종합보장형) 40세, 5년 만기, 전기납, 월납, 주계약 가입금액 3,000만원, 비위험",1688-1118,,,,
BNP파리바카디프생명,무배당 안심드림(Dream) 상해보험(2종 종합보장형) (월납),주계약,일반재해사망 보험금,피보험자가 보험기간 중 발생한 「교통재해 이외의 재해」로 사망하였을 경우,"6,000만 원 + 사망당시의 이미 납입한 보험료","3,000만원  원","2,988,690 원","2,910,480 원",2.25 %,비갱신형,방카슈랑스  CM,2026-04-01,"1. 가입나이 : 25세~ 70세(다만, 납입주기별로 상이)  2. 보험기간 : 5년만기 3. 보험료 납입기간: 2, 3, 5, 일시납(다만, 보험기간별로 상이)  4. 보험료 납입주기: 월납/ 연납 / 일시납  5. 보험료 예시 기준: (2종 종합보장형) 40세, 5년 만기, 전기납, 월납, 주계약 가입금액 3,000만원, 비위험 6. 보험가격지수 예시 기준: (2종 종합보장형) 40세, 5년 만기, 전기납, 월납, 주계약 가입금액 3,000만원, 비위험",1688-1118,보장성_상품비교_20260608162059302.xls,BNP파리바카디프생명,무배당 안심드림(Dream) 상해보험(2종 종합보장형),주계약,일반재해사망 보험금,피보험자가 보험기간 중 발생한 「교통재해 이외의 재해」로 사망하였을 경우,"6,000만 원 + 사망당시의 이미 납입한 보험료","3,000만원  원",2988690  원,"2,910,480  원",2.25 %,-,-,121.8 %,120.9 %,-,-,-,-,보험기간(1년 초과),만기환급,비갱신형,비유니버셜,방카슈랑스  CM,2026-04-01,"1. 가입나이 : 25세~ 70세(다만, 납입주기별로 상이)  2. 보험기간 : 5년만기 3. 보험료 납입기간: 2, 3, 5, 일시납(다만, 보험기간별로 상이)  4. 보험료 납입주기: 월납/ 연납 / 일시납  5. 보험료 예시 기준: (2종 종합보장형) 40세, 5년 만기, 전기납, 월납, 주계약 가입금액 3,000만원, 비위험 6. 보험가격지수 예시 기준: (2종 종합보장형) 40세, 5년 만기, 전기납, 월납, 주계약 가입금액 3,000만원, 비위험",1688-1118,,,,
BNP파리바카디프생명,무배당 안심드림(Dream) 상해보험(2종 종합보장형) (월납),주계약,재해장해 보험금,피보험자가 보험기간 중 발생한 재해로 장해분류표에서 정한 장해지급률 중 3% 이상 100% 이하에 해당하는 장해상태가 되었을 경우,"3,000만 원 × 해당 장해지급률","3,000만원  원","2,988,690 원","2,910,480 원",2.25 %,비갱신형,방카슈랑스  CM,2026-04-01,"1. 가입나이 : 25세~ 70세(다만, 납입주기별로 상이)  2. 보험기간 : 5년만기 3. 보험료 납입기간: 2, 3, 5, 일시납(다만, 보험기간별로 상이)  4. 보험료 납입주기: 월납/ 연납 / 일시납  5. 보험료 예시 기준: (2종 종합보장형) 40세, 5년 만기, 전기납, 월납, 주계약 가입금액 3,000만원, 비위험 6. 보험가격지수 예시 기준: (2종 종합보장형) 40세, 5년 만기, 전기납, 월납, 주계약 가입금액 3,000만원, 비위험",1688-1118,보장성_상품비교_20260608162059302.xls,BNP파리바카디프생명,무배당 안심드림(Dream) 상해보험(2종 종합보장형),주계약,재해장해 보험금,피보험자가 보험기간 중 발생한 재해로 장해분류표에서 정한 장해지급률 중 3% 이상 100% 이하에 해당하는 장해상태가 되었을 경우,"3,000만 원 × 해당 장해지급률","3,000만원  원",2988690  원,"2,910,480  원",2.25 %,-,-,121.8 %,120.9 %,-,-,-,-,보험기간(1년 초과),만기환급,비갱신형,비유니버셜,방카슈랑스  CM,2026-04-01,"1. 가입나이 : 25세~ 70세(다만, 납입주기별로 상이)  2. 보험기간 : 5년만기 3. 보험료 납입기간: 2, 3, 5, 일시납(다만, 보험기간별로 상이)  4. 보험료 납입주기: 월납/ 연납 / 일시납  5. 보험료 예시 기준: (2종 종합보장형) 40세, 5년 만기, 전기납, 월납, 주계약 가입금액 3,000만원, 비위험 6. 보험가격지수 예시 기준: (2종 종합보장형) 40세, 5년 만기, 전기납, 월납, 주계약 가입금액 3,000만원, 비위험",1688-1118,,,,
BNP파리바카디프생명,무배당 안심드림(Dream) 상해보험(2종 종합보장형) (월납),주계약,재해수술 보험금,피보험자가 보험기간 중 발생한 재해로 인한 직접적인 치료를 목적으로 보험기간 중 수술을 받았을 경우,6만 원 (수술 1회당),"3,000만원  원","2,988,690 원","2,910,480 원",2.25 %,비갱신형,방카슈랑스  CM,2026-04-01,"1. 가입나이 : 25세~ 70세(다만, 납입주기별로 상이)  2. 보험기간 : 5년만기 3. 보험료 납입기간: 2, 3, 5, 일시납(다만, 보험기간별로 상이)  4. 보험료 납입주기: 월납/ 연납 / 일시납  5. 보험료 예시 기준: (2종 종합보장형) 40세, 5년 만기, 전기납, 월납, 주계약 가입금액 3,000만원, 비위험 6. 보험가격지수 예시 기준: (2종 종합보장형) 40세, 5년 만기, 전기납, 월납, 주계약 가입금액 3,000만원, 비위험",1688-1118,보장성_상품비교_20260608162059302.xls,BNP파리바카디프생명,무배당 안심드림(Dream) 상해보험(2종 종합보장형),주계약,재해수술 보험금,피보험자가 보험기간 중 발생한 재해로 인한 직접적인 치료를 목적으로 보험기간 중 수술을 받았을 경우,6만 원 (수술 1회당),"3,000만원  원",2988690  원,"2,910,480  원",2.25 %,-,-,121.8 %,120.9 %,-,-,-,-,보험기간(1년 초과),만기환급,비갱신형,비유니버셜,방카슈랑스  CM,2026-04-01,"1. 가입나이 : 25세~ 70세(다만, 납입주기별로 상이)  2. 보험기간 : 5년만기 3. 보험료 납입기간: 2, 3, 5, 일시납(다만, 보험기간별로 상이)  4. 보험료 납입주기: 월납/ 연납 / 일시납  5. 보험료 예시 기준: (2종 종합보장형) 40세, 5년 만기, 전기납, 월납, 주계약 가입금액 3,000만원, 비위험 6. 보험가격지수 예시 기준: (2종 종합보장형) 40세, 5년 만기, 전기납, 월납, 주계약 가입금액 3,000만원, 비위험",1688-1118,,,,
BNP파리바카디프생명,무배당 안심드림(Dream) 상해보험(2종 종합보장형) (월납),주계약,재해골절 치료보험금,"피보험자가 보험기간 중 재해골절(치아파절(깨짐, 부러짐) 제외)로 진단확정 되었을 경우",6만 원 (재해골절 발생 1회당),"3,000만원  원","2,988,690 원","2,910,480 원",2.25 %,비갱신형,방카슈랑스  CM,2026-04-01,"1. 가입나이 : 25세~ 70세(다만, 납입주기별로 상이)  2. 보험기간 : 5년만기 3. 보험료 납입기간: 2, 3, 5, 일시납(다만, 보험기간별로 상이)  4. 보험료 납입주기: 월납/ 연납 / 일시납  5. 보험료 예시 기준: (2종 종합보장형) 40세, 5년 만기, 전기납, 월납, 주계약 가입금액 3,000만원, 비위험 6. 보험가격지수 예시 기준: (2종 종합보장형) 40세, 5년 만기, 전기납, 월납, 주계약 가입금액 3,000만원, 비위험",1688-1118,보장성_상품비교_20260608162059302.xls,BNP파리바카디프생명,무배당 안심드림(Dream) 상해보험(2종 종합보장형),주계약,재해골절 치료보험금,"피보험자가 보험기간 중 재해골절(치아파절(깨짐, 부러짐) 제외)로 진단확정 되었을 경우",6만 원 (재해골절 발생 1회당),"3,000만원  원",2988690  원,"2,910,480  원",2.25 %,-,-,121.8 %,120.9 %,-,-,-,-,보험기간(1년 초과),만기환급,비갱신형,비유니버셜,방카슈랑스  CM,2026-04-01,"1. 가입나이 : 25세~ 70세(다만, 납입주기별로 상이)  2. 보험기간 : 5년만기 3. 보험료 납입기간: 2, 3, 5, 일시납(다만, 보험기간별로 상이)  4. 보험료 납입주기: 월납/ 연납 / 일시납  5. 보험료 예시 기준: (2종 종합보장형) 40세, 5년 만기, 전기납, 월납, 주계약 가입금액 3,000만원, 비위험 6. 보험가격지수 예시 기준: (2종 종합보장형) 40세, 5년 만기, 전기납, 월납, 주계약 가입금액 3,000만원, 비위험",1688-1118,,,,
BNP파리바카디프생명,무배당 안심드림(Dream) 상해보험(1종 재해사망형) (월납),주계약,만기보험금,피보험자가 보험기간이 끝날 때까지 살아있을 경우,이미 납입한 보험료의 100%,"3,000만원  원","868,650 원","838,110 원",2.25 %,비갱신형,방카슈랑스  CM,2026-04-01,"1. 가입나이 : 25세~ 70세(다만, 납입주기별로 상이)  2. 보험기간 : 3년만기 / 5년만기  3. 보험료 납입기간: 2, 3, 5, 일시납(다만, 보험기간별로 상이)  4. 보험료 납입주기: 월납/ 연납 / 일시납  5. 보험료 예시 기준: (1종 재해사망형) 40세, 5년 만기, 전기납, 월납, 주계약 가입금액 3,000만원, 비위험  6. 보험가격지수 예시 기준: (1종 재해사망형) 40세, 5년 만기, 전기납, 월납, 주계약 가입금액 3,000만원, 비위험",1688-1118,보장성_상품비교_20260608162059302.xls,BNP파리바카디프생명,무배당 안심드림(Dream) 상해보험(1종 재해사망형),주계약,만기보험금,피보험자가 보험기간이 끝날 때까지 살아있을 경우,이미 납입한 보험료의 100%,"3,000만원  원",868650  원,"838,110  원",2.25 %,-,-,112.0 %,111.4 %,-,-,-,-,보험기간(1년 초과),만기환급,비갱신형,비유니버셜,방카슈랑스  CM,2026-04-01,"1. 가입나이 : 25세~ 70세(다만, 납입주기별로 상이)  2. 보험기간 : 3년만기 / 5년만기  3. 보험료 납입기간: 2, 3, 5, 일시납(다만, 보험기간별로 상이)  4. 보험료 납입주기: 월납/ 연납 / 일시납  5. 보험료 예시 기준: (1종 재해사망형) 40세, 5년 만기, 전기납, 월납, 주계약 가입금액 3,000만원, 비위험  6. 보험가격지수 예시 기준: (1종 재해사망형) 40세, 5년 만기, 전기납, 월납, 주계약 가입금액 3,000만원, 비위험",1688-1118,,,,
BNP파리바카디프생명,무배당 안심드림(Dream) 상해보험(1종 재해사망형) (월납),주계약,교통재해사망 보험금,피보험자가 보험기간 중 발생한 「교통재해」로 사망하였을 경우,"9,000만원 + 사망당시의 이미 납입한 보험료","3,000만원  원","868,650 원","838,110 원",2.25 %,비갱신형,방카슈랑스  CM,2026-04-01,"1. 가입나이 : 25세~ 70세(다만, 납입주기별로 상이)  2. 보험기간 : 3년만기 / 5년만기  3. 보험료 납입기간: 2, 3, 5, 일시납(다만, 보험기간별로 상이)  4. 보험료 납입주기: 월납/ 연납 / 일시납  5. 보험료 예시 기준: (1종 재해사망형) 40세, 5년 만기, 전기납, 월납, 주계약 가입금액 3,000만원, 비위험  6. 보험가격지수 예시 기준: (1종 재해사망형) 40세, 5년 만기, 전기납, 월납, 주계약 가입금액 3,000만원, 비위험",1688-1118,보장성_상품비교_20260608162059302.xls,BNP파리바카디프생명,무배당 안심드림(Dream) 상해보험(1종 재해사망형),주계약,교통재해사망 보험금,피보험자가 보험기간 중 발생한 「교통재해」로 사망하였을 경우,"9,000만원 + 사망당시의 이미 납입한 보험료","3,000만원  원",868650  원,"838,110  원",2.25 %,-,-,112.0 %,111.4 %,-,-,-,-,보험기간(1년 초과),만기환급,비갱신형,비유니버셜,방카슈랑스  CM,2026-04-01,"1. 가입나이 : 25세~ 70세(다만, 납입주기별로 상이)  2. 보험기간 : 3년만기 / 5년만기  3. 보험료 납입기간: 2, 3, 5, 일시납(다만, 보험기간별로 상이)  4. 보험료 납입주기: 월납/ 연납 / 일시납  5. 보험료 예시 기준: (1종 재해사망형) 40세, 5년 만기, 전기납, 월납, 주계약 가입금액 3,000만원, 비위험  6. 보험가격지수 예시 기준: (1종 재해사망형) 40세, 5년 만기, 전기납, 월납, 주계약 가입금액 3,000만원, 비위험",1688-1118,,,,
BNP파리바카디프생명,무배당 안심드림(Dream) 상해보험(1종 재해사망형) (월납),주계약,일반재해사망 보험금,피보험자가 보험기간 중 발생한 「교통재해 이외의 재해」로 사망하였을 경우,"6,000만원+ 사망당시의 이미 납입한 보험료","3,000만원  원","868,650 원","838,110 원",2.25 %,비갱신형,방카슈랑스  CM,2026-04-01,"1. 가입나이 : 25세~ 70세(다만, 납입주기별로 상이)  2. 보험기간 : 3년만기 / 5년만기  3. 보험료 납입기간: 2, 3, 5, 일시납(다만, 보험기간별로 상이)  4. 보험료 납입주기: 월납/ 연납 / 일시납  5. 보험료 예시 기준: (1종 재해사망형) 40세, 5년 만기, 전기납, 월납, 주계약 가입금액 3,000만원, 비위험  6. 보험가격지수 예시 기준: (1종 재해사망형) 40세, 5년 만기, 전기납, 월납, 주계약 가입금액 3,000만원, 비위험",1688-1118,보장성_상품비교_20260608162059302.xls,BNP파리바카디프생명,무배당 안심드림(Dream) 상해보험(1종 재해사망형),주계약,일반재해사망 보험금,피보험자가 보험기간 중 발생한 「교통재해 이외의 재해」로 사망하였을 경우,"6,000만원+ 사망당시의 이미 납입한 보험료","3,000만원  원",868650  원,"838,110  원",2.25 %,-,-,112.0 %,111.4 %,-,-,-,-,보험기간(1년 초과),만기환급,비갱신형,비유니버셜,방카슈랑스  CM,2026-04-01,"1. 가입나이 : 25세~ 70세(다만, 납입주기별로 상이)  2. 보험기간 : 3년만기 / 5년만기  3. 보험료 납입기간: 2, 3, 5, 일시납(다만, 보험기간별로 상이)  4. 보험료 납입주기: 월납/ 연납 / 일시납  5. 보험료 예시 기준: (1종 재해사망형) 40세, 5년 만기, 전기납, 월납, 주계약 가입금액 3,000만원, 비위험  6. 보험가격지수 예시 기준: (1종 재해사망형) 40세, 5년 만기, 전기납, 월납, 주계약 가입금액 3,000만원, 비위험",1688-1118,,,,
BNP파리바카디프생명,무배당 안심드림(Dream) 상해보험(1종 재해사망형) (월납),주계약,고도재해장해보험금,"피보험자가 보험기간 중 발생한 동일한 재해를 원인으로 장해분류표 중 여러 신체부위의 장해지급률을 더하여 80% 이상의 장해상태가 되었을 경우(다만, 최초 1회의 진단확정에 한함)","6,000만원","3,000만원  원","868,650 원","838,110 원",2.25 %,비갱신형,방카슈랑스  CM,2026-04-01,"1. 가입나이 : 25세~ 70세(다만, 납입주기별로 상이)  2. 보험기간 : 3년만기 / 5년만기  3. 보험료 납입기간: 2, 3, 5, 일시납(다만, 보험기간별로 상이)  4. 보험료 납입주기: 월납/ 연납 / 일시납  5. 보험료 예시 기준: (1종 재해사망형) 40세, 5년 만기, 전기납, 월납, 주계약 가입금액 3,000만원, 비위험  6. 보험가격지수 예시 기준: (1종 재해사망형) 40세, 5년 만기, 전기납, 월납, 주계약 가입금액 3,000만원, 비위험",1688-1118,보장성_상품비교_20260608162059302.xls,BNP파리바카디프생명,무배당 안심드림(Dream) 상해보험(1종 재해사망형),주계약,고도재해장해보험금,"피보험자가 보험기간 중 발생한 동일한 재해를 원인으로 장해분류표 중 여러 신체부위의 장해지급률을 더하여 80% 이상의 장해상태가 되었을 경우(다만, 최초 1회의 진단확정에 한함)","6,000만원","3,000만원  원",868650  원,"838,110  원",2.25 %,-,-,112.0 %,111.4 %,-,-,-,-,보험기간(1년 초과),만기환급,비갱신형,비유니버셜,방카슈랑스  CM,2026-04-01,"1. 가입나이 : 25세~ 70세(다만, 납입주기별로 상이)  2. 보험기간 : 3년만기 / 5년만기  3. 보험료 납입기간: 2, 3, 5, 일시납(다만, 보험기간별로 상이)  4. 보험료 납입주기: 월납/ 연납 / 일시납  5. 보험료 예시 기준: (1종 재해사망형) 40세, 5년 만기, 전기납, 월납, 주계약 가입금액 3,000만원, 비위험  6. 보험가격지수 예시 기준: (1종 재해사망형) 40세, 5년 만기, 전기납, 월납, 주계약 가입금액 3,000만원, 비위험",1688-1118,,,,
주계약,재해사망보험금 (월납),주계약,재해사망보험금,보험기간 중 피보험자가 재해를 직접적인 원인으로 사망하였을 경우,6억원,"3,000만원","2,072,400 원","1,468,200 원",3.25 %,비갱신형,방카슈랑스,2026-01-01,"1. 가입나이 : 만 20세 ~ 최고 75세 2. 보험기간 : 110세만기 3. 납입기간 : 3/4/5/20년납 4. 기간별 적용이율 : 계약일로부터 10년 이내 연복리 3.25%, 10년 초과 연복리 1.50% * 주계약 보험료 예시 : 40세, 가입금액 3천만원, 110세만기, 20년납, 월납 기준 * 보험가격지수 예시 : 40세, 가입금액 3천만원, 110세만기, 20년납, 월납 기준",1577-3311,보장성_상품비교_20260608162059302.xls,푸본현대생명,푸본현대 상해보험 안심픽 무배당/해약환급금 일부지급형(B2601),주계약,재해사망보험금,보험기간 중 피보험자가 재해를 직접적인 원인으로 사망하였을 경우,6억원,"3,000만원",2072400  원,"1,468,200  원",3.25 %,-,-,104.3 %,100.8 %,-,-,-,-,보험기간(1년 초과),순수보장,비갱신형,비유니버셜,방카슈랑스,2026-01-01,"1. 가입나이 : 만 20세 ~ 최고 75세 2. 보험기간 : 110세만기 3. 납입기간 : 3/4/5/20년납 4. 기간별 적용이율 : 계약일로부터 10년 이내 연복리 3.25%, 10년 초과 연복리 1.50% * 주계약 보험료 예시 : 40세, 가입금액 3천만원, 110세만기, 20년납, 월납 기준 * 보험가격지수 예시 : 40세, 가입금액 3천만원, 110세만기, 20년납, 월납 기준",1577-3311,,,,
푸본현대생명,푸본현대 상해보험 안심픽 무배당(A2601) (월납),주계약,재해사망보험금,보험기간 중 피보험자가 재해를 직접적인 원인으로 사망하였을 경우,6억원,"3,000만원","6,703,500 원","4,748,100 원",3.25 %,비갱신형,대면채널,2026-01-01,"1. 가입나이 : 만 20세 ~ 최고 75세 2. 보험기간 : 110세만기 3. 납입기간 : 3/4/5년납 4. 기간별 적용이율 : 계약일로부터 10년 이내 연복리 3.25%, 10년 초과 연복리 1.50% * 주계약 보험료 예시 : 40세, 가입금액 3천만원, 110세만기, 5년납, 월납 기준 * 보험가격지수 예시 : 40세, 가입금액 3천만원, 110세만기, 5년납, 월납 기준",1577-3311,보장성_상품비교_20260608162059302.xls,푸본현대생명,푸본현대 상해보험 안심픽 무배당(A2601),주계약,재해사망보험금,보험기간 중 피보험자가 재해를 직접적인 원인으로 사망하였을 경우,6억원,"3,000만원",6703500  원,"4,748,100  원",3.25 %,-,-,100.7 %,97.2 %,-,-,-,-,보험기간(1년 초과),순수보장,비갱신형,비유니버셜,대면채널,2026-01-01,"1. 가입나이 : 만 20세 ~ 최고 75세 2. 보험기간 : 110세만기 3. 납입기간 : 3/4/5년납 4. 기간별 적용이율 : 계약일로부터 10년 이내 연복리 3.25%, 10년 초과 연복리 1.50% * 주계약 보험료 예시 : 40세, 가입금액 3천만원, 110세만기, 5년납, 월납 기준 * 보험가격지수 예시 : 40세, 가입금액 3천만원, 110세만기, 5년납, 월납 기준",1577-3311,,,,
푸본현대생명,푸본현대 상해보험 안심픽 무배당(A2601) (월납),주계약,고도장해보험금,"보험기간 중 피보험자가 장해분류표 중 동일한 재해 또는 재해 이외의 동일한 원인으로 여러 신체부위의 장해지급률을 더하여 80%이상에 해당하는 장해상태가 되었을 경우(단, 최초 1회 한함)","9억원 (단, 계약일부터 1년미만에 재해 이외의 동일한 원인으로 지급사유 발생 시 상기금액의 50% 지급)","3,000만원","6,703,500 원","4,748,100 원",3.25 %,비갱신형,대면채널,2026-01-01,"1. 가입나이 : 만 20세 ~ 최고 75세 2. 보험기간 : 110세만기 3. 납입기간 : 3/4/5년납 4. 기간별 적용이율 : 계약일로부터 10년 이내 연복리 3.25%, 10년 초과 연복리 1.50% * 주계약 보험료 예시 : 40세, 가입금액 3천만원, 110세만기, 5년납, 월납 기준 * 보험가격지수 예시 : 40세, 가입금액 3천만원, 110세만기, 5년납, 월납 기준",1577-3311,보장성_상품비교_20260608162059302.xls,푸본현대생명,푸본현대 상해보험 안심픽 무배당(A2601),주계약,고도장해보험금,"보험기간 중 피보험자가 장해분류표 중 동일한 재해 또는 재해 이외의 동일한 원인으로 여러 신체부위의 장해지급률을 더하여 80%이상에 해당하는 장해상태가 되었을 경우(단, 최초 1회 한함)","9억원 (단, 계약일부터 1년미만에 재해 이외의 동일한 원인으로 지급사유 발생 시 상기금액의 50% 지급)","3,000만원",6703500  원,"4,748,100  원",3.25 %,-,-,100.7 %,97.2 %,-,-,-,-,보험기간(1년 초과),순수보장,비갱신형,비유니버셜,대면채널,2026-01-01,"1. 가입나이 : 만 20세 ~ 최고 75세 2. 보험기간 : 110세만기 3. 납입기간 : 3/4/5년납 4. 기간별 적용이율 : 계약일로부터 10년 이내 연복리 3.25%, 10년 초과 연복리 1.50% * 주계약 보험료 예시 : 40세, 가입금액 3천만원, 110세만기, 5년납, 월납 기준 * 보험가격지수 예시 : 40세, 가입금액 3천만원, 110세만기, 5년납, 월납 기준",1577-3311,,,,
주계약,재해사망보험금 (월납),주계약,재해사망보험금,피보험자가 보험기간 중 재해로 인하여 사망한 경우,"3,000만원","3,000만원  원","1,320 원",330 원,2.25 %,갱신형,대면채널  TM,2026-04-01,"1. 가입나이 : 최초계약 기준 30세~80세 2. 보험기간 : 10년만기, 20년만기, 30년만기 ※최종 갱신계약의 보험기간 만료일은 피보험자의 100세 계약해당일 3. 납입기간 : 전기납 4. 보험료 및 보험가격지수 작성기준 : 최초계약, 40세, 20년만기, 전기납, 월납, 가입금액 3,000만원",1588-0058,보장성_상품비교_20260608162059302.xls,라이나생명,"(무)새로담는간편건강보험(3.2.5)(해약환급금미지급형,갱신형)",주계약,재해사망보험금,피보험자가 보험기간 중 재해로 인하여 사망한 경우,"3,000만원","3,000만원  원",1320  원,330  원,2.25 %,-,-,100.4 %,92.9 %,-,-,-,-,보험기간(1년 초과),무해지/저해지환급,갱신형,비유니버셜,대면채널  TM,2026-04-01,"1. 가입나이 : 최초계약 기준 30세~80세 2. 보험기간 : 10년만기, 20년만기, 30년만기 ※최종 갱신계약의 보험기간 만료일은 피보험자의 100세 계약해당일 3. 납입기간 : 전기납 4. 보험료 및 보험가격지수 작성기준 : 최초계약, 40세, 20년만기, 전기납, 월납, 가입금액 3,000만원",1588-0058,,,,
주계약,재해사망보험금 (월납),특약,"무배당 간편고지암진단특약(3.2.5)(해약환급금미지급형,갱신형)","피보험자가 보험기간 중 암보장개시일 이후에 “암”으로 진단확정 되었을 때 (단, 최초 1 회에 한하여 지급함)","3,000만원(단, 보험계약일로부터 1 년이 지난 보험계약해당일 전일 이전에 지급사유가 발생하였을 경우에는 상기금액의 50%를 지급)","3,000만원  원","21,300 원","29,400 원",2.25 %,갱신형,대면채널  TM,2026-04-01,"1. 가입나이 : 최초계약 기준 30세~80세 2. 보험기간 : 10년만기, 20년만기, 30년만기 ※최종 갱신계약의 보험기간 만료일은 피보험자의 100세 계약해당일 3. 납입기간 : 전기납 4. 보험료 및 보험가격지수 작성기준 : 최초계약, 40세, 20년만기, 전기납, 월납, 가입금액 3,000만원",1588-0058,보장성_상품비교_20260608162059302.xls,라이나생명,"(무)새로담는간편건강보험(3.2.5)(해약환급금미지급형,갱신형)",특약,"무배당 간편고지암진단특약(3.2.5)(해약환급금미지급형,갱신형)","피보험자가 보험기간 중 암보장개시일 이후에 “암”으로 진단확정 되었을 때 (단, 최초 1 회에 한하여 지급함)","3,000만원(단, 보험계약일로부터 1 년이 지난 보험계약해당일 전일 이전에 지급사유가 발생하였을 경우에는 상기금액의 50%를 지급)","3,000만원  원",21300  원,"29,400  원",2.25 %,-,-,100.4 %,92.9 %,-,-,-,-,보험기간(1년 초과),무해지/저해지환급,갱신형,비유니버셜,대면채널  TM,2026-04-01,"1. 가입나이 : 최초계약 기준 30세~80세 2. 보험기간 : 10년만기, 20년만기, 30년만기 ※최종 갱신계약의 보험기간 만료일은 피보험자의 100세 계약해당일 3. 납입기간 : 전기납 4. 보험료 및 보험가격지수 작성기준 : 최초계약, 40세, 20년만기, 전기납, 월납, 가입금액 3,000만원",1588-0058,,,,
주계약,재해사망보험금 (월납),특약,"무배당 간편고지소액암진단특약(3.2.5)(해약환급금미지급형,갱신형)","피보험자가 보험기간 중 “갑상선암”, “기타피부암”, “제자리암(상피내암)” 또는 “경계성종양”으로 진단확정 되었을 때 (단, 각각 최초 1 회에 한하여 지급함)","600만원(단, 보험계약일로부터 1 년이 지난 보험계약해당일 전일 이전에 지급사유가 발생하였을 경우에는 상기금액의 50%를 지급)",600만원  원,"1,176 원","4,074 원",2.25 %,갱신형,대면채널  TM,2026-04-01,"1. 가입나이 : 최초계약 기준 30세~80세 2. 보험기간 : 10년만기, 20년만기, 30년만기 ※최종 갱신계약의 보험기간 만료일은 피보험자의 100세 계약해당일 3. 납입기간 : 전기납 4. 보험료 및 보험가격지수 작성기준 : 최초계약, 40세, 20년만기, 전기납, 월납, 가입금액 3,000만원",1588-0058,보장성_상품비교_20260608162059302.xls,라이나생명,"(무)새로담는간편건강보험(3.2.5)(해약환급금미지급형,갱신형)",특약,"무배당 간편고지소액암진단특약(3.2.5)(해약환급금미지급형,갱신형)","피보험자가 보험기간 중 “갑상선암”, “기타피부암”, “제자리암(상피내암)” 또는 “경계성종양”으로 진단확정 되었을 때 (단, 각각 최초 1 회에 한하여 지급함)","600만원(단, 보험계약일로부터 1 년이 지난 보험계약해당일 전일 이전에 지급사유가 발생하였을 경우에는 상기금액의 50%를 지급)",600만원  원,1176  원,"4,074  원",2.25 %,-,-,100.4 %,92.9 %,-,-,-,-,보험기간(1년 초과),무해지/저해지환급,갱신형,비유니버셜,대면채널  TM,2026-04-01,"1. 가입나이 : 최초계약 기준 30세~80세 2. 보험기간 : 10년만기, 20년만기, 30년만기 ※최종 갱신계약의 보험기간 만료일은 피보험자의 100세 계약해당일 3. 납입기간 : 전기납 4. 보험료 및 보험가격지수 작성기준 : 최초계약, 40세, 20년만기, 전기납, 월납, 가입금액 3,000만원",1588-0058,,,,
주계약,재해사망보험금 (월납),특약,"무배당 간편고지뇌출혈진단특약(3.2.5)(해약환급금미지급형,갱신형)","피보험자가 보험기간 중 뇌출혈로 진단확정 되었을 때 (다만, 최초 1 회에 한하여 지급함)","3,000만원(단, 보험계약일부터 1년이 지난 보험계약해당일 전일 이전에 지급사유가 발생하였을 경우에는 상기금액의 50%를 지급)","3,000만원  원","1,420 원","1,110 원",2.25 %,갱신형,대면채널  TM,2026-04-01,"1. 가입나이 : 최초계약 기준 30세~80세 2. 보험기간 : 10년만기, 20년만기, 30년만기 ※최종 갱신계약의 보험기간 만료일은 피보험자의 100세 계약해당일 3. 납입기간 : 전기납 4. 보험료 및 보험가격지수 작성기준 : 최초계약, 40세, 20년만기, 전기납, 월납, 가입금액 3,000만원",1588-0058,보장성_상품비교_20260608162059302.xls,라이나생명,"(무)새로담는간편건강보험(3.2.5)(해약환급금미지급형,갱신형)",특약,"무배당 간편고지뇌출혈진단특약(3.2.5)(해약환급금미지급형,갱신형)","피보험자가 보험기간 중 뇌출혈로 진단확정 되었을 때 (다만, 최초 1 회에 한하여 지급함)","3,000만원(단, 보험계약일부터 1년이 지난 보험계약해당일 전일 이전에 지급사유가 발생하였을 경우에는 상기금액의 50%를 지급)","3,000만원  원",1420  원,"1,110  원",2.25 %,-,-,100.4 %,92.9 %,-,-,-,-,보험기간(1년 초과),무해지/저해지환급,갱신형,비유니버셜,대면채널  TM,2026-04-01,"1. 가입나이 : 최초계약 기준 30세~80세 2. 보험기간 : 10년만기, 20년만기, 30년만기 ※최종 갱신계약의 보험기간 만료일은 피보험자의 100세 계약해당일 3. 납입기간 : 전기납 4. 보험료 및 보험가격지수 작성기준 : 최초계약, 40세, 20년만기, 전기납, 월납, 가입금액 3,000만원",1588-0058,,,,
주계약,재해사망보험금 (월납),특약,"무배당 간편고지뇌졸중진단특약(3.2.5)(해약환급금미지급형,갱신형)","피보험자가 보험기간 중 뇌졸중으로 진단확정 되었을 때 (다만, 최초 1 회에 한하여 지급함)","1,500만원(단, 보험계약일로부터 1 년이 지난 보험계약해당일 전일 이전에 지급사유가 발생하였을 경우에는 상기금액의 50%를 지급)","1,500만원  원",762 원,496 원,2.25 %,갱신형,대면채널  TM,2026-04-01,"1. 가입나이 : 최초계약 기준 30세~80세 2. 보험기간 : 10년만기, 20년만기, 30년만기 ※최종 갱신계약의 보험기간 만료일은 피보험자의 100세 계약해당일 3. 납입기간 : 전기납 4. 보험료 및 보험가격지수 작성기준 : 최초계약, 40세, 20년만기, 전기납, 월납, 가입금액 3,000만원",1588-0058,보장성_상품비교_20260608162059302.xls,라이나생명,"(무)새로담는간편건강보험(3.2.5)(해약환급금미지급형,갱신형)",특약,"무배당 간편고지뇌졸중진단특약(3.2.5)(해약환급금미지급형,갱신형)","피보험자가 보험기간 중 뇌졸중으로 진단확정 되었을 때 (다만, 최초 1 회에 한하여 지급함)","1,500만원(단, 보험계약일로부터 1 년이 지난 보험계약해당일 전일 이전에 지급사유가 발생하였을 경우에는 상기금액의 50%를 지급)","1,500만원  원",762  원,496  원,2.25 %,-,-,100.4 %,92.9 %,-,-,-,-,보험기간(1년 초과),무해지/저해지환급,갱신형,비유니버셜,대면채널  TM,2026-04-01,"1. 가입나이 : 최초계약 기준 30세~80세 2. 보험기간 : 10년만기, 20년만기, 30년만기 ※최종 갱신계약의 보험기간 만료일은 피보험자의 100세 계약해당일 3. 납입기간 : 전기납 4. 보험료 및 보험가격지수 작성기준 : 최초계약, 40세, 20년만기, 전기납, 월납, 가입금액 3,000만원",1588-0058,,,,
주계약,재해사망보험금 (월납),주계약,재해사망보험금,피보험자가 보험기간 중 재해로 인하여 사망한 경우,"3,000만원","3,000만원  원",900 원,240 원,2.25 %,갱신형,대면채널  TM,2026-04-01,"1. 가입나이 : 최초계약 기준 30세~80세 2. 보험기간 : 10년만기, 20년만기, 30년만기 ※최종 갱신계약의 보험기간 만료일은 피보험자의 100세 계약해당일 3. 납입기간 : 전기납 4. 보험료 및 보험가격지수 작성기준 : 최초계약, 40세, 20년만기, 전기납, 월납, 가입금액 3,000만원",15880058,보장성_상품비교_20260608162059302.xls,라이나생명,"(무)새로담는간편건강보험(3.5.5)(해약환급금미지급형,갱신형)",주계약,재해사망보험금,피보험자가 보험기간 중 재해로 인하여 사망한 경우,"3,000만원","3,000만원  원",900  원,240  원,2.25 %,-,-,91.3 %,94.6 %,-,-,-,-,보험기간(1년 초과),무해지/저해지환급,갱신형,비유니버셜,대면채널  TM,2026-04-01,"1. 가입나이 : 최초계약 기준 30세~80세 2. 보험기간 : 10년만기, 20년만기, 30년만기 ※최종 갱신계약의 보험기간 만료일은 피보험자의 100세 계약해당일 3. 납입기간 : 전기납 4. 보험료 및 보험가격지수 작성기준 : 최초계약, 40세, 20년만기, 전기납, 월납, 가입금액 3,000만원",15880058,,,,
주계약,재해사망보험금 (월납),특약,"무배당 간편고지암진단특약(3.5.5)(해약환급금미지급형,갱신형)","피보험자가 보험기간 중 암보장개시일 이후에 “암”으로 진단확정 되었을 때 (단, 최초 1 회에 한하여 지급함)","3,000만원(단, 보험계약일로부터 1 년이 지난 보험계약해당일 전일 이전에 지급사유가 발생하였을 경우에는 상기금액의 50%를 지급)",3000만원  원,"19,200 원","26,100 원",2.25 %,갱신형,대면채널  TM,2026-04-01,"1. 가입나이 : 최초계약 기준 30세~80세 2. 보험기간 : 10년만기, 20년만기, 30년만기 ※최종 갱신계약의 보험기간 만료일은 피보험자의 100세 계약해당일 3. 납입기간 : 전기납 4. 보험료 및 보험가격지수 작성기준 : 최초계약, 40세, 20년만기, 전기납, 월납, 가입금액 3,000만원",15880058,보장성_상품비교_20260608162059302.xls,라이나생명,"(무)새로담는간편건강보험(3.5.5)(해약환급금미지급형,갱신형)",특약,"무배당 간편고지암진단특약(3.5.5)(해약환급금미지급형,갱신형)","피보험자가 보험기간 중 암보장개시일 이후에 “암”으로 진단확정 되었을 때 (단, 최초 1 회에 한하여 지급함)","3,000만원(단, 보험계약일로부터 1 년이 지난 보험계약해당일 전일 이전에 지급사유가 발생하였을 경우에는 상기금액의 50%를 지급)",3000만원  원,19200  원,"26,100  원",2.25 %,-,-,91.3 %,94.6 %,-,-,-,-,보험기간(1년 초과),무해지/저해지환급,갱신형,비유니버셜,대면채널  TM,2026-04-01,"1. 가입나이 : 최초계약 기준 30세~80세 2. 보험기간 : 10년만기, 20년만기, 30년만기 ※최종 갱신계약의 보험기간 만료일은 피보험자의 100세 계약해당일 3. 납입기간 : 전기납 4. 보험료 및 보험가격지수 작성기준 : 최초계약, 40세, 20년만기, 전기납, 월납, 가입금액 3,000만원",15880058,,,,
주계약,재해사망보험금 (월납),특약,"무배당 간편고지소액암진단특약(3.5.5)(해약환급금미지급형,갱신형)","피보험자가 보험기간 중 “갑상선암”, “기타피부암”, “제자리암(상피내암)” 또는 “경계성종양”으로 진단확정 되었을 때 (단, 각각 최초 1 회에 한하여 지급함)","600만원(단, 최초계약의 계약일로부터 1 년이내에 지급사유가 발생하였을 경우에는 상기금액의 50%를 지급)",600만원  원,"1,056 원","3,666 원",2.25 %,갱신형,대면채널  TM,2026-04-01,"1. 가입나이 : 최초계약 기준 30세~80세 2. 보험기간 : 10년만기, 20년만기, 30년만기 ※최종 갱신계약의 보험기간 만료일은 피보험자의 100세 계약해당일 3. 납입기간 : 전기납 4. 보험료 및 보험가격지수 작성기준 : 최초계약, 40세, 20년만기, 전기납, 월납, 가입금액 3,000만원",15880058,보장성_상품비교_20260608162059302.xls,라이나생명,"(무)새로담는간편건강보험(3.5.5)(해약환급금미지급형,갱신형)",특약,"무배당 간편고지소액암진단특약(3.5.5)(해약환급금미지급형,갱신형)","피보험자가 보험기간 중 “갑상선암”, “기타피부암”, “제자리암(상피내암)” 또는 “경계성종양”으로 진단확정 되었을 때 (단, 각각 최초 1 회에 한하여 지급함)","600만원(단, 최초계약의 계약일로부터 1 년이내에 지급사유가 발생하였을 경우에는 상기금액의 50%를 지급)",600만원  원,1056  원,"3,666  원",2.25 %,-,-,91.3 %,94.6 %,-,-,-,-,보험기간(1년 초과),무해지/저해지환급,갱신형,비유니버셜,대면채널  TM,2026-04-01,"1. 가입나이 : 최초계약 기준 30세~80세 2. 보험기간 : 10년만기, 20년만기, 30년만기 ※최종 갱신계약의 보험기간 만료일은 피보험자의 100세 계약해당일 3. 납입기간 : 전기납 4. 보험료 및 보험가격지수 작성기준 : 최초계약, 40세, 20년만기, 전기납, 월납, 가입금액 3,000만원",15880058,,,,
주계약,재해사망보험금 (월납),특약,"무배당 간편고지뇌출혈진단특약(3.5.5)(해약환급금미지급형,갱신형)","피보험자가 보험기간 중 뇌출혈로 진단확정 되었을 때 (다만, 최초 1 회에 한하여 지급함)","3,000만원(단, 보험계약일로부터 1 년이 지난 보험계약해당일 전일 이전에 지급사유가 발생하였을 경우에는 상기금액의 50%를 지급)",3000만원  원,"3,630 원","2,610 원",2.25 %,갱신형,대면채널  TM,2026-04-01,"1. 가입나이 : 최초계약 기준 30세~80세 2. 보험기간 : 10년만기, 20년만기, 30년만기 ※최종 갱신계약의 보험기간 만료일은 피보험자의 100세 계약해당일 3. 납입기간 : 전기납 4. 보험료 및 보험가격지수 작성기준 : 최초계약, 40세, 20년만기, 전기납, 월납, 가입금액 3,000만원",15880058,보장성_상품비교_20260608162059302.xls,라이나생명,"(무)새로담는간편건강보험(3.5.5)(해약환급금미지급형,갱신형)",특약,"무배당 간편고지뇌출혈진단특약(3.5.5)(해약환급금미지급형,갱신형)","피보험자가 보험기간 중 뇌출혈로 진단확정 되었을 때 (다만, 최초 1 회에 한하여 지급함)","3,000만원(단, 보험계약일로부터 1 년이 지난 보험계약해당일 전일 이전에 지급사유가 발생하였을 경우에는 상기금액의 50%를 지급)",3000만원  원,3630  원,"2,610  원",2.25 %,-,-,91.3 %,94.6 %,-,-,-,-,보험기간(1년 초과),무해지/저해지환급,갱신형,비유니버셜,대면채널  TM,2026-04-01,"1. 가입나이 : 최초계약 기준 30세~80세 2. 보험기간 : 10년만기, 20년만기, 30년만기 ※최종 갱신계약의 보험기간 만료일은 피보험자의 100세 계약해당일 3. 납입기간 : 전기납 4. 보험료 및 보험가격지수 작성기준 : 최초계약, 40세, 20년만기, 전기납, 월납, 가입금액 3,000만원",15880058,,,,
주계약,재해사망보험금 (월납),특약,"무배당 간편고지뇌졸중진단특약(3.5.5)(해약환급금미지급형,갱신형)","피보험자가 보험기간 중 뇌졸중으로 진단확정 되었을 때 (다만, 최초 1 회에 한하여 지급함)","1,500만원(단, 보험계약일로부터 1 년이 지난 보험계약해당일 전일 이전에 지급사유가 발생하였을 경우에는 상기금액의 50%를 지급)",1500만원  원,"4,905 원","2,910 원",2.25 %,갱신형,대면채널  TM,2026-04-01,"1. 가입나이 : 최초계약 기준 30세~80세 2. 보험기간 : 10년만기, 20년만기, 30년만기 ※최종 갱신계약의 보험기간 만료일은 피보험자의 100세 계약해당일 3. 납입기간 : 전기납 4. 보험료 및 보험가격지수 작성기준 : 최초계약, 40세, 20년만기, 전기납, 월납, 가입금액 3,000만원",15880058,보장성_상품비교_20260608162059302.xls,라이나생명,"(무)새로담는간편건강보험(3.5.5)(해약환급금미지급형,갱신형)",특약,"무배당 간편고지뇌졸중진단특약(3.5.5)(해약환급금미지급형,갱신형)","피보험자가 보험기간 중 뇌졸중으로 진단확정 되었을 때 (다만, 최초 1 회에 한하여 지급함)","1,500만원(단, 보험계약일로부터 1 년이 지난 보험계약해당일 전일 이전에 지급사유가 발생하였을 경우에는 상기금액의 50%를 지급)",1500만원  원,4905  원,"2,910  원",2.25 %,-,-,91.3 %,94.6 %,-,-,-,-,보험기간(1년 초과),무해지/저해지환급,갱신형,비유니버셜,대면채널  TM,2026-04-01,"1. 가입나이 : 최초계약 기준 30세~80세 2. 보험기간 : 10년만기, 20년만기, 30년만기 ※최종 갱신계약의 보험기간 만료일은 피보험자의 100세 계약해당일 3. 납입기간 : 전기납 4. 보험료 및 보험가격지수 작성기준 : 최초계약, 40세, 20년만기, 전기납, 월납, 가입금액 3,000만원",15880058,,,,
주계약,재해사망보험금 (월납),주계약,재해사망보험금,피보험자가 보험기간 중 재해로 인하여 사망한 경우,"3,000만원","3,000만원  원",810 원,210 원,2.25 %,갱신형,대면채널  TM,2026-04-01,"1. 가입나이 : 최초계약 기준 30세~80세 2. 보험기간 : 10년만기, 20년만기, 30년만기 ※최종 갱신계약의 보험기간 만료일은 피보험자의 100세 계약해당일 3. 납입기간 : 전기납 4. 보험료 및 보험가격지수 작성기준 : 최초계약, 40세, 20년만기, 전기납, 월납, 가입금액 3,000만원",15880058,보장성_상품비교_20260608162059302.xls,라이나생명,"(무)새로담는간편건강보험(3.10.5)(해약환급금미지급형,갱신형)",주계약,재해사망보험금,피보험자가 보험기간 중 재해로 인하여 사망한 경우,"3,000만원","3,000만원  원",810  원,210  원,2.25 %,-,-,90.8 %,82.7 %,-,-,-,-,보험기간(1년 초과),무해지/저해지환급,갱신형,비유니버셜,대면채널  TM,2026-04-01,"1. 가입나이 : 최초계약 기준 30세~80세 2. 보험기간 : 10년만기, 20년만기, 30년만기 ※최종 갱신계약의 보험기간 만료일은 피보험자의 100세 계약해당일 3. 납입기간 : 전기납 4. 보험료 및 보험가격지수 작성기준 : 최초계약, 40세, 20년만기, 전기납, 월납, 가입금액 3,000만원",15880058,,,,
주계약,재해사망보험금 (월납),특약,"무배당 간편고지암진단특약(3.10.5)(해약환급금미지급형,갱신형)","피보험자가 보험기간 중 암보장개시일 이후에 “암”으로 진단확정 되었을 때 (단, 최초 1 회에 한하여 지급함)","3,000만원(단, 보험계약일로부터 1 년이 지난 보험계약해당일 전일 이전에 지급사유가 발생하였을 경우에는 상기금액의 50%를 지급)",3000만원  원,"18,000 원","24,000 원",2.25 %,갱신형,대면채널  TM,2026-04-01,"1. 가입나이 : 최초계약 기준 30세~80세 2. 보험기간 : 10년만기, 20년만기, 30년만기 ※최종 갱신계약의 보험기간 만료일은 피보험자의 100세 계약해당일 3. 납입기간 : 전기납 4. 보험료 및 보험가격지수 작성기준 : 최초계약, 40세, 20년만기, 전기납, 월납, 가입금액 3,000만원",15880058,보장성_상품비교_20260608162059302.xls,라이나생명,"(무)새로담는간편건강보험(3.10.5)(해약환급금미지급형,갱신형)",특약,"무배당 간편고지암진단특약(3.10.5)(해약환급금미지급형,갱신형)","피보험자가 보험기간 중 암보장개시일 이후에 “암”으로 진단확정 되었을 때 (단, 최초 1 회에 한하여 지급함)","3,000만원(단, 보험계약일로부터 1 년이 지난 보험계약해당일 전일 이전에 지급사유가 발생하였을 경우에는 상기금액의 50%를 지급)",3000만원  원,18000  원,"24,000  원",2.25 %,-,-,90.8 %,82.7 %,-,-,-,-,보험기간(1년 초과),무해지/저해지환급,갱신형,비유니버셜,대면채널  TM,2026-04-01,"1. 가입나이 : 최초계약 기준 30세~80세 2. 보험기간 : 10년만기, 20년만기, 30년만기 ※최종 갱신계약의 보험기간 만료일은 피보험자의 100세 계약해당일 3. 납입기간 : 전기납 4. 보험료 및 보험가격지수 작성기준 : 최초계약, 40세, 20년만기, 전기납, 월납, 가입금액 3,000만원",15880058,,,,
주계약,재해사망보험금 (월납),특약,"무배당 간편고지소액암진단특약(3.10.5)(해약환급금미지급형,갱신형)","피보험자가 보험기간 중 “갑상선암”, “기타피부암”, “제자리암(상피내암)” 또는 “경계성종양”으로 진단확정 되었을 때 (단, 각각 최초 1 회에 한하여 지급함)","600만원(단, 최초계약일로부터 1 년이내에 지급사유가 발생하였을 경우에는 상기금액의 50%를 지급)",600만원  원,996 원,"3,354 원",2.25 %,갱신형,대면채널  TM,2026-04-01,"1. 가입나이 : 최초계약 기준 30세~80세 2. 보험기간 : 10년만기, 20년만기, 30년만기 ※최종 갱신계약의 보험기간 만료일은 피보험자의 100세 계약해당일 3. 납입기간 : 전기납 4. 보험료 및 보험가격지수 작성기준 : 최초계약, 40세, 20년만기, 전기납, 월납, 가입금액 3,000만원",15880058,보장성_상품비교_20260608162059302.xls,라이나생명,"(무)새로담는간편건강보험(3.10.5)(해약환급금미지급형,갱신형)",특약,"무배당 간편고지소액암진단특약(3.10.5)(해약환급금미지급형,갱신형)","피보험자가 보험기간 중 “갑상선암”, “기타피부암”, “제자리암(상피내암)” 또는 “경계성종양”으로 진단확정 되었을 때 (단, 각각 최초 1 회에 한하여 지급함)","600만원(단, 최초계약일로부터 1 년이내에 지급사유가 발생하였을 경우에는 상기금액의 50%를 지급)",600만원  원,996  원,"3,354  원",2.25 %,-,-,90.8 %,82.7 %,-,-,-,-,보험기간(1년 초과),무해지/저해지환급,갱신형,비유니버셜,대면채널  TM,2026-04-01,"1. 가입나이 : 최초계약 기준 30세~80세 2. 보험기간 : 10년만기, 20년만기, 30년만기 ※최종 갱신계약의 보험기간 만료일은 피보험자의 100세 계약해당일 3. 납입기간 : 전기납 4. 보험료 및 보험가격지수 작성기준 : 최초계약, 40세, 20년만기, 전기납, 월납, 가입금액 3,000만원",15880058,,,,
주계약,재해사망보험금 (월납),특약,"무배당 간편고지뇌출혈진단특약(3.10.5)(해약환급금미지급형,갱신형)","피보험자가 보험기간 중 뇌출혈로 진단확정 되었을 때 (다만, 최초 1 회에 한하여 지급함)","3,000만원(단, 보험계약일로부터 1 년이 지난 보험계약해당일 전일 이전에 지급사유가 발생하였을 경우에는 상기금액의 50%를 지급)",3000만원  원,"3,420 원","2,400 원",2.25 %,갱신형,대면채널  TM,2026-04-01,"1. 가입나이 : 최초계약 기준 30세~80세 2. 보험기간 : 10년만기, 20년만기, 30년만기 ※최종 갱신계약의 보험기간 만료일은 피보험자의 100세 계약해당일 3. 납입기간 : 전기납 4. 보험료 및 보험가격지수 작성기준 : 최초계약, 40세, 20년만기, 전기납, 월납, 가입금액 3,000만원",15880058,보장성_상품비교_20260608162059302.xls,라이나생명,"(무)새로담는간편건강보험(3.10.5)(해약환급금미지급형,갱신형)",특약,"무배당 간편고지뇌출혈진단특약(3.10.5)(해약환급금미지급형,갱신형)","피보험자가 보험기간 중 뇌출혈로 진단확정 되었을 때 (다만, 최초 1 회에 한하여 지급함)","3,000만원(단, 보험계약일로부터 1 년이 지난 보험계약해당일 전일 이전에 지급사유가 발생하였을 경우에는 상기금액의 50%를 지급)",3000만원  원,3420  원,"2,400  원",2.25 %,-,-,90.8 %,82.7 %,-,-,-,-,보험기간(1년 초과),무해지/저해지환급,갱신형,비유니버셜,대면채널  TM,2026-04-01,"1. 가입나이 : 최초계약 기준 30세~80세 2. 보험기간 : 10년만기, 20년만기, 30년만기 ※최종 갱신계약의 보험기간 만료일은 피보험자의 100세 계약해당일 3. 납입기간 : 전기납 4. 보험료 및 보험가격지수 작성기준 : 최초계약, 40세, 20년만기, 전기납, 월납, 가입금액 3,000만원",15880058,,,,
주계약,재해사망보험금 (월납),특약,"무배당 간편고지뇌졸중진단특약(3.10.5)(해약환급금미지급형,갱신형)","피보험자가 보험기간 중 뇌졸중으로 진단확정 되었을 때 (다만, 최초 1 회에 한하여 지급함)","1,500만원(단, 보험계약일부터 1년이 지난 보험계약해당일 전일 이전에 지급사유가 발생하였을 경우에는 상기금액의 50%를 지급",1500만원  원,"4,635 원","2,685 원",2.25 %,갱신형,대면채널  TM,2026-04-01,"1. 가입나이 : 최초계약 기준 30세~80세 2. 보험기간 : 10년만기, 20년만기, 30년만기 ※최종 갱신계약의 보험기간 만료일은 피보험자의 100세 계약해당일 3. 납입기간 : 전기납 4. 보험료 및 보험가격지수 작성기준 : 최초계약, 40세, 20년만기, 전기납, 월납, 가입금액 3,000만원",15880058,보장성_상품비교_20260608162059302.xls,라이나생명,"(무)새로담는간편건강보험(3.10.5)(해약환급금미지급형,갱신형)",특약,"무배당 간편고지뇌졸중진단특약(3.10.5)(해약환급금미지급형,갱신형)","피보험자가 보험기간 중 뇌졸중으로 진단확정 되었을 때 (다만, 최초 1 회에 한하여 지급함)","1,500만원(단, 보험계약일부터 1년이 지난 보험계약해당일 전일 이전에 지급사유가 발생하였을 경우에는 상기금액의 50%를 지급",1500만원  원,4635  원,"2,685  원",2.25 %,-,-,90.8 %,82.7 %,-,-,-,-,보험기간(1년 초과),무해지/저해지환급,갱신형,비유니버셜,대면채널  TM,2026-04-01,"1. 가입나이 : 최초계약 기준 30세~80세 2. 보험기간 : 10년만기, 20년만기, 30년만기 ※최종 갱신계약의 보험기간 만료일은 피보험자의 100세 계약해당일 3. 납입기간 : 전기납 4. 보험료 및 보험가격지수 작성기준 : 최초계약, 40세, 20년만기, 전기납, 월납, 가입금액 3,000만원",15880058,,,,
주계약,재해사망보험금 (월납),주계약,재해사망보험금,피보험자가 보험기간 중 재해로 인하여 사망한 경우,"1,000만원","1,000만원  원",300 원,80 원,2.25 %,갱신형,TM,2026-01-01,"1. 가입나이 : 최초계약 기준 30세~80세 2. 보험기간 : 10년만기, 20년만기, 30년만기 ※최종 갱신계약의 보험기간 만료일은 피보험자의 100세 계약해당일 3. 납입기간 : 전기납 4. 보험료 및 보험가격지수 작성기준 : 최초계약, 40세, 20년만기, 전기납, 월납, 가입금액 1,000만원",15880058,보장성_상품비교_20260608162059302.xls,라이나생명,"(무)뉴스타트골라담는간편건강보험(해약환급금 미지급형,갱신형)",주계약,재해사망보험금,피보험자가 보험기간 중 재해로 인하여 사망한 경우,"1,000만원","1,000만원  원",300  원,80  원,2.25 %,-,-,91.3 %,94.6 %,-,-,-,-,보험기간(1년 초과),무해지/저해지환급,갱신형,비유니버셜,TM,2026-01-01,"1. 가입나이 : 최초계약 기준 30세~80세 2. 보험기간 : 10년만기, 20년만기, 30년만기 ※최종 갱신계약의 보험기간 만료일은 피보험자의 100세 계약해당일 3. 납입기간 : 전기납 4. 보험료 및 보험가격지수 작성기준 : 최초계약, 40세, 20년만기, 전기납, 월납, 가입금액 1,000만원",15880058,,,,
주계약,재해사망보험금 (월납),특약,"무배당뉴스타트간편고지뇌출혈진단특약(해약환급금미지급형,갱신형)","피보험자가 보험기간 중 뇌출혈로 진단확정 되었을 때 (다만, 최초 1회에 한하여 지급함)","3,000만원",3000만원  원,"3,450 원","2,430 원",2.25 %,갱신형,TM,2026-01-01,"1. 가입나이 : 최초계약 기준 30세~80세 2. 보험기간 : 10년만기, 20년만기, 30년만기 ※최종 갱신계약의 보험기간 만료일은 피보험자의 100세 계약해당일 3. 납입기간 : 전기납 4. 보험료 및 보험가격지수 작성기준 : 최초계약, 40세, 20년만기, 전기납, 월납, 가입금액 1,000만원",15880058,보장성_상품비교_20260608162059302.xls,라이나생명,"(무)뉴스타트골라담는간편건강보험(해약환급금 미지급형,갱신형)",특약,"무배당뉴스타트간편고지뇌출혈진단특약(해약환급금미지급형,갱신형)","피보험자가 보험기간 중 뇌출혈로 진단확정 되었을 때 (다만, 최초 1회에 한하여 지급함)","3,000만원",3000만원  원,3450  원,"2,430  원",2.25 %,-,-,91.3 %,94.6 %,-,-,-,-,보험기간(1년 초과),무해지/저해지환급,갱신형,비유니버셜,TM,2026-01-01,"1. 가입나이 : 최초계약 기준 30세~80세 2. 보험기간 : 10년만기, 20년만기, 30년만기 ※최종 갱신계약의 보험기간 만료일은 피보험자의 100세 계약해당일 3. 납입기간 : 전기납 4. 보험료 및 보험가격지수 작성기준 : 최초계약, 40세, 20년만기, 전기납, 월납, 가입금액 1,000만원",15880058,,,,
주계약,재해사망보험금 (월납),특약,"무배당뉴스타트간편고지급성심근경색증진단특약(해약환급금 미지급형,갱신형","피보험자가 보험기간 중 급성심근경색증으로 진단확정 되었을 때 (다만, 최초 1회에 한하여 지급함)","3,000만원",3000만원  원,"5,610 원","1,650 원",2.25 %,갱신형,TM,2026-01-01,"1. 가입나이 : 최초계약 기준 30세~80세 2. 보험기간 : 10년만기, 20년만기, 30년만기 ※최종 갱신계약의 보험기간 만료일은 피보험자의 100세 계약해당일 3. 납입기간 : 전기납 4. 보험료 및 보험가격지수 작성기준 : 최초계약, 40세, 20년만기, 전기납, 월납, 가입금액 1,000만원",15880058,보장성_상품비교_20260608162059302.xls,라이나생명,"(무)뉴스타트골라담는간편건강보험(해약환급금 미지급형,갱신형)",특약,"무배당뉴스타트간편고지급성심근경색증진단특약(해약환급금 미지급형,갱신형","피보험자가 보험기간 중 급성심근경색증으로 진단확정 되었을 때 (다만, 최초 1회에 한하여 지급함)","3,000만원",3000만원  원,5610  원,"1,650  원",2.25 %,-,-,91.3 %,94.6 %,-,-,-,-,보험기간(1년 초과),무해지/저해지환급,갱신형,비유니버셜,TM,2026-01-01,"1. 가입나이 : 최초계약 기준 30세~80세 2. 보험기간 : 10년만기, 20년만기, 30년만기 ※최종 갱신계약의 보험기간 만료일은 피보험자의 100세 계약해당일 3. 납입기간 : 전기납 4. 보험료 및 보험가격지수 작성기준 : 최초계약, 40세, 20년만기, 전기납, 월납, 가입금액 1,000만원",15880058,,,,
주계약,재해사망보험금 (월납),특약,"무배당뉴스타트간편고지심뇌혈관질환수술특약Ⅱ(해약환급금 미지급형,갱신형)",피보험자가 보험기간 중 “심뇌혈관 질환”으로 진단 확정되고 그 치료를 직접적인 목적으로 “관혈수술”을 받 았을 때 (수술1회당) ※이외 보장담보는 상품요약서 참조,1000만원,1000만원  원,"4,420 원","1,840 원",2.25 %,갱신형,TM,2026-01-01,"1. 가입나이 : 최초계약 기준 30세~80세 2. 보험기간 : 10년만기, 20년만기, 30년만기 ※최종 갱신계약의 보험기간 만료일은 피보험자의 100세 계약해당일 3. 납입기간 : 전기납 4. 보험료 및 보험가격지수 작성기준 : 최초계약, 40세, 20년만기, 전기납, 월납, 가입금액 1,000만원",15880058,보장성_상품비교_20260608162059302.xls,라이나생명,"(무)뉴스타트골라담는간편건강보험(해약환급금 미지급형,갱신형)",특약,"무배당뉴스타트간편고지심뇌혈관질환수술특약Ⅱ(해약환급금 미지급형,갱신형)",피보험자가 보험기간 중 “심뇌혈관 질환”으로 진단 확정되고 그 치료를 직접적인 목적으로 “관혈수술”을 받 았을 때 (수술1회당) ※이외 보장담보는 상품요약서 참조,1000만원,1000만원  원,4420  원,"1,840  원",2.25 %,-,-,91.3 %,94.6 %,-,-,-,-,보험기간(1년 초과),무해지/저해지환급,갱신형,비유니버셜,TM,2026-01-01,"1. 가입나이 : 최초계약 기준 30세~80세 2. 보험기간 : 10년만기, 20년만기, 30년만기 ※최종 갱신계약의 보험기간 만료일은 피보험자의 100세 계약해당일 3. 납입기간 : 전기납 4. 보험료 및 보험가격지수 작성기준 : 최초계약, 40세, 20년만기, 전기납, 월납, 가입금액 1,000만원",15880058,,,,
주계약,재해사망보험금 (월납),특약,"무배당뉴스타트간편고지특정심뇌혈관주요치료특약(해약환급금 미지급형,갱신형)","피보험자가 보험기간 중 뇌졸중의 치료를 직접적인 목적으로 “혈전용해치료”를 받았을 때 (단, 연간 1회를 한도로 함) ※이외 보장담보는 상품요약서 참조","3,000만원",3000만원  원,"5,730 원","2,010 원",2.25 %,갱신형,TM,2026-01-01,"1. 가입나이 : 최초계약 기준 30세~80세 2. 보험기간 : 10년만기, 20년만기, 30년만기 ※최종 갱신계약의 보험기간 만료일은 피보험자의 100세 계약해당일 3. 납입기간 : 전기납 4. 보험료 및 보험가격지수 작성기준 : 최초계약, 40세, 20년만기, 전기납, 월납, 가입금액 1,000만원",15880058,보장성_상품비교_20260608162059302.xls,라이나생명,"(무)뉴스타트골라담는간편건강보험(해약환급금 미지급형,갱신형)",특약,"무배당뉴스타트간편고지특정심뇌혈관주요치료특약(해약환급금 미지급형,갱신형)","피보험자가 보험기간 중 뇌졸중의 치료를 직접적인 목적으로 “혈전용해치료”를 받았을 때 (단, 연간 1회를 한도로 함) ※이외 보장담보는 상품요약서 참조","3,000만원",3000만원  원,5730  원,"2,010  원",2.25 %,-,-,91.3 %,94.6 %,-,-,-,-,보험기간(1년 초과),무해지/저해지환급,갱신형,비유니버셜,TM,2026-01-01,"1. 가입나이 : 최초계약 기준 30세~80세 2. 보험기간 : 10년만기, 20년만기, 30년만기 ※최종 갱신계약의 보험기간 만료일은 피보험자의 100세 계약해당일 3. 납입기간 : 전기납 4. 보험료 및 보험가격지수 작성기준 : 최초계약, 40세, 20년만기, 전기납, 월납, 가입금액 1,000만원",15880058,,,,
NH농협생명,ESG쏘옥NHe대중교통보험(무배당) (월납),주계약,대중교통재해 사망보험금,"피보험자가 보험기간 중‘대중교통 이용 중 교통사고’가 발생하고, 보험기간 중 그 ‘대중교통 이용 중 교통사고’를 직접적인 원인으로 사망한 경우","2,000만원","1,000만원","1,170 원",240 원,2.50 %,비갱신형,CM,2026-01-01,"""1. 가입나이 : 만19세 ~ 60세 2. 가입한도 : 1,000만원 단일 3. 보험기간 : 1년 4. 판매채널 : CM 5. 위 보험료 및 보험가격지수 예시는 주계약 , 40세, 1년만기, 연납, 주계약 가입금액 1,000만원기준입니다.""",1544-4000,보장성_상품비교_20260608162059302.xls,NH농협생명,ESG쏘옥NHe대중교통보험(무배당),주계약,대중교통재해 사망보험금,"피보험자가 보험기간 중‘대중교통 이용 중 교통사고’가 발생하고, 보험기간 중 그 ‘대중교통 이용 중 교통사고’를 직접적인 원인으로 사망한 경우","2,000만원","1,000만원",1170  원,240  원,2.50 %,-,-,224.4 %,223.6 %,-,-,-,-,보험기간(1년 이하),순수보장,비갱신형,비유니버셜,CM,2026-01-01,"""1. 가입나이 : 만19세 ~ 60세 2. 가입한도 : 1,000만원 단일 3. 보험기간 : 1년 4. 판매채널 : CM 5. 위 보험료 및 보험가격지수 예시는 주계약 , 40세, 1년만기, 연납, 주계약 가입금액 1,000만원기준입니다.""",1544-4000,,,,
NH농협생명,ESG쏘옥NHe대중교통보험(무배당) (월납),주계약,기타교통재해 사망보험금,"피보험자가 보험기간 중 ‘대중교통 이용 중 교통사고’를 제외한 교통재해가 발생하고, 보험기간 중 그 ‘대중교통 이용 중 교통사고’를 제외한 교통재해를 직접적인 원인으로 사망한 경우",500만원,"1,000만원","1,170 원",240 원,2.50 %,비갱신형,CM,2026-01-01,"""1. 가입나이 : 만19세 ~ 60세 2. 가입한도 : 1,000만원 단일 3. 보험기간 : 1년 4. 판매채널 : CM 5. 위 보험료 및 보험가격지수 예시는 주계약 , 40세, 1년만기, 연납, 주계약 가입금액 1,000만원기준입니다.""",1544-4000,보장성_상품비교_20260608162059302.xls,NH농협생명,ESG쏘옥NHe대중교통보험(무배당),주계약,기타교통재해 사망보험금,"피보험자가 보험기간 중 ‘대중교통 이용 중 교통사고’를 제외한 교통재해가 발생하고, 보험기간 중 그 ‘대중교통 이용 중 교통사고’를 제외한 교통재해를 직접적인 원인으로 사망한 경우",500만원,"1,000만원",1170  원,240  원,2.50 %,-,-,224.4 %,223.6 %,-,-,-,-,보험기간(1년 이하),순수보장,비갱신형,비유니버셜,CM,2026-01-01,"""1. 가입나이 : 만19세 ~ 60세 2. 가입한도 : 1,000만원 단일 3. 보험기간 : 1년 4. 판매채널 : CM 5. 위 보험료 및 보험가격지수 예시는 주계약 , 40세, 1년만기, 연납, 주계약 가입금액 1,000만원기준입니다.""",1544-4000,,,,
NH농협생명,심플한NH재해보험(무배당) (월납),주계약,재해사망보험금,피보험자가 보험기간 중 재해로 사망한 경우,"5,000만원","1,000만원","3,800 원","2,340 원",2.50 %,비갱신형,방카슈랑스,2025-08-04,"1. 가입나이 : 만15세 이상 ~ 80세 2. 가입한도 : 1,000만원 3. 보험기간 : 3년 4. 판매채널 : 방카슈랑스 5. 위 보험료 및 보험가격지수 예시는 주계약 가입금액 1,000만원, 가입연령 40세 기준, 3년 만기, 3년납, 월납 기준입니다.",1544-4000,보장성_상품비교_20260608162059302.xls,NH농협생명,심플한NH재해보험(무배당),주계약,재해사망보험금,피보험자가 보험기간 중 재해로 사망한 경우,"5,000만원","1,000만원",3800  원,"2,340  원",2.50 %,-,-,233.5 %,288.1 %,-,-,-,-,보험기간(1년 초과),순수보장,비갱신형,비유니버셜,방카슈랑스,2025-08-04,"1. 가입나이 : 만15세 이상 ~ 80세 2. 가입한도 : 1,000만원 3. 보험기간 : 3년 4. 판매채널 : 방카슈랑스 5. 위 보험료 및 보험가격지수 예시는 주계약 가입금액 1,000만원, 가입연령 40세 기준, 3년 만기, 3년납, 월납 기준입니다.",1544-4000,,,,
NH농협생명,심플한NH재해보험(무배당) (월납),주계약,재해장해연금,"피보험자가 이 계약의 보험기간 중 동일한 재해로 여러 신체부위의 장해지급률을 더하여 50%이상인 장해상태가 되었을때 (다만, 최초발생 1회에 한하여 지급) ※이외 보장담보는 상품요약서 참조",매년 500만원 X 10회,"1,000만원","3,800 원","2,340 원",2.50 %,비갱신형,방카슈랑스,2025-08-04,"1. 가입나이 : 만15세 이상 ~ 80세 2. 가입한도 : 1,000만원 3. 보험기간 : 3년 4. 판매채널 : 방카슈랑스 5. 위 보험료 및 보험가격지수 예시는 주계약 가입금액 1,000만원, 가입연령 40세 기준, 3년 만기, 3년납, 월납 기준입니다.",1544-4000,보장성_상품비교_20260608162059302.xls,NH농협생명,심플한NH재해보험(무배당),주계약,재해장해연금,"피보험자가 이 계약의 보험기간 중 동일한 재해로 여러 신체부위의 장해지급률을 더하여 50%이상인 장해상태가 되었을때 (다만, 최초발생 1회에 한하여 지급) ※이외 보장담보는 상품요약서 참조",매년 500만원 X 10회,"1,000만원",3800  원,"2,340  원",2.50 %,-,-,233.5 %,288.1 %,-,-,-,-,보험기간(1년 초과),순수보장,비갱신형,비유니버셜,방카슈랑스,2025-08-04,"1. 가입나이 : 만15세 이상 ~ 80세 2. 가입한도 : 1,000만원 3. 보험기간 : 3년 4. 판매채널 : 방카슈랑스 5. 위 보험료 및 보험가격지수 예시는 주계약 가입금액 1,000만원, 가입연령 40세 기준, 3년 만기, 3년납, 월납 기준입니다.",1544-4000,,,,
NH농협생명,심플한NH재해보험(무배당) (월납),주계약,응급실내원진료비(응급환자),피보험자가 이 계약의 보험기간 중 ‘응급실 내원 진료비 대상자(응급환자)’에 해당 되었을 때,3만원 (응급실내원 1회당),"1,000만원","3,800 원","2,340 원",2.50 %,비갱신형,방카슈랑스,2025-08-04,"1. 가입나이 : 만15세 이상 ~ 80세 2. 가입한도 : 1,000만원 3. 보험기간 : 3년 4. 판매채널 : 방카슈랑스 5. 위 보험료 및 보험가격지수 예시는 주계약 가입금액 1,000만원, 가입연령 40세 기준, 3년 만기, 3년납, 월납 기준입니다.",1544-4000,보장성_상품비교_20260608162059302.xls,NH농협생명,심플한NH재해보험(무배당),주계약,응급실내원진료비(응급환자),피보험자가 이 계약의 보험기간 중 ‘응급실 내원 진료비 대상자(응급환자)’에 해당 되었을 때,3만원 (응급실내원 1회당),"1,000만원",3800  원,"2,340  원",2.50 %,-,-,233.5 %,288.1 %,-,-,-,-,보험기간(1년 초과),순수보장,비갱신형,비유니버셜,방카슈랑스,2025-08-04,"1. 가입나이 : 만15세 이상 ~ 80세 2. 가입한도 : 1,000만원 3. 보험기간 : 3년 4. 판매채널 : 방카슈랑스 5. 위 보험료 및 보험가격지수 예시는 주계약 가입금액 1,000만원, 가입연령 40세 기준, 3년 만기, 3년납, 월납 기준입니다.",1544-4000,,,,
NH농협생명,효밍아웃NH부모님안전보험(무배당)_2404 (월납),주계약,재해골절 치료급여금,피보험자가 보험기간 중 재해를 직접적인 원인으로 재해골절(치아파절 제외)이 발생하였을 때,20만원 (재해골절발생 1회당),"1,000만원","9,500 원","9,000 원",2.50 %,비갱신형,방카슈랑스,2025-06-09,"1. 가입나이 : 만19세 이상 2. 가입한도 : 1,000만원 3. 보험기간 : 1년 4. 판매채널 : 방카슈랑스 5. 위 보험료 및 보험가격지수 예시는 주계약 가입금액 1,000만원, 가입연령 40세 기준, 1년 만기, 1년납, 연납 기준입니다.",1544-4000,보장성_상품비교_20260608162059302.xls,NH농협생명,효밍아웃NH부모님안전보험(무배당)_2404,주계약,재해골절 치료급여금,피보험자가 보험기간 중 재해를 직접적인 원인으로 재해골절(치아파절 제외)이 발생하였을 때,20만원 (재해골절발생 1회당),"1,000만원",9500  원,"9,000  원",2.50 %,-,-,84.3 %,78.2 %,-,-,-,-,보험기간(1년 이하),순수보장,비갱신형,비유니버셜,방카슈랑스,2025-06-09,"1. 가입나이 : 만19세 이상 2. 가입한도 : 1,000만원 3. 보험기간 : 1년 4. 판매채널 : 방카슈랑스 5. 위 보험료 및 보험가격지수 예시는 주계약 가입금액 1,000만원, 가입연령 40세 기준, 1년 만기, 1년납, 연납 기준입니다.",1544-4000,,,,
NH농협생명,효밍아웃NH부모님안전보험(무배당)_2404 (월납),주계약,깁스치료급여금,피보험자가 보험기간 중 ‘깁스(Cast)’ 치료를 받았을 때,5만원 (깁스치료 1회당),"1,000만원","9,500 원","9,000 원",2.50 %,비갱신형,방카슈랑스,2025-06-09,"1. 가입나이 : 만19세 이상 2. 가입한도 : 1,000만원 3. 보험기간 : 1년 4. 판매채널 : 방카슈랑스 5. 위 보험료 및 보험가격지수 예시는 주계약 가입금액 1,000만원, 가입연령 40세 기준, 1년 만기, 1년납, 연납 기준입니다.",1544-4000,보장성_상품비교_20260608162059302.xls,NH농협생명,효밍아웃NH부모님안전보험(무배당)_2404,주계약,깁스치료급여금,피보험자가 보험기간 중 ‘깁스(Cast)’ 치료를 받았을 때,5만원 (깁스치료 1회당),"1,000만원",9500  원,"9,000  원",2.50 %,-,-,84.3 %,78.2 %,-,-,-,-,보험기간(1년 이하),순수보장,비갱신형,비유니버셜,방카슈랑스,2025-06-09,"1. 가입나이 : 만19세 이상 2. 가입한도 : 1,000만원 3. 보험기간 : 1년 4. 판매채널 : 방카슈랑스 5. 위 보험료 및 보험가격지수 예시는 주계약 가입금액 1,000만원, 가입연령 40세 기준, 1년 만기, 1년납, 연납 기준입니다.",1544-4000,,,,
NH농협생명,효밍아웃NH부모님안전보험(무배당)_2404 (월납),주계약,아나필락시스 쇼크진단보험금,피보험자가 보험기간 중 ‘아나필락시스쇼크’로 진단확정 되었을 때,200만원 (최초 1회한),"1,000만원","9,500 원","9,000 원",2.50 %,비갱신형,방카슈랑스,2025-06-09,"1. 가입나이 : 만19세 이상 2. 가입한도 : 1,000만원 3. 보험기간 : 1년 4. 판매채널 : 방카슈랑스 5. 위 보험료 및 보험가격지수 예시는 주계약 가입금액 1,000만원, 가입연령 40세 기준, 1년 만기, 1년납, 연납 기준입니다.",1544-4000,보장성_상품비교_20260608162059302.xls,NH농협생명,효밍아웃NH부모님안전보험(무배당)_2404,주계약,아나필락시스 쇼크진단보험금,피보험자가 보험기간 중 ‘아나필락시스쇼크’로 진단확정 되었을 때,200만원 (최초 1회한),"1,000만원",9500  원,"9,000  원",2.50 %,-,-,84.3 %,78.2 %,-,-,-,-,보험기간(1년 이하),순수보장,비갱신형,비유니버셜,방카슈랑스,2025-06-09,"1. 가입나이 : 만19세 이상 2. 가입한도 : 1,000만원 3. 보험기간 : 1년 4. 판매채널 : 방카슈랑스 5. 위 보험료 및 보험가격지수 예시는 주계약 가입금액 1,000만원, 가입연령 40세 기준, 1년 만기, 1년납, 연납 기준입니다.",1544-4000,,,,
NH농협생명,효밍아웃NH부모님안전보험(무배당)_2404 (월납),주계약,강력범죄·폭력사고 위로금,"피보험자가 보험기간 중 """"강력범죄·폭력사고""""를 직접적인 원인으로 피해자가 되어 """"전치 1개월(4주)을 초과하는 상해""""가 발생하였을 때 (동일사고에 의한 경우 1회에 한함)",300만원 (사고 1회당),"1,000만원","9,500 원","9,000 원",2.50 %,비갱신형,방카슈랑스,2025-06-09,"1. 가입나이 : 만19세 이상 2. 가입한도 : 1,000만원 3. 보험기간 : 1년 4. 판매채널 : 방카슈랑스 5. 위 보험료 및 보험가격지수 예시는 주계약 가입금액 1,000만원, 가입연령 40세 기준, 1년 만기, 1년납, 연납 기준입니다.",1544-4000,보장성_상품비교_20260608162059302.xls,NH농협생명,효밍아웃NH부모님안전보험(무배당)_2404,주계약,강력범죄·폭력사고 위로금,"피보험자가 보험기간 중 """"강력범죄·폭력사고""""를 직접적인 원인으로 피해자가 되어 """"전치 1개월(4주)을 초과하는 상해""""가 발생하였을 때 (동일사고에 의한 경우 1회에 한함)",300만원 (사고 1회당),"1,000만원",9500  원,"9,000  원",2.50 %,-,-,84.3 %,78.2 %,-,-,-,-,보험기간(1년 이하),순수보장,비갱신형,비유니버셜,방카슈랑스,2025-06-09,"1. 가입나이 : 만19세 이상 2. 가입한도 : 1,000만원 3. 보험기간 : 1년 4. 판매채널 : 방카슈랑스 5. 위 보험료 및 보험가격지수 예시는 주계약 가입금액 1,000만원, 가입연령 40세 기준, 1년 만기, 1년납, 연납 기준입니다.",1544-4000,,,,
NH농협생명,NH모두안심재해보험(무배당) (월납),주계약,재해사망보험금,피보험자가 보험기간 중 재해로 사망한 경우,"3,000만원","3,000만원  원","1,530 원",684 원,2.50 %,비갱신형,방카슈랑스,2025-08-04,"1. 가입나이 : 만15세 이상 ~ 87세 2. 가입한도 : 10,000만원 (66세 이상은 최대 5,000만원) 3. 보험기간 : 3년 4. 판매채널 : 방카슈랑스(농·축협) 5. 위 보험료 및 보험가격지수 예시는 주계약 가입금액 3,000만원, 가입연령 40세 기준, 3년 만기, 3년납, 월납 기준입니다. 6. 위 특약보험료 예시는 가입금액 1,000만원, 가입연령 40세 기준, 3년 만기, 3년납, 월납 기준입니다. 7. 공시된 보험료와 상품요약서 상 보험료의 예시 기준이 다름에 따라 보험료가 다를 수 있습니다.",1544-4000,보장성_상품비교_20260608162059302.xls,NH농협생명,NH모두안심재해보험(무배당),주계약,재해사망보험금,피보험자가 보험기간 중 재해로 사망한 경우,"3,000만원","3,000만원  원",1530  원,684  원,2.50 %,-,-,319.5 %,481.2 %,-,-,-,-,보험기간(1년 초과),순수보장,비갱신형,비유니버셜,방카슈랑스,2025-08-04,"1. 가입나이 : 만15세 이상 ~ 87세 2. 가입한도 : 10,000만원 (66세 이상은 최대 5,000만원) 3. 보험기간 : 3년 4. 판매채널 : 방카슈랑스(농·축협) 5. 위 보험료 및 보험가격지수 예시는 주계약 가입금액 3,000만원, 가입연령 40세 기준, 3년 만기, 3년납, 월납 기준입니다. 6. 위 특약보험료 예시는 가입금액 1,000만원, 가입연령 40세 기준, 3년 만기, 3년납, 월납 기준입니다. 7. 공시된 보험료와 상품요약서 상 보험료의 예시 기준이 다름에 따라 보험료가 다를 수 있습니다.",1544-4000,,,,
NH농협생명,NH모두안심재해보험(무배당) (월납),특약,모두안심 재해장해연금특약(무배당),"피보험자가 이 특약의 보험기간 중 동일한 재해로 여러 신체부위의 장해지급률을 더하여 50%이상인 장해상태가 되었을때 (다만, 최초발생 1회에 한하여 지급) ※이외 보장담보는 상품요약서 참조",매년 500만원 X 10회,1000만원  원,462 원,216 원,2.50 %,비갱신형,방카슈랑스,2025-08-04,"1. 가입나이 : 만15세 이상 ~ 87세 2. 가입한도 : 10,000만원 (66세 이상은 최대 5,000만원) 3. 보험기간 : 3년 4. 판매채널 : 방카슈랑스(농·축협) 5. 위 보험료 및 보험가격지수 예시는 주계약 가입금액 3,000만원, 가입연령 40세 기준, 3년 만기, 3년납, 월납 기준입니다. 6. 위 특약보험료 예시는 가입금액 1,000만원, 가입연령 40세 기준, 3년 만기, 3년납, 월납 기준입니다. 7. 공시된 보험료와 상품요약서 상 보험료의 예시 기준이 다름에 따라 보험료가 다를 수 있습니다.",1544-4000,보장성_상품비교_20260608162059302.xls,NH농협생명,NH모두안심재해보험(무배당),특약,모두안심 재해장해연금특약(무배당),"피보험자가 이 특약의 보험기간 중 동일한 재해로 여러 신체부위의 장해지급률을 더하여 50%이상인 장해상태가 되었을때 (다만, 최초발생 1회에 한하여 지급) ※이외 보장담보는 상품요약서 참조",매년 500만원 X 10회,1000만원  원,462  원,216  원,2.50 %,-,-,319.5 %,481.2 %,-,-,-,-,보험기간(1년 초과),순수보장,비갱신형,비유니버셜,방카슈랑스,2025-08-04,"1. 가입나이 : 만15세 이상 ~ 87세 2. 가입한도 : 10,000만원 (66세 이상은 최대 5,000만원) 3. 보험기간 : 3년 4. 판매채널 : 방카슈랑스(농·축협) 5. 위 보험료 및 보험가격지수 예시는 주계약 가입금액 3,000만원, 가입연령 40세 기준, 3년 만기, 3년납, 월납 기준입니다. 6. 위 특약보험료 예시는 가입금액 1,000만원, 가입연령 40세 기준, 3년 만기, 3년납, 월납 기준입니다. 7. 공시된 보험료와 상품요약서 상 보험료의 예시 기준이 다름에 따라 보험료가 다를 수 있습니다.",1544-4000,,,,
NH농협생명,NH모두안심재해보험(무배당) (월납),특약,모두안심 응급실내원특약(무배당),피보험자가 이 특약의 보험기간 중 ‘응급실 내원 진료비 대상자(응급환자)’에 해당 되었을 때,3만원 (응급실내원 1회당),1000만원  원,460 원,450 원,2.50 %,비갱신형,방카슈랑스,2025-08-04,"1. 가입나이 : 만15세 이상 ~ 87세 2. 가입한도 : 10,000만원 (66세 이상은 최대 5,000만원) 3. 보험기간 : 3년 4. 판매채널 : 방카슈랑스(농·축협) 5. 위 보험료 및 보험가격지수 예시는 주계약 가입금액 3,000만원, 가입연령 40세 기준, 3년 만기, 3년납, 월납 기준입니다. 6. 위 특약보험료 예시는 가입금액 1,000만원, 가입연령 40세 기준, 3년 만기, 3년납, 월납 기준입니다. 7. 공시된 보험료와 상품요약서 상 보험료의 예시 기준이 다름에 따라 보험료가 다를 수 있습니다.",1544-4000,보장성_상품비교_20260608162059302.xls,NH농협생명,NH모두안심재해보험(무배당),특약,모두안심 응급실내원특약(무배당),피보험자가 이 특약의 보험기간 중 ‘응급실 내원 진료비 대상자(응급환자)’에 해당 되었을 때,3만원 (응급실내원 1회당),1000만원  원,460  원,450  원,2.50 %,-,-,319.5 %,481.2 %,-,-,-,-,보험기간(1년 초과),순수보장,비갱신형,비유니버셜,방카슈랑스,2025-08-04,"1. 가입나이 : 만15세 이상 ~ 87세 2. 가입한도 : 10,000만원 (66세 이상은 최대 5,000만원) 3. 보험기간 : 3년 4. 판매채널 : 방카슈랑스(농·축협) 5. 위 보험료 및 보험가격지수 예시는 주계약 가입금액 3,000만원, 가입연령 40세 기준, 3년 만기, 3년납, 월납 기준입니다. 6. 위 특약보험료 예시는 가입금액 1,000만원, 가입연령 40세 기준, 3년 만기, 3년납, 월납 기준입니다. 7. 공시된 보험료와 상품요약서 상 보험료의 예시 기준이 다름에 따라 보험료가 다를 수 있습니다.",1544-4000,,,,
NH농협생명,농작업근로자NH안전보험(무배당) (월납),주계약,유족급여금,피보험자가 보험기간 중에 농업작업안전재해 또는 농업작업안전질병으로 사망하였을 때,"1,000만원","1,000만원","30,300 원","30,300 원",2.25 %,비갱신형,방카슈랑스,2026-01-01,"1. 가입나이 : 만15세 ~ 87세 2. 가입한도 : 1,000만원 단일 3. 보험기간 : 1종(일반형)의 경우 1일~89일(일단위), 2종(외국인계절근로자(E-8)형)의 경우 3개월~8개월(월단위) 4. 판매채널 : 방카슈랑스(농·축협) 5. 위 보험료 예시는 주계약 1종(일반형), 기본형, 40세, 89일만기, 일시납, 주계약 가입금액 1,000만원기준입니다. 6. 위 보험가격지수 예시는 주계약 1종(일반형), 기본형, 40세, 1년만기, 일시납, 주계약 가입금액 1,000만원기준입니다.",1544-4000,보장성_상품비교_20260608162059302.xls,NH농협생명,농작업근로자NH안전보험(무배당),주계약,유족급여금,피보험자가 보험기간 중에 농업작업안전재해 또는 농업작업안전질병으로 사망하였을 때,"1,000만원","1,000만원",30300  원,"30,300  원",2.25 %,-,-,91.4 %,84.5 %,-,-,-,-,보험기간(1년 이하),순수보장,비갱신형,비유니버셜,방카슈랑스,2026-01-01,"1. 가입나이 : 만15세 ~ 87세 2. 가입한도 : 1,000만원 단일 3. 보험기간 : 1종(일반형)의 경우 1일~89일(일단위), 2종(외국인계절근로자(E-8)형)의 경우 3개월~8개월(월단위) 4. 판매채널 : 방카슈랑스(농·축협) 5. 위 보험료 예시는 주계약 1종(일반형), 기본형, 40세, 89일만기, 일시납, 주계약 가입금액 1,000만원기준입니다. 6. 위 보험가격지수 예시는 주계약 1종(일반형), 기본형, 40세, 1년만기, 일시납, 주계약 가입금액 1,000만원기준입니다.",1544-4000,,,,
NH농협생명,농작업근로자NH안전보험(무배당) (월납),주계약,장례비,피보험자가 보험기간 중에 농업작업안전재해 또는 농업작업안전질병으로 사망하였을 때,100만원,"1,000만원","30,300 원","30,300 원",2.25 %,비갱신형,방카슈랑스,2026-01-01,"1. 가입나이 : 만15세 ~ 87세 2. 가입한도 : 1,000만원 단일 3. 보험기간 : 1종(일반형)의 경우 1일~89일(일단위), 2종(외국인계절근로자(E-8)형)의 경우 3개월~8개월(월단위) 4. 판매채널 : 방카슈랑스(농·축협) 5. 위 보험료 예시는 주계약 1종(일반형), 기본형, 40세, 89일만기, 일시납, 주계약 가입금액 1,000만원기준입니다. 6. 위 보험가격지수 예시는 주계약 1종(일반형), 기본형, 40세, 1년만기, 일시납, 주계약 가입금액 1,000만원기준입니다.",1544-4000,보장성_상품비교_20260608162059302.xls,NH농협생명,농작업근로자NH안전보험(무배당),주계약,장례비,피보험자가 보험기간 중에 농업작업안전재해 또는 농업작업안전질병으로 사망하였을 때,100만원,"1,000만원",30300  원,"30,300  원",2.25 %,-,-,91.4 %,84.5 %,-,-,-,-,보험기간(1년 이하),순수보장,비갱신형,비유니버셜,방카슈랑스,2026-01-01,"1. 가입나이 : 만15세 ~ 87세 2. 가입한도 : 1,000만원 단일 3. 보험기간 : 1종(일반형)의 경우 1일~89일(일단위), 2종(외국인계절근로자(E-8)형)의 경우 3개월~8개월(월단위) 4. 판매채널 : 방카슈랑스(농·축협) 5. 위 보험료 예시는 주계약 1종(일반형), 기본형, 40세, 89일만기, 일시납, 주계약 가입금액 1,000만원기준입니다. 6. 위 보험가격지수 예시는 주계약 1종(일반형), 기본형, 40세, 1년만기, 일시납, 주계약 가입금액 1,000만원기준입니다.",1544-4000,,,,
NH농협생명,농작업근로자NH안전보험(무배당) (월납),주계약,고도장해급여금,피보험자가 보험기간 중에 동일한 농업작업안전재해 또는 동일한 농업작업안전질병으로 인하여 장해분류표 상의 여러 신체부위의 장해지급률을 더하여 80% 이상인 장해상태가 되었을 때(최초 1회 한),"1,000만원","1,000만원","30,300 원","30,300 원",2.25 %,비갱신형,방카슈랑스,2026-01-01,"1. 가입나이 : 만15세 ~ 87세 2. 가입한도 : 1,000만원 단일 3. 보험기간 : 1종(일반형)의 경우 1일~89일(일단위), 2종(외국인계절근로자(E-8)형)의 경우 3개월~8개월(월단위) 4. 판매채널 : 방카슈랑스(농·축협) 5. 위 보험료 예시는 주계약 1종(일반형), 기본형, 40세, 89일만기, 일시납, 주계약 가입금액 1,000만원기준입니다. 6. 위 보험가격지수 예시는 주계약 1종(일반형), 기본형, 40세, 1년만기, 일시납, 주계약 가입금액 1,000만원기준입니다.",1544-4000,보장성_상품비교_20260608162059302.xls,NH농협생명,농작업근로자NH안전보험(무배당),주계약,고도장해급여금,피보험자가 보험기간 중에 동일한 농업작업안전재해 또는 동일한 농업작업안전질병으로 인하여 장해분류표 상의 여러 신체부위의 장해지급률을 더하여 80% 이상인 장해상태가 되었을 때(최초 1회 한),"1,000만원","1,000만원",30300  원,"30,300  원",2.25 %,-,-,91.4 %,84.5 %,-,-,-,-,보험기간(1년 이하),순수보장,비갱신형,비유니버셜,방카슈랑스,2026-01-01,"1. 가입나이 : 만15세 ~ 87세 2. 가입한도 : 1,000만원 단일 3. 보험기간 : 1종(일반형)의 경우 1일~89일(일단위), 2종(외국인계절근로자(E-8)형)의 경우 3개월~8개월(월단위) 4. 판매채널 : 방카슈랑스(농·축협) 5. 위 보험료 예시는 주계약 1종(일반형), 기본형, 40세, 89일만기, 일시납, 주계약 가입금액 1,000만원기준입니다. 6. 위 보험가격지수 예시는 주계약 1종(일반형), 기본형, 40세, 1년만기, 일시납, 주계약 가입금액 1,000만원기준입니다.",1544-4000,,,,
NH농협생명,농작업근로자NH안전보험(무배당) (월납),주계약,재해장해급여금,피보험자가 보험기간 중에 농업작업안전재해로 인하여 장해분류표에서 정한 장해지급률 중 3%이상 80% 미만 장해상태가 되었을 때,"1,000만원 X 장해율","1,000만원","30,300 원","30,300 원",2.25 %,비갱신형,방카슈랑스,2026-01-01,"1. 가입나이 : 만15세 ~ 87세 2. 가입한도 : 1,000만원 단일 3. 보험기간 : 1종(일반형)의 경우 1일~89일(일단위), 2종(외국인계절근로자(E-8)형)의 경우 3개월~8개월(월단위) 4. 판매채널 : 방카슈랑스(농·축협) 5. 위 보험료 예시는 주계약 1종(일반형), 기본형, 40세, 89일만기, 일시납, 주계약 가입금액 1,000만원기준입니다. 6. 위 보험가격지수 예시는 주계약 1종(일반형), 기본형, 40세, 1년만기, 일시납, 주계약 가입금액 1,000만원기준입니다.",1544-4000,보장성_상품비교_20260608162059302.xls,NH농협생명,농작업근로자NH안전보험(무배당),주계약,재해장해급여금,피보험자가 보험기간 중에 농업작업안전재해로 인하여 장해분류표에서 정한 장해지급률 중 3%이상 80% 미만 장해상태가 되었을 때,"1,000만원 X 장해율","1,000만원",30300  원,"30,300  원",2.25 %,-,-,91.4 %,84.5 %,-,-,-,-,보험기간(1년 이하),순수보장,비갱신형,비유니버셜,방카슈랑스,2026-01-01,"1. 가입나이 : 만15세 ~ 87세 2. 가입한도 : 1,000만원 단일 3. 보험기간 : 1종(일반형)의 경우 1일~89일(일단위), 2종(외국인계절근로자(E-8)형)의 경우 3개월~8개월(월단위) 4. 판매채널 : 방카슈랑스(농·축협) 5. 위 보험료 예시는 주계약 1종(일반형), 기본형, 40세, 89일만기, 일시납, 주계약 가입금액 1,000만원기준입니다. 6. 위 보험가격지수 예시는 주계약 1종(일반형), 기본형, 40세, 1년만기, 일시납, 주계약 가입금액 1,000만원기준입니다.",1544-4000,,,,
NH농협생명,농작업근로자NH안전보험(무배당) (월납),주계약,간병급여금,피보험자가 보험기간 중에 동일한 농업작업안전재해로 인하여 장해분류표 상의 여러 신체부위의 장해지급률을 더하여 50% 이상인 장해상태가 되었을 때 또는 동일한 농업작업안전질병으로 인하여 장해분류표 상의 여러 신체부위의 장해지급률을 더하여 80% 이상인 장해상태가 되었을 때(각각 최초 1회 한),500만원,"1,000만원","30,300 원","30,300 원",2.25 %,비갱신형,방카슈랑스,2026-01-01,"1. 가입나이 : 만15세 ~ 87세 2. 가입한도 : 1,000만원 단일 3. 보험기간 : 1종(일반형)의 경우 1일~89일(일단위), 2종(외국인계절근로자(E-8)형)의 경우 3개월~8개월(월단위) 4. 판매채널 : 방카슈랑스(농·축협) 5. 위 보험료 예시는 주계약 1종(일반형), 기본형, 40세, 89일만기, 일시납, 주계약 가입금액 1,000만원기준입니다. 6. 위 보험가격지수 예시는 주계약 1종(일반형), 기본형, 40세, 1년만기, 일시납, 주계약 가입금액 1,000만원기준입니다.",1544-4000,보장성_상품비교_20260608162059302.xls,NH농협생명,농작업근로자NH안전보험(무배당),주계약,간병급여금,피보험자가 보험기간 중에 동일한 농업작업안전재해로 인하여 장해분류표 상의 여러 신체부위의 장해지급률을 더하여 50% 이상인 장해상태가 되었을 때 또는 동일한 농업작업안전질병으로 인하여 장해분류표 상의 여러 신체부위의 장해지급률을 더하여 80% 이상인 장해상태가 되었을 때(각각 최초 1회 한),500만원,"1,000만원",30300  원,"30,300  원",2.25 %,-,-,91.4 %,84.5 %,-,-,-,-,보험기간(1년 이하),순수보장,비갱신형,비유니버셜,방카슈랑스,2026-01-01,"1. 가입나이 : 만15세 ~ 87세 2. 가입한도 : 1,000만원 단일 3. 보험기간 : 1종(일반형)의 경우 1일~89일(일단위), 2종(외국인계절근로자(E-8)형)의 경우 3개월~8개월(월단위) 4. 판매채널 : 방카슈랑스(농·축협) 5. 위 보험료 예시는 주계약 1종(일반형), 기본형, 40세, 89일만기, 일시납, 주계약 가입금액 1,000만원기준입니다. 6. 위 보험가격지수 예시는 주계약 1종(일반형), 기본형, 40세, 1년만기, 일시납, 주계약 가입금액 1,000만원기준입니다.",1544-4000,,,,
NH농협생명,농작업근로자NH안전보험(무배당) (월납),주계약,휴업(입원)급여금,피보험자가 보험기간 중에 농업작업안전재해 또는 농업작업안전질병으로 인하여 그 치료를 직접목적으로 4일 이상 계속하여 입원하였을 때(1회 입원당 120일 한도),2만원(3일 초과 입원 1일당),"1,000만원","30,300 원","30,300 원",2.25 %,비갱신형,방카슈랑스,2026-01-01,"1. 가입나이 : 만15세 ~ 87세 2. 가입한도 : 1,000만원 단일 3. 보험기간 : 1종(일반형)의 경우 1일~89일(일단위), 2종(외국인계절근로자(E-8)형)의 경우 3개월~8개월(월단위) 4. 판매채널 : 방카슈랑스(농·축협) 5. 위 보험료 예시는 주계약 1종(일반형), 기본형, 40세, 89일만기, 일시납, 주계약 가입금액 1,000만원기준입니다. 6. 위 보험가격지수 예시는 주계약 1종(일반형), 기본형, 40세, 1년만기, 일시납, 주계약 가입금액 1,000만원기준입니다.",1544-4000,보장성_상품비교_20260608162059302.xls,NH농협생명,농작업근로자NH안전보험(무배당),주계약,휴업(입원)급여금,피보험자가 보험기간 중에 농업작업안전재해 또는 농업작업안전질병으로 인하여 그 치료를 직접목적으로 4일 이상 계속하여 입원하였을 때(1회 입원당 120일 한도),2만원(3일 초과 입원 1일당),"1,000만원",30300  원,"30,300  원",2.25 %,-,-,91.4 %,84.5 %,-,-,-,-,보험기간(1년 이하),순수보장,비갱신형,비유니버셜,방카슈랑스,2026-01-01,"1. 가입나이 : 만15세 ~ 87세 2. 가입한도 : 1,000만원 단일 3. 보험기간 : 1종(일반형)의 경우 1일~89일(일단위), 2종(외국인계절근로자(E-8)형)의 경우 3개월~8개월(월단위) 4. 판매채널 : 방카슈랑스(농·축협) 5. 위 보험료 예시는 주계약 1종(일반형), 기본형, 40세, 89일만기, 일시납, 주계약 가입금액 1,000만원기준입니다. 6. 위 보험가격지수 예시는 주계약 1종(일반형), 기본형, 40세, 1년만기, 일시납, 주계약 가입금액 1,000만원기준입니다.",1544-4000,,,,
NH농협생명,농작업근로자NH안전보험(무배당) (월납),주계약,재활급여금(고도장해),피보험자가 보험기간 중에 동일한 농업작업안전재해 또는 동일한 농업작업안전질병으로 인하여 장해분류표 상의 여러 신체부위의 장해지급률을 더하여 80% 이상인 장해상태가 되었을 때(최초 1회 한),500만원,"1,000만원","30,300 원","30,300 원",2.25 %,비갱신형,방카슈랑스,2026-01-01,"1. 가입나이 : 만15세 ~ 87세 2. 가입한도 : 1,000만원 단일 3. 보험기간 : 1종(일반형)의 경우 1일~89일(일단위), 2종(외국인계절근로자(E-8)형)의 경우 3개월~8개월(월단위) 4. 판매채널 : 방카슈랑스(농·축협) 5. 위 보험료 예시는 주계약 1종(일반형), 기본형, 40세, 89일만기, 일시납, 주계약 가입금액 1,000만원기준입니다. 6. 위 보험가격지수 예시는 주계약 1종(일반형), 기본형, 40세, 1년만기, 일시납, 주계약 가입금액 1,000만원기준입니다.",1544-4000,보장성_상품비교_20260608162059302.xls,NH농협생명,농작업근로자NH안전보험(무배당),주계약,재활급여금(고도장해),피보험자가 보험기간 중에 동일한 농업작업안전재해 또는 동일한 농업작업안전질병으로 인하여 장해분류표 상의 여러 신체부위의 장해지급률을 더하여 80% 이상인 장해상태가 되었을 때(최초 1회 한),500만원,"1,000만원",30300  원,"30,300  원",2.25 %,-,-,91.4 %,84.5 %,-,-,-,-,보험기간(1년 이하),순수보장,비갱신형,비유니버셜,방카슈랑스,2026-01-01,"1. 가입나이 : 만15세 ~ 87세 2. 가입한도 : 1,000만원 단일 3. 보험기간 : 1종(일반형)의 경우 1일~89일(일단위), 2종(외국인계절근로자(E-8)형)의 경우 3개월~8개월(월단위) 4. 판매채널 : 방카슈랑스(농·축협) 5. 위 보험료 예시는 주계약 1종(일반형), 기본형, 40세, 89일만기, 일시납, 주계약 가입금액 1,000만원기준입니다. 6. 위 보험가격지수 예시는 주계약 1종(일반형), 기본형, 40세, 1년만기, 일시납, 주계약 가입금액 1,000만원기준입니다.",1544-4000,,,,
NH농협생명,농작업근로자NH안전보험(무배당) (월납),주계약,재활급여금(재해장해),피보험자가 보험기간 중에 농업작업안전재해로 인하여 장해분류표에서 정한 장해지급률 중 3%이상 80% 미만 장해상태가 되었을 때,500만원 X 장해율,"1,000만원","30,300 원","30,300 원",2.25 %,비갱신형,방카슈랑스,2026-01-01,"1. 가입나이 : 만15세 ~ 87세 2. 가입한도 : 1,000만원 단일 3. 보험기간 : 1종(일반형)의 경우 1일~89일(일단위), 2종(외국인계절근로자(E-8)형)의 경우 3개월~8개월(월단위) 4. 판매채널 : 방카슈랑스(농·축협) 5. 위 보험료 예시는 주계약 1종(일반형), 기본형, 40세, 89일만기, 일시납, 주계약 가입금액 1,000만원기준입니다. 6. 위 보험가격지수 예시는 주계약 1종(일반형), 기본형, 40세, 1년만기, 일시납, 주계약 가입금액 1,000만원기준입니다.",1544-4000,보장성_상품비교_20260608162059302.xls,NH농협생명,농작업근로자NH안전보험(무배당),주계약,재활급여금(재해장해),피보험자가 보험기간 중에 농업작업안전재해로 인하여 장해분류표에서 정한 장해지급률 중 3%이상 80% 미만 장해상태가 되었을 때,500만원 X 장해율,"1,000만원",30300  원,"30,300  원",2.25 %,-,-,91.4 %,84.5 %,-,-,-,-,보험기간(1년 이하),순수보장,비갱신형,비유니버셜,방카슈랑스,2026-01-01,"1. 가입나이 : 만15세 ~ 87세 2. 가입한도 : 1,000만원 단일 3. 보험기간 : 1종(일반형)의 경우 1일~89일(일단위), 2종(외국인계절근로자(E-8)형)의 경우 3개월~8개월(월단위) 4. 판매채널 : 방카슈랑스(농·축협) 5. 위 보험료 예시는 주계약 1종(일반형), 기본형, 40세, 89일만기, 일시납, 주계약 가입금액 1,000만원기준입니다. 6. 위 보험가격지수 예시는 주계약 1종(일반형), 기본형, 40세, 1년만기, 일시납, 주계약 가입금액 1,000만원기준입니다.",1544-4000,,,,
NH농협생명,농작업근로자NH안전보험(무배당) (월납),주계약,특정감염병진단급여금,피보험자가 보험기간 중에 특정감염병으로 진단 확정되었을 때,30만원(진단1회당),"1,000만원","30,300 원","30,300 원",2.25 %,비갱신형,방카슈랑스,2026-01-01,"1. 가입나이 : 만15세 ~ 87세 2. 가입한도 : 1,000만원 단일 3. 보험기간 : 1종(일반형)의 경우 1일~89일(일단위), 2종(외국인계절근로자(E-8)형)의 경우 3개월~8개월(월단위) 4. 판매채널 : 방카슈랑스(농·축협) 5. 위 보험료 예시는 주계약 1종(일반형), 기본형, 40세, 89일만기, 일시납, 주계약 가입금액 1,000만원기준입니다. 6. 위 보험가격지수 예시는 주계약 1종(일반형), 기본형, 40세, 1년만기, 일시납, 주계약 가입금액 1,000만원기준입니다.",1544-4000,보장성_상품비교_20260608162059302.xls,NH농협생명,농작업근로자NH안전보험(무배당),주계약,특정감염병진단급여금,피보험자가 보험기간 중에 특정감염병으로 진단 확정되었을 때,30만원(진단1회당),"1,000만원",30300  원,"30,300  원",2.25 %,-,-,91.4 %,84.5 %,-,-,-,-,보험기간(1년 이하),순수보장,비갱신형,비유니버셜,방카슈랑스,2026-01-01,"1. 가입나이 : 만15세 ~ 87세 2. 가입한도 : 1,000만원 단일 3. 보험기간 : 1종(일반형)의 경우 1일~89일(일단위), 2종(외국인계절근로자(E-8)형)의 경우 3개월~8개월(월단위) 4. 판매채널 : 방카슈랑스(농·축협) 5. 위 보험료 예시는 주계약 1종(일반형), 기본형, 40세, 89일만기, 일시납, 주계약 가입금액 1,000만원기준입니다. 6. 위 보험가격지수 예시는 주계약 1종(일반형), 기본형, 40세, 1년만기, 일시납, 주계약 가입금액 1,000만원기준입니다.",1544-4000,,,,
NH농협생명,농작업근로자NH안전보험(무배당) (월납),주계약,특정질병수술급여금,피보험자가 보험기간 중에 특정질병으로 수술을 받았을 때,30만원(수술1회당),"1,000만원","30,300 원","30,300 원",2.25 %,비갱신형,방카슈랑스,2026-01-01,"1. 가입나이 : 만15세 ~ 87세 2. 가입한도 : 1,000만원 단일 3. 보험기간 : 1종(일반형)의 경우 1일~89일(일단위), 2종(외국인계절근로자(E-8)형)의 경우 3개월~8개월(월단위) 4. 판매채널 : 방카슈랑스(농·축협) 5. 위 보험료 예시는 주계약 1종(일반형), 기본형, 40세, 89일만기, 일시납, 주계약 가입금액 1,000만원기준입니다. 6. 위 보험가격지수 예시는 주계약 1종(일반형), 기본형, 40세, 1년만기, 일시납, 주계약 가입금액 1,000만원기준입니다.",1544-4000,보장성_상품비교_20260608162059302.xls,NH농협생명,농작업근로자NH안전보험(무배당),주계약,특정질병수술급여금,피보험자가 보험기간 중에 특정질병으로 수술을 받았을 때,30만원(수술1회당),"1,000만원",30300  원,"30,300  원",2.25 %,-,-,91.4 %,84.5 %,-,-,-,-,보험기간(1년 이하),순수보장,비갱신형,비유니버셜,방카슈랑스,2026-01-01,"1. 가입나이 : 만15세 ~ 87세 2. 가입한도 : 1,000만원 단일 3. 보험기간 : 1종(일반형)의 경우 1일~89일(일단위), 2종(외국인계절근로자(E-8)형)의 경우 3개월~8개월(월단위) 4. 판매채널 : 방카슈랑스(농·축협) 5. 위 보험료 예시는 주계약 1종(일반형), 기본형, 40세, 89일만기, 일시납, 주계약 가입금액 1,000만원기준입니다. 6. 위 보험가격지수 예시는 주계약 1종(일반형), 기본형, 40세, 1년만기, 일시납, 주계약 가입금액 1,000만원기준입니다.",1544-4000,,,,
NH농협생명,농작업근로자NH안전보험(무배당) (월납),주계약,상해·질병치료급여금,피보험자가 보험기간 중에 농업작업안전재해 또는 농업작업안전질병으로 치료를 받았을 때,"- 입원 5,000만원 한도 - 통원 20만원, 처방 10만원 한도 - 도수치료 350만원, 주사료 250만원, MRI 300만원 한도","1,000만원","30,300 원","30,300 원",2.25 %,비갱신형,방카슈랑스,2026-01-01,"1. 가입나이 : 만15세 ~ 87세 2. 가입한도 : 1,000만원 단일 3. 보험기간 : 1종(일반형)의 경우 1일~89일(일단위), 2종(외국인계절근로자(E-8)형)의 경우 3개월~8개월(월단위) 4. 판매채널 : 방카슈랑스(농·축협) 5. 위 보험료 예시는 주계약 1종(일반형), 기본형, 40세, 89일만기, 일시납, 주계약 가입금액 1,000만원기준입니다. 6. 위 보험가격지수 예시는 주계약 1종(일반형), 기본형, 40세, 1년만기, 일시납, 주계약 가입금액 1,000만원기준입니다.",1544-4000,보장성_상품비교_20260608162059302.xls,NH농협생명,농작업근로자NH안전보험(무배당),주계약,상해·질병치료급여금,피보험자가 보험기간 중에 농업작업안전재해 또는 농업작업안전질병으로 치료를 받았을 때,"- 입원 5,000만원 한도 - 통원 20만원, 처방 10만원 한도 - 도수치료 350만원, 주사료 250만원, MRI 300만원 한도","1,000만원",30300  원,"30,300  원",2.25 %,-,-,91.4 %,84.5 %,-,-,-,-,보험기간(1년 이하),순수보장,비갱신형,비유니버셜,방카슈랑스,2026-01-01,"1. 가입나이 : 만15세 ~ 87세 2. 가입한도 : 1,000만원 단일 3. 보험기간 : 1종(일반형)의 경우 1일~89일(일단위), 2종(외국인계절근로자(E-8)형)의 경우 3개월~8개월(월단위) 4. 판매채널 : 방카슈랑스(농·축협) 5. 위 보험료 예시는 주계약 1종(일반형), 기본형, 40세, 89일만기, 일시납, 주계약 가입금액 1,000만원기준입니다. 6. 위 보험가격지수 예시는 주계약 1종(일반형), 기본형, 40세, 1년만기, 일시납, 주계약 가입금액 1,000만원기준입니다.",1544-4000,,,,
NH농협생명,농업인NH안전보험(무배당) (월납),주계약,유족급여금,피보험자가 보험기간 중에 농업작업안전재해 또는 농업작업안전질병으로 사망하였을 때,"6,000만원","1,000만원","97,300 원","97,300 원",2.25 %,비갱신형,방카슈랑스,2026-01-01,"1. 가입나이 : 만15세 ~ 87세 2. 가입한도 : 1,000만원 단일 3. 보험기간 : 1년만기 4. 판매채널 : 방카슈랑스(농·축협) 5. 위 보험료 및 보험가격지수 예시는 주계약 기본형 일반1형, 40세, 1년만기, 연납, 주계약 가입금액 1,000만원기준입니다. 6. 위 특약보험료 예시는 40세, 1년만기, 연납 기준이며, 농업인재해골절특약(무), 농업인깁스치료특약(무)의 경우 가입금액 10만원, 농업인장제비지원특약(무)의 경우 가입금액 100만원, 농업인재해사망특약(무)의 경우 가입금액 1,000만원 기준입니다.",1544-4000,보장성_상품비교_20260608162059302.xls,NH농협생명,농업인NH안전보험(무배당),주계약,유족급여금,피보험자가 보험기간 중에 농업작업안전재해 또는 농업작업안전질병으로 사망하였을 때,"6,000만원","1,000만원",97300  원,"97,300  원",2.25 %,-,-,75.3 %,69.6 %,-,-,-,-,보험기간(1년 이하),순수보장,비갱신형,비유니버셜,방카슈랑스,2026-01-01,"1. 가입나이 : 만15세 ~ 87세 2. 가입한도 : 1,000만원 단일 3. 보험기간 : 1년만기 4. 판매채널 : 방카슈랑스(농·축협) 5. 위 보험료 및 보험가격지수 예시는 주계약 기본형 일반1형, 40세, 1년만기, 연납, 주계약 가입금액 1,000만원기준입니다. 6. 위 특약보험료 예시는 40세, 1년만기, 연납 기준이며, 농업인재해골절특약(무), 농업인깁스치료특약(무)의 경우 가입금액 10만원, 농업인장제비지원특약(무)의 경우 가입금액 100만원, 농업인재해사망특약(무)의 경우 가입금액 1,000만원 기준입니다.",1544-4000,,,,
NH농협생명,농업인NH안전보험(무배당) (월납),주계약,장례비,피보험자가 보험기간 중에 농업작업안전재해 또는 농업작업안전질병으로 사망하였을 때,100만원,"1,000만원","97,300 원","97,300 원",2.25 %,비갱신형,방카슈랑스,2026-01-01,"1. 가입나이 : 만15세 ~ 87세 2. 가입한도 : 1,000만원 단일 3. 보험기간 : 1년만기 4. 판매채널 : 방카슈랑스(농·축협) 5. 위 보험료 및 보험가격지수 예시는 주계약 기본형 일반1형, 40세, 1년만기, 연납, 주계약 가입금액 1,000만원기준입니다. 6. 위 특약보험료 예시는 40세, 1년만기, 연납 기준이며, 농업인재해골절특약(무), 농업인깁스치료특약(무)의 경우 가입금액 10만원, 농업인장제비지원특약(무)의 경우 가입금액 100만원, 농업인재해사망특약(무)의 경우 가입금액 1,000만원 기준입니다.",1544-4000,보장성_상품비교_20260608162059302.xls,NH농협생명,농업인NH안전보험(무배당),주계약,장례비,피보험자가 보험기간 중에 농업작업안전재해 또는 농업작업안전질병으로 사망하였을 때,100만원,"1,000만원",97300  원,"97,300  원",2.25 %,-,-,75.3 %,69.6 %,-,-,-,-,보험기간(1년 이하),순수보장,비갱신형,비유니버셜,방카슈랑스,2026-01-01,"1. 가입나이 : 만15세 ~ 87세 2. 가입한도 : 1,000만원 단일 3. 보험기간 : 1년만기 4. 판매채널 : 방카슈랑스(농·축협) 5. 위 보험료 및 보험가격지수 예시는 주계약 기본형 일반1형, 40세, 1년만기, 연납, 주계약 가입금액 1,000만원기준입니다. 6. 위 특약보험료 예시는 40세, 1년만기, 연납 기준이며, 농업인재해골절특약(무), 농업인깁스치료특약(무)의 경우 가입금액 10만원, 농업인장제비지원특약(무)의 경우 가입금액 100만원, 농업인재해사망특약(무)의 경우 가입금액 1,000만원 기준입니다.",1544-4000,,,,
NH농협생명,농업인NH안전보험(무배당) (월납),주계약,고도장해급여금,피보험자가 보험기간 중에 동일한 농업작업안전재해 또는 동일한 농업작업안전질병으로 인하여 장해분류표 상의 여러 신체부위의 장해지급률을 더하여 80% 이상인 장해상태가 되었을 때(최초 1회 한),"5,000만원","1,000만원","97,300 원","97,300 원",2.25 %,비갱신형,방카슈랑스,2026-01-01,"1. 가입나이 : 만15세 ~ 87세 2. 가입한도 : 1,000만원 단일 3. 보험기간 : 1년만기 4. 판매채널 : 방카슈랑스(농·축협) 5. 위 보험료 및 보험가격지수 예시는 주계약 기본형 일반1형, 40세, 1년만기, 연납, 주계약 가입금액 1,000만원기준입니다. 6. 위 특약보험료 예시는 40세, 1년만기, 연납 기준이며, 농업인재해골절특약(무), 농업인깁스치료특약(무)의 경우 가입금액 10만원, 농업인장제비지원특약(무)의 경우 가입금액 100만원, 농업인재해사망특약(무)의 경우 가입금액 1,000만원 기준입니다.",1544-4000,보장성_상품비교_20260608162059302.xls,NH농협생명,농업인NH안전보험(무배당),주계약,고도장해급여금,피보험자가 보험기간 중에 동일한 농업작업안전재해 또는 동일한 농업작업안전질병으로 인하여 장해분류표 상의 여러 신체부위의 장해지급률을 더하여 80% 이상인 장해상태가 되었을 때(최초 1회 한),"5,000만원","1,000만원",97300  원,"97,300  원",2.25 %,-,-,75.3 %,69.6 %,-,-,-,-,보험기간(1년 이하),순수보장,비갱신형,비유니버셜,방카슈랑스,2026-01-01,"1. 가입나이 : 만15세 ~ 87세 2. 가입한도 : 1,000만원 단일 3. 보험기간 : 1년만기 4. 판매채널 : 방카슈랑스(농·축협) 5. 위 보험료 및 보험가격지수 예시는 주계약 기본형 일반1형, 40세, 1년만기, 연납, 주계약 가입금액 1,000만원기준입니다. 6. 위 특약보험료 예시는 40세, 1년만기, 연납 기준이며, 농업인재해골절특약(무), 농업인깁스치료특약(무)의 경우 가입금액 10만원, 농업인장제비지원특약(무)의 경우 가입금액 100만원, 농업인재해사망특약(무)의 경우 가입금액 1,000만원 기준입니다.",1544-4000,,,,
NH농협생명,농업인NH안전보험(무배당) (월납),주계약,재해장해급여금,피보험자가 보험기간 중에 농업작업안전재해로 인하여 장해분류표에서 정한 장해지급률 중 3%이상 80% 미만 장해상태가 되었을 때,"5,000만원 X 장해율","1,000만원","97,300 원","97,300 원",2.25 %,비갱신형,방카슈랑스,2026-01-01,"1. 가입나이 : 만15세 ~ 87세 2. 가입한도 : 1,000만원 단일 3. 보험기간 : 1년만기 4. 판매채널 : 방카슈랑스(농·축협) 5. 위 보험료 및 보험가격지수 예시는 주계약 기본형 일반1형, 40세, 1년만기, 연납, 주계약 가입금액 1,000만원기준입니다. 6. 위 특약보험료 예시는 40세, 1년만기, 연납 기준이며, 농업인재해골절특약(무), 농업인깁스치료특약(무)의 경우 가입금액 10만원, 농업인장제비지원특약(무)의 경우 가입금액 100만원, 농업인재해사망특약(무)의 경우 가입금액 1,000만원 기준입니다.",1544-4000,보장성_상품비교_20260608162059302.xls,NH농협생명,농업인NH안전보험(무배당),주계약,재해장해급여금,피보험자가 보험기간 중에 농업작업안전재해로 인하여 장해분류표에서 정한 장해지급률 중 3%이상 80% 미만 장해상태가 되었을 때,"5,000만원 X 장해율","1,000만원",97300  원,"97,300  원",2.25 %,-,-,75.3 %,69.6 %,-,-,-,-,보험기간(1년 이하),순수보장,비갱신형,비유니버셜,방카슈랑스,2026-01-01,"1. 가입나이 : 만15세 ~ 87세 2. 가입한도 : 1,000만원 단일 3. 보험기간 : 1년만기 4. 판매채널 : 방카슈랑스(농·축협) 5. 위 보험료 및 보험가격지수 예시는 주계약 기본형 일반1형, 40세, 1년만기, 연납, 주계약 가입금액 1,000만원기준입니다. 6. 위 특약보험료 예시는 40세, 1년만기, 연납 기준이며, 농업인재해골절특약(무), 농업인깁스치료특약(무)의 경우 가입금액 10만원, 농업인장제비지원특약(무)의 경우 가입금액 100만원, 농업인재해사망특약(무)의 경우 가입금액 1,000만원 기준입니다.",1544-4000,,,,
NH농협생명,농업인NH안전보험(무배당) (월납),주계약,간병급여금,피보험자가 보험기간 중에 동일한 농업작업안전재해로 인하여 장해분류표 상의 여러 신체부위의 장해지급률을 더하여 50% 이상인 장해상태가 되었을 때 또는 동일한 농업작업안전질병으로 인하여 장해분류표 상의 여러 신체부위의 장해지급률을 더하여 80% 이상인 장해상태가 되었을 때(각각 최초 1회 한),500만원,"1,000만원","97,300 원","97,300 원",2.25 %,비갱신형,방카슈랑스,2026-01-01,"1. 가입나이 : 만15세 ~ 87세 2. 가입한도 : 1,000만원 단일 3. 보험기간 : 1년만기 4. 판매채널 : 방카슈랑스(농·축협) 5. 위 보험료 및 보험가격지수 예시는 주계약 기본형 일반1형, 40세, 1년만기, 연납, 주계약 가입금액 1,000만원기준입니다. 6. 위 특약보험료 예시는 40세, 1년만기, 연납 기준이며, 농업인재해골절특약(무), 농업인깁스치료특약(무)의 경우 가입금액 10만원, 농업인장제비지원특약(무)의 경우 가입금액 100만원, 농업인재해사망특약(무)의 경우 가입금액 1,000만원 기준입니다.",1544-4000,보장성_상품비교_20260608162059302.xls,NH농협생명,농업인NH안전보험(무배당),주계약,간병급여금,피보험자가 보험기간 중에 동일한 농업작업안전재해로 인하여 장해분류표 상의 여러 신체부위의 장해지급률을 더하여 50% 이상인 장해상태가 되었을 때 또는 동일한 농업작업안전질병으로 인하여 장해분류표 상의 여러 신체부위의 장해지급률을 더하여 80% 이상인 장해상태가 되었을 때(각각 최초 1회 한),500만원,"1,000만원",97300  원,"97,300  원",2.25 %,-,-,75.3 %,69.6 %,-,-,-,-,보험기간(1년 이하),순수보장,비갱신형,비유니버셜,방카슈랑스,2026-01-01,"1. 가입나이 : 만15세 ~ 87세 2. 가입한도 : 1,000만원 단일 3. 보험기간 : 1년만기 4. 판매채널 : 방카슈랑스(농·축협) 5. 위 보험료 및 보험가격지수 예시는 주계약 기본형 일반1형, 40세, 1년만기, 연납, 주계약 가입금액 1,000만원기준입니다. 6. 위 특약보험료 예시는 40세, 1년만기, 연납 기준이며, 농업인재해골절특약(무), 농업인깁스치료특약(무)의 경우 가입금액 10만원, 농업인장제비지원특약(무)의 경우 가입금액 100만원, 농업인재해사망특약(무)의 경우 가입금액 1,000만원 기준입니다.",1544-4000,,,,
NH농협생명,농업인NH안전보험(무배당) (월납),주계약,휴업(입원)급여금,피보험자가 보험기간 중에 농업작업안전재해 또는 농업작업안전질병으로 인하여 그 치료를 직접목적으로 4일 이상 계속하여 입원하였을 때(1회 입원당 120일 한도),2만원(3일 초과 입원 1일당),"1,000만원","97,300 원","97,300 원",2.25 %,비갱신형,방카슈랑스,2026-01-01,"1. 가입나이 : 만15세 ~ 87세 2. 가입한도 : 1,000만원 단일 3. 보험기간 : 1년만기 4. 판매채널 : 방카슈랑스(농·축협) 5. 위 보험료 및 보험가격지수 예시는 주계약 기본형 일반1형, 40세, 1년만기, 연납, 주계약 가입금액 1,000만원기준입니다. 6. 위 특약보험료 예시는 40세, 1년만기, 연납 기준이며, 농업인재해골절특약(무), 농업인깁스치료특약(무)의 경우 가입금액 10만원, 농업인장제비지원특약(무)의 경우 가입금액 100만원, 농업인재해사망특약(무)의 경우 가입금액 1,000만원 기준입니다.",1544-4000,보장성_상품비교_20260608162059302.xls,NH농협생명,농업인NH안전보험(무배당),주계약,휴업(입원)급여금,피보험자가 보험기간 중에 농업작업안전재해 또는 농업작업안전질병으로 인하여 그 치료를 직접목적으로 4일 이상 계속하여 입원하였을 때(1회 입원당 120일 한도),2만원(3일 초과 입원 1일당),"1,000만원",97300  원,"97,300  원",2.25 %,-,-,75.3 %,69.6 %,-,-,-,-,보험기간(1년 이하),순수보장,비갱신형,비유니버셜,방카슈랑스,2026-01-01,"1. 가입나이 : 만15세 ~ 87세 2. 가입한도 : 1,000만원 단일 3. 보험기간 : 1년만기 4. 판매채널 : 방카슈랑스(농·축협) 5. 위 보험료 및 보험가격지수 예시는 주계약 기본형 일반1형, 40세, 1년만기, 연납, 주계약 가입금액 1,000만원기준입니다. 6. 위 특약보험료 예시는 40세, 1년만기, 연납 기준이며, 농업인재해골절특약(무), 농업인깁스치료특약(무)의 경우 가입금액 10만원, 농업인장제비지원특약(무)의 경우 가입금액 100만원, 농업인재해사망특약(무)의 경우 가입금액 1,000만원 기준입니다.",1544-4000,,,,
NH농협생명,농업인NH안전보험(무배당) (월납),주계약,재활급여금(고도장해),피보험자가 보험기간 중에 동일한 농업작업안전재해 또는 동일한 농업작업안전질병으로 인하여 장해분류표 상의 여러 신체부위의 장해지급률을 더하여 80% 이상인 장해상태가 되었을 때(최초 1회 한),500만원,"1,000만원","97,300 원","97,300 원",2.25 %,비갱신형,방카슈랑스,2026-01-01,"1. 가입나이 : 만15세 ~ 87세 2. 가입한도 : 1,000만원 단일 3. 보험기간 : 1년만기 4. 판매채널 : 방카슈랑스(농·축협) 5. 위 보험료 및 보험가격지수 예시는 주계약 기본형 일반1형, 40세, 1년만기, 연납, 주계약 가입금액 1,000만원기준입니다. 6. 위 특약보험료 예시는 40세, 1년만기, 연납 기준이며, 농업인재해골절특약(무), 농업인깁스치료특약(무)의 경우 가입금액 10만원, 농업인장제비지원특약(무)의 경우 가입금액 100만원, 농업인재해사망특약(무)의 경우 가입금액 1,000만원 기준입니다.",1544-4000,보장성_상품비교_20260608162059302.xls,NH농협생명,농업인NH안전보험(무배당),주계약,재활급여금(고도장해),피보험자가 보험기간 중에 동일한 농업작업안전재해 또는 동일한 농업작업안전질병으로 인하여 장해분류표 상의 여러 신체부위의 장해지급률을 더하여 80% 이상인 장해상태가 되었을 때(최초 1회 한),500만원,"1,000만원",97300  원,"97,300  원",2.25 %,-,-,75.3 %,69.6 %,-,-,-,-,보험기간(1년 이하),순수보장,비갱신형,비유니버셜,방카슈랑스,2026-01-01,"1. 가입나이 : 만15세 ~ 87세 2. 가입한도 : 1,000만원 단일 3. 보험기간 : 1년만기 4. 판매채널 : 방카슈랑스(농·축협) 5. 위 보험료 및 보험가격지수 예시는 주계약 기본형 일반1형, 40세, 1년만기, 연납, 주계약 가입금액 1,000만원기준입니다. 6. 위 특약보험료 예시는 40세, 1년만기, 연납 기준이며, 농업인재해골절특약(무), 농업인깁스치료특약(무)의 경우 가입금액 10만원, 농업인장제비지원특약(무)의 경우 가입금액 100만원, 농업인재해사망특약(무)의 경우 가입금액 1,000만원 기준입니다.",1544-4000,,,,
NH농협생명,농업인NH안전보험(무배당) (월납),주계약,재활급여금(재해장해),피보험자가 보험기간 중에 농업작업안전재해로 인하여 장해분류표에서 정한 장해지급률 중 3%이상 80% 미만 장해상태가 되었을 때,500만원 X 장해율,"1,000만원","97,300 원","97,300 원",2.25 %,비갱신형,방카슈랑스,2026-01-01,"1. 가입나이 : 만15세 ~ 87세 2. 가입한도 : 1,000만원 단일 3. 보험기간 : 1년만기 4. 판매채널 : 방카슈랑스(농·축협) 5. 위 보험료 및 보험가격지수 예시는 주계약 기본형 일반1형, 40세, 1년만기, 연납, 주계약 가입금액 1,000만원기준입니다. 6. 위 특약보험료 예시는 40세, 1년만기, 연납 기준이며, 농업인재해골절특약(무), 농업인깁스치료특약(무)의 경우 가입금액 10만원, 농업인장제비지원특약(무)의 경우 가입금액 100만원, 농업인재해사망특약(무)의 경우 가입금액 1,000만원 기준입니다.",1544-4000,보장성_상품비교_20260608162059302.xls,NH농협생명,농업인NH안전보험(무배당),주계약,재활급여금(재해장해),피보험자가 보험기간 중에 농업작업안전재해로 인하여 장해분류표에서 정한 장해지급률 중 3%이상 80% 미만 장해상태가 되었을 때,500만원 X 장해율,"1,000만원",97300  원,"97,300  원",2.25 %,-,-,75.3 %,69.6 %,-,-,-,-,보험기간(1년 이하),순수보장,비갱신형,비유니버셜,방카슈랑스,2026-01-01,"1. 가입나이 : 만15세 ~ 87세 2. 가입한도 : 1,000만원 단일 3. 보험기간 : 1년만기 4. 판매채널 : 방카슈랑스(농·축협) 5. 위 보험료 및 보험가격지수 예시는 주계약 기본형 일반1형, 40세, 1년만기, 연납, 주계약 가입금액 1,000만원기준입니다. 6. 위 특약보험료 예시는 40세, 1년만기, 연납 기준이며, 농업인재해골절특약(무), 농업인깁스치료특약(무)의 경우 가입금액 10만원, 농업인장제비지원특약(무)의 경우 가입금액 100만원, 농업인재해사망특약(무)의 경우 가입금액 1,000만원 기준입니다.",1544-4000,,,,
NH농협생명,농업인NH안전보험(무배당) (월납),주계약,특정감염병진단급여금,피보험자가 보험기간 중에 특정감염병으로 진단 확정되었을 때,30만원(진단1회당),"1,000만원","97,300 원","97,300 원",2.25 %,비갱신형,방카슈랑스,2026-01-01,"1. 가입나이 : 만15세 ~ 87세 2. 가입한도 : 1,000만원 단일 3. 보험기간 : 1년만기 4. 판매채널 : 방카슈랑스(농·축협) 5. 위 보험료 및 보험가격지수 예시는 주계약 기본형 일반1형, 40세, 1년만기, 연납, 주계약 가입금액 1,000만원기준입니다. 6. 위 특약보험료 예시는 40세, 1년만기, 연납 기준이며, 농업인재해골절특약(무), 농업인깁스치료특약(무)의 경우 가입금액 10만원, 농업인장제비지원특약(무)의 경우 가입금액 100만원, 농업인재해사망특약(무)의 경우 가입금액 1,000만원 기준입니다.",1544-4000,보장성_상품비교_20260608162059302.xls,NH농협생명,농업인NH안전보험(무배당),주계약,특정감염병진단급여금,피보험자가 보험기간 중에 특정감염병으로 진단 확정되었을 때,30만원(진단1회당),"1,000만원",97300  원,"97,300  원",2.25 %,-,-,75.3 %,69.6 %,-,-,-,-,보험기간(1년 이하),순수보장,비갱신형,비유니버셜,방카슈랑스,2026-01-01,"1. 가입나이 : 만15세 ~ 87세 2. 가입한도 : 1,000만원 단일 3. 보험기간 : 1년만기 4. 판매채널 : 방카슈랑스(농·축협) 5. 위 보험료 및 보험가격지수 예시는 주계약 기본형 일반1형, 40세, 1년만기, 연납, 주계약 가입금액 1,000만원기준입니다. 6. 위 특약보험료 예시는 40세, 1년만기, 연납 기준이며, 농업인재해골절특약(무), 농업인깁스치료특약(무)의 경우 가입금액 10만원, 농업인장제비지원특약(무)의 경우 가입금액 100만원, 농업인재해사망특약(무)의 경우 가입금액 1,000만원 기준입니다.",1544-4000,,,,
NH농협생명,농업인NH안전보험(무배당) (월납),주계약,특정질병수술급여금,피보험자가 보험기간 중에 특정질병으로 수술을 받았을 때,30만원(수술1회당),"1,000만원","97,300 원","97,300 원",2.25 %,비갱신형,방카슈랑스,2026-01-01,"1. 가입나이 : 만15세 ~ 87세 2. 가입한도 : 1,000만원 단일 3. 보험기간 : 1년만기 4. 판매채널 : 방카슈랑스(농·축협) 5. 위 보험료 및 보험가격지수 예시는 주계약 기본형 일반1형, 40세, 1년만기, 연납, 주계약 가입금액 1,000만원기준입니다. 6. 위 특약보험료 예시는 40세, 1년만기, 연납 기준이며, 농업인재해골절특약(무), 농업인깁스치료특약(무)의 경우 가입금액 10만원, 농업인장제비지원특약(무)의 경우 가입금액 100만원, 농업인재해사망특약(무)의 경우 가입금액 1,000만원 기준입니다.",1544-4000,보장성_상품비교_20260608162059302.xls,NH농협생명,농업인NH안전보험(무배당),주계약,특정질병수술급여금,피보험자가 보험기간 중에 특정질병으로 수술을 받았을 때,30만원(수술1회당),"1,000만원",97300  원,"97,300  원",2.25 %,-,-,75.3 %,69.6 %,-,-,-,-,보험기간(1년 이하),순수보장,비갱신형,비유니버셜,방카슈랑스,2026-01-01,"1. 가입나이 : 만15세 ~ 87세 2. 가입한도 : 1,000만원 단일 3. 보험기간 : 1년만기 4. 판매채널 : 방카슈랑스(농·축협) 5. 위 보험료 및 보험가격지수 예시는 주계약 기본형 일반1형, 40세, 1년만기, 연납, 주계약 가입금액 1,000만원기준입니다. 6. 위 특약보험료 예시는 40세, 1년만기, 연납 기준이며, 농업인재해골절특약(무), 농업인깁스치료특약(무)의 경우 가입금액 10만원, 농업인장제비지원특약(무)의 경우 가입금액 100만원, 농업인재해사망특약(무)의 경우 가입금액 1,000만원 기준입니다.",1544-4000,,,,
NH농협생명,농업인NH안전보험(무배당) (월납),주계약,상해·질병치료급여금,피보험자가 보험기간 중에 농업작업안전재해 또는 농업작업안전질병으로 치료를 받았을 때,"- 입원 5,000만원 한도 - 통원 20만원, 처방 10만원 한도 - 도수치료 350만원, 주사료 250만원, MRI 300만원 한도","1,000만원","97,300 원","97,300 원",2.25 %,비갱신형,방카슈랑스,2026-01-01,"1. 가입나이 : 만15세 ~ 87세 2. 가입한도 : 1,000만원 단일 3. 보험기간 : 1년만기 4. 판매채널 : 방카슈랑스(농·축협) 5. 위 보험료 및 보험가격지수 예시는 주계약 기본형 일반1형, 40세, 1년만기, 연납, 주계약 가입금액 1,000만원기준입니다. 6. 위 특약보험료 예시는 40세, 1년만기, 연납 기준이며, 농업인재해골절특약(무), 농업인깁스치료특약(무)의 경우 가입금액 10만원, 농업인장제비지원특약(무)의 경우 가입금액 100만원, 농업인재해사망특약(무)의 경우 가입금액 1,000만원 기준입니다.",1544-4000,보장성_상품비교_20260608162059302.xls,NH농협생명,농업인NH안전보험(무배당),주계약,상해·질병치료급여금,피보험자가 보험기간 중에 농업작업안전재해 또는 농업작업안전질병으로 치료를 받았을 때,"- 입원 5,000만원 한도 - 통원 20만원, 처방 10만원 한도 - 도수치료 350만원, 주사료 250만원, MRI 300만원 한도","1,000만원",97300  원,"97,300  원",2.25 %,-,-,75.3 %,69.6 %,-,-,-,-,보험기간(1년 이하),순수보장,비갱신형,비유니버셜,방카슈랑스,2026-01-01,"1. 가입나이 : 만15세 ~ 87세 2. 가입한도 : 1,000만원 단일 3. 보험기간 : 1년만기 4. 판매채널 : 방카슈랑스(농·축협) 5. 위 보험료 및 보험가격지수 예시는 주계약 기본형 일반1형, 40세, 1년만기, 연납, 주계약 가입금액 1,000만원기준입니다. 6. 위 특약보험료 예시는 40세, 1년만기, 연납 기준이며, 농업인재해골절특약(무), 농업인깁스치료특약(무)의 경우 가입금액 10만원, 농업인장제비지원특약(무)의 경우 가입금액 100만원, 농업인재해사망특약(무)의 경우 가입금액 1,000만원 기준입니다.",1544-4000,,,,
NH농협생명,농업인NH안전보험(무배당) (월납),특약,농업인재해골절특약(무),"""보험기간 중 재해를 원인으로 골절(치아파절 제외)이 발생한 때""",10만원,10만원,"5,300 원","5,300 원",2.25 %,비갱신형,방카슈랑스,2026-01-01,"1. 가입나이 : 만15세 ~ 87세 2. 가입한도 : 1,000만원 단일 3. 보험기간 : 1년만기 4. 판매채널 : 방카슈랑스(농·축협) 5. 위 보험료 및 보험가격지수 예시는 주계약 기본형 일반1형, 40세, 1년만기, 연납, 주계약 가입금액 1,000만원기준입니다. 6. 위 특약보험료 예시는 40세, 1년만기, 연납 기준이며, 농업인재해골절특약(무), 농업인깁스치료특약(무)의 경우 가입금액 10만원, 농업인장제비지원특약(무)의 경우 가입금액 100만원, 농업인재해사망특약(무)의 경우 가입금액 1,000만원 기준입니다.",1544-4000,보장성_상품비교_20260608162059302.xls,NH농협생명,농업인NH안전보험(무배당),특약,농업인재해골절특약(무),"""보험기간 중 재해를 원인으로 골절(치아파절 제외)이 발생한 때""",10만원,10만원,5300  원,"5,300  원",2.25 %,-,-,75.3 %,69.6 %,-,-,-,-,보험기간(1년 이하),순수보장,비갱신형,비유니버셜,방카슈랑스,2026-01-01,"1. 가입나이 : 만15세 ~ 87세 2. 가입한도 : 1,000만원 단일 3. 보험기간 : 1년만기 4. 판매채널 : 방카슈랑스(농·축협) 5. 위 보험료 및 보험가격지수 예시는 주계약 기본형 일반1형, 40세, 1년만기, 연납, 주계약 가입금액 1,000만원기준입니다. 6. 위 특약보험료 예시는 40세, 1년만기, 연납 기준이며, 농업인재해골절특약(무), 농업인깁스치료특약(무)의 경우 가입금액 10만원, 농업인장제비지원특약(무)의 경우 가입금액 100만원, 농업인재해사망특약(무)의 경우 가입금액 1,000만원 기준입니다.",1544-4000,,,,
NH농협생명,농업인NH안전보험(무배당) (월납),특약,농업인장제비지원특약(무),보험기간 중 사망시,100만원,100만원,"11,600 원","11,600 원",2.25 %,비갱신형,방카슈랑스,2026-01-01,"1. 가입나이 : 만15세 ~ 87세 2. 가입한도 : 1,000만원 단일 3. 보험기간 : 1년만기 4. 판매채널 : 방카슈랑스(농·축협) 5. 위 보험료 및 보험가격지수 예시는 주계약 기본형 일반1형, 40세, 1년만기, 연납, 주계약 가입금액 1,000만원기준입니다. 6. 위 특약보험료 예시는 40세, 1년만기, 연납 기준이며, 농업인재해골절특약(무), 농업인깁스치료특약(무)의 경우 가입금액 10만원, 농업인장제비지원특약(무)의 경우 가입금액 100만원, 농업인재해사망특약(무)의 경우 가입금액 1,000만원 기준입니다.",1544-4000,보장성_상품비교_20260608162059302.xls,NH농협생명,농업인NH안전보험(무배당),특약,농업인장제비지원특약(무),보험기간 중 사망시,100만원,100만원,11600  원,"11,600  원",2.25 %,-,-,75.3 %,69.6 %,-,-,-,-,보험기간(1년 이하),순수보장,비갱신형,비유니버셜,방카슈랑스,2026-01-01,"1. 가입나이 : 만15세 ~ 87세 2. 가입한도 : 1,000만원 단일 3. 보험기간 : 1년만기 4. 판매채널 : 방카슈랑스(농·축협) 5. 위 보험료 및 보험가격지수 예시는 주계약 기본형 일반1형, 40세, 1년만기, 연납, 주계약 가입금액 1,000만원기준입니다. 6. 위 특약보험료 예시는 40세, 1년만기, 연납 기준이며, 농업인재해골절특약(무), 농업인깁스치료특약(무)의 경우 가입금액 10만원, 농업인장제비지원특약(무)의 경우 가입금액 100만원, 농업인재해사망특약(무)의 경우 가입금액 1,000만원 기준입니다.",1544-4000,,,,
NH농협생명,농업인NH안전보험(무배당) (월납),특약,농업인재해사망특약(무),보험기간 중 재해로 사망시,"1,000만원","1,000만원","11,400 원","11,400 원",2.25 %,비갱신형,방카슈랑스,2026-01-01,"1. 가입나이 : 만15세 ~ 87세 2. 가입한도 : 1,000만원 단일 3. 보험기간 : 1년만기 4. 판매채널 : 방카슈랑스(농·축협) 5. 위 보험료 및 보험가격지수 예시는 주계약 기본형 일반1형, 40세, 1년만기, 연납, 주계약 가입금액 1,000만원기준입니다. 6. 위 특약보험료 예시는 40세, 1년만기, 연납 기준이며, 농업인재해골절특약(무), 농업인깁스치료특약(무)의 경우 가입금액 10만원, 농업인장제비지원특약(무)의 경우 가입금액 100만원, 농업인재해사망특약(무)의 경우 가입금액 1,000만원 기준입니다.",1544-4000,보장성_상품비교_20260608162059302.xls,NH농협생명,농업인NH안전보험(무배당),특약,농업인재해사망특약(무),보험기간 중 재해로 사망시,"1,000만원","1,000만원",11400  원,"11,400  원",2.25 %,-,-,75.3 %,69.6 %,-,-,-,-,보험기간(1년 이하),순수보장,비갱신형,비유니버셜,방카슈랑스,2026-01-01,"1. 가입나이 : 만15세 ~ 87세 2. 가입한도 : 1,000만원 단일 3. 보험기간 : 1년만기 4. 판매채널 : 방카슈랑스(농·축협) 5. 위 보험료 및 보험가격지수 예시는 주계약 기본형 일반1형, 40세, 1년만기, 연납, 주계약 가입금액 1,000만원기준입니다. 6. 위 특약보험료 예시는 40세, 1년만기, 연납 기준이며, 농업인재해골절특약(무), 농업인깁스치료특약(무)의 경우 가입금액 10만원, 농업인장제비지원특약(무)의 경우 가입금액 100만원, 농업인재해사망특약(무)의 경우 가입금액 1,000만원 기준입니다.",1544-4000,,,,
NH농협생명,농업인NH안전보험(무배당) (월납),특약,농업인깁스치료특약(무),보험기간 중 ‘깁스(Cast)’치료를 받은 때,10만원,10만원,"1,700 원","1,700 원",2.25 %,비갱신형,방카슈랑스,2026-01-01,"1. 가입나이 : 만15세 ~ 87세 2. 가입한도 : 1,000만원 단일 3. 보험기간 : 1년만기 4. 판매채널 : 방카슈랑스(농·축협) 5. 위 보험료 및 보험가격지수 예시는 주계약 기본형 일반1형, 40세, 1년만기, 연납, 주계약 가입금액 1,000만원기준입니다. 6. 위 특약보험료 예시는 40세, 1년만기, 연납 기준이며, 농업인재해골절특약(무), 농업인깁스치료특약(무)의 경우 가입금액 10만원, 농업인장제비지원특약(무)의 경우 가입금액 100만원, 농업인재해사망특약(무)의 경우 가입금액 1,000만원 기준입니다.",1544-4000,보장성_상품비교_20260608162059302.xls,NH농협생명,농업인NH안전보험(무배당),특약,농업인깁스치료특약(무),보험기간 중 ‘깁스(Cast)’치료를 받은 때,10만원,10만원,1700  원,"1,700  원",2.25 %,-,-,75.3 %,69.6 %,-,-,-,-,보험기간(1년 이하),순수보장,비갱신형,비유니버셜,방카슈랑스,2026-01-01,"1. 가입나이 : 만15세 ~ 87세 2. 가입한도 : 1,000만원 단일 3. 보험기간 : 1년만기 4. 판매채널 : 방카슈랑스(농·축협) 5. 위 보험료 및 보험가격지수 예시는 주계약 기본형 일반1형, 40세, 1년만기, 연납, 주계약 가입금액 1,000만원기준입니다. 6. 위 특약보험료 예시는 40세, 1년만기, 연납 기준이며, 농업인재해골절특약(무), 농업인깁스치료특약(무)의 경우 가입금액 10만원, 농업인장제비지원특약(무)의 경우 가입금액 100만원, 농업인재해사망특약(무)의 경우 가입금액 1,000만원 기준입니다.",1544-4000,,,,
NH농협생명,온라인농업인NH안전보험(무배당) (월납),주계약,유족급여금,피보험자가 보험기간 중에 농업작업안전재해 또는 농업작업안전질병으로 사망하였을 때,"6,000만원","1,000만원","97,300 원","97,300 원",2.25 %,비갱신형,CM,2026-01-01,"1. 가입나이 : 만19세 ~ 87세 2. 가입한도 : 1,000만원 단일 3. 보험기간 : 1년만기 4. 판매채널 : CM 5. 위 보험료 및 보험가격지수 예시는 주계약 기본형 일반형, 40세, 1년만기, 연납, 주계약 가입금액 1,000만원기준입니다. 6. 온라인농업인NH안전보험은 일반1형 및 산재형만 가입가능하며, 특약은 부가할 수 없습니다.",1544-4000,보장성_상품비교_20260608162059302.xls,NH농협생명,온라인농업인NH안전보험(무배당),주계약,유족급여금,피보험자가 보험기간 중에 농업작업안전재해 또는 농업작업안전질병으로 사망하였을 때,"6,000만원","1,000만원",97300  원,"97,300  원",2.25 %,-,-,75.3 %,69.6 %,-,-,-,-,보험기간(1년 이하),순수보장,비갱신형,비유니버셜,CM,2026-01-01,"1. 가입나이 : 만19세 ~ 87세 2. 가입한도 : 1,000만원 단일 3. 보험기간 : 1년만기 4. 판매채널 : CM 5. 위 보험료 및 보험가격지수 예시는 주계약 기본형 일반형, 40세, 1년만기, 연납, 주계약 가입금액 1,000만원기준입니다. 6. 온라인농업인NH안전보험은 일반1형 및 산재형만 가입가능하며, 특약은 부가할 수 없습니다.",1544-4000,,,,
NH농협생명,온라인농업인NH안전보험(무배당) (월납),주계약,장례비,피보험자가 보험기간 중에 농업작업안전재해 또는 농업작업안전질병으로 사망하였을 때,100만원,"1,000만원","97,300 원","97,300 원",2.25 %,비갱신형,CM,2026-01-01,"1. 가입나이 : 만19세 ~ 87세 2. 가입한도 : 1,000만원 단일 3. 보험기간 : 1년만기 4. 판매채널 : CM 5. 위 보험료 및 보험가격지수 예시는 주계약 기본형 일반형, 40세, 1년만기, 연납, 주계약 가입금액 1,000만원기준입니다. 6. 온라인농업인NH안전보험은 일반1형 및 산재형만 가입가능하며, 특약은 부가할 수 없습니다.",1544-4000,보장성_상품비교_20260608162059302.xls,NH농협생명,온라인농업인NH안전보험(무배당),주계약,장례비,피보험자가 보험기간 중에 농업작업안전재해 또는 농업작업안전질병으로 사망하였을 때,100만원,"1,000만원",97300  원,"97,300  원",2.25 %,-,-,75.3 %,69.6 %,-,-,-,-,보험기간(1년 이하),순수보장,비갱신형,비유니버셜,CM,2026-01-01,"1. 가입나이 : 만19세 ~ 87세 2. 가입한도 : 1,000만원 단일 3. 보험기간 : 1년만기 4. 판매채널 : CM 5. 위 보험료 및 보험가격지수 예시는 주계약 기본형 일반형, 40세, 1년만기, 연납, 주계약 가입금액 1,000만원기준입니다. 6. 온라인농업인NH안전보험은 일반1형 및 산재형만 가입가능하며, 특약은 부가할 수 없습니다.",1544-4000,,,,
NH농협생명,온라인농업인NH안전보험(무배당) (월납),주계약,고도장해급여금,피보험자가 보험기간 중에 동일한 농업작업안전재해 또는 동일한 농업작업안전질병으로 인하여 장해분류표 상의 여러 신체부위의 장해지급률을 더하여 80% 이상인 장해상태가 되었을 때(최초 1회 한),"5,000만원","1,000만원","97,300 원","97,300 원",2.25 %,비갱신형,CM,2026-01-01,"1. 가입나이 : 만19세 ~ 87세 2. 가입한도 : 1,000만원 단일 3. 보험기간 : 1년만기 4. 판매채널 : CM 5. 위 보험료 및 보험가격지수 예시는 주계약 기본형 일반형, 40세, 1년만기, 연납, 주계약 가입금액 1,000만원기준입니다. 6. 온라인농업인NH안전보험은 일반1형 및 산재형만 가입가능하며, 특약은 부가할 수 없습니다.",1544-4000,보장성_상품비교_20260608162059302.xls,NH농협생명,온라인농업인NH안전보험(무배당),주계약,고도장해급여금,피보험자가 보험기간 중에 동일한 농업작업안전재해 또는 동일한 농업작업안전질병으로 인하여 장해분류표 상의 여러 신체부위의 장해지급률을 더하여 80% 이상인 장해상태가 되었을 때(최초 1회 한),"5,000만원","1,000만원",97300  원,"97,300  원",2.25 %,-,-,75.3 %,69.6 %,-,-,-,-,보험기간(1년 이하),순수보장,비갱신형,비유니버셜,CM,2026-01-01,"1. 가입나이 : 만19세 ~ 87세 2. 가입한도 : 1,000만원 단일 3. 보험기간 : 1년만기 4. 판매채널 : CM 5. 위 보험료 및 보험가격지수 예시는 주계약 기본형 일반형, 40세, 1년만기, 연납, 주계약 가입금액 1,000만원기준입니다. 6. 온라인농업인NH안전보험은 일반1형 및 산재형만 가입가능하며, 특약은 부가할 수 없습니다.",1544-4000,,,,
NH농협생명,온라인농업인NH안전보험(무배당) (월납),주계약,재해장해급여금,피보험자가 보험기간 중에 농업작업안전재해로 인하여 장해분류표에서 정한 장해지급률 중 3%이상 80% 미만 장해상태가 되었을 때,"5,000만원 X 장해율","1,000만원","97,300 원","97,300 원",2.25 %,비갱신형,CM,2026-01-01,"1. 가입나이 : 만19세 ~ 87세 2. 가입한도 : 1,000만원 단일 3. 보험기간 : 1년만기 4. 판매채널 : CM 5. 위 보험료 및 보험가격지수 예시는 주계약 기본형 일반형, 40세, 1년만기, 연납, 주계약 가입금액 1,000만원기준입니다. 6. 온라인농업인NH안전보험은 일반1형 및 산재형만 가입가능하며, 특약은 부가할 수 없습니다.",1544-4000,보장성_상품비교_20260608162059302.xls,NH농협생명,온라인농업인NH안전보험(무배당),주계약,재해장해급여금,피보험자가 보험기간 중에 농업작업안전재해로 인하여 장해분류표에서 정한 장해지급률 중 3%이상 80% 미만 장해상태가 되었을 때,"5,000만원 X 장해율","1,000만원",97300  원,"97,300  원",2.25 %,-,-,75.3 %,69.6 %,-,-,-,-,보험기간(1년 이하),순수보장,비갱신형,비유니버셜,CM,2026-01-01,"1. 가입나이 : 만19세 ~ 87세 2. 가입한도 : 1,000만원 단일 3. 보험기간 : 1년만기 4. 판매채널 : CM 5. 위 보험료 및 보험가격지수 예시는 주계약 기본형 일반형, 40세, 1년만기, 연납, 주계약 가입금액 1,000만원기준입니다. 6. 온라인농업인NH안전보험은 일반1형 및 산재형만 가입가능하며, 특약은 부가할 수 없습니다.",1544-4000,,,,
NH농협생명,온라인농업인NH안전보험(무배당) (월납),주계약,간병급여금,피보험자가 보험기간 중에 동일한 농업작업안전재해로 인하여 장해분류표 상의 여러 신체부위의 장해지급률을 더하여 50% 이상인 장해상태가 되었을 때 또는 동일한 농업작업안전질병으로 인하여 장해분류표 상의 여러 신체부위의 장해지급률을 더하여 80% 이상인 장해상태가 되었을 때(각각 최초 1회 한),500만원,"1,000만원","97,300 원","97,300 원",2.25 %,비갱신형,CM,2026-01-01,"1. 가입나이 : 만19세 ~ 87세 2. 가입한도 : 1,000만원 단일 3. 보험기간 : 1년만기 4. 판매채널 : CM 5. 위 보험료 및 보험가격지수 예시는 주계약 기본형 일반형, 40세, 1년만기, 연납, 주계약 가입금액 1,000만원기준입니다. 6. 온라인농업인NH안전보험은 일반1형 및 산재형만 가입가능하며, 특약은 부가할 수 없습니다.",1544-4000,보장성_상품비교_20260608162059302.xls,NH농협생명,온라인농업인NH안전보험(무배당),주계약,간병급여금,피보험자가 보험기간 중에 동일한 농업작업안전재해로 인하여 장해분류표 상의 여러 신체부위의 장해지급률을 더하여 50% 이상인 장해상태가 되었을 때 또는 동일한 농업작업안전질병으로 인하여 장해분류표 상의 여러 신체부위의 장해지급률을 더하여 80% 이상인 장해상태가 되었을 때(각각 최초 1회 한),500만원,"1,000만원",97300  원,"97,300  원",2.25 %,-,-,75.3 %,69.6 %,-,-,-,-,보험기간(1년 이하),순수보장,비갱신형,비유니버셜,CM,2026-01-01,"1. 가입나이 : 만19세 ~ 87세 2. 가입한도 : 1,000만원 단일 3. 보험기간 : 1년만기 4. 판매채널 : CM 5. 위 보험료 및 보험가격지수 예시는 주계약 기본형 일반형, 40세, 1년만기, 연납, 주계약 가입금액 1,000만원기준입니다. 6. 온라인농업인NH안전보험은 일반1형 및 산재형만 가입가능하며, 특약은 부가할 수 없습니다.",1544-4000,,,,
NH농협생명,온라인농업인NH안전보험(무배당) (월납),주계약,휴업(입원)급여금,피보험자가 보험기간 중에 농업작업안전재해 또는 농업작업안전질병으로 인하여 그 치료를 직접목적으로 4일 이상 계속하여 입원하였을 때(1회 입원당 120일 한도),2만원(3일 초과 입원 1일당),"1,000만원","97,300 원","97,300 원",2.25 %,비갱신형,CM,2026-01-01,"1. 가입나이 : 만19세 ~ 87세 2. 가입한도 : 1,000만원 단일 3. 보험기간 : 1년만기 4. 판매채널 : CM 5. 위 보험료 및 보험가격지수 예시는 주계약 기본형 일반형, 40세, 1년만기, 연납, 주계약 가입금액 1,000만원기준입니다. 6. 온라인농업인NH안전보험은 일반1형 및 산재형만 가입가능하며, 특약은 부가할 수 없습니다.",1544-4000,보장성_상품비교_20260608162059302.xls,NH농협생명,온라인농업인NH안전보험(무배당),주계약,휴업(입원)급여금,피보험자가 보험기간 중에 농업작업안전재해 또는 농업작업안전질병으로 인하여 그 치료를 직접목적으로 4일 이상 계속하여 입원하였을 때(1회 입원당 120일 한도),2만원(3일 초과 입원 1일당),"1,000만원",97300  원,"97,300  원",2.25 %,-,-,75.3 %,69.6 %,-,-,-,-,보험기간(1년 이하),순수보장,비갱신형,비유니버셜,CM,2026-01-01,"1. 가입나이 : 만19세 ~ 87세 2. 가입한도 : 1,000만원 단일 3. 보험기간 : 1년만기 4. 판매채널 : CM 5. 위 보험료 및 보험가격지수 예시는 주계약 기본형 일반형, 40세, 1년만기, 연납, 주계약 가입금액 1,000만원기준입니다. 6. 온라인농업인NH안전보험은 일반1형 및 산재형만 가입가능하며, 특약은 부가할 수 없습니다.",1544-4000,,,,
NH농협생명,온라인농업인NH안전보험(무배당) (월납),주계약,재활급여금(고도장해),피보험자가 보험기간 중에 동일한 농업작업안전재해 또는 동일한 농업작업안전질병으로 인하여 장해분류표 상의 여러 신체부위의 장해지급률을 더하여 80% 이상인 장해상태가 되었을 때(최초 1회 한),500만원,"1,000만원","97,300 원","97,300 원",2.25 %,비갱신형,CM,2026-01-01,"1. 가입나이 : 만19세 ~ 87세 2. 가입한도 : 1,000만원 단일 3. 보험기간 : 1년만기 4. 판매채널 : CM 5. 위 보험료 및 보험가격지수 예시는 주계약 기본형 일반형, 40세, 1년만기, 연납, 주계약 가입금액 1,000만원기준입니다. 6. 온라인농업인NH안전보험은 일반1형 및 산재형만 가입가능하며, 특약은 부가할 수 없습니다.",1544-4000,보장성_상품비교_20260608162059302.xls,NH농협생명,온라인농업인NH안전보험(무배당),주계약,재활급여금(고도장해),피보험자가 보험기간 중에 동일한 농업작업안전재해 또는 동일한 농업작업안전질병으로 인하여 장해분류표 상의 여러 신체부위의 장해지급률을 더하여 80% 이상인 장해상태가 되었을 때(최초 1회 한),500만원,"1,000만원",97300  원,"97,300  원",2.25 %,-,-,75.3 %,69.6 %,-,-,-,-,보험기간(1년 이하),순수보장,비갱신형,비유니버셜,CM,2026-01-01,"1. 가입나이 : 만19세 ~ 87세 2. 가입한도 : 1,000만원 단일 3. 보험기간 : 1년만기 4. 판매채널 : CM 5. 위 보험료 및 보험가격지수 예시는 주계약 기본형 일반형, 40세, 1년만기, 연납, 주계약 가입금액 1,000만원기준입니다. 6. 온라인농업인NH안전보험은 일반1형 및 산재형만 가입가능하며, 특약은 부가할 수 없습니다.",1544-4000,,,,
NH농협생명,온라인농업인NH안전보험(무배당) (월납),주계약,재활급여금(재해장해),피보험자가 보험기간 중에 농업작업안전재해로 인하여 장해분류표에서 정한 장해지급률 중 3%이상 80% 미만 장해상태가 되었을 때,500만원 X 장해율,"1,000만원","97,300 원","97,300 원",2.25 %,비갱신형,CM,2026-01-01,"1. 가입나이 : 만19세 ~ 87세 2. 가입한도 : 1,000만원 단일 3. 보험기간 : 1년만기 4. 판매채널 : CM 5. 위 보험료 및 보험가격지수 예시는 주계약 기본형 일반형, 40세, 1년만기, 연납, 주계약 가입금액 1,000만원기준입니다. 6. 온라인농업인NH안전보험은 일반1형 및 산재형만 가입가능하며, 특약은 부가할 수 없습니다.",1544-4000,보장성_상품비교_20260608162059302.xls,NH농협생명,온라인농업인NH안전보험(무배당),주계약,재활급여금(재해장해),피보험자가 보험기간 중에 농업작업안전재해로 인하여 장해분류표에서 정한 장해지급률 중 3%이상 80% 미만 장해상태가 되었을 때,500만원 X 장해율,"1,000만원",97300  원,"97,300  원",2.25 %,-,-,75.3 %,69.6 %,-,-,-,-,보험기간(1년 이하),순수보장,비갱신형,비유니버셜,CM,2026-01-01,"1. 가입나이 : 만19세 ~ 87세 2. 가입한도 : 1,000만원 단일 3. 보험기간 : 1년만기 4. 판매채널 : CM 5. 위 보험료 및 보험가격지수 예시는 주계약 기본형 일반형, 40세, 1년만기, 연납, 주계약 가입금액 1,000만원기준입니다. 6. 온라인농업인NH안전보험은 일반1형 및 산재형만 가입가능하며, 특약은 부가할 수 없습니다.",1544-4000,,,,
NH농협생명,온라인농업인NH안전보험(무배당) (월납),주계약,특정감염병진단급여금,피보험자가 보험기간 중에 특정감염병으로 진단 확정되었을 때,30만원(진단1회당),"1,000만원","97,300 원","97,300 원",2.25 %,비갱신형,CM,2026-01-01,"1. 가입나이 : 만19세 ~ 87세 2. 가입한도 : 1,000만원 단일 3. 보험기간 : 1년만기 4. 판매채널 : CM 5. 위 보험료 및 보험가격지수 예시는 주계약 기본형 일반형, 40세, 1년만기, 연납, 주계약 가입금액 1,000만원기준입니다. 6. 온라인농업인NH안전보험은 일반1형 및 산재형만 가입가능하며, 특약은 부가할 수 없습니다.",1544-4000,보장성_상품비교_20260608162059302.xls,NH농협생명,온라인농업인NH안전보험(무배당),주계약,특정감염병진단급여금,피보험자가 보험기간 중에 특정감염병으로 진단 확정되었을 때,30만원(진단1회당),"1,000만원",97300  원,"97,300  원",2.25 %,-,-,75.3 %,69.6 %,-,-,-,-,보험기간(1년 이하),순수보장,비갱신형,비유니버셜,CM,2026-01-01,"1. 가입나이 : 만19세 ~ 87세 2. 가입한도 : 1,000만원 단일 3. 보험기간 : 1년만기 4. 판매채널 : CM 5. 위 보험료 및 보험가격지수 예시는 주계약 기본형 일반형, 40세, 1년만기, 연납, 주계약 가입금액 1,000만원기준입니다. 6. 온라인농업인NH안전보험은 일반1형 및 산재형만 가입가능하며, 특약은 부가할 수 없습니다.",1544-4000,,,,
NH농협생명,온라인농업인NH안전보험(무배당) (월납),주계약,특정질병수술급여금,피보험자가 보험기간 중에 특정질병으로 수술을 받았을 때,30만원(수술1회당),"1,000만원","97,300 원","97,300 원",2.25 %,비갱신형,CM,2026-01-01,"1. 가입나이 : 만19세 ~ 87세 2. 가입한도 : 1,000만원 단일 3. 보험기간 : 1년만기 4. 판매채널 : CM 5. 위 보험료 및 보험가격지수 예시는 주계약 기본형 일반형, 40세, 1년만기, 연납, 주계약 가입금액 1,000만원기준입니다. 6. 온라인농업인NH안전보험은 일반1형 및 산재형만 가입가능하며, 특약은 부가할 수 없습니다.",1544-4000,보장성_상품비교_20260608162059302.xls,NH농협생명,온라인농업인NH안전보험(무배당),주계약,특정질병수술급여금,피보험자가 보험기간 중에 특정질병으로 수술을 받았을 때,30만원(수술1회당),"1,000만원",97300  원,"97,300  원",2.25 %,-,-,75.3 %,69.6 %,-,-,-,-,보험기간(1년 이하),순수보장,비갱신형,비유니버셜,CM,2026-01-01,"1. 가입나이 : 만19세 ~ 87세 2. 가입한도 : 1,000만원 단일 3. 보험기간 : 1년만기 4. 판매채널 : CM 5. 위 보험료 및 보험가격지수 예시는 주계약 기본형 일반형, 40세, 1년만기, 연납, 주계약 가입금액 1,000만원기준입니다. 6. 온라인농업인NH안전보험은 일반1형 및 산재형만 가입가능하며, 특약은 부가할 수 없습니다.",1544-4000,,,,
NH농협생명,온라인농업인NH안전보험(무배당) (월납),주계약,상해·질병치료급여금,피보험자가 보험기간 중에 농업작업안전재해 또는 농업작업안전질병으로 치료를 받았을 때,"- 입원 5,000만원 한도 - 통원 20만원, 처방 10만원 한도 - 도수치료 350만원, 주사료 250만원, MRI 300만원 한도","1,000만원","97,300 원","97,300 원",2.25 %,비갱신형,CM,2026-01-01,"1. 가입나이 : 만19세 ~ 87세 2. 가입한도 : 1,000만원 단일 3. 보험기간 : 1년만기 4. 판매채널 : CM 5. 위 보험료 및 보험가격지수 예시는 주계약 기본형 일반형, 40세, 1년만기, 연납, 주계약 가입금액 1,000만원기준입니다. 6. 온라인농업인NH안전보험은 일반1형 및 산재형만 가입가능하며, 특약은 부가할 수 없습니다.",1544-4000,보장성_상품비교_20260608162059302.xls,NH농협생명,온라인농업인NH안전보험(무배당),주계약,상해·질병치료급여금,피보험자가 보험기간 중에 농업작업안전재해 또는 농업작업안전질병으로 치료를 받았을 때,"- 입원 5,000만원 한도 - 통원 20만원, 처방 10만원 한도 - 도수치료 350만원, 주사료 250만원, MRI 300만원 한도","1,000만원",97300  원,"97,300  원",2.25 %,-,-,75.3 %,69.6 %,-,-,-,-,보험기간(1년 이하),순수보장,비갱신형,비유니버셜,CM,2026-01-01,"1. 가입나이 : 만19세 ~ 87세 2. 가입한도 : 1,000만원 단일 3. 보험기간 : 1년만기 4. 판매채널 : CM 5. 위 보험료 및 보험가격지수 예시는 주계약 기본형 일반형, 40세, 1년만기, 연납, 주계약 가입금액 1,000만원기준입니다. 6. 온라인농업인NH안전보험은 일반1형 및 산재형만 가입가능하며, 특약은 부가할 수 없습니다.",1544-4000,,,,
주계약,재해사망보험금 (월납),주계약,재해사망보험금,피보험자가 보험기간 중 재해 분류표에서 정한 재해를 원인으로 사망하였을 때,6억원,"3,000만원","507,000 원","270,900 원",3.00 %,비갱신형,방카슈랑스,2026-05-01,"1. 가입나이 : 만 19세 ~ 최대 65세 2. 보험기간 : 90세/100세/110세만기 3. 보험료 예시 기준 : 보험가입금액 3,000만원, 40세, 90세만기, 20년납, 월납 4. 보험료 납입기간 : 5년/7년/10년/15년/20년납 5. 보험료 납입주기 : 월납 6. 가입한도 : 보험가입금액 최저 10만원 ~ 최고 7,000만원 7. 보험가격지수 : 보험가입금액 3,000만원, 40세, 90세만기, 20년납, 월납 8. 적용이율 : 10년 이하 연 복리 3.00%, 10년 초과 연 복리 1.5%",1566-0999,보장성_상품비교_20260608162059302.xls,교보라이프플래닛생명,"(무)교보라플안심보험(상해보장형, 해약환급금 일부지급형)",주계약,재해사망보험금,피보험자가 보험기간 중 재해 분류표에서 정한 재해를 원인으로 사망하였을 때,6억원,"3,000만원",507000  원,"270,900  원",3.00 %,-,-,122.3 %,117.2 %,-,-,-,-,보험기간(1년 초과),무해지/저해지환급,비갱신형,비유니버셜,방카슈랑스,2026-05-01,"1. 가입나이 : 만 19세 ~ 최대 65세 2. 보험기간 : 90세/100세/110세만기 3. 보험료 예시 기준 : 보험가입금액 3,000만원, 40세, 90세만기, 20년납, 월납 4. 보험료 납입기간 : 5년/7년/10년/15년/20년납 5. 보험료 납입주기 : 월납 6. 가입한도 : 보험가입금액 최저 10만원 ~ 최고 7,000만원 7. 보험가격지수 : 보험가입금액 3,000만원, 40세, 90세만기, 20년납, 월납 8. 적용이율 : 10년 이하 연 복리 3.00%, 10년 초과 연 복리 1.5%",1566-0999,,,,
주계약,안심보장플러스 재해사망보험금 (월납),주계약,안심보장플러스 재해사망보험금,피보험자가 안심보장플러스 보험기간 중 안심보장플러스 보장개시일 이후에 재해 분류표에서 정한 재해를 원인으로 사망하였을 때,안심보장플러스 보장금액의 100%,"3,000만원","507,000 원","270,900 원",3.00 %,비갱신형,방카슈랑스,2026-05-01,"1. 가입나이 : 만 19세 ~ 최대 65세 2. 보험기간 : 90세/100세/110세만기 3. 보험료 예시 기준 : 보험가입금액 3,000만원, 40세, 90세만기, 20년납, 월납 4. 보험료 납입기간 : 5년/7년/10년/15년/20년납 5. 보험료 납입주기 : 월납 6. 가입한도 : 보험가입금액 최저 10만원 ~ 최고 7,000만원 7. 보험가격지수 : 보험가입금액 3,000만원, 40세, 90세만기, 20년납, 월납 8. 적용이율 : 10년 이하 연 복리 3.00%, 10년 초과 연 복리 1.5%",1566-0999,보장성_상품비교_20260608162059302.xls,교보라이프플래닛생명,"(무)교보라플안심보험(상해보장형, 해약환급금 일부지급형)",주계약,안심보장플러스 재해사망보험금,피보험자가 안심보장플러스 보험기간 중 안심보장플러스 보장개시일 이후에 재해 분류표에서 정한 재해를 원인으로 사망하였을 때,안심보장플러스 보장금액의 100%,"3,000만원",507000  원,"270,900  원",3.00 %,-,-,122.3 %,117.2 %,-,-,-,-,보험기간(1년 초과),무해지/저해지환급,비갱신형,비유니버셜,방카슈랑스,2026-05-01,"1. 가입나이 : 만 19세 ~ 최대 65세 2. 보험기간 : 90세/100세/110세만기 3. 보험료 예시 기준 : 보험가입금액 3,000만원, 40세, 90세만기, 20년납, 월납 4. 보험료 납입기간 : 5년/7년/10년/15년/20년납 5. 보험료 납입주기 : 월납 6. 가입한도 : 보험가입금액 최저 10만원 ~ 최고 7,000만원 7. 보험가격지수 : 보험가입금액 3,000만원, 40세, 90세만기, 20년납, 월납 8. 적용이율 : 10년 이하 연 복리 3.00%, 10년 초과 연 복리 1.5%",1566-0999,,,,
교보라이프플래닛,"(무)교보라플안심보험(상해보장형, 표준형) (월납)",주계약,재해사망보험금,피보험자가 보험기간 중 재해 분류표에서 정한 재해를 원인으로 사망하였을 때,6억원,"3,000만원","528,000 원","282,000 원",3.00 %,비갱신형,방카슈랑스,2026-05-01,"1. 가입나이 : 만 19세 ~ 최대 65세 2. 보험기간 : 90세/100세/110세만기 3. 보험료 예시 기준 : 보험가입금액 3,000만원, 40세, 90세만기, 20년납, 월납 4. 보험료 납입기간 : 5년/7년/10년/15년/20년납 5. 보험료 납입주기 : 월납 6. 가입한도 : 보험가입금액 최저 10만원 ~ 최고 7,000만원 7. 보험가격지수 : 보험가입금액 3,000만원, 40세, 90세만기, 20년납, 월납 8. 적용이율 : 10년 이하 연 복리 3.00%, 10년 초과 연 복리 1.5%",1566-0999,보장성_상품비교_20260608162059302.xls,교보라이프플래닛생명,"(무)교보라플안심보험(상해보장형, 표준형)",주계약,재해사망보험금,피보험자가 보험기간 중 재해 분류표에서 정한 재해를 원인으로 사망하였을 때,6억원,"3,000만원",528000  원,"282,000  원",3.00 %,-,-,109.9 %,104.9 %,-,-,-,-,보험기간(1년 초과),순수보장,비갱신형,비유니버셜,방카슈랑스,2026-05-01,"1. 가입나이 : 만 19세 ~ 최대 65세 2. 보험기간 : 90세/100세/110세만기 3. 보험료 예시 기준 : 보험가입금액 3,000만원, 40세, 90세만기, 20년납, 월납 4. 보험료 납입기간 : 5년/7년/10년/15년/20년납 5. 보험료 납입주기 : 월납 6. 가입한도 : 보험가입금액 최저 10만원 ~ 최고 7,000만원 7. 보험가격지수 : 보험가입금액 3,000만원, 40세, 90세만기, 20년납, 월납 8. 적용이율 : 10년 이하 연 복리 3.00%, 10년 초과 연 복리 1.5%",1566-0999,,,,
교보라이프플래닛,"(무)교보라플안심보험(상해보장형, 표준형) (월납)",주계약,고도장해보험금,"피보험자가 보험기간 중 보장개시일 이후 동일한 재해 또는 재해 이외의 동일한 원 인으로 인하여 장해분류표 중 여러 신체부 위의 장해지급률을 더하여 80%이상인 장 해상태가 되었을 때 (다만, 최초 1 회에 한함)","9억원 (다만, 가입 후 1년 미만에 재해 이외 의 동일한 원인으로 80%이상인 장해 상태가 되었을 경우 4억 5천만원 지급)","3,000만원","528,000 원","282,000 원",3.00 %,비갱신형,방카슈랑스,2026-05-01,"1. 가입나이 : 만 19세 ~ 최대 65세 2. 보험기간 : 90세/100세/110세만기 3. 보험료 예시 기준 : 보험가입금액 3,000만원, 40세, 90세만기, 20년납, 월납 4. 보험료 납입기간 : 5년/7년/10년/15년/20년납 5. 보험료 납입주기 : 월납 6. 가입한도 : 보험가입금액 최저 10만원 ~ 최고 7,000만원 7. 보험가격지수 : 보험가입금액 3,000만원, 40세, 90세만기, 20년납, 월납 8. 적용이율 : 10년 이하 연 복리 3.00%, 10년 초과 연 복리 1.5%",1566-0999,보장성_상품비교_20260608162059302.xls,교보라이프플래닛생명,"(무)교보라플안심보험(상해보장형, 표준형)",주계약,고도장해보험금,"피보험자가 보험기간 중 보장개시일 이후 동일한 재해 또는 재해 이외의 동일한 원 인으로 인하여 장해분류표 중 여러 신체부 위의 장해지급률을 더하여 80%이상인 장 해상태가 되었을 때 (다만, 최초 1 회에 한함)","9억원 (다만, 가입 후 1년 미만에 재해 이외 의 동일한 원인으로 80%이상인 장해 상태가 되었을 경우 4억 5천만원 지급)","3,000만원",528000  원,"282,000  원",3.00 %,-,-,109.9 %,104.9 %,-,-,-,-,보험기간(1년 초과),순수보장,비갱신형,비유니버셜,방카슈랑스,2026-05-01,"1. 가입나이 : 만 19세 ~ 최대 65세 2. 보험기간 : 90세/100세/110세만기 3. 보험료 예시 기준 : 보험가입금액 3,000만원, 40세, 90세만기, 20년납, 월납 4. 보험료 납입기간 : 5년/7년/10년/15년/20년납 5. 보험료 납입주기 : 월납 6. 가입한도 : 보험가입금액 최저 10만원 ~ 최고 7,000만원 7. 보험가격지수 : 보험가입금액 3,000만원, 40세, 90세만기, 20년납, 월납 8. 적용이율 : 10년 이하 연 복리 3.00%, 10년 초과 연 복리 1.5%",1566-0999,,,,
교보라이프플래닛,"(무)교보라플안심보험(상해보장형, 표준형) (월납)",주계약,안심보장플러스 재해사망보험금,피보험자가 안심보장플러스 보험기간 중 안심보장플러스 보장개시일 이후에 재해 분류표에서 정한 재해를 원인으로 사망하였을 때,안심보장플러스 보장금액의 100%,"3,000만원","528,000 원","282,000 원",3.00 %,비갱신형,방카슈랑스,2026-05-01,"1. 가입나이 : 만 19세 ~ 최대 65세 2. 보험기간 : 90세/100세/110세만기 3. 보험료 예시 기준 : 보험가입금액 3,000만원, 40세, 90세만기, 20년납, 월납 4. 보험료 납입기간 : 5년/7년/10년/15년/20년납 5. 보험료 납입주기 : 월납 6. 가입한도 : 보험가입금액 최저 10만원 ~ 최고 7,000만원 7. 보험가격지수 : 보험가입금액 3,000만원, 40세, 90세만기, 20년납, 월납 8. 적용이율 : 10년 이하 연 복리 3.00%, 10년 초과 연 복리 1.5%",1566-0999,보장성_상품비교_20260608162059302.xls,교보라이프플래닛생명,"(무)교보라플안심보험(상해보장형, 표준형)",주계약,안심보장플러스 재해사망보험금,피보험자가 안심보장플러스 보험기간 중 안심보장플러스 보장개시일 이후에 재해 분류표에서 정한 재해를 원인으로 사망하였을 때,안심보장플러스 보장금액의 100%,"3,000만원",528000  원,"282,000  원",3.00 %,-,-,109.9 %,104.9 %,-,-,-,-,보험기간(1년 초과),순수보장,비갱신형,비유니버셜,방카슈랑스,2026-05-01,"1. 가입나이 : 만 19세 ~ 최대 65세 2. 보험기간 : 90세/100세/110세만기 3. 보험료 예시 기준 : 보험가입금액 3,000만원, 40세, 90세만기, 20년납, 월납 4. 보험료 납입기간 : 5년/7년/10년/15년/20년납 5. 보험료 납입주기 : 월납 6. 가입한도 : 보험가입금액 최저 10만원 ~ 최고 7,000만원 7. 보험가격지수 : 보험가입금액 3,000만원, 40세, 90세만기, 20년납, 월납 8. 적용이율 : 10년 이하 연 복리 3.00%, 10년 초과 연 복리 1.5%",1566-0999,,,,
신한라이프생명,신한SOL다치면속상해보험 mini(무배당) (월납),주계약,재해수술급여금,보험기간 중 피보험자가 재해로 인한 그 직접적인 치료를 목적으로 보험기간 중 수술을 받았을 때(수 술 1회당),【수술 1회당】 10 만원,"1,000 만원  원","12,600 원","8,650 원",2.10 %,비유니버셜,2026-01-01,"1. 보험기간 : 1년/3년 2. 보험형태 : 순수보장형 3. 가입나이 : 15세~70세(디지털채널:19세~ 60세) 4. 1년,3년만기/일시납 으로 운영 5. 보험료 및 보험가격지수 예시 기준 : 가입금액 1,000만원, 1년만기, 일시납, 40세",1588-5580,,보장성_상품비교_20260608162114135.xls,신한라이프생명,신한SOL다치면속상해보험 mini(무배당),주계약,재해수술급여금,보험기간 중 피보험자가 재해로 인한 그 직접적인 치료를 목적으로 보험기간 중 수술을 받았을 때(수 술 1회당),【수술 1회당】 10 만원,"1,000 만원  원",12600  원,"8,650  원",2.10 %,-,-,129.0 %,118.6 %,-,-,-,-,순수보장,비갱신형,비유니버셜,대면채널  CM,2026-01-01,"1. 보험기간 : 1년/3년 2. 보험형태 : 순수보장형 3. 가입나이 : 15세~70세(디지털채널:19세~ 60세) 4. 1년,3년만기/일시납 으로 운영 5. 보험료 및 보험가격지수 예시 기준 : 가입금액 1,000만원, 1년만기, 일시납, 40세",1588-5580,,,,,
신한라이프생명,신한SOL다치면속상해보험 mini(무배당) (월납),주계약,재해골절치료급여금,보험기간 중 피보험자에게 재해가 발생하고 그 재 해를 직접적인 원인으로 보험기간 중 재해골절(치 아파절 제외)로 진단이 확정되었을 때,【골절 1회당】 10 만원,"1,000 만원  원","12,600 원","8,650 원",2.10 %,비유니버셜,2026-01-01,"1. 보험기간 : 1년/3년 2. 보험형태 : 순수보장형 3. 가입나이 : 15세~70세(디지털채널:19세~ 60세) 4. 1년,3년만기/일시납 으로 운영 5. 보험료 및 보험가격지수 예시 기준 : 가입금액 1,000만원, 1년만기, 일시납, 40세",1588-5580,,보장성_상품비교_20260608162114135.xls,신한라이프생명,신한SOL다치면속상해보험 mini(무배당),주계약,재해골절치료급여금,보험기간 중 피보험자에게 재해가 발생하고 그 재 해를 직접적인 원인으로 보험기간 중 재해골절(치 아파절 제외)로 진단이 확정되었을 때,【골절 1회당】 10 만원,"1,000 만원  원",12600  원,"8,650  원",2.10 %,-,-,129.0 %,118.6 %,-,-,-,-,순수보장,비갱신형,비유니버셜,대면채널  CM,2026-01-01,"1. 보험기간 : 1년/3년 2. 보험형태 : 순수보장형 3. 가입나이 : 15세~70세(디지털채널:19세~ 60세) 4. 1년,3년만기/일시납 으로 운영 5. 보험료 및 보험가격지수 예시 기준 : 가입금액 1,000만원, 1년만기, 일시납, 40세",1588-5580,,,,,
신한라이프생명,신한SOL다치면속상해보험 mini(무배당) (월납),주계약,첫날부터재해입원급여금,"보험기간 중 피보험자에게 재해로 인한 그 직접적 인 치료를 목적으로 보험기간 중 1일 이상 계속 입원하였을 때(다만, 1회 입원당 10일 한도)",【입원일수 1일당】 1 만원,"1,000 만원  원","12,600 원","8,650 원",2.10 %,비유니버셜,2026-01-01,"1. 보험기간 : 1년/3년 2. 보험형태 : 순수보장형 3. 가입나이 : 15세~70세(디지털채널:19세~ 60세) 4. 1년,3년만기/일시납 으로 운영 5. 보험료 및 보험가격지수 예시 기준 : 가입금액 1,000만원, 1년만기, 일시납, 40세",1588-5580,,보장성_상품비교_20260608162114135.xls,신한라이프생명,신한SOL다치면속상해보험 mini(무배당),주계약,첫날부터재해입원급여금,"보험기간 중 피보험자에게 재해로 인한 그 직접적 인 치료를 목적으로 보험기간 중 1일 이상 계속 입원하였을 때(다만, 1회 입원당 10일 한도)",【입원일수 1일당】 1 만원,"1,000 만원  원",12600  원,"8,650  원",2.10 %,-,-,129.0 %,118.6 %,-,-,-,-,순수보장,비갱신형,비유니버셜,대면채널  CM,2026-01-01,"1. 보험기간 : 1년/3년 2. 보험형태 : 순수보장형 3. 가입나이 : 15세~70세(디지털채널:19세~ 60세) 4. 1년,3년만기/일시납 으로 운영 5. 보험료 및 보험가격지수 예시 기준 : 가입금액 1,000만원, 1년만기, 일시납, 40세",1588-5580,,,,,
상급병실료차액,질병 또는 상해로 인하여 상급병실에서 입원하여 치료시 상급병실료차액 보험금을 계약일 또는 매년 계약해당일부터 1년 단위로 연간 2천만원 한도 내에서 보상 (월납),주계약,상급병실료차액,질병 또는 상해로 인하여 상급병실에서 입원하여 치료시 상급병실료차액 보험금을 계약일 또는 매년 계약해당일부터 1년 단위로 연간 2천만원 한도 내에서 보상,2000만원 한도,2000만원 한도,,,,비갱신형,,,,,실손의료보험 비교공시 (1).xls,,,,상급병실료차액,질병 또는 상해로 인하여 상급병실에서 입원하여 치료시 상급병실료차액 보험금을 계약일 또는 매년 계약해당일부터 1년 단위로 연간 2천만원 한도 내에서 보상,2000만원 한도,,,,,,,,,,,,,,,,,,,,,,,,
상급병실료차액,질병 또는 상해로 인하여 상급병실에서 입원하여 치료시 상급병실료차액 보험금을 계약일 또는 매년 계약해당일부터 1년 단위로 연간 2천만원 한도 내에서 보상 (월납),주계약,요양병원의료비,질병 또는 상해로 인하여 요양병원에서 입원 또는 통원하여 치료를 받거나 처방조제를 받은 경우(상급병실료차액 제외) 계약일 또는 매년 계약해당일부터 1년 단위로 연간 5천만원 한도(통원의 경우 회(건)당 최고 100만원 한도) 내에서 보상,5000만원 한도,5000만원 한도,,,,비갱신형,,,,,실손의료보험 비교공시 (1).xls,,,,요양병원의료비,질병 또는 상해로 인하여 요양병원에서 입원 또는 통원하여 치료를 받거나 처방조제를 받은 경우(상급병실료차액 제외) 계약일 또는 매년 계약해당일부터 1년 단위로 연간 5천만원 한도(통원의 경우 회(건)당 최고 100만원 한도) 내에서 보상,5000만원 한도,,,,,,,,,,,,,,,,,,,,,,,,
,[건강]보험료 납입면제대상(특정상해진단수술) (월납),주계약,[건강]보험료 납입면제대상(특정상해진단수술),보험기간 중 약관에서 정한 중대 화상·부식으로 진단 확정되거나 뇌·내장손상 수술로 보험료 납입면제사유가 발생한 경우 가입금액 지급(최초 1회한),,,,,,비갱신형,,,,,장기보장성 비교 공시 (3).xls,,,,[건강]보험료 납입면제대상(특정상해진단수술),보험기간 중 약관에서 정한 중대 화상·부식으로 진단 확정되거나 뇌·내장손상 수술로 보험료 납입면제사유가 발생한 경우 가입금액 지급(최초 1회한),,,,,,,,,,,,,,,,,,,,,,,,,
,[건강]보험료 납입면제대상(특정상해진단수술) (월납),주계약,[건강]상해 사망,상해사고로 사망한 경우,,,,,,비갱신형,,,,,장기보장성 비교 공시 (3).xls,,,,[건강]상해 사망,상해사고로 사망한 경우,,,,,,,,,,,,,,,,,,,,,,,,,
,[건강]보험료 납입면제대상(특정상해진단수술) (월납),주계약,[건강]암 진단비(유사암 제외),"보험기간 중 암(유사암 제외)으로 진단 확정된 경우 가입금액 지급(최초 1회한)※ 유사암은 기타피부암, 갑상선암, 대장점막내암, 제자리암, 경계성종양임",,,,,,비갱신형,,,,,장기보장성 비교 공시 (3).xls,,,,[건강]암 진단비(유사암 제외),"보험기간 중 암(유사암 제외)으로 진단 확정된 경우 가입금액 지급(최초 1회한)※ 유사암은 기타피부암, 갑상선암, 대장점막내암, 제자리암, 경계성종양임",,,,,,,,,,,,,,,,,,,,,,,,,
,[건강]보험료 납입면제대상(특정상해진단수술) (월납),주계약,[건강]유사암 진단비,"보험기간 중 유사암으로 진단확정된 경우(각각 최초 1회한 지급)※ 유사암은 기타피부암, 갑상선암, 대장점막내암, 제자리암, 경계성종양임",,,,,,비갱신형,,,,,장기보장성 비교 공시 (3).xls,,,,[건강]유사암 진단비,"보험기간 중 유사암으로 진단확정된 경우(각각 최초 1회한 지급)※ 유사암은 기타피부암, 갑상선암, 대장점막내암, 제자리암, 경계성종양임",,,,,,,,,,,,,,,,,,,,,,,,,
,[건강]보험료 납입면제대상(특정상해진단수술) (월납),주계약,[건강]허혈성심장질환 진단비,보험기간 중 약관에 정한 허혈성심장질환으로 진단 확정된 경우 가입금액 지급(최초 1회한),,,,,,비갱신형,,,,,장기보장성 비교 공시 (3).xls,,,,[건강]허혈성심장질환 진단비,보험기간 중 약관에 정한 허혈성심장질환으로 진단 확정된 경우 가입금액 지급(최초 1회한),,,,,,,,,,,,,,,,,,,,,,,,,
메리츠화재,(무) 메리츠 상해안심보험2601 (월납),주계약,갱신형·골절진단비Ⅱ,골절로 진단확정되었을때,50만원,50만원,"25,639 원","23,371 원",,비갱신형,,,,,장기보장성 비교 공시 (7).xls,,메리츠화재,(무) 메리츠 상해안심보험2601,갱신형·골절진단비Ⅱ,골절로 진단확정되었을때,50만원,"25,639","23,371",122.3,124.8,,,,,,,,,,,,,,,,,,,,
메리츠화재,(무) 메리츠 상해안심보험2601 (월납),주계약,갱신형·일반상해80%이상후유장해,상해에서 정한 장해지급률이 80%이상에 해당하는 장해상태가 되었을 때,10000만원,10000만원,,,,비갱신형,,,,,장기보장성 비교 공시 (7).xls,,,,갱신형·일반상해80%이상후유장해,상해에서 정한 장해지급률이 80%이상에 해당하는 장해상태가 되었을 때,10000만원,,,,,,,,,,,,,,,,,,,,,,,,
메리츠화재,(무) 메리츠 상해안심보험2601 (월납),주계약,갱신형·일반상해사망,상해의 직접결과로써 사망한 경우(질병으로 인한 사망은 제외합니다),,,,,,비갱신형,,,,,장기보장성 비교 공시 (7).xls,,,,갱신형·일반상해사망,상해의 직접결과로써 사망한 경우(질병으로 인한 사망은 제외합니다),,,,,,,,,,,,,,,,,,,,,,,,,
메리츠화재,(무) 메리츠 상해안심보험2601 (월납),주계약,갱신형·일반상해입원일당(1일이상),상해로 생활기능 또는 업무능력에 지장을 가져와 입원하여 치료를 받은 경우,4만원,4만원,,,,비갱신형,,,,,장기보장성 비교 공시 (7).xls,,,,갱신형·일반상해입원일당(1일이상),상해로 생활기능 또는 업무능력에 지장을 가져와 입원하여 치료를 받은 경우,4만원,,,,,,,,,,,,,,,,,,,,,,,,
메리츠화재,(무) 메리츠 상해안심보험2601 (월납),주계약,갱신형·통합상해진단비Ⅱ(무사고축하금)(기본계약),"「무사고축하금의 지급시기」까지 약관에서 정한 「특정다빈도상해」, 「화상,부식 및 동상」, 「특정상해손상」, 「특정고심도상해」에 해당하는 보험금 지급사유가 모두 발생하지 않은 경우",5만원,5만원,,,,비갱신형,,,,,장기보장성 비교 공시 (7).xls,,,,갱신형·통합상해진단비Ⅱ(무사고축하금)(기본계약),"「무사고축하금의 지급시기」까지 약관에서 정한 「특정다빈도상해」, 「화상,부식 및 동상」, 「특정상해손상」, 「특정고심도상해」에 해당하는 보험금 지급사유가 모두 발생하지 않은 경우",5만원,,,,,,,,,,,,,,,,,,,,,,,,
메리츠화재,(무) 메리츠 상해안심보험2601 (월납),주계약,갱신형·통합상해진단비Ⅱ(특정고심도상해진단비(연간1회한))(기본계약),「특정고심도상해」로 진단확정되었을 때,500만원,500만원,,,,비갱신형,,,,,장기보장성 비교 공시 (7).xls,,,,갱신형·통합상해진단비Ⅱ(특정고심도상해진단비(연간1회한))(기본계약),「특정고심도상해」로 진단확정되었을 때,500만원,,,,,,,,,,,,,,,,,,,,,,,,
메리츠화재,(무) 메리츠 상해안심보험2601 (월납),주계약,갱신형·통합상해진단비Ⅱ(특정다빈도상해진단비(연간5회한))(기본계약),「특정다빈도상해」로 진단확정되었을 때,5만원,5만원,,,,비갱신형,,,,,장기보장성 비교 공시 (7).xls,,,,갱신형·통합상해진단비Ⅱ(특정다빈도상해진단비(연간5회한))(기본계약),「특정다빈도상해」로 진단확정되었을 때,5만원,,,,,,,,,,,,,,,,,,,,,,,,
메리츠화재,(무) 메리츠 상해안심보험2601 (월납),주계약,갱신형·통합상해진단비Ⅱ(특정상해손상진단비(연간1회한))(기본계약),「특정상해손상」으로 진단확정되었을 때,50만원,50만원,,,,비갱신형,,,,,장기보장성 비교 공시 (7).xls,,,,갱신형·통합상해진단비Ⅱ(특정상해손상진단비(연간1회한))(기본계약),「특정상해손상」으로 진단확정되었을 때,50만원,,,,,,,,,,,,,,,,,,,,,,,,
메리츠화재,(무) 메리츠 상해안심보험2601 (월납),주계약,"갱신형·통합상해진단비Ⅱ(화상,부식및동상진단비(연간1회한))(기본계약)","「화상,부식 및 동상」으로 진단확정되었을 때",5만원,5만원,,,,비갱신형,,,,,장기보장성 비교 공시 (7).xls,,,,"갱신형·통합상해진단비Ⅱ(화상,부식및동상진단비(연간1회한))(기본계약)","「화상,부식 및 동상」으로 진단확정되었을 때",5만원,,,,,,,,,,,,,,,,,,,,,,,,
롯데손보,(무) let:care 상해보험(2604) (월납),주계약,급성심근경색증진단비,급성심근경색증으로 진단확정된 경우,"보험가입금액(단, 계약일로부터 경과기간 1년 미만시 보험가입금액의 50%)","보험가입금액(단, 계약일로부터 경과기간 1년 미만시 보험가입금액의 50%)","21,172 원","23,898 원",,비갱신형,,,,,장기보장성 비교 공시 (7).xls,,롯데손보,(무) let:care 상해보험(2604),급성심근경색증진단비,급성심근경색증으로 진단확정된 경우,"보험가입금액(단, 계약일로부터 경과기간 1년 미만시 보험가입금액의 50%)","21,172","23,898",124.3,137.3,,,,,,,,,,,,,,,,,,,,
롯데손보,(무) let:care 상해보험(2604) (월납),주계약,뇌졸중진단비,뇌졸중으로 진단확정된 경우,,,,,,비갱신형,,,,,장기보장성 비교 공시 (7).xls,,,,뇌졸중진단비,뇌졸중으로 진단확정된 경우,,,,,,,,,,,,,,,,,,,,,,,,,
롯데손보,(무) let:care 상해보험(2604) (월납),주계약,상해80%이상후유장해,상해로 장해분류표에서 정한 80%이상 장해 지급률에 해당하는 장해상태가 된 경우,보험가입금액,보험가입금액,,,,비갱신형,,,,,장기보장성 비교 공시 (7).xls,,,,상해80%이상후유장해,상해로 장해분류표에서 정한 80%이상 장해 지급률에 해당하는 장해상태가 된 경우,보험가입금액,,,,,,,,,,,,,,,,,,,,,,,,
롯데손보,(무) let:care 상해보험(2604) (월납),주계약,상해사망,상해의 직접결과로써 사망한 경우,,,,,,비갱신형,,,,,장기보장성 비교 공시 (7).xls,,,,상해사망,상해의 직접결과로써 사망한 경우,,,,,,,,,,,,,,,,,,,,,,,,,
롯데손보,(무) let:care 상해보험(2604) (월납),주계약,암진단비,"일반암, 갑상선암, 기타피부암, 제자리암 또는 경계성종양으로 진단확정된 경우(각1회한)","일반암 : 보험가입금액(단, 계약일로부터 경과기간 1년 미만시 보험가입금액의 50%)갑상선암,기타피부암,제자리암 또는 경계성종양 : 보험가입금액의 10%(단, 계약일로부터 경과기간 1년 미만시 보험가입금액의 5%)","일반암 : 보험가입금액(단, 계약일로부터 경과기간 1년 미만시 보험가입금액의 50%)갑상선암,기타피부암,제자리암 또는 경계성종양 : 보험가입금액의 10%(단, 계약일로부터 경과기간 1년 미만시 보험가입금액의 5%)",,,,비갱신형,,,,,장기보장성 비교 공시 (7).xls,,,,암진단비,"일반암, 갑상선암, 기타피부암, 제자리암 또는 경계성종양으로 진단확정된 경우(각1회한)","일반암 : 보험가입금액(단, 계약일로부터 경과기간 1년 미만시 보험가입금액의 50%)갑상선암,기타피부암,제자리암 또는 경계성종양 : 보험가입금액의 10%(단, 계약일로부터 경과기간 1년 미만시 보험가입금액의 5%)",,,,,,,,,,,,,,,,,,,,,,,,
롯데손보,(무) let:care 상해보험(2604) (월납),주계약,질병사망,질병으로 인하여 사망한 경우,보험가입금액,보험가입금액,,,,비갱신형,,,,,장기보장성 비교 공시 (7).xls,,,,질병사망,질병으로 인하여 사망한 경우,보험가입금액,,,,,,,,,,,,,,,,,,,,,,,,
롯데손보,(무) let:care 생활상해종합보험(주택플러스)(2604) (월납),주계약,상급종합병원 상해입원비(1일-180일),상해로 상급종합병원에 입원하여 치료를 받은 경우 1일당 보험가입금액 지급 (보험금 지급 일수는 1회 입원당 180일 한도),보험가입금액,보험가입금액,"5,008 원","3,620 원",,비갱신형,,,,,장기보장성 비교 공시 (7).xls,,롯데손보,(무) let:care 생활상해종합보험(주택플러스)(2604),상급종합병원 상해입원비(1일-180일),상해로 상급종합병원에 입원하여 치료를 받은 경우 1일당 보험가입금액 지급 (보험금 지급 일수는 1회 입원당 180일 한도),보험가입금액,"5,008","3,620",75.3,72,,,,,,,,,,,,,,,,,,,,
롯데손보,(무) let:care 생활상해종합보험(주택플러스)(2604) (월납),주계약,상해50%이상후유장해,상해사고로 50%이상 후유장해가 발생한 경우 보험금 지급사유 발생일 1년 후부터 20년간 매년 보험가입금액 지급(최초1회한),,,,,,비갱신형,,,,,장기보장성 비교 공시 (7).xls,,,,상해50%이상후유장해,상해사고로 50%이상 후유장해가 발생한 경우 보험금 지급사유 발생일 1년 후부터 20년간 매년 보험가입금액 지급(최초1회한),,,,,,,,,,,,,,,,,,,,,,,,,
롯데손보,(무) let:care 생활상해종합보험(주택플러스)(2604) (월납),주계약,상해80%이상후유장해,상해사고로 80%이상 후유장해가 발생한 경우 최초 1회한 보험가입금액 지급,,,,,,비갱신형,,,,,장기보장성 비교 공시 (7).xls,,,,상해80%이상후유장해,상해사고로 80%이상 후유장해가 발생한 경우 최초 1회한 보험가입금액 지급,,,,,,,,,,,,,,,,,,,,,,,,,
롯데손보,(무) let:care 생활상해종합보험(주택플러스)(2604) (월납),주계약,상해사망,상해의 직접결과로써 사망한 경우,,,,,,비갱신형,,,,,장기보장성 비교 공시 (7).xls,,,,상해사망,상해의 직접결과로써 사망한 경우,,,,,,,,,,,,,,,,,,,,,,,,,
롯데손보,(무) let:care 생활상해종합보험(주택플러스)(2604) (월납),주계약,상해입원비(1일-180일),상해사고로 병원에 입원하여 치료를 받은 경우 입원 1일당 보험가입금액 지급 (보험금 지급일수는 1회 입원당 180일 한도),,,,,,비갱신형,,,,,장기보장성 비교 공시 (7).xls,,,,상해입원비(1일-180일),상해사고로 병원에 입원하여 치료를 받은 경우 입원 1일당 보험가입금액 지급 (보험금 지급일수는 1회 입원당 180일 한도),,,,,,,,,,,,,,,,,,,,,,,,,
롯데손보,(무) let:care 생활상해종합보험(주택플러스)(2604) (월납),주계약,화재벌금,"형법 제170조(실화) 혹은 동법 제171조(업무상실화, 중실화)에 따른 벌금형이 확정판결된 경우 ▶형법 제170조: 1,500만원한도, 형법 제171조: 2,000만원 한도로 실손보상",,,,,,비갱신형,,,,,장기보장성 비교 공시 (7).xls,,,,화재벌금,"형법 제170조(실화) 혹은 동법 제171조(업무상실화, 중실화)에 따른 벌금형이 확정판결된 경우 ▶형법 제170조: 1,500만원한도, 형법 제171조: 2,000만원 한도로 실손보상",,,,,,,,,,,,,,,,,,,,,,,,,
롯데손보,(무) 다쳤을땐 상해보험(2604) (월납),주계약,"상해재활치료비(급여,1일1회,연간30회한)","보험기간 중에 상해의 직접결과로써 병원에 입원 또는 통원하여'상해재활치료(급여)'를 받은 경우 각각 1일 1회에 한하여 보험가입금액 지급※ 단,'입원 상해재활치료(급여)'와'통원 상해재활치료(급여)'를 합산하여 연간 30회한도로 보장합니다.",보험가입금액,보험가입금액,"13,372 원","10,440 원",,비갱신형,,,,,장기보장성 비교 공시 (7).xls,,롯데손보,(무) 다쳤을땐 상해보험(2604),"상해재활치료비(급여,1일1회,연간30회한)","보험기간 중에 상해의 직접결과로써 병원에 입원 또는 통원하여'상해재활치료(급여)'를 받은 경우 각각 1일 1회에 한하여 보험가입금액 지급※ 단,'입원 상해재활치료(급여)'와'통원 상해재활치료(급여)'를 합산하여 연간 30회한도로 보장합니다.",보험가입금액,"13,372","10,440",113.9,114,,,,,,,,,,,,,,,,,,,,
롯데손보,(무) 다쳤을땐 상해보험(2604) (월납),주계약,상해흉터복원수술비,"상해로 병원 또는 의원 등에서 치료를 받고 그 직접적인 결과로 인하여 안면부, 상지, 하지에 외형상의 반흔이나 추상장해, 신체의 기형이나 기능장해가 발생하여 그 원상회복을 목적으로 상해 발생일로부터 2년내에 성형외과 전문의로부터 성형수술을 받은 경우 다음 금액 지급 (하나의 상해에 대하여 500만원 한도) 1. 안면부 : 수술 1cm당 14만원 2. 상지, 하지 : 수술 1cm당 7만원(단, 3cm이상의 경우에 한함)",,,,,,비갱신형,,,,,장기보장성 비교 공시 (7).xls,,,,상해흉터복원수술비,"상해로 병원 또는 의원 등에서 치료를 받고 그 직접적인 결과로 인하여 안면부, 상지, 하지에 외형상의 반흔이나 추상장해, 신체의 기형이나 기능장해가 발생하여 그 원상회복을 목적으로 상해 발생일로부터 2년내에 성형외과 전문의로부터 성형수술을 받은 경우 다음 금액 지급 (하나의 상해에 대하여 500만원 한도) 1. 안면부 : 수술 1cm당 14만원 2. 상지, 하지 : 수술 1cm당 7만원(단, 3cm이상의 경우에 한함)",,,,,,,,,,,,,,,,,,,,,,,,,
롯데손보,(무) 다쳤을땐 상해보험(2604) (월납),주계약,"창상봉합술(3/5cm미만)치료비(급여,1일1회,연간3회한)","보험기간 중에 상해의 직접결과로써 그 치료를 목적으로 창상봉합술(3/5cm미만,급여)을 받은 경우 1일 1회, 연간 3회에 한하여 보험가입금액 지급※ (지급기준) 창상봉합술(안면/경부) : 표재성 3cm 미만, 창상봉합술(안면/경부 외) : 표재성 5cm미만",,,,,,비갱신형,,,,,장기보장성 비교 공시 (7).xls,,,,"창상봉합술(3/5cm미만)치료비(급여,1일1회,연간3회한)","보험기간 중에 상해의 직접결과로써 그 치료를 목적으로 창상봉합술(3/5cm미만,급여)을 받은 경우 1일 1회, 연간 3회에 한하여 보험가입금액 지급※ (지급기준) 창상봉합술(안면/경부) : 표재성 3cm 미만, 창상봉합술(안면/경부 외) : 표재성 5cm미만",,,,,,,,,,,,,,,,,,,,,,,,,
롯데손보,(무) 다쳤을땐 상해보험(2604) (월납),주계약,"창상봉합술(3/5cm이상)치료비(급여,1일1회,연간3회한)","보험기간 중에 상해의 직접결과로써 그 치료를 목적으로 창상봉합술(3/5cm이상,급여)을 받은 경우 1일 1회, 연간 3회에 한하여 보험가입금액 지급※ (지급기준) 창상봉합술(안면/경부) : 3cm이상 또는 근육에 달하는 것, 창상봉합술(안면/경부 외) : 5cm이상 또는 근육에 달하는 것",,,,,,비갱신형,,,,,장기보장성 비교 공시 (7).xls,,,,"창상봉합술(3/5cm이상)치료비(급여,1일1회,연간3회한)","보험기간 중에 상해의 직접결과로써 그 치료를 목적으로 창상봉합술(3/5cm이상,급여)을 받은 경우 1일 1회, 연간 3회에 한하여 보험가입금액 지급※ (지급기준) 창상봉합술(안면/경부) : 3cm이상 또는 근육에 달하는 것, 창상봉합술(안면/경부 외) : 5cm이상 또는 근육에 달하는 것",,,,,,,,,,,,,,,,,,,,,,,,,
롯데손보,(무) 다쳤을땐 상해보험(2604) (월납),주계약,"창상봉합술(안면/경부,3cm이상)치료비(급여,1일1회,연간3회한)","보험기간 중에 상해의 직접결과로써 그 치료를 목적으로 창상봉합술(안면/경부,3cm이상,급여)을 받은 경우 1일 1회, 연간 3회에 한하여 보험가입금액 지급※ (지급기준) 창상봉합술(안면/경부) : 3cm이상 또는 근육에 달하는 것",,,,,,비갱신형,,,,,장기보장성 비교 공시 (7).xls,,,,"창상봉합술(안면/경부,3cm이상)치료비(급여,1일1회,연간3회한)","보험기간 중에 상해의 직접결과로써 그 치료를 목적으로 창상봉합술(안면/경부,3cm이상,급여)을 받은 경우 1일 1회, 연간 3회에 한하여 보험가입금액 지급※ (지급기준) 창상봉합술(안면/경부) : 3cm이상 또는 근육에 달하는 것",,,,,,,,,,,,,,,,,,,,,,,,,
롯데손보,(무) 다쳤을땐 상해보험(2604) (월납),주계약,"통합상해진단비Ⅱ(머리및목,복부및등의경증상해진단비(연간1회한)보장)","보험기간 중에 상해의 직접결과로써 제2항에서 정한'통합상해사고Ⅱ'로 진단확정된 경우, 약관에 표기된 구분 및 부위별로 연간1회에 한하여 통합상해진단비Ⅱ를 지급",,,,,,비갱신형,,,,,장기보장성 비교 공시 (7).xls,,,,"통합상해진단비Ⅱ(머리및목,복부및등의경증상해진단비(연간1회한)보장)","보험기간 중에 상해의 직접결과로써 제2항에서 정한'통합상해사고Ⅱ'로 진단확정된 경우, 약관에 표기된 구분 및 부위별로 연간1회에 한하여 통합상해진단비Ⅱ를 지급",,,,,,,,,,,,,,,,,,,,,,,,,
롯데손보,(무) 다쳤을땐 상해보험(2604) (월납),주계약,"통합상해진단비Ⅱ(머리및목,복부및등의중등증상해진단비(연간1회한)보장)",,,,,,,비갱신형,,,,,장기보장성 비교 공시 (7).xls,,,,"통합상해진단비Ⅱ(머리및목,복부및등의중등증상해진단비(연간1회한)보장)",,,,,,,,,,,,,,,,,,,,,,,,,,
롯데손보,(무) 다쳤을땐 상해보험(2604) (월납),주계약,"통합상해진단비Ⅱ(머리및목,복부및등의중증상해진단비(연간1회한)보장)",,,,,,,비갱신형,,,,,장기보장성 비교 공시 (7).xls,,,,"통합상해진단비Ⅱ(머리및목,복부및등의중증상해진단비(연간1회한)보장)",,,,,,,,,,,,,,,,,,,,,,,,,,
롯데손보,(무) 다쳤을땐 상해보험(2604) (월납),주계약,"통합상해진단비Ⅱ(사지및엉덩이,기타경증상해진단비(연간1회한)보장)",,,,,,,비갱신형,,,,,장기보장성 비교 공시 (7).xls,,,,"통합상해진단비Ⅱ(사지및엉덩이,기타경증상해진단비(연간1회한)보장)",,,,,,,,,,,,,,,,,,,,,,,,,,
롯데손보,(무) 다쳤을땐 상해보험(2604) (월납),주계약,"통합상해진단비Ⅱ(사지및엉덩이,기타중등증상해진단비(연간1회한)보장)",,,,,,,비갱신형,,,,,장기보장성 비교 공시 (7).xls,,,,"통합상해진단비Ⅱ(사지및엉덩이,기타중등증상해진단비(연간1회한)보장)",,,,,,,,,,,,,,,,,,,,,,,,,,
롯데손보,(무) 다쳤을땐 상해보험(2604) (월납),주계약,"통합상해진단비Ⅱ(사지및엉덩이,기타중증상해진단비(연간1회한)",,,,,,,비갱신형,,,,,장기보장성 비교 공시 (7).xls,,,,"통합상해진단비Ⅱ(사지및엉덩이,기타중증상해진단비(연간1회한)",,,,,,,,,,,,,,,,,,,,,,,,,,
,[건강]보험료 납입면제대상(특정상해진단수술) (월납),주계약,[건강]보험료 납입면제대상(특정상해진단수술),보험기간 중 약관에서 정한 중대 화상·부식으로 진단 확정되거나 뇌·내장손상 수술로 보험료 납입면제사유가 발생한 경우 가입금액 지급(최초 1회한),,,,,,비갱신형,,,,,장기보장성 비교 공시 (7).xls,,,,[건강]보험료 납입면제대상(특정상해진단수술),보험기간 중 약관에서 정한 중대 화상·부식으로 진단 확정되거나 뇌·내장손상 수술로 보험료 납입면제사유가 발생한 경우 가입금액 지급(최초 1회한),,,,,,,,,,,,,,,,,,,,,,,,,
,[건강]보험료 납입면제대상(특정상해진단수술) (월납),주계약,[건강]상해 사망,상해사고로 사망한 경우 가입금액 지급,,,,,,비갱신형,,,,,장기보장성 비교 공시 (7).xls,,,,[건강]상해 사망,상해사고로 사망한 경우 가입금액 지급,,,,,,,,,,,,,,,,,,,,,,,,,
,[건강]보험료 납입면제대상(특정상해진단수술) (월납),주계약,[건강]암 진단비(유사암 제외),"보장개시일 이후 암(유사암 제외)으로 진단 확정된 경우 가입금액 지급(최초 1회한)※ 암(유사암 제외)의 보장개시일은 최초 계약일 또는 부활(효력회복)일부터 90일이 지난날의 다음날임※ 유사암은 기타피부암, 갑상선암, 대장점막내암, 제자리암, 경계성종양임",,,,,,비갱신형,,,,,장기보장성 비교 공시 (7).xls,,,,[건강]암 진단비(유사암 제외),"보장개시일 이후 암(유사암 제외)으로 진단 확정된 경우 가입금액 지급(최초 1회한)※ 암(유사암 제외)의 보장개시일은 최초 계약일 또는 부활(효력회복)일부터 90일이 지난날의 다음날임※ 유사암은 기타피부암, 갑상선암, 대장점막내암, 제자리암, 경계성종양임",,,,,,,,,,,,,,,,,,,,,,,,,
,[건강]보험료 납입면제대상(특정상해진단수술) (월납),주계약,[건강]항암방사선·약물 치료비Ⅲ(기타피부암 및 갑상선암),"보험기간 중 갑상선암, 기타피부암으로 진단 확정되고 그 치료를 직접적인 목적으로 항암방사선 또는 항암약물치료를 받은 경우 가입금액 지급(최초 1회한)※ 기타피부암, 갑상선암의 보장개시일은 계약일임",,,,,,비갱신형,,,,,장기보장성 비교 공시 (7).xls,,,,[건강]항암방사선·약물 치료비Ⅲ(기타피부암 및 갑상선암),"보험기간 중 갑상선암, 기타피부암으로 진단 확정되고 그 치료를 직접적인 목적으로 항암방사선 또는 항암약물치료를 받은 경우 가입금액 지급(최초 1회한)※ 기타피부암, 갑상선암의 보장개시일은 계약일임",,,,,,,,,,,,,,,,,,,,,,,,,
,[건강]보험료 납입면제대상(특정상해진단수술) (월납),주계약,[건강]항암방사선·약물 치료비Ⅲ(암(기타피부암 및 갑상선암 제외)),보장개시일 이후 암으로 진단 확정되고 그 치료를 직접적인 목적으로 항암방사선 또는 항암약물치료를 받은 경우 가입금액 지급(최초 1회한)※ 암의 보장개시일은 최초 계약일 또는 부활(효력회복)일부터 90일이 지난 날의 다음날임,,,,,,비갱신형,,,,,장기보장성 비교 공시 (7).xls,,,,[건강]항암방사선·약물 치료비Ⅲ(암(기타피부암 및 갑상선암 제외)),보장개시일 이후 암으로 진단 확정되고 그 치료를 직접적인 목적으로 항암방사선 또는 항암약물치료를 받은 경우 가입금액 지급(최초 1회한)※ 암의 보장개시일은 최초 계약일 또는 부활(효력회복)일부터 90일이 지난 날의 다음날임,,,,,,,,,,,,,,,,,,,,,,,,,
,[건강]보험료 납입면제대상(특정상해진단수술) (월납),주계약,[건강]허혈성심장질환 진단비,보험기간 중 약관에 정한 허혈성심장질환으로 진단 확정된 경우 가입금액 지급(최초 1회한)※ 최초 보험가입후 1년 미만에 보험금 지급사유가 발생한 경우 50% 감액지급,,,,,,비갱신형,,,,,장기보장성 비교 공시 (7).xls,,,,[건강]허혈성심장질환 진단비,보험기간 중 약관에 정한 허혈성심장질환으로 진단 확정된 경우 가입금액 지급(최초 1회한)※ 최초 보험가입후 1년 미만에 보험금 지급사유가 발생한 경우 50% 감액지급,,,,,,,,,,,,,,,,,,,,,,,,,
,[건강]보험료 납입면제대상(특정상해진단수술) (월납),주계약,[건강]뇌혈관질환 진단비,보험기간 중 약관에 정한 뇌혈관질환(뇌졸중포함)으로 진단 확정된 경우 가입금액 지급(최초 1회한),가입금액,가입금액,"175,452 원","130,597 원",,비갱신형,,,,,장기보장성 비교 공시 (7).xls,,삼성화재,"무배당 삼성화재 건강보험 마이핏1640(2601.7)(납입면제,해약환급금 미지급형Ⅱ)",[건강]뇌혈관질환 진단비,보험기간 중 약관에 정한 뇌혈관질환(뇌졸중포함)으로 진단 확정된 경우 가입금액 지급(최초 1회한),가입금액,"175,452","130,597",92.3,88.8,,,,,,,,,,,,,,,,,,,,
,[건강]보험료 납입면제대상(특정상해진단수술) (월납),주계약,[건강]보험료 납입면제대상(특정상해진단수술),보험기간 중 약관에서 정한 중대 화상·부식으로 진단 확정되거나 뇌·내장손상 수술로 보험료 납입면제사유가 발생한 경우 가입금액 지급(최초 1회한),,,,,,비갱신형,,,,,장기보장성 비교 공시 (7).xls,,,,[건강]보험료 납입면제대상(특정상해진단수술),보험기간 중 약관에서 정한 중대 화상·부식으로 진단 확정되거나 뇌·내장손상 수술로 보험료 납입면제사유가 발생한 경우 가입금액 지급(최초 1회한),,,,,,,,,,,,,,,,,,,,,,,,,
,[건강]보험료 납입면제대상(특정상해진단수술) (월납),주계약,[건강]상해 사망,상해사고로 사망한 경우,,,,,,비갱신형,,,,,장기보장성 비교 공시 (7).xls,,,,[건강]상해 사망,상해사고로 사망한 경우,,,,,,,,,,,,,,,,,,,,,,,,,
,[건강]보험료 납입면제대상(특정상해진단수술) (월납),주계약,[건강]암 진단비(유사암 제외),"보장개시일 이후 암(유사암 제외)으로 진단 확정된 경우 가입금액 지급(최초 1회한)※ 암(유사암 제외)의 보장개시일은 최초 계약일 또는 부활(효력회복)일부터 90일이 지난날의 다음날임※ 유사암은 기타피부암, 갑상선암, 대장점막내암, 제자리암, 경계성종양임",,,,,,비갱신형,,,,,장기보장성 비교 공시 (7).xls,,,,[건강]암 진단비(유사암 제외),"보장개시일 이후 암(유사암 제외)으로 진단 확정된 경우 가입금액 지급(최초 1회한)※ 암(유사암 제외)의 보장개시일은 최초 계약일 또는 부활(효력회복)일부터 90일이 지난날의 다음날임※ 유사암은 기타피부암, 갑상선암, 대장점막내암, 제자리암, 경계성종양임",,,,,,,,,,,,,,,,,,,,,,,,,
,[건강]보험료 납입면제대상(특정상해진단수술) (월납),주계약,[건강]항암방사선·약물 치료비Ⅲ(기타피부암 및 갑상선암),"보험기간 중 갑상선암, 기타피부암으로 진단 확정되고 그 치료를 직접적인 목적으로 항암방사선 또는 항암약물치료를 받은 경우 가입금액 지급(최초 1회한)※ 기타피부암, 갑상선암의 보장개시일은 계약일임",,,,,,비갱신형,,,,,장기보장성 비교 공시 (7).xls,,,,[건강]항암방사선·약물 치료비Ⅲ(기타피부암 및 갑상선암),"보험기간 중 갑상선암, 기타피부암으로 진단 확정되고 그 치료를 직접적인 목적으로 항암방사선 또는 항암약물치료를 받은 경우 가입금액 지급(최초 1회한)※ 기타피부암, 갑상선암의 보장개시일은 계약일임",,,,,,,,,,,,,,,,,,,,,,,,,
,[건강]보험료 납입면제대상(특정상해진단수술) (월납),주계약,[건강]항암방사선·약물 치료비Ⅲ(암(기타피부암 및 갑상선암 제외)),보장개시일 이후 암으로 진단 확정되고 그 치료를 직접적인 목적으로 항암방사선 또는 항암약물치료를 받은 경우 가입금액 지급(최초 1회한)※ 암의 보장개시일은 최초 계약일 또는 부활(효력회복)일부터 90일이 지난 날의 다음날임,,,,,,비갱신형,,,,,장기보장성 비교 공시 (7).xls,,,,[건강]항암방사선·약물 치료비Ⅲ(암(기타피부암 및 갑상선암 제외)),보장개시일 이후 암으로 진단 확정되고 그 치료를 직접적인 목적으로 항암방사선 또는 항암약물치료를 받은 경우 가입금액 지급(최초 1회한)※ 암의 보장개시일은 최초 계약일 또는 부활(효력회복)일부터 90일이 지난 날의 다음날임,,,,,,,,,,,,,,,,,,,,,,,,,
,[건강]보험료 납입면제대상(특정상해진단수술) (월납),주계약,[건강]허혈성심장질환 진단비,보험기간 중 약관에 정한 허혈성심장질환으로 진단 확정된 경우 가입금액 지급(최초 1회한),,,,,,비갱신형,,,,,장기보장성 비교 공시 (7).xls,,,,[건강]허혈성심장질환 진단비,보험기간 중 약관에 정한 허혈성심장질환으로 진단 확정된 경우 가입금액 지급(최초 1회한),,,,,,,,,,,,,,,,,,,,,,,,,
,[건강]보험료 납입면제대상(특정상해진단수술) (월납),주계약,[건강]보험료 납입면제대상(특정상해진단수술),보험기간 중 약관에서 정한 중대 화상·부식으로 진단 확정되거나 뇌·내장손상 수술로 보험료 납입면제사유가 발생한 경우 가입금액 지급(최초 1회한),,,,,,비갱신형,,,,,장기보장성 비교 공시 (7).xls,,,,[건강]보험료 납입면제대상(특정상해진단수술),보험기간 중 약관에서 정한 중대 화상·부식으로 진단 확정되거나 뇌·내장손상 수술로 보험료 납입면제사유가 발생한 경우 가입금액 지급(최초 1회한),,,,,,,,,,,,,,,,,,,,,,,,,
,[건강]보험료 납입면제대상(특정상해진단수술) (월납),주계약,[건강]상해 사망,상해사고로 사망한 경우 가입금액 지급,,,,,,비갱신형,,,,,장기보장성 비교 공시 (7).xls,,,,[건강]상해 사망,상해사고로 사망한 경우 가입금액 지급,,,,,,,,,,,,,,,,,,,,,,,,,
,[건강]보험료 납입면제대상(특정상해진단수술) (월납),주계약,[건강]암 진단비(유사암 제외),"보장개시일 이후 암(유사암 제외)으로 진단 확정된 경우 가입금액 지급(최초 1회한)※ 암(유사암 제외)의 보장개시일은 최초 계약일 또는 부활(효력회복)일부터 90일이 지난날의 다음날임※ 유사암은 기타피부암, 갑상선암, 대장점막내암, 제자리암, 경계성종양임",,,,,,비갱신형,,,,,장기보장성 비교 공시 (7).xls,,,,[건강]암 진단비(유사암 제외),"보장개시일 이후 암(유사암 제외)으로 진단 확정된 경우 가입금액 지급(최초 1회한)※ 암(유사암 제외)의 보장개시일은 최초 계약일 또는 부활(효력회복)일부터 90일이 지난날의 다음날임※ 유사암은 기타피부암, 갑상선암, 대장점막내암, 제자리암, 경계성종양임",,,,,,,,,,,,,,,,,,,,,,,,,
,[건강]보험료 납입면제대상(특정상해진단수술) (월납),주계약,[건강]항암방사선·약물 치료비Ⅲ(기타피부암 및 갑상선암),"보험기간 중 갑상선암, 기타피부암으로 진단 확정되고 그 치료를 직접적인 목적으로 항암방사선 또는 항암약물치료를 받은 경우 가입금액 지급(최초 1회한)※ 기타피부암, 갑상선암의 보장개시일은 계약일임",,,,,,비갱신형,,,,,장기보장성 비교 공시 (7).xls,,,,[건강]항암방사선·약물 치료비Ⅲ(기타피부암 및 갑상선암),"보험기간 중 갑상선암, 기타피부암으로 진단 확정되고 그 치료를 직접적인 목적으로 항암방사선 또는 항암약물치료를 받은 경우 가입금액 지급(최초 1회한)※ 기타피부암, 갑상선암의 보장개시일은 계약일임",,,,,,,,,,,,,,,,,,,,,,,,,
,[건강]보험료 납입면제대상(특정상해진단수술) (월납),주계약,[건강]항암방사선·약물 치료비Ⅲ(암(기타피부암 및 갑상선암 제외)),보장개시일 이후 암으로 진단 확정되고 그 치료를 직접적인 목적으로 항암방사선 또는 항암약물치료를 받은 경우 가입금액 지급(최초 1회한)※ 암의 보장개시일은 최초 계약일 또는 부활(효력회복)일부터 90일이 지난 날의 다음날임,,,,,,비갱신형,,,,,장기보장성 비교 공시 (7).xls,,,,[건강]항암방사선·약물 치료비Ⅲ(암(기타피부암 및 갑상선암 제외)),보장개시일 이후 암으로 진단 확정되고 그 치료를 직접적인 목적으로 항암방사선 또는 항암약물치료를 받은 경우 가입금액 지급(최초 1회한)※ 암의 보장개시일은 최초 계약일 또는 부활(효력회복)일부터 90일이 지난 날의 다음날임,,,,,,,,,,,,,,,,,,,,,,,,,
,[건강]보험료 납입면제대상(특정상해진단수술) (월납),주계약,[건강]허혈성심장질환 진단비,보험기간 중 약관에 정한 허혈성심장질환으로 진단 확정된 경우 가입금액 지급(최초 1회한)※ 최초 보험가입후 1년 미만에 보험금 지급사유가 발생한 경우 50% 감액지급,,,,,,비갱신형,,,,,장기보장성 비교 공시 (7).xls,,,,[건강]허혈성심장질환 진단비,보험기간 중 약관에 정한 허혈성심장질환으로 진단 확정된 경우 가입금액 지급(최초 1회한)※ 최초 보험가입후 1년 미만에 보험금 지급사유가 발생한 경우 50% 감액지급,,,,,,,,,,,,,,,,,,,,,,,,,
,[건강]보험료 납입면제대상(특정상해진단수술) (월납),주계약,[건강]뇌혈관질환 진단비,보험기간 중 약관에 정한 뇌혈관질환(뇌졸중포함)으로 진단 확정된 경우 가입금액 지급(최초 1회한),가입금액,가입금액,"149,823 원","114,493 원",,비갱신형,,,,,장기보장성 비교 공시 (7).xls,,삼성화재,"무배당 삼성화재 건강보험 New내돈내삼1640(2603.8)(납입면제,해약환급금 미지급형Ⅱ)",[건강]뇌혈관질환 진단비,보험기간 중 약관에 정한 뇌혈관질환(뇌졸중포함)으로 진단 확정된 경우 가입금액 지급(최초 1회한),가입금액,"149,823","114,493",78.8,77.9,,,,,,,,,,,,,,,,,,,,
,[건강]보험료 납입면제대상(특정상해진단수술) (월납),주계약,[건강]보험료 납입면제대상(특정상해진단수술),보험기간 중 약관에서 정한 중대 화상·부식으로 진단 확정되거나 뇌·내장손상 수술로 보험료 납입면제사유가 발생한 경우 가입금액 지급(최초 1회한),,,,,,비갱신형,,,,,장기보장성 비교 공시 (7).xls,,,,[건강]보험료 납입면제대상(특정상해진단수술),보험기간 중 약관에서 정한 중대 화상·부식으로 진단 확정되거나 뇌·내장손상 수술로 보험료 납입면제사유가 발생한 경우 가입금액 지급(최초 1회한),,,,,,,,,,,,,,,,,,,,,,,,,
,[건강]보험료 납입면제대상(특정상해진단수술) (월납),주계약,[건강]상해 사망,상해사고로 사망한 경우,,,,,,비갱신형,,,,,장기보장성 비교 공시 (7).xls,,,,[건강]상해 사망,상해사고로 사망한 경우,,,,,,,,,,,,,,,,,,,,,,,,,
,[건강]보험료 납입면제대상(특정상해진단수술) (월납),주계약,[건강]암 진단비(유사암 제외),"보장개시일 이후 암(유사암 제외)으로 진단 확정된 경우 가입금액 지급(최초 1회한)※ 암(유사암 제외)의 보장개시일은 최초 계약일 또는 부활(효력회복)일부터 90일이 지난날의 다음날임※ 유사암은 기타피부암, 갑상선암, 대장점막내암, 제자리암, 경계성종양임",,,,,,비갱신형,,,,,장기보장성 비교 공시 (7).xls,,,,[건강]암 진단비(유사암 제외),"보장개시일 이후 암(유사암 제외)으로 진단 확정된 경우 가입금액 지급(최초 1회한)※ 암(유사암 제외)의 보장개시일은 최초 계약일 또는 부활(효력회복)일부터 90일이 지난날의 다음날임※ 유사암은 기타피부암, 갑상선암, 대장점막내암, 제자리암, 경계성종양임",,,,,,,,,,,,,,,,,,,,,,,,,
,[건강]보험료 납입면제대상(특정상해진단수술) (월납),주계약,[건강]항암방사선·약물 치료비Ⅲ(기타피부암 및 갑상선암),"보험기간 중 갑상선암, 기타피부암으로 진단 확정되고 그 치료를 직접적인 목적으로 항암방사선 또는 항암약물치료를 받은 경우 가입금액 지급(최초 1회한)※ 기타피부암, 갑상선암의 보장개시일은 계약일임",,,,,,비갱신형,,,,,장기보장성 비교 공시 (7).xls,,,,[건강]항암방사선·약물 치료비Ⅲ(기타피부암 및 갑상선암),"보험기간 중 갑상선암, 기타피부암으로 진단 확정되고 그 치료를 직접적인 목적으로 항암방사선 또는 항암약물치료를 받은 경우 가입금액 지급(최초 1회한)※ 기타피부암, 갑상선암의 보장개시일은 계약일임",,,,,,,,,,,,,,,,,,,,,,,,,
,[건강]보험료 납입면제대상(특정상해진단수술) (월납),주계약,[건강]항암방사선·약물 치료비Ⅲ(암(기타피부암 및 갑상선암 제외)),보장개시일 이후 암으로 진단 확정되고 그 치료를 직접적인 목적으로 항암방사선 또는 항암약물치료를 받은 경우 가입금액 지급(최초 1회한)※ 암의 보장개시일은 최초 계약일 또는 부활(효력회복)일부터 90일이 지난 날의 다음날임,,,,,,비갱신형,,,,,장기보장성 비교 공시 (7).xls,,,,[건강]항암방사선·약물 치료비Ⅲ(암(기타피부암 및 갑상선암 제외)),보장개시일 이후 암으로 진단 확정되고 그 치료를 직접적인 목적으로 항암방사선 또는 항암약물치료를 받은 경우 가입금액 지급(최초 1회한)※ 암의 보장개시일은 최초 계약일 또는 부활(효력회복)일부터 90일이 지난 날의 다음날임,,,,,,,,,,,,,,,,,,,,,,,,,
,[건강]보험료 납입면제대상(특정상해진단수술) (월납),주계약,[건강]허혈성심장질환 진단비,보험기간 중 약관에 정한 허혈성심장질환으로 진단 확정된 경우 가입금액 지급(최초 1회한),,,,,,비갱신형,,,,,장기보장성 비교 공시 (7).xls,,,,[건강]허혈성심장질환 진단비,보험기간 중 약관에 정한 허혈성심장질환으로 진단 확정된 경우 가입금액 지급(최초 1회한),,,,,,,,,,,,,,,,,,,,,,,,,
현대해상,(무)현대해상하이퍼스트상해보험(Hi2605)/(무)하이퍼스트상해보험(Hi2605) 2종 (월납),주계약,상해사망,상해로 사망시,1억원,1억원,"6,140 원","3,780 원",,비갱신형,,,,,장기보장성 비교 공시 (7).xls,,현대해상,(무)현대해상하이퍼스트상해보험(Hi2605)/(무)하이퍼스트상해보험(Hi2605) 2종,상해사망,상해로 사망시,1억원,"6,140","3,780",78.9,94.1,,,,,,,,,,,,,,,,,,,,
현대해상,(무)현대해상하이퍼스트상해보험(Hi2605)/(무)하이퍼스트상해보험(Hi2605) 2종 (월납),주계약,상해사망후유장해,,,,,,,비갱신형,,,,,장기보장성 비교 공시 (7).xls,,,,상해사망후유장해,,,,,,,,,,,,,,,,,,,,,,,,,,
현대해상,(무)현대해상하이퍼스트상해보험(Hi2605)/(무)하이퍼스트상해보험(Hi2605) 2종 (월납),주계약,,상해로 3~100% 후유장해시,,,,,,비갱신형,,,,,장기보장성 비교 공시 (7).xls,,,,,상해로 3~100% 후유장해시,,,,,,,,,,,,,,,,,,,,,,,,,
현대해상,(무)현대해상하이퍼스트상해보험(Hi2605)/(무)하이퍼스트상해보험(Hi2605) 1종 (월납),주계약,상해사망,상해로 사망시,1억원,1억원,"5,430 원","3,250 원",,비갱신형,,,,,장기보장성 비교 공시 (7).xls,,현대해상,(무)현대해상하이퍼스트상해보험(Hi2605)/(무)하이퍼스트상해보험(Hi2605) 1종,상해사망,상해로 사망시,1억원,"5,430","3,250",76.2,94,,,,,,,,,,,,,,,,,,,,
현대해상,(무)현대해상하이퍼스트상해보험(Hi2605)/(무)하이퍼스트상해보험(Hi2605) 1종 (월납),주계약,상해사망후유장해,,,,,,,비갱신형,,,,,장기보장성 비교 공시 (7).xls,,,,상해사망후유장해,,,,,,,,,,,,,,,,,,,,,,,,,,
현대해상,(무)현대해상하이퍼스트상해보험(Hi2605)/(무)하이퍼스트상해보험(Hi2605) 1종 (월납),주계약,,상해로 3~100% 후유장해시,,,,,,비갱신형,,,,,장기보장성 비교 공시 (7).xls,,,,,상해로 3~100% 후유장해시,,,,,,,,,,,,,,,,,,,,,,,,,
KB손보,KB VIP상해보험(무배당)(26.01) (월납),주계약,일반상해80%이상후유장해,보험기간 중 일반상해사고로 80% 이상 후유장해시,보험가입금액(최초1회한),보험가입금액(최초1회한),"74,100 원","35,400 원",,비갱신형,,,,,장기보장성 비교 공시 (7).xls,,KB손보,KB VIP상해보험(무배당)(26.01),일반상해80%이상후유장해,보험기간 중 일반상해사고로 80% 이상 후유장해시,보험가입금액(최초1회한),"74,100","35,400",106.1,120.7,,,,,,,,,,,,,,,,,,,,
KB손보,KB VIP상해보험(무배당)(26.01) (월납),주계약,일반상해사망,보험기간 중 일반상해사고로 사망시,보험가입금액,보험가입금액,,,,비갱신형,,,,,장기보장성 비교 공시 (7).xls,,,,일반상해사망,보험기간 중 일반상해사고로 사망시,보험가입금액,,,,,,,,,,,,,,,,,,,,,,,,
KB손보,KB VIP상해보험(무배당)(26.01) (월납),주계약,일반상해후유장해(3~100%),보험기간 중 일반상해사고로 3~100% 후유장해시,보험가입금액x장해지급률(3~100%),보험가입금액x장해지급률(3~100%),,,,비갱신형,,,,,장기보장성 비교 공시 (7).xls,,,,일반상해후유장해(3~100%),보험기간 중 일반상해사고로 3~100% 후유장해시,보험가입금액x장해지급률(3~100%),,,,,,,,,,,,,,,,,,,,,,,,
KB손보,KB VIP상해보험(무배당)(26.01) (월납),주계약,질병80%이상후유장해,보험기간 중 질병으로 80% 이상 후유장해시,보험가입금액(최초1회한),보험가입금액(최초1회한),,,,비갱신형,,,,,장기보장성 비교 공시 (7).xls,,,,질병80%이상후유장해,보험기간 중 질병으로 80% 이상 후유장해시,보험가입금액(최초1회한),,,,,,,,,,,,,,,,,,,,,,,,
KB손보,KB 다치면 보장받는 플러스 상해보험(무배당)(26.01)_2종(세만기) (월납),주계약,상해수술비,보험기간중 상해를 입고 그 직접적인 결과로 수술시,가입금액(1사고당),가입금액(1사고당),"47,893 원","46,570 원",,비갱신형,,,,,장기보장성 비교 공시 (7).xls,,KB손보,KB 다치면 보장받는 플러스 상해보험(무배당)(26.01)_2종(세만기),상해수술비,보험기간중 상해를 입고 그 직접적인 결과로 수술시,가입금액(1사고당),"47,893","46,570",109.3,131.6,,,,,,,,,,,,,,,,,,,,
KB손보,KB 다치면 보장받는 플러스 상해보험(무배당)(26.01)_2종(세만기) (월납),주계약,일반상해50%이상후유장해,보험기간 중에 상해로 장해분류표에서 정한 50%이상 장해지급률에 해당하는 상태가 되었을 경우,가입금액(최초1회한),가입금액(최초1회한),,,,비갱신형,,,,,장기보장성 비교 공시 (7).xls,,,,일반상해50%이상후유장해,보험기간 중에 상해로 장해분류표에서 정한 50%이상 장해지급률에 해당하는 상태가 되었을 경우,가입금액(최초1회한),,,,,,,,,,,,,,,,,,,,,,,,
KB손보,KB 다치면 보장받는 플러스 상해보험(무배당)(26.01)_2종(세만기) (월납),주계약,일반상해80%이상후유장해,보험기간 중에 상해로 장해분류표에서 정한 80%이상 장해지급률에 해당하는 상태가 되었을 경우,,,,,,비갱신형,,,,,장기보장성 비교 공시 (7).xls,,,,일반상해80%이상후유장해,보험기간 중에 상해로 장해분류표에서 정한 80%이상 장해지급률에 해당하는 상태가 되었을 경우,,,,,,,,,,,,,,,,,,,,,,,,,
KB손보,KB 다치면 보장받는 플러스 상해보험(무배당)(26.01)_2종(세만기) (월납),주계약,일반상해사망,보험기간중 상해의 직접결과로써 사망시,가입금액,가입금액,,,,비갱신형,,,,,장기보장성 비교 공시 (7).xls,,,,일반상해사망,보험기간중 상해의 직접결과로써 사망시,가입금액,,,,,,,,,,,,,,,,,,,,,,,,
KB손보,KB 다치면 보장받는 플러스 상해보험(무배당)(26.01)_2종(세만기) (월납),주계약,통합상해진단비(경증),"보험기간 중 상해의 직접결과로써 통합상해분류표에서 정한 통합상해(경증)로 진단 확정된 경우(부위별, 연간1회한)","가입금액(부위별,연간1회한)","가입금액(부위별,연간1회한)",,,,비갱신형,,,,,장기보장성 비교 공시 (7).xls,,,,통합상해진단비(경증),"보험기간 중 상해의 직접결과로써 통합상해분류표에서 정한 통합상해(경증)로 진단 확정된 경우(부위별, 연간1회한)","가입금액(부위별,연간1회한)",,,,,,,,,,,,,,,,,,,,,,,,
KB손보,KB 다치면 보장받는 플러스 상해보험(무배당)(26.01)_2종(세만기) (월납),주계약,통합상해진단비(중등증),"보험기간 중 상해의 직접결과로써 통합상해분류표에서 정한 통합상해(중등증)로 진단 확정된 경우(부위별, 연간1회한)",,,,,,비갱신형,,,,,장기보장성 비교 공시 (7).xls,,,,통합상해진단비(중등증),"보험기간 중 상해의 직접결과로써 통합상해분류표에서 정한 통합상해(중등증)로 진단 확정된 경우(부위별, 연간1회한)",,,,,,,,,,,,,,,,,,,,,,,,,
KB손보,KB 다치면 보장받는 플러스 상해보험(무배당)(26.01)_2종(세만기) (월납),주계약,통합상해진단비(중증),"보험기간 중 상해의 직접결과로써 통합상해분류표에서 정한 통합상해(중증)로 진단 확정된 경우(부위별, 연간1회한)",,,,,,비갱신형,,,,,장기보장성 비교 공시 (7).xls,,,,통합상해진단비(중증),"보험기간 중 상해의 직접결과로써 통합상해분류표에서 정한 통합상해(중증)로 진단 확정된 경우(부위별, 연간1회한)",,,,,,,,,,,,,,,,,,,,,,,,,
KB손보,KB 다치면 보장받는 플러스 상해보험(무배당)(26.01)_1종(연만기 자동갱신형) (월납),주계약,상해수술비,보험기간중 상해를 입고 그 직접적인 결과로 수술시,가입금액(1사고당),가입금액(1사고당),"21,024 원","17,094 원",,갱신형,,,,,장기보장성 비교 공시 (7).xls,,KB손보,KB 다치면 보장받는 플러스 상해보험(무배당)(26.01)_1종(연만기 자동갱신형),상해수술비,보험기간중 상해를 입고 그 직접적인 결과로 수술시,가입금액(1사고당),"21,024","17,094",116.7,135.1,,,,,,,,,,,,,,,,,,,,
KB손보,KB 다치면 보장받는 플러스 상해보험(무배당)(26.01)_1종(연만기 자동갱신형) (월납),주계약,일반상해50%이상후유장해,보험기간 중에 상해로 장해분류표에서 정한 50%이상 장해지급률에 해당하는 상태가 되었을 경우,가입금액(최초1회한),가입금액(최초1회한),,,,갱신형,,,,,장기보장성 비교 공시 (7).xls,,,,일반상해50%이상후유장해,보험기간 중에 상해로 장해분류표에서 정한 50%이상 장해지급률에 해당하는 상태가 되었을 경우,가입금액(최초1회한),,,,,,,,,,,,,,,,,,,,,,,,
KB손보,KB 다치면 보장받는 플러스 상해보험(무배당)(26.01)_1종(연만기 자동갱신형) (월납),주계약,일반상해80%이상후유장해,보험기간 중에 상해로 장해분류표에서 정한 80%이상 장해지급률에 해당하는 상태가 되었을 경우,,,,,,갱신형,,,,,장기보장성 비교 공시 (7).xls,,,,일반상해80%이상후유장해,보험기간 중에 상해로 장해분류표에서 정한 80%이상 장해지급률에 해당하는 상태가 되었을 경우,,,,,,,,,,,,,,,,,,,,,,,,,
KB손보,KB 다치면 보장받는 플러스 상해보험(무배당)(26.01)_1종(연만기 자동갱신형) (월납),주계약,일반상해사망,보험기간중 상해의 직접결과로써 사망시,가입금액,가입금액,,,,갱신형,,,,,장기보장성 비교 공시 (7).xls,,,,일반상해사망,보험기간중 상해의 직접결과로써 사망시,가입금액,,,,,,,,,,,,,,,,,,,,,,,,
KB손보,KB 다치면 보장받는 플러스 상해보험(무배당)(26.01)_1종(연만기 자동갱신형) (월납),주계약,통합상해진단비(경증),"보험기간 중 상해의 직접결과로써 통합상해분류표에서 정한 통합상해(경증)로 진단 확정된 경우(부위별, 연간1회한)","가입금액(부위별,연간1회한)","가입금액(부위별,연간1회한)",,,,갱신형,,,,,장기보장성 비교 공시 (7).xls,,,,통합상해진단비(경증),"보험기간 중 상해의 직접결과로써 통합상해분류표에서 정한 통합상해(경증)로 진단 확정된 경우(부위별, 연간1회한)","가입금액(부위별,연간1회한)",,,,,,,,,,,,,,,,,,,,,,,,
KB손보,KB 다치면 보장받는 플러스 상해보험(무배당)(26.01)_1종(연만기 자동갱신형) (월납),주계약,통합상해진단비(중등증),"보험기간 중 상해의 직접결과로써 통합상해분류표에서 정한 통합상해(중등증)로 진단 확정된 경우(부위별, 연간1회한)",,,,,,갱신형,,,,,장기보장성 비교 공시 (7).xls,,,,통합상해진단비(중등증),"보험기간 중 상해의 직접결과로써 통합상해분류표에서 정한 통합상해(중등증)로 진단 확정된 경우(부위별, 연간1회한)",,,,,,,,,,,,,,,,,,,,,,,,,
KB손보,KB 다치면 보장받는 플러스 상해보험(무배당)(26.01)_1종(연만기 자동갱신형) (월납),주계약,통합상해진단비(중증),"보험기간 중 상해의 직접결과로써 통합상해분류표에서 정한 통합상해(중증)로 진단 확정된 경우(부위별, 연간1회한)",,,,,,갱신형,,,,,장기보장성 비교 공시 (7).xls,,,,통합상해진단비(중증),"보험기간 중 상해의 직접결과로써 통합상해분류표에서 정한 통합상해(중증)로 진단 확정된 경우(부위별, 연간1회한)",,,,,,,,,,,,,,,,,,,,,,,,,
KB손보,KB 다치면 보장받는 플러스 상해보험(무배당)(26.01)_1종(연만기 자동갱신형) (월납),주계약,뇌혈관질환진단비【갱신계약】,보험기간 중 뇌혈관질환으로 진단 확정된 경우,보험가입금액(최초1회한),보험가입금액(최초1회한),"28,220 원","24,550 원",,갱신형,,,,,장기보장성 비교 공시 (7).xls,,KB손보,KB Yes!365 건강보험(연만기갱신형)(무배당)(26.01)_2형(해약환급금 미지급형)_3종(9대 납입면제 기본형),뇌혈관질환진단비【갱신계약】,보험기간 중 뇌혈관질환으로 진단 확정된 경우,보험가입금액(최초1회한),"28,220","24,550",113.3,101.8,,,,,,,,,,,,,,,,,,,,
KB손보,KB 다치면 보장받는 플러스 상해보험(무배당)(26.01)_1종(연만기 자동갱신형) (월납),주계약,암진단비(유사암제외)【갱신계약】,보험기간 중 암보장개시일 이후에 암(유사암제외)으로 진단확정된 경우,,,,,,갱신형,,,,,장기보장성 비교 공시 (7).xls,,,,암진단비(유사암제외)【갱신계약】,보험기간 중 암보장개시일 이후에 암(유사암제외)으로 진단확정된 경우,,,,,,,,,,,,,,,,,,,,,,,,,
KB손보,KB 다치면 보장받는 플러스 상해보험(무배당)(26.01)_1종(연만기 자동갱신형) (월납),주계약,일반상해사망【갱신계약】,보험기간 중 일반상해사고로 사망시,보험가입금액,보험가입금액,,,,갱신형,,,,,장기보장성 비교 공시 (7).xls,,,,일반상해사망【갱신계약】,보험기간 중 일반상해사고로 사망시,보험가입금액,,,,,,,,,,,,,,,,,,,,,,,,
KB손보,KB 다치면 보장받는 플러스 상해보험(무배당)(26.01)_1종(연만기 자동갱신형) (월납),주계약,항암방사선치료비【갱신계약】,"보험기간 중 암보장개시일 이후에 암(기타피부암 및 갑상선암 제외) 또는 보험기간 중 기타피부암, 갑상선암으로 진단 확정되고, 항암방사선치료를 받은 경우",보험가입금액(보장별 최초1회한),보험가입금액(보장별 최초1회한),,,,갱신형,,,,,장기보장성 비교 공시 (7).xls,,,,항암방사선치료비【갱신계약】,"보험기간 중 암보장개시일 이후에 암(기타피부암 및 갑상선암 제외) 또는 보험기간 중 기타피부암, 갑상선암으로 진단 확정되고, 항암방사선치료를 받은 경우",보험가입금액(보장별 최초1회한),,,,,,,,,,,,,,,,,,,,,,,,
KB손보,KB 다치면 보장받는 플러스 상해보험(무배당)(26.01)_1종(연만기 자동갱신형) (월납),주계약,항암약물치료비【갱신계약】,"보험기간 중 암보장개시일 이후에 암(기타피부암 및 갑상선암 제외) 또는 보험기간 중 기타피부암, 갑상선암으로 진단 확정되고, 항암약물치료를 받은 경우",,,,,,갱신형,,,,,장기보장성 비교 공시 (7).xls,,,,항암약물치료비【갱신계약】,"보험기간 중 암보장개시일 이후에 암(기타피부암 및 갑상선암 제외) 또는 보험기간 중 기타피부암, 갑상선암으로 진단 확정되고, 항암약물치료를 받은 경우",,,,,,,,,,,,,,,,,,,,,,,,,
KB손보,KB 다치면 보장받는 플러스 상해보험(무배당)(26.01)_1종(연만기 자동갱신형) (월납),주계약,허혈성심장질환진단비【갱신계약】,보험기간 중 허혈성심장질환으로 진단 확정된 경우,보험가입금액(최초1회한),보험가입금액(최초1회한),,,,갱신형,,,,,장기보장성 비교 공시 (7).xls,,,,허혈성심장질환진단비【갱신계약】,보험기간 중 허혈성심장질환으로 진단 확정된 경우,보험가입금액(최초1회한),,,,,,,,,,,,,,,,,,,,,,,,
KB손보,KB 다치면 보장받는 플러스 상해보험(무배당)(26.01)_1종(연만기 자동갱신형) (월납),주계약,뇌혈관질환진단비【갱신계약】,보험기간 중 뇌혈관질환으로 진단 확정된 경우,보험가입금액(최초1회한),보험가입금액(최초1회한),"32,240 원","26,540 원",,갱신형,,,,,장기보장성 비교 공시 (7).xls,,KB손보,KB Yes!365 건강보험(연만기갱신형)(무배당)(26.01)_1형(해약환급금지급형)_2종(8대 납입면제 기본형),뇌혈관질환진단비【갱신계약】,보험기간 중 뇌혈관질환으로 진단 확정된 경우,보험가입금액(최초1회한),"32,240","26,540",110.6,101.3,,,,,,,,,,,,,,,,,,,,
KB손보,KB 다치면 보장받는 플러스 상해보험(무배당)(26.01)_1종(연만기 자동갱신형) (월납),주계약,암진단비(유사암제외)【갱신계약】,보험기간 중 암보장개시일 이후에 암(유사암제외)으로 진단확정된 경우,,,,,,갱신형,,,,,장기보장성 비교 공시 (7).xls,,,,암진단비(유사암제외)【갱신계약】,보험기간 중 암보장개시일 이후에 암(유사암제외)으로 진단확정된 경우,,,,,,,,,,,,,,,,,,,,,,,,,
KB손보,KB 다치면 보장받는 플러스 상해보험(무배당)(26.01)_1종(연만기 자동갱신형) (월납),주계약,일반상해사망【갱신계약】,보험기간 중 일반상해사고로 사망시,보험가입금액,보험가입금액,,,,갱신형,,,,,장기보장성 비교 공시 (7).xls,,,,일반상해사망【갱신계약】,보험기간 중 일반상해사고로 사망시,보험가입금액,,,,,,,,,,,,,,,,,,,,,,,,
KB손보,KB 다치면 보장받는 플러스 상해보험(무배당)(26.01)_1종(연만기 자동갱신형) (월납),주계약,항암방사선치료비【갱신계약】,"보험기간 중 암보장개시일 이후에 암(기타피부암 및 갑상선암 제외) 또는 보험기간 중 기타피부암, 갑상선암으로 진단 확정되고, 항암방사선치료를 받은 경우",보험가입금액(보장별 최초1회한),보험가입금액(보장별 최초1회한),,,,갱신형,,,,,장기보장성 비교 공시 (7).xls,,,,항암방사선치료비【갱신계약】,"보험기간 중 암보장개시일 이후에 암(기타피부암 및 갑상선암 제외) 또는 보험기간 중 기타피부암, 갑상선암으로 진단 확정되고, 항암방사선치료를 받은 경우",보험가입금액(보장별 최초1회한),,,,,,,,,,,,,,,,,,,,,,,,
KB손보,KB 다치면 보장받는 플러스 상해보험(무배당)(26.01)_1종(연만기 자동갱신형) (월납),주계약,항암약물치료비【갱신계약】,"보험기간 중 암보장개시일 이후에 암(기타피부암 및 갑상선암 제외) 또는 보험기간 중 기타피부암, 갑상선암으로 진단 확정되고, 항암약물치료를 받은 경우",,,,,,갱신형,,,,,장기보장성 비교 공시 (7).xls,,,,항암약물치료비【갱신계약】,"보험기간 중 암보장개시일 이후에 암(기타피부암 및 갑상선암 제외) 또는 보험기간 중 기타피부암, 갑상선암으로 진단 확정되고, 항암약물치료를 받은 경우",,,,,,,,,,,,,,,,,,,,,,,,,
KB손보,KB 다치면 보장받는 플러스 상해보험(무배당)(26.01)_1종(연만기 자동갱신형) (월납),주계약,허혈성심장질환진단비【갱신계약】,보험기간 중 허혈성심장질환으로 진단 확정된 경우,보험가입금액(최초1회한),보험가입금액(최초1회한),,,,갱신형,,,,,장기보장성 비교 공시 (7).xls,,,,허혈성심장질환진단비【갱신계약】,보험기간 중 허혈성심장질환으로 진단 확정된 경우,보험가입금액(최초1회한),,,,,,,,,,,,,,,,,,,,,,,,
KB손보,KB 다치면 보장받는 플러스 상해보험(무배당)(26.01)_1종(연만기 자동갱신형) (월납),주계약,뇌혈관질환진단비【갱신계약】,보험기간 중 뇌혈관질환으로 진단 확정된 경우,보험가입금액(최초1회한),보험가입금액(최초1회한),"42,890 원","31,820 원",,갱신형,,,,,장기보장성 비교 공시 (7).xls,,KB손보,KB Yes!365 건강보험(연만기갱신형)(무배당)(26.01)_1형(해약환급금지급형)_1종(5대 납입면제 환급형),뇌혈관질환진단비【갱신계약】,보험기간 중 뇌혈관질환으로 진단 확정된 경우,보험가입금액(최초1회한),"42,890","31,820",123.6,108.6,,,,,,,,,,,,,,,,,,,,
KB손보,KB 다치면 보장받는 플러스 상해보험(무배당)(26.01)_1종(연만기 자동갱신형) (월납),주계약,암진단비(유사암제외)【갱신계약】,보험기간 중 암보장개시일 이후에 암(유사암제외)으로 진단확정된 경우,,,,,,갱신형,,,,,장기보장성 비교 공시 (7).xls,,,,암진단비(유사암제외)【갱신계약】,보험기간 중 암보장개시일 이후에 암(유사암제외)으로 진단확정된 경우,,,,,,,,,,,,,,,,,,,,,,,,,
KB손보,KB 다치면 보장받는 플러스 상해보험(무배당)(26.01)_1종(연만기 자동갱신형) (월납),주계약,일반상해사망【갱신계약】,보험기간 중 일반상해사고로 사망시,보험가입금액,보험가입금액,,,,갱신형,,,,,장기보장성 비교 공시 (7).xls,,,,일반상해사망【갱신계약】,보험기간 중 일반상해사고로 사망시,보험가입금액,,,,,,,,,,,,,,,,,,,,,,,,
KB손보,KB 다치면 보장받는 플러스 상해보험(무배당)(26.01)_1종(연만기 자동갱신형) (월납),주계약,항암방사선치료비【갱신계약】,"보험기간 중 암보장개시일 이후에 암(기타피부암 및 갑상선암 제외) 또는 보험기간 중 기타피부암, 갑상선암으로 진단 확정되고, 항암방사선치료를 받은 경우",보험가입금액(보장별 최초1회한),보험가입금액(보장별 최초1회한),,,,갱신형,,,,,장기보장성 비교 공시 (7).xls,,,,항암방사선치료비【갱신계약】,"보험기간 중 암보장개시일 이후에 암(기타피부암 및 갑상선암 제외) 또는 보험기간 중 기타피부암, 갑상선암으로 진단 확정되고, 항암방사선치료를 받은 경우",보험가입금액(보장별 최초1회한),,,,,,,,,,,,,,,,,,,,,,,,
KB손보,KB 다치면 보장받는 플러스 상해보험(무배당)(26.01)_1종(연만기 자동갱신형) (월납),주계약,항암약물치료비【갱신계약】,"보험기간 중 암보장개시일 이후에 암(기타피부암 및 갑상선암 제외) 또는 보험기간 중 기타피부암, 갑상선암으로 진단 확정되고, 항암약물치료를 받은 경우",,,,,,갱신형,,,,,장기보장성 비교 공시 (7).xls,,,,항암약물치료비【갱신계약】,"보험기간 중 암보장개시일 이후에 암(기타피부암 및 갑상선암 제외) 또는 보험기간 중 기타피부암, 갑상선암으로 진단 확정되고, 항암약물치료를 받은 경우",,,,,,,,,,,,,,,,,,,,,,,,,
KB손보,KB 다치면 보장받는 플러스 상해보험(무배당)(26.01)_1종(연만기 자동갱신형) (월납),주계약,허혈성심장질환진단비【갱신계약】,보험기간 중 허혈성심장질환으로 진단 확정된 경우,보험가입금액(최초1회한),보험가입금액(최초1회한),,,,갱신형,,,,,장기보장성 비교 공시 (7).xls,,,,허혈성심장질환진단비【갱신계약】,보험기간 중 허혈성심장질환으로 진단 확정된 경우,보험가입금액(최초1회한),,,,,,,,,,,,,,,,,,,,,,,,
KB손보,KB 다치면 보장받는 플러스 상해보험(무배당)(26.01)_1종(연만기 자동갱신형) (월납),주계약,뇌혈관질환진단비,보험기간 중 뇌혈관질환으로 진단 확정된 경우,보험가입금액(최초1회한),보험가입금액(최초1회한),"78,060 원","55,360 원",,갱신형,,,,,장기보장성 비교 공시 (7).xls,,KB손보,KB 해피라이프 건강보험(세만기)(해약환급금미지급형)(무배당)(26.01)_표준형해약환급금의 50‰지급형(납입기간이후),뇌혈관질환진단비,보험기간 중 뇌혈관질환으로 진단 확정된 경우,보험가입금액(최초1회한),"78,060","55,360",115.3,102.1,,,,,,,,,,,,,,,,,,,,
KB손보,KB 다치면 보장받는 플러스 상해보험(무배당)(26.01)_1종(연만기 자동갱신형) (월납),주계약,암진단비(유사암제외),보험기간 중 암보장개시일 이후에 암(유사암제외)으로 진단확정된 경우,,,,,,갱신형,,,,,장기보장성 비교 공시 (7).xls,,,,암진단비(유사암제외),보험기간 중 암보장개시일 이후에 암(유사암제외)으로 진단확정된 경우,,,,,,,,,,,,,,,,,,,,,,,,,
KB손보,KB 다치면 보장받는 플러스 상해보험(무배당)(26.01)_1종(연만기 자동갱신형) (월납),주계약,일반상해사망,보험기간 중 일반상해사고로 사망시,보험가입금액,보험가입금액,,,,갱신형,,,,,장기보장성 비교 공시 (7).xls,,,,일반상해사망,보험기간 중 일반상해사고로 사망시,보험가입금액,,,,,,,,,,,,,,,,,,,,,,,,
KB손보,KB 다치면 보장받는 플러스 상해보험(무배당)(26.01)_1종(연만기 자동갱신형) (월납),주계약,항암방사선치료비,"보험기간 중 암보장개시일 이후에 암(기타피부암 및 갑상선암 제외) 또는 보험기간 중 기타피부암, 갑상선암으로 진단 확정되고, 항암방사선치료를 받은 경우",보험가입금액(보장별 최초1회한),보험가입금액(보장별 최초1회한),,,,갱신형,,,,,장기보장성 비교 공시 (7).xls,,,,항암방사선치료비,"보험기간 중 암보장개시일 이후에 암(기타피부암 및 갑상선암 제외) 또는 보험기간 중 기타피부암, 갑상선암으로 진단 확정되고, 항암방사선치료를 받은 경우",보험가입금액(보장별 최초1회한),,,,,,,,,,,,,,,,,,,,,,,,
KB손보,KB 다치면 보장받는 플러스 상해보험(무배당)(26.01)_1종(연만기 자동갱신형) (월납),주계약,항암약물치료비,"보험기간 중 암보장개시일 이후에 암(기타피부암 및 갑상선암 제외) 또는 보험기간 중 기타피부암, 갑상선암으로 진단 확정되고, 항암약물치료를 받은 경우",,,,,,갱신형,,,,,장기보장성 비교 공시 (7).xls,,,,항암약물치료비,"보험기간 중 암보장개시일 이후에 암(기타피부암 및 갑상선암 제외) 또는 보험기간 중 기타피부암, 갑상선암으로 진단 확정되고, 항암약물치료를 받은 경우",,,,,,,,,,,,,,,,,,,,,,,,,
KB손보,KB 다치면 보장받는 플러스 상해보험(무배당)(26.01)_1종(연만기 자동갱신형) (월납),주계약,허혈성심장질환진단비,보험기간 중 허혈성심장질환으로 진단 확정된 경우,보험가입금액(최초1회한),보험가입금액(최초1회한),,,,갱신형,,,,,장기보장성 비교 공시 (7).xls,,,,허혈성심장질환진단비,보험기간 중 허혈성심장질환으로 진단 확정된 경우,보험가입금액(최초1회한),,,,,,,,,,,,,,,,,,,,,,,,
KB손보,KB 다치면 보장받는 플러스 상해보험(무배당)(26.01)_1종(연만기 자동갱신형) (월납),주계약,뇌혈관질환진단비,보험기간 중 뇌혈관질환으로 진단 확정된 경우,보험가입금액(최초1회한),보험가입금액(최초1회한),"78,060 원","55,360 원",,갱신형,,,,,장기보장성 비교 공시 (7).xls,,KB손보,KB 닥터플러스 건강보험(세만기)(해약환급금미지급형)(무배당)(26.01)_표준형해약환급금의 50‰지급형(납입기간이후),뇌혈관질환진단비,보험기간 중 뇌혈관질환으로 진단 확정된 경우,보험가입금액(최초1회한),"78,060","55,360",115.3,102.1,,,,,,,,,,,,,,,,,,,,
KB손보,KB 다치면 보장받는 플러스 상해보험(무배당)(26.01)_1종(연만기 자동갱신형) (월납),주계약,암진단비(유사암제외),보험기간 중 암보장개시일 이후에 암(유사암제외)으로 진단확정된 경우,,,,,,갱신형,,,,,장기보장성 비교 공시 (7).xls,,,,암진단비(유사암제외),보험기간 중 암보장개시일 이후에 암(유사암제외)으로 진단확정된 경우,,,,,,,,,,,,,,,,,,,,,,,,,
KB손보,KB 다치면 보장받는 플러스 상해보험(무배당)(26.01)_1종(연만기 자동갱신형) (월납),주계약,일반상해사망,보험기간 중 일반상해사고로 사망시,보험가입금액,보험가입금액,,,,갱신형,,,,,장기보장성 비교 공시 (7).xls,,,,일반상해사망,보험기간 중 일반상해사고로 사망시,보험가입금액,,,,,,,,,,,,,,,,,,,,,,,,
KB손보,KB 다치면 보장받는 플러스 상해보험(무배당)(26.01)_1종(연만기 자동갱신형) (월납),주계약,항암방사선치료비,"보험기간 중 암보장개시일 이후에 암(기타피부암 및 갑상선암 제외) 또는 보험기간 중 기타피부암, 갑상선암으로 진단 확정되고, 항암방사선치료를 받은 경우",보험가입금액(보장별 최초1회한),보험가입금액(보장별 최초1회한),,,,갱신형,,,,,장기보장성 비교 공시 (7).xls,,,,항암방사선치료비,"보험기간 중 암보장개시일 이후에 암(기타피부암 및 갑상선암 제외) 또는 보험기간 중 기타피부암, 갑상선암으로 진단 확정되고, 항암방사선치료를 받은 경우",보험가입금액(보장별 최초1회한),,,,,,,,,,,,,,,,,,,,,,,,
KB손보,KB 다치면 보장받는 플러스 상해보험(무배당)(26.01)_1종(연만기 자동갱신형) (월납),주계약,항암약물치료비,"보험기간 중 암보장개시일 이후에 암(기타피부암 및 갑상선암 제외) 또는 보험기간 중 기타피부암, 갑상선암으로 진단 확정되고, 항암약물치료를 받은 경우",,,,,,갱신형,,,,,장기보장성 비교 공시 (7).xls,,,,항암약물치료비,"보험기간 중 암보장개시일 이후에 암(기타피부암 및 갑상선암 제외) 또는 보험기간 중 기타피부암, 갑상선암으로 진단 확정되고, 항암약물치료를 받은 경우",,,,,,,,,,,,,,,,,,,,,,,,,
KB손보,KB 다치면 보장받는 플러스 상해보험(무배당)(26.01)_1종(연만기 자동갱신형) (월납),주계약,허혈성심장질환진단비,보험기간 중 허혈성심장질환으로 진단 확정된 경우,보험가입금액(최초1회한),보험가입금액(최초1회한),,,,갱신형,,,,,장기보장성 비교 공시 (7).xls,,,,허혈성심장질환진단비,보험기간 중 허혈성심장질환으로 진단 확정된 경우,보험가입금액(최초1회한),,,,,,,,,,,,,,,,,,,,,,,,
KB손보,KB 다치면 보장받는 플러스 상해보험(무배당)(26.01)_1종(연만기 자동갱신형) (월납),주계약,뇌혈관질환진단비,보험기간 중 뇌혈관질환으로 진단 확정된 경우,보험가입금액(최초1회한),보험가입금액(최초1회한),"78,060 원","55,360 원",,갱신형,,,,,장기보장성 비교 공시 (7).xls,,KB손보,KB Yes!365 건강보험(세만기)(해약환급금미지급형)(무배당)(26.01)_표준형해약환급금의 50‰지급형(납입기간이후),뇌혈관질환진단비,보험기간 중 뇌혈관질환으로 진단 확정된 경우,보험가입금액(최초1회한),"78,060","55,360",115.3,102.1,,,,,,,,,,,,,,,,,,,,
KB손보,KB 다치면 보장받는 플러스 상해보험(무배당)(26.01)_1종(연만기 자동갱신형) (월납),주계약,암진단비(유사암제외),보험기간 중 암보장개시일 이후에 암(유사암제외)으로 진단확정된 경우,,,,,,갱신형,,,,,장기보장성 비교 공시 (7).xls,,,,암진단비(유사암제외),보험기간 중 암보장개시일 이후에 암(유사암제외)으로 진단확정된 경우,,,,,,,,,,,,,,,,,,,,,,,,,
KB손보,KB 다치면 보장받는 플러스 상해보험(무배당)(26.01)_1종(연만기 자동갱신형) (월납),주계약,일반상해사망,보험기간 중 일반상해사고로 사망시,보험가입금액,보험가입금액,,,,갱신형,,,,,장기보장성 비교 공시 (7).xls,,,,일반상해사망,보험기간 중 일반상해사고로 사망시,보험가입금액,,,,,,,,,,,,,,,,,,,,,,,,
KB손보,KB 다치면 보장받는 플러스 상해보험(무배당)(26.01)_1종(연만기 자동갱신형) (월납),주계약,항암방사선치료비,"보험기간 중 암보장개시일 이후에 암(기타피부암 및 갑상선암 제외) 또는 보험기간 중 기타피부암, 갑상선암으로 진단 확정되고, 항암방사선치료를 받은 경우",보험가입금액(보장별 최초1회한),보험가입금액(보장별 최초1회한),,,,갱신형,,,,,장기보장성 비교 공시 (7).xls,,,,항암방사선치료비,"보험기간 중 암보장개시일 이후에 암(기타피부암 및 갑상선암 제외) 또는 보험기간 중 기타피부암, 갑상선암으로 진단 확정되고, 항암방사선치료를 받은 경우",보험가입금액(보장별 최초1회한),,,,,,,,,,,,,,,,,,,,,,,,
KB손보,KB 다치면 보장받는 플러스 상해보험(무배당)(26.01)_1종(연만기 자동갱신형) (월납),주계약,항암약물치료비,"보험기간 중 암보장개시일 이후에 암(기타피부암 및 갑상선암 제외) 또는 보험기간 중 기타피부암, 갑상선암으로 진단 확정되고, 항암약물치료를 받은 경우",,,,,,갱신형,,,,,장기보장성 비교 공시 (7).xls,,,,항암약물치료비,"보험기간 중 암보장개시일 이후에 암(기타피부암 및 갑상선암 제외) 또는 보험기간 중 기타피부암, 갑상선암으로 진단 확정되고, 항암약물치료를 받은 경우",,,,,,,,,,,,,,,,,,,,,,,,,
KB손보,KB 다치면 보장받는 플러스 상해보험(무배당)(26.01)_1종(연만기 자동갱신형) (월납),주계약,허혈성심장질환진단비,보험기간 중 허혈성심장질환으로 진단 확정된 경우,보험가입금액(최초1회한),보험가입금액(최초1회한),,,,갱신형,,,,,장기보장성 비교 공시 (7).xls,,,,허혈성심장질환진단비,보험기간 중 허혈성심장질환으로 진단 확정된 경우,보험가입금액(최초1회한),,,,,,,,,,,,,,,,,,,,,,,,
KB손보,KB든든안심상해보험Ⅱ(무배당)(26.05)_3종 (월납),주계약,상해수술비,보험기간 중 상해로 수술시,보험가입금액(수술 1회당),보험가입금액(수술 1회당),"4,347 원","2,618 원",,비갱신형,,,,,장기보장성 비교 공시 (7).xls,,KB손보,KB든든안심상해보험Ⅱ(무배당)(26.05)_3종,상해수술비,보험기간 중 상해로 수술시,보험가입금액(수술 1회당),"4,347","2,618",84.5,98,,,,,,,,,,,,,,,,,,,,
KB손보,KB든든안심상해보험Ⅱ(무배당)(26.05)_3종 (월납),주계약,일반상해50%이상후유장해생활지원금(10년매월지급형),보험기간 중 일반상해사고로 50%이상 후유장해시,보험가입금액 x 120회(최초1회한),보험가입금액 x 120회(최초1회한),,,,비갱신형,,,,,장기보장성 비교 공시 (7).xls,,,,일반상해50%이상후유장해생활지원금(10년매월지급형),보험기간 중 일반상해사고로 50%이상 후유장해시,보험가입금액 x 120회(최초1회한),,,,,,,,,,,,,,,,,,,,,,,,
KB손보,KB든든안심상해보험Ⅱ(무배당)(26.05)_3종 (월납),주계약,일반상해80%이상후유장해생활지원금(10년매월지급형),보험기간 중 일반상해사고로 80%이상 후유장해시,,,,,,비갱신형,,,,,장기보장성 비교 공시 (7).xls,,,,일반상해80%이상후유장해생활지원금(10년매월지급형),보험기간 중 일반상해사고로 80%이상 후유장해시,,,,,,,,,,,,,,,,,,,,,,,,,
KB손보,KB든든안심상해보험Ⅱ(무배당)(26.05)_3종 (월납),주계약,일반상해사망가족생활지원금(10년매월지급형),보험기간 중 일반상해사고로 사망시,보험가입금액 x 120회,보험가입금액 x 120회,,,,비갱신형,,,,,장기보장성 비교 공시 (7).xls,,,,일반상해사망가족생활지원금(10년매월지급형),보험기간 중 일반상해사고로 사망시,보험가입금액 x 120회,,,,,,,,,,,,,,,,,,,,,,,,
KB손보,KB든든안심상해보험Ⅱ(무배당)(26.05)_3종 (월납),주계약,일반상해후유장해(20~79%),보험기간 중 일반상해사고로 20~79% 후유장해시,보험가입금액x장해지급률(20~79%),보험가입금액x장해지급률(20~79%),,,,비갱신형,,,,,장기보장성 비교 공시 (7).xls,,,,일반상해후유장해(20~79%),보험기간 중 일반상해사고로 20~79% 후유장해시,보험가입금액x장해지급률(20~79%),,,,,,,,,,,,,,,,,,,,,,,,
KB손보,KB든든안심상해보험Ⅱ(무배당)(26.05)_2종 (월납),주계약,일반상해50%이상후유장해,보험기간 중 일반상해사고로 50%이상 후유장해시,보험가입금액(최초1회한),보험가입금액(최초1회한),"3,700 원","2,100 원",,비갱신형,,,,,장기보장성 비교 공시 (7).xls,,KB손보,KB든든안심상해보험Ⅱ(무배당)(26.05)_2종,일반상해50%이상후유장해,보험기간 중 일반상해사고로 50%이상 후유장해시,보험가입금액(최초1회한),"3,700","2,100",81.9,89.5,,,,,,,,,,,,,,,,,,,,
KB손보,KB든든안심상해보험Ⅱ(무배당)(26.05)_2종 (월납),주계약,일반상해80%이상후유장해,보험기간 중 일반상해사고로 80%이상 후유장해시,,,,,,비갱신형,,,,,장기보장성 비교 공시 (7).xls,,,,일반상해80%이상후유장해,보험기간 중 일반상해사고로 80%이상 후유장해시,,,,,,,,,,,,,,,,,,,,,,,,,
KB손보,KB든든안심상해보험Ⅱ(무배당)(26.05)_2종 (월납),주계약,일반상해사망,보험기간 중 일반상해사고로 사망시,보험가입금액,보험가입금액,,,,비갱신형,,,,,장기보장성 비교 공시 (7).xls,,,,일반상해사망,보험기간 중 일반상해사고로 사망시,보험가입금액,,,,,,,,,,,,,,,,,,,,,,,,
KB손보,KB든든안심상해보험Ⅱ(무배당)(26.05)_2종 (월납),주계약,일반상해후유장해(20~100%),보험기간 중 일반상해사고로 20~100% 후유장해시,보험가입금액x장해지급률(20~100%),보험가입금액x장해지급률(20~100%),,,,비갱신형,,,,,장기보장성 비교 공시 (7).xls,,,,일반상해후유장해(20~100%),보험기간 중 일반상해사고로 20~100% 후유장해시,보험가입금액x장해지급률(20~100%),,,,,,,,,,,,,,,,,,,,,,,,
KB손보,KB든든안심상해보험Ⅱ(무배당)(26.05)_1종 (월납),주계약,일반상해사망후유장해(20~100%),"보험기간 중 일반상해사고로 사망, 20~100% 후유장해시","보험가입금액 (단, 후유장해는 장해지급률을 곱한 금액을 지급)","보험가입금액 (단, 후유장해는 장해지급률을 곱한 금액을 지급)","2,800 원","1,700 원",,비갱신형,,,,,장기보장성 비교 공시 (7).xls,,KB손보,KB든든안심상해보험Ⅱ(무배당)(26.05)_1종,일반상해사망후유장해(20~100%),"보험기간 중 일반상해사고로 사망, 20~100% 후유장해시","보험가입금액 (단, 후유장해는 장해지급률을 곱한 금액을 지급)","2,800","1,700",83.5,89.2,,,,,,,,,,,,,,,,,,,,
KB손보,CEO안심상해보험Ⅱ(무배당)(26.05)_3종 (월납),주계약,상해수술비,보험기간 중 상해로 수술시,보험가입금액(수술 1회당),보험가입금액(수술 1회당),"4,347 원","2,618 원",,비갱신형,,,,,장기보장성 비교 공시 (7).xls,,KB손보,CEO안심상해보험Ⅱ(무배당)(26.05)_3종,상해수술비,보험기간 중 상해로 수술시,보험가입금액(수술 1회당),"4,347","2,618",84.5,98,,,,,,,,,,,,,,,,,,,,
KB손보,CEO안심상해보험Ⅱ(무배당)(26.05)_3종 (월납),주계약,일반상해50%이상후유장해생활지원금(10년매월지급형),보험기간 중 일반상해사고로 50%이상 후유장해시,보험가입금액 x 120회(최초1회한),보험가입금액 x 120회(최초1회한),,,,비갱신형,,,,,장기보장성 비교 공시 (7).xls,,,,일반상해50%이상후유장해생활지원금(10년매월지급형),보험기간 중 일반상해사고로 50%이상 후유장해시,보험가입금액 x 120회(최초1회한),,,,,,,,,,,,,,,,,,,,,,,,
KB손보,CEO안심상해보험Ⅱ(무배당)(26.05)_3종 (월납),주계약,일반상해80%이상후유장해생활지원금(10년매월지급형),보험기간 중 일반상해사고로 80%이상 후유장해시,,,,,,비갱신형,,,,,장기보장성 비교 공시 (7).xls,,,,일반상해80%이상후유장해생활지원금(10년매월지급형),보험기간 중 일반상해사고로 80%이상 후유장해시,,,,,,,,,,,,,,,,,,,,,,,,,
KB손보,CEO안심상해보험Ⅱ(무배당)(26.05)_3종 (월납),주계약,일반상해사망가족생활지원금(10년매월지급형),보험기간 중 일반상해사고로 사망시,보험가입금액 x 120회,보험가입금액 x 120회,,,,비갱신형,,,,,장기보장성 비교 공시 (7).xls,,,,일반상해사망가족생활지원금(10년매월지급형),보험기간 중 일반상해사고로 사망시,보험가입금액 x 120회,,,,,,,,,,,,,,,,,,,,,,,,
KB손보,CEO안심상해보험Ⅱ(무배당)(26.05)_3종 (월납),주계약,일반상해후유장해(20~79%),보험기간 중 일반상해사고로 20~79% 후유장해시,보험가입금액x장해지급률(20~79%),보험가입금액x장해지급률(20~79%),,,,비갱신형,,,,,장기보장성 비교 공시 (7).xls,,,,일반상해후유장해(20~79%),보험기간 중 일반상해사고로 20~79% 후유장해시,보험가입금액x장해지급률(20~79%),,,,,,,,,,,,,,,,,,,,,,,,
KB손보,CEO안심상해보험Ⅱ(무배당)(26.05)_2종 (월납),주계약,일반상해50%이상후유장해,보험기간 중 일반상해사고로 50%이상 후유장해시,보험가입금액(최초1회한),보험가입금액(최초1회한),"3,700 원","2,100 원",,비갱신형,,,,,장기보장성 비교 공시 (7).xls,,KB손보,CEO안심상해보험Ⅱ(무배당)(26.05)_2종,일반상해50%이상후유장해,보험기간 중 일반상해사고로 50%이상 후유장해시,보험가입금액(최초1회한),"3,700","2,100",81.9,89.5,,,,,,,,,,,,,,,,,,,,
KB손보,CEO안심상해보험Ⅱ(무배당)(26.05)_2종 (월납),주계약,일반상해80%이상후유장해,보험기간 중 일반상해사고로 80%이상 후유장해시,,,,,,비갱신형,,,,,장기보장성 비교 공시 (7).xls,,,,일반상해80%이상후유장해,보험기간 중 일반상해사고로 80%이상 후유장해시,,,,,,,,,,,,,,,,,,,,,,,,,
KB손보,CEO안심상해보험Ⅱ(무배당)(26.05)_2종 (월납),주계약,일반상해사망,보험기간 중 일반상해사고로 사망시,보험가입금액,보험가입금액,,,,비갱신형,,,,,장기보장성 비교 공시 (7).xls,,,,일반상해사망,보험기간 중 일반상해사고로 사망시,보험가입금액,,,,,,,,,,,,,,,,,,,,,,,,
KB손보,CEO안심상해보험Ⅱ(무배당)(26.05)_2종 (월납),주계약,일반상해후유장해(20~100%),보험기간 중 일반상해사고로 20~100% 후유장해시,보험가입금액x장해지급률(20~100%),보험가입금액x장해지급률(20~100%),,,,비갱신형,,,,,장기보장성 비교 공시 (7).xls,,,,일반상해후유장해(20~100%),보험기간 중 일반상해사고로 20~100% 후유장해시,보험가입금액x장해지급률(20~100%),,,,,,,,,,,,,,,,,,,,,,,,
KB손보,CEO안심상해보험Ⅱ(무배당)(26.05)_1종 (월납),주계약,일반상해사망후유장해(20~100%),"보험기간 중 일반상해사고로 사망, 20~100% 후유장해시","보험가입금액 (단, 후유장해는 장해지급률을 곱한 금액을 지급)","보험가입금액 (단, 후유장해는 장해지급률을 곱한 금액을 지급)","2,800 원","1,700 원",,비갱신형,,,,,장기보장성 비교 공시 (7).xls,,KB손보,CEO안심상해보험Ⅱ(무배당)(26.05)_1종,일반상해사망후유장해(20~100%),"보험기간 중 일반상해사고로 사망, 20~100% 후유장해시","보험가입금액 (단, 후유장해는 장해지급률을 곱한 금액을 지급)","2,800","1,700",83.5,89.2,,,,,,,,,,,,,,,,,,,,
DB손보,(무)New상해안심보험2604((금리확정형)고급플랜) (월납),주계약,상해사망,피보험자가 해당담보의 보험기간 중 급격하고도 우연한 외래의 사고로 신체에 상해를 입고 그 직접결과로써 사망한 경우,보험가입금액(1억원),보험가입금액(1억원),"4,500 원","2,600 원",,비갱신형,,,,,장기보장성 비교 공시 (7).xls,,DB손보,(무)New상해안심보험2604((금리확정형)고급플랜),상해사망,피보험자가 해당담보의 보험기간 중 급격하고도 우연한 외래의 사고로 신체에 상해를 입고 그 직접결과로써 사망한 경우,보험가입금액(1억원),"4,500","2,600",110.3,118.2,,,,,,,,,,,,,,,,,,,,
DB손보,(무)New상해안심보험2604((금리확정형)고급플랜) (월납),주계약,상해후유장해(20~100%),피보험자가 해당담보의 보험기간 중 급격하고도 우연한 외래의 사고로 신체에 상해를 입고 20~100% 후유장해가 발생할 경우,보험가입금액(1억원) x 후유장해지급률,보험가입금액(1억원) x 후유장해지급률,,,,비갱신형,,,,,장기보장성 비교 공시 (7).xls,,,,상해후유장해(20~100%),피보험자가 해당담보의 보험기간 중 급격하고도 우연한 외래의 사고로 신체에 상해를 입고 20~100% 후유장해가 발생할 경우,보험가입금액(1억원) x 후유장해지급률,,,,,,,,,,,,,,,,,,,,,,,,
DB손보,(무)New상해안심보험2604((금리연동형)종합플랜) (월납),주계약,골절진단비(치아포함),피보험자가 보험기간 중 상해사고로 골절진단을 받은 경우 가입금액 지급,보험가입금액(30만원),보험가입금액(30만원),"15,679 원","12,233 원",,비갱신형,,,,,장기보장성 비교 공시 (7).xls,,DB손보,(무)New상해안심보험2604((금리연동형)종합플랜),골절진단비(치아포함),피보험자가 보험기간 중 상해사고로 골절진단을 받은 경우 가입금액 지급,보험가입금액(30만원),"15,679","12,233",107.4,108.1,,,,,,,,,,,,,,,,,,,,
DB손보,(무)New상해안심보험2604((금리연동형)종합플랜) (월납),주계약,골절한방치료비Ⅱ(치아제외),"피보험자가 보험기간 중 상해사고로 골절진단(치아파절 제외)을 받은 후 그 치료를 목적으로 첩약, 약침 또는 특정한방물리요법을 이용하였을 경우",보험가입금액(5만원),보험가입금액(5만원),,,,비갱신형,,,,,장기보장성 비교 공시 (7).xls,,,,골절한방치료비Ⅱ(치아제외),"피보험자가 보험기간 중 상해사고로 골절진단(치아파절 제외)을 받은 후 그 치료를 목적으로 첩약, 약침 또는 특정한방물리요법을 이용하였을 경우",보험가입금액(5만원),,,,,,,,,,,,,,,,,,,,,,,,
DB손보,(무)New상해안심보험2604((금리연동형)종합플랜) (월납),주계약,"상해CT검사지원비(급여,연간1회한)",피보험자가 보험기간 중 상해의 진단 및 치료를 위해,,,,,,비갱신형,,,,,장기보장성 비교 공시 (7).xls,,,,"상해CT검사지원비(급여,연간1회한)",피보험자가 보험기간 중 상해의 진단 및 치료를 위해,,,,,,,,,,,,,,,,,,,,,,,,,
DB손보,(무)New상해안심보험2604((금리연동형)종합플랜) (월납),주계약,"상해MRI검사지원비(급여,연간1회한)",,,,,,,비갱신형,,,,,장기보장성 비교 공시 (7).xls,,,,"상해MRI검사지원비(급여,연간1회한)",,,,,,,,,,,,,,,,,,,,,,,,,,
DB손보,(무)New상해안심보험2604((금리연동형)종합플랜) (월납),주계약,상해사망·후유장해(3~100%),"피보험자가 해당담보의 보험기간 중 상해사고로 사망하거나, 상해사고로 후유장해(3~100%)가 발생한경우",보험가입금액(1억원),보험가입금액(1억원),,,,비갱신형,,,,,장기보장성 비교 공시 (7).xls,,,,상해사망·후유장해(3~100%),"피보험자가 해당담보의 보험기간 중 상해사고로 사망하거나, 상해사고로 후유장해(3~100%)가 발생한경우",보험가입금액(1억원),,,,,,,,,,,,,,,,,,,,,,,,
DB손보,(무)New상해안심보험2604((금리연동형)종합플랜) (월납),주계약,상해수술 한방치료비Ⅱ,"피보험자가 보험기간 중 상해사고가 발생하여 그 직접결과로써 수술을 받은 후 그 치료를 목적으로 첩약, 약침 또는 특정한방물리요법을 이용하였을 경우",보험가입금액(10만원),보험가입금액(10만원),,,,비갱신형,,,,,장기보장성 비교 공시 (7).xls,,,,상해수술 한방치료비Ⅱ,"피보험자가 보험기간 중 상해사고가 발생하여 그 직접결과로써 수술을 받은 후 그 치료를 목적으로 첩약, 약침 또는 특정한방물리요법을 이용하였을 경우",보험가입금액(10만원),,,,,,,,,,,,,,,,,,,,,,,,
DB손보,(무)New상해안심보험2604((금리연동형)종합플랜) (월납),주계약,상해수술비(동일사고당1회지급),"피보험자가 보험기간 중 상해사고가 발생하여 그 직접결과로써 수술을 받은 경우 (단, 동일한 상해사고로 인하여 두 종류 이상의 수술을 받거나 같은 종류의 수술을 2회 이상 받는 경우에는 1회에 한하여 보장)",보험가입금액(100만원),보험가입금액(100만원),,,,비갱신형,,,,,장기보장성 비교 공시 (7).xls,,,,상해수술비(동일사고당1회지급),"피보험자가 보험기간 중 상해사고가 발생하여 그 직접결과로써 수술을 받은 경우 (단, 동일한 상해사고로 인하여 두 종류 이상의 수술을 받거나 같은 종류의 수술을 2회 이상 받는 경우에는 1회에 한하여 보장)",보험가입금액(100만원),,,,,,,,,,,,,,,,,,,,,,,,
DB손보,(무)New상해안심보험2604((금리연동형)종합플랜) (월납),주계약,상해중환자실입원일당(1일이상180일한도),피보험자가 보험기간 중 상해사고로 인하여 중환자실에 입원하여 치료를 받은 경우,보험가입금액(4만원),보험가입금액(4만원),,,,비갱신형,,,,,장기보장성 비교 공시 (7).xls,,,,상해중환자실입원일당(1일이상180일한도),피보험자가 보험기간 중 상해사고로 인하여 중환자실에 입원하여 치료를 받은 경우,보험가입금액(4만원),,,,,,,,,,,,,,,,,,,,,,,,
DB손보,(무)New상해안심보험2604((금리연동형)종합플랜) (월납),주계약,"창상봉합술치료비(1일1회한,연간3회한)","피보험자가 이 특별약관의 보험기간 중에 상해의 직접결과로써, 그 치료를 목적으로 “급여 창상봉합술(안면부 3cm이상, 그 외 5cm이상)”를 받은 경우(단, 1일 1회, 연간3회에 한하여 지급)",보험가입금액(30만원),보험가입금액(30만원),,,,비갱신형,,,,,장기보장성 비교 공시 (7).xls,,,,"창상봉합술치료비(1일1회한,연간3회한)","피보험자가 이 특별약관의 보험기간 중에 상해의 직접결과로써, 그 치료를 목적으로 “급여 창상봉합술(안면부 3cm이상, 그 외 5cm이상)”를 받은 경우(단, 1일 1회, 연간3회에 한하여 지급)",보험가입금액(30만원),,,,,,,,,,,,,,,,,,,,,,,,
DB손보,(무)New상해안심보험2604((금리연동형)종합플랜) (월납),주계약,"창상봉합술치료비(안면부, 1일1회한,연간3회한)","피보험자가 이 특별약관의 보험기간 중에 상해의 직접결과로써, 그 치료를 목적으로 “급여 안면부창상봉합술(3cm이상)”를 받은 경우(단, 1일 1회, 연간3회에 한하여 지급)",,,,,,비갱신형,,,,,장기보장성 비교 공시 (7).xls,,,,"창상봉합술치료비(안면부, 1일1회한,연간3회한)","피보험자가 이 특별약관의 보험기간 중에 상해의 직접결과로써, 그 치료를 목적으로 “급여 안면부창상봉합술(3cm이상)”를 받은 경우(단, 1일 1회, 연간3회에 한하여 지급)",,,,,,,,,,,,,,,,,,,,,,,,,
DB손보,(무)New상해안심보험2604((금리연동형)종합플랜) (월납),주계약,통합상해진단비(경증상해)(부위별 연간1회한),피보험자가 보험기간 중 상해의 직접결과로써 약관에서 정한,보험가입금액(3만원),보험가입금액(3만원),,,,비갱신형,,,,,장기보장성 비교 공시 (7).xls,,,,통합상해진단비(경증상해)(부위별 연간1회한),피보험자가 보험기간 중 상해의 직접결과로써 약관에서 정한,보험가입금액(3만원),,,,,,,,,,,,,,,,,,,,,,,,
DB손보,(무)New상해안심보험2604((금리연동형)종합플랜) (월납),주계약,통합상해진단비(중등증상해)(부위별 연간1회한),,보험가입금액(10만원),보험가입금액(10만원),,,,비갱신형,,,,,장기보장성 비교 공시 (7).xls,,,,통합상해진단비(중등증상해)(부위별 연간1회한),,보험가입금액(10만원),,,,,,,,,,,,,,,,,,,,,,,,
DB손보,(무)New상해안심보험2604((금리연동형)종합플랜) (월납),주계약,통합상해진단비(중증상해)(부위별 연간1회한),,보험가입금액(400만원),보험가입금액(400만원),,,,비갱신형,,,,,장기보장성 비교 공시 (7).xls,,,,통합상해진단비(중증상해)(부위별 연간1회한),,보험가입금액(400만원),,,,,,,,,,,,,,,,,,,,,,,,
DB손보,(무)New상해안심보험2604((금리연동형)종합플랜) (월납),주계약,상해50%이상후유장해(1회한),피보험자가 해당담보의 보험기간 중에 급격하고  우연한 외래의 사고로 신체에 상해를 입어 50%이상 후유장해가 발생할 경우,"보험가입금액 (1억원,1회한)","보험가입금액 (1억원,1회한)","4,694 원","2,195 원",,비갱신형,,,,,장기보장성 비교 공시 (7).xls,,DB손보,(무)New상해안심보험2604((금리연동형)월지급플랜),상해50%이상후유장해(1회한),피보험자가 해당담보의 보험기간 중에 급격하고  우연한 외래의 사고로 신체에 상해를 입어 50%이상 후유장해가 발생할 경우,"보험가입금액 (1억원,1회한)","4,694","2,195",126.7,141.2,,,,,,,,,,,,,,,,,,,,
DB손보,(무)New상해안심보험2604((금리연동형)종합플랜) (월납),주계약,상해80%이상후유장해(1회한),피보험자가 해당담보의 보험기간 중에 급격하고  우연한 외래의 사고로 신체에 상해를 입어 80%이상 후유장해가 발생할 경우,,,,,,비갱신형,,,,,장기보장성 비교 공시 (7).xls,,,,상해80%이상후유장해(1회한),피보험자가 해당담보의 보험기간 중에 급격하고  우연한 외래의 사고로 신체에 상해를 입어 80%이상 후유장해가 발생할 경우,,,,,,,,,,,,,,,,,,,,,,,,,
DB손보,(무)New상해안심보험2604((금리연동형)종합플랜) (월납),주계약,상해사망유족자금(매월5년간지급),피보험자가 해당담보의 보험기간 중 급격하고도 우연한 외래의 사고로 신체에 상해를 입고 그 직접결과로써 사망한 경우,보험가입금액(177만) x 60회(1억원),보험가입금액(177만) x 60회(1억원),,,,비갱신형,,,,,장기보장성 비교 공시 (7).xls,,,,상해사망유족자금(매월5년간지급),피보험자가 해당담보의 보험기간 중 급격하고도 우연한 외래의 사고로 신체에 상해를 입고 그 직접결과로써 사망한 경우,보험가입금액(177만) x 60회(1억원),,,,,,,,,,,,,,,,,,,,,,,,
DB손보,(무)New상해안심보험2604((금리연동형)고급플랜) (월납),주계약,상해사망,피보험자가 해당담보의 보험기간 중 급격하고도 우연한 외래의 사고로 신체에 상해를 입고 그 직접결과로써 사망한 경우,보험가입금액(1억원),보험가입금액(1억원),"8,000 원","4,300 원",,비갱신형,,,,,장기보장성 비교 공시 (7).xls,,DB손보,(무)New상해안심보험2604((금리연동형)고급플랜),상해사망,피보험자가 해당담보의 보험기간 중 급격하고도 우연한 외래의 사고로 신체에 상해를 입고 그 직접결과로써 사망한 경우,보험가입금액(1억원),"8,000","4,300",122,127.5,,,,,,,,,,,,,,,,,,,,
DB손보,(무)New상해안심보험2604((금리연동형)고급플랜) (월납),주계약,상해사망.후유장해(20~100%),피보험자가 해당담보의 보험기간 중에 급격하고 우연한 외래의 사고로 신체에 상해를 입고 사망하거나 20~100% 후유장해가 발생할 경우,보험가입금액(1억원) x 후유장해지급률(사망시100%),보험가입금액(1억원) x 후유장해지급률(사망시100%),,,,비갱신형,,,,,장기보장성 비교 공시 (7).xls,,,,상해사망.후유장해(20~100%),피보험자가 해당담보의 보험기간 중에 급격하고 우연한 외래의 사고로 신체에 상해를 입고 사망하거나 20~100% 후유장해가 발생할 경우,보험가입금액(1억원) x 후유장해지급률(사망시100%),,,,,,,,,,,,,,,,,,,,,,,,
DB손보,(무)만상형통상해보험2604(1종) (월납),주계약,5대골절진단비,"피보험자가 보험기간중 급격하고도 우연한 외래의 사고로 5대골절분류표에서 정한 5대골절(머리,목,등뼈,허리뼈, 넓적다리뼈)로 진단확정시 1사고당 가입금액을 지급",보험가입금액(100만원),보험가입금액(100만원),"13,960 원","11,140 원",,비갱신형,,,,,장기보장성 비교 공시 (7).xls,,DB손보,(무)만상형통상해보험2604(1종),5대골절진단비,"피보험자가 보험기간중 급격하고도 우연한 외래의 사고로 5대골절분류표에서 정한 5대골절(머리,목,등뼈,허리뼈, 넓적다리뼈)로 진단확정시 1사고당 가입금액을 지급",보험가입금액(100만원),"13,960","11,140",131.7,149.6,,,,,,,,,,,,,,,,,,,,
DB손보,(무)만상형통상해보험2604(1종) (월납),주계약,깁스치료비(상해 및 질병),피보험자가 보험기간중 상해 또는 질병으로 깁스(Cast)치료를 받은 경우 매사고시마다 가입금액 지급,,,,,,비갱신형,,,,,장기보장성 비교 공시 (7).xls,,,,깁스치료비(상해 및 질병),피보험자가 보험기간중 상해 또는 질병으로 깁스(Cast)치료를 받은 경우 매사고시마다 가입금액 지급,,,,,,,,,,,,,,,,,,,,,,,,,
DB손보,(무)만상형통상해보험2604(1종) (월납),주계약,상해사망,피보험자가 보험기간 중 상해사고로 사망한 경우 보험가입금액 지급,보험가입금액(1억원),보험가입금액(1억원),,,,비갱신형,,,,,장기보장성 비교 공시 (7).xls,,,,상해사망,피보험자가 보험기간 중 상해사고로 사망한 경우 보험가입금액 지급,보험가입금액(1억원),,,,,,,,,,,,,,,,,,,,,,,,
DB손보,(무)만상형통상해보험2604(1종) (월납),주계약,상해수술비(동일사고당1회지급),"피보험자가 보험기간 중 상해사고가 발생하여 그 직접결과로써 수술을 받은 경우 매 사고(수술)시마다 보험가입금액을 지급. 단, 동일한 상해를 직접적인 원인으로 2종류 이상 또는 같은 종류의 수술을 2회 이상 받은 경우에는 1회에 한하여 지급",보험가입금액(200만원),보험가입금액(200만원),,,,비갱신형,,,,,장기보장성 비교 공시 (7).xls,,,,상해수술비(동일사고당1회지급),"피보험자가 보험기간 중 상해사고가 발생하여 그 직접결과로써 수술을 받은 경우 매 사고(수술)시마다 보험가입금액을 지급. 단, 동일한 상해를 직접적인 원인으로 2종류 이상 또는 같은 종류의 수술을 2회 이상 받은 경우에는 1회에 한하여 지급",보험가입금액(200만원),,,,,,,,,,,,,,,,,,,,,,,,
DB손보,(무)만상형통상해보험2604(1종) (월납),주계약,상해후유장해(20~100%),피보험자가 보험기간 중 상해사고로 후유장해(20%~100%)가 발생한 경우 가입금액에 후유장해지급률을 곱한 금액을 지급,보험가입금액(1억원),보험가입금액(1억원),,,,비갱신형,,,,,장기보장성 비교 공시 (7).xls,,,,상해후유장해(20~100%),피보험자가 보험기간 중 상해사고로 후유장해(20%~100%)가 발생한 경우 가입금액에 후유장해지급률을 곱한 금액을 지급,보험가입금액(1억원),,,,,,,,,,,,,,,,,,,,,,,,
DB손보,(무)만상형통상해보험2604(2종) (월납),주계약,5대골절진단비,"피보험자가 보험기간중 급격하고도 우연한 외래의 사고로 5대골절분류표에서 정한 5대골절(머리,목,등뼈,허리뼈, 넓적다리뼈)로 진단확정시 1사고당 가입금액을 지급",보험가입금액(100만원),보험가입금액(100만원),"26,030 원","22,440 원",,비갱신형,,,,,장기보장성 비교 공시 (7).xls,,DB손보,(무)만상형통상해보험2604(2종),5대골절진단비,"피보험자가 보험기간중 급격하고도 우연한 외래의 사고로 5대골절분류표에서 정한 5대골절(머리,목,등뼈,허리뼈, 넓적다리뼈)로 진단확정시 1사고당 가입금액을 지급",보험가입금액(100만원),"26,030","22,440",103.6,118.4,,,,,,,,,,,,,,,,,,,,
DB손보,(무)만상형통상해보험2604(2종) (월납),주계약,깁스치료비(상해 및 질병),피보험자가 보험기간중 상해 또는 질병으로 깁스(Cast)치료를 받은 경우 매사고시마다 가입금액 지급,,,,,,비갱신형,,,,,장기보장성 비교 공시 (7).xls,,,,깁스치료비(상해 및 질병),피보험자가 보험기간중 상해 또는 질병으로 깁스(Cast)치료를 받은 경우 매사고시마다 가입금액 지급,,,,,,,,,,,,,,,,,,,,,,,,,
DB손보,(무)만상형통상해보험2604(2종) (월납),주계약,상해사망,피보험자가 보험기간 중 상해사고로 사망한 경우 보험가입금액 지급,보험가입금액(1억원),보험가입금액(1억원),,,,비갱신형,,,,,장기보장성 비교 공시 (7).xls,,,,상해사망,피보험자가 보험기간 중 상해사고로 사망한 경우 보험가입금액 지급,보험가입금액(1억원),,,,,,,,,,,,,,,,,,,,,,,,
DB손보,(무)만상형통상해보험2604(2종) (월납),주계약,상해수술비(동일사고당1회지급),"피보험자가 보험기간 중 상해사고가 발생하여 그 직접결과로써 수술을 받은 경우 매 사고(수술)시마다 보험가입금액을 지급. 단, 동일한 상해를 직접적인 원인으로 2종류 이상 또는 같은 종류의 수술을 2회 이상 받은 경우에는 1회에 한하여 지급",보험가입금액(200만원),보험가입금액(200만원),,,,비갱신형,,,,,장기보장성 비교 공시 (7).xls,,,,상해수술비(동일사고당1회지급),"피보험자가 보험기간 중 상해사고가 발생하여 그 직접결과로써 수술을 받은 경우 매 사고(수술)시마다 보험가입금액을 지급. 단, 동일한 상해를 직접적인 원인으로 2종류 이상 또는 같은 종류의 수술을 2회 이상 받은 경우에는 1회에 한하여 지급",보험가입금액(200만원),,,,,,,,,,,,,,,,,,,,,,,,
DB손보,(무)만상형통상해보험2604(2종) (월납),주계약,상해후유장해(20~100%),피보험자가 보험기간 중 상해사고로 후유장해(20%~100%)가 발생한 경우 가입금액에 후유장해지급률을 곱한 금액을 지급,보험가입금액(1억원),보험가입금액(1억원),,,,비갱신형,,,,,장기보장성 비교 공시 (7).xls,,,,상해후유장해(20~100%),피보험자가 보험기간 중 상해사고로 후유장해(20%~100%)가 발생한 경우 가입금액에 후유장해지급률을 곱한 금액을 지급,보험가입금액(1억원),,,,,,,,,,,,,,,,,,,,,,,,
AXA손보,(무)AXA간편상해보험2604 (월납),주계약,상해사망(간편고지),보험기간 중에 발생한 상해의 직접결과로써 사망한 경우,보험가입금액의 100%,보험가입금액의 100%,"7,440 원","4,630 원",,비갱신형,,,,,장기보장성 비교 공시 (7).xls,,AXA손보,(무)AXA간편상해보험2604,상해사망(간편고지),보험기간 중에 발생한 상해의 직접결과로써 사망한 경우,보험가입금액의 100%,"7,440","4,630",217.7,252.2,,,,,,,,,,,,,,,,,,,,
AXA손보,(무)AXA간편상해보험2604 (월납),주계약,일반상해80%이상후유장해(간편고지),보험기간 중에 발생한 상해의 직접결과로써 80%이상 후유장해시(최초 1회에 한하여 지급),,,,,,비갱신형,,,,,장기보장성 비교 공시 (7).xls,,,,일반상해80%이상후유장해(간편고지),보험기간 중에 발생한 상해의 직접결과로써 80%이상 후유장해시(최초 1회에 한하여 지급),,,,,,,,,,,,,,,,,,,,,,,,,
AXA손보,(무)AXA간편상해보험2604 (월납),주계약,일반상해골절수술(간편고지),"보험기간 중에 발생한 상해의 직접결과로써 약관에서 정한 골절로 진단확정되고, 그 치료를 직접적인 목적으로 수술을 받은 경우",1사고당 가입금액 전액,1사고당 가입금액 전액,,,,비갱신형,,,,,장기보장성 비교 공시 (7).xls,,,,일반상해골절수술(간편고지),"보험기간 중에 발생한 상해의 직접결과로써 약관에서 정한 골절로 진단확정되고, 그 치료를 직접적인 목적으로 수술을 받은 경우",1사고당 가입금액 전액,,,,,,,,,,,,,,,,,,,,,,,,
AXA손보,(무)AXA간편상해보험2604 (월납),주계약,일반상해화상수술,"보험기간 중에 발생한 상해의 직접결과로써 약관에서 정한 화상(심재성 2도 이상)으로 진단확정되고, 그 치료를 직접적인 목적으로 수술을 받은 경우",,,,,,비갱신형,,,,,장기보장성 비교 공시 (7).xls,,,,일반상해화상수술,"보험기간 중에 발생한 상해의 직접결과로써 약관에서 정한 화상(심재성 2도 이상)으로 진단확정되고, 그 치료를 직접적인 목적으로 수술을 받은 경우",,,,,,,,,,,,,,,,,,,,,,,,,
AXA손보,(무)AXA간편상해보험2604 (월납),주계약,일반상해화상진단,보험기간 중에 발생한 상해의 직접결과로써 약관에서 정한 화상(심재성 2도 이상)으로 진단시,,,,,,비갱신형,,,,,장기보장성 비교 공시 (7).xls,,,,일반상해화상진단,보험기간 중에 발생한 상해의 직접결과로써 약관에서 정한 화상(심재성 2도 이상)으로 진단시,,,,,,,,,,,,,,,,,,,,,,,,,
하나손보,무배당 하나더넥스트 상해보험(방카)(2604) (월납),주계약,일반상해사망,상해로 사망시,보험가입금액,보험가입금액,"14,700 원","9,900 원",,비갱신형,,,,,장기보장성 비교 공시 (7).xls,,하나손보,무배당 하나더넥스트 상해보험(방카)(2604),일반상해사망,상해로 사망시,보험가입금액,"14,700","9,900",123,173.1,,,,,,,,,,,,,,,,,,,,
하나손보,무배당 하나더넥스트 상해보험(방카)(2604) (월납),주계약,일반상해후유장해(20~100%),상해로 장해분류표에서 정한 20%이상 장해지급률에 해당하는 장해상태가 되었을 때,보험가입금액 X 지급률,보험가입금액 X 지급률,,,,비갱신형,,,,,장기보장성 비교 공시 (7).xls,,,,일반상해후유장해(20~100%),상해로 장해분류표에서 정한 20%이상 장해지급률에 해당하는 장해상태가 되었을 때,보험가입금액 X 지급률,,,,,,,,,,,,,,,,,,,,,,,,
하나손보,무배당 하나더퍼스트 상해보험(다이렉트) (월납),주계약,골절수술비,상해의 직접결과로써 골절로 진단확정되고 그 치료를 직접적인 목적으로 수술을 받은 경우,"매 사고시마다 보험가입금액 지급(단, 같은 상해로 두 종류 이상의 수술을 받거나 같은 종류의 수술을 2회 이상 받은 경우, 1회에 한하여 지급)","매 사고시마다 보험가입금액 지급(단, 같은 상해로 두 종류 이상의 수술을 받거나 같은 종류의 수술을 2회 이상 받은 경우, 1회에 한하여 지급)","5,119 원","4,806 원",,비갱신형,,,,,장기보장성 비교 공시 (7).xls,,하나손보,무배당 하나더퍼스트 상해보험(다이렉트),골절수술비,상해의 직접결과로써 골절로 진단확정되고 그 치료를 직접적인 목적으로 수술을 받은 경우,"매 사고시마다 보험가입금액 지급(단, 같은 상해로 두 종류 이상의 수술을 받거나 같은 종류의 수술을 2회 이상 받은 경우, 1회에 한하여 지급)","5,119","4,806",109.3,112.7,,,,,,,,,,,,,,,,,,,,
하나손보,무배당 하나더퍼스트 상해보험(다이렉트) (월납),주계약,골절진단비(치아파절제외),보험기간 중 상해의 직접결과로써 약관상 '골절(치아파절 제외)분류표'에서 정한 골절로 진단확정된 경우,1사고당 보험가입금액 지급,1사고당 보험가입금액 지급,,,,비갱신형,,,,,장기보장성 비교 공시 (7).xls,,,,골절진단비(치아파절제외),보험기간 중 상해의 직접결과로써 약관상 '골절(치아파절 제외)분류표'에서 정한 골절로 진단확정된 경우,1사고당 보험가입금액 지급,,,,,,,,,,,,,,,,,,,,,,,,
하나손보,무배당 하나더퍼스트 상해보험(다이렉트) (월납),주계약,"상해CT검사지원비(연간1회한,급여)",보험기간 중 상해의 직접적인 결과로써 진단 및 치료를 위한 필요소견을 토대로 CT검사(급여)에 해당하는 의료행위를 받은 경우,보험가입금액 지급(연간 1회한),보험가입금액 지급(연간 1회한),,,,비갱신형,,,,,장기보장성 비교 공시 (7).xls,,,,"상해CT검사지원비(연간1회한,급여)",보험기간 중 상해의 직접적인 결과로써 진단 및 치료를 위한 필요소견을 토대로 CT검사(급여)에 해당하는 의료행위를 받은 경우,보험가입금액 지급(연간 1회한),,,,,,,,,,,,,,,,,,,,,,,,
하나손보,무배당 하나더퍼스트 상해보험(다이렉트) (월납),주계약,"상해MRI검사지원비(연간1회한,급여)",보험기간 중 상해의 직접적인 결과로써 진단 및 치료를 위한 필요소견을 토대로 MRI검사(급여)에 해당하는 의료행위를 받은 경우,보험가입금액 지급(연간 1회한),보험가입금액 지급(연간 1회한),,,,비갱신형,,,,,장기보장성 비교 공시 (7).xls,,,,"상해MRI검사지원비(연간1회한,급여)",보험기간 중 상해의 직접적인 결과로써 진단 및 치료를 위한 필요소견을 토대로 MRI검사(급여)에 해당하는 의료행위를 받은 경우,보험가입금액 지급(연간 1회한),,,,,,,,,,,,,,,,,,,,,,,,
하나손보,무배당 하나더퍼스트 상해보험(다이렉트) (월납),주계약,일반상해사망후유장해(3~100%),보험기간 중 아래 중 하나의 사유가 발생한 경우1. 보험기간 중에 상해의 직접결과로써 사망한 경우(질병으로 인한 사망 제외)2. 보험기간 중에 상해로 【별표】장해분류표에서 정한 장해지급률이 3~100%에 해당하는 장해상태가 되었을 경우,1. 보험가입금액2. 보험가입금액 × 장해지급률,1. 보험가입금액2. 보험가입금액 × 장해지급률,,,,비갱신형,,,,,장기보장성 비교 공시 (7).xls,,,,일반상해사망후유장해(3~100%),보험기간 중 아래 중 하나의 사유가 발생한 경우1. 보험기간 중에 상해의 직접결과로써 사망한 경우(질병으로 인한 사망 제외)2. 보험기간 중에 상해로 【별표】장해분류표에서 정한 장해지급률이 3~100%에 해당하는 장해상태가 되었을 경우,1. 보험가입금액2. 보험가입금액 × 장해지급률,,,,,,,,,,,,,,,,,,,,,,,,
하나손보,무배당 하나더퍼스트 상해보험(다이렉트) (월납),주계약,일반상해입원일당(1일이상180일한도),보험기간 중 상해의 직접결과로써 생활기능 또는 업무능력에 지장을 가져와 1일 이상 계속 입원하여 치료를 받은 경우는 입원 첫날부터,입원1일당 보험가입금액 지급,입원1일당 보험가입금액 지급,,,,비갱신형,,,,,장기보장성 비교 공시 (7).xls,,,,일반상해입원일당(1일이상180일한도),보험기간 중 상해의 직접결과로써 생활기능 또는 업무능력에 지장을 가져와 1일 이상 계속 입원하여 치료를 받은 경우는 입원 첫날부터,입원1일당 보험가입금액 지급,,,,,,,,,,,,,,,,,,,,,,,,
AIG손보,무배당 AIG 꼭 필요한 상해종합보험2604 (월납),주계약,[갱신형]교통상해후유장해(3~100%),교통사고로 인한 상해로 직접결과로써 약관에서 정한 장해지급률이 3%~100%에 해당하는 장해상태인 경우,보험가입금액에 약관 장해분류표에서 정한 후유장해지급률을 곱하여 지급,보험가입금액에 약관 장해분류표에서 정한 후유장해지급률을 곱하여 지급,"12,272 원","8,458 원",,비갱신형,,,,,장기보장성 비교 공시 (7).xls,,AIG손보,무배당 AIG 꼭 필요한 상해종합보험2604,[갱신형]교통상해후유장해(3~100%),교통사고로 인한 상해로 직접결과로써 약관에서 정한 장해지급률이 3%~100%에 해당하는 장해상태인 경우,보험가입금액에 약관 장해분류표에서 정한 후유장해지급률을 곱하여 지급,"12,272","8,458",191.4,223.2,,,,,,,,,,,,,,,,,,,,
AIG손보,무배당 AIG 꼭 필요한 상해종합보험2604 (월납),주계약,[갱신형]상해사망,보험기간 중에 상해의 직접적인 결과로써 사망하는 경우,보험가입금액,보험가입금액,,,,비갱신형,,,,,장기보장성 비교 공시 (7).xls,,,,[갱신형]상해사망,보험기간 중에 상해의 직접적인 결과로써 사망하는 경우,보험가입금액,,,,,,,,,,,,,,,,,,,,,,,,
AIG손보,무배당 AIG 꼭 필요한 상해종합보험2604 (월납),주계약,[갱신형]상해상급종합병원입원일당(1일이상 180일한도),보험기간 중에 상해를 입고 그 직접결과로써 약관에서 정한 상급종합병원에 1일이상 입원하여 치료를 받은 경우 (180일을 한도로 입원1일당 일당지급,,,,,,비갱신형,,,,,장기보장성 비교 공시 (7).xls,,,,[갱신형]상해상급종합병원입원일당(1일이상 180일한도),보험기간 중에 상해를 입고 그 직접결과로써 약관에서 정한 상급종합병원에 1일이상 입원하여 치료를 받은 경우 (180일을 한도로 입원1일당 일당지급,,,,,,,,,,,,,,,,,,,,,,,,,
AIG손보,무배당 AIG 꼭 필요한 상해종합보험2604 (월납),주계약,[갱신형]상해수술비(치아파절 및 치아탈구 제외)(동일사고당 1회지급),보험기간 중에 상해(치아파절 및 치아탈구 제외)를 입고 그 치료를 직접적인 목적으로 수술을 받은 경우. (단 동일상해로 2종류 이상 수술 또는 2회 이상 수술 시 1회 한하여 보상),,,,,,비갱신형,,,,,장기보장성 비교 공시 (7).xls,,,,[갱신형]상해수술비(치아파절 및 치아탈구 제외)(동일사고당 1회지급),보험기간 중에 상해(치아파절 및 치아탈구 제외)를 입고 그 치료를 직접적인 목적으로 수술을 받은 경우. (단 동일상해로 2종류 이상 수술 또는 2회 이상 수술 시 1회 한하여 보상),,,,,,,,,,,,,,,,,,,,,,,,,
AIG손보,무배당 AIG 꼭 필요한 상해종합보험2604 (월납),주계약,[갱신형]상해중환자실입원일당(1일이상 180일한도),보험기간 중에 상해를 입고 그 직접결과로써 약관에서 정한 중환자실에서 1일이상 입원하여 치료를 받은 경우 (180일을 한도로 입원1일당 일당지급),,,,,,비갱신형,,,,,장기보장성 비교 공시 (7).xls,,,,[갱신형]상해중환자실입원일당(1일이상 180일한도),보험기간 중에 상해를 입고 그 직접결과로써 약관에서 정한 중환자실에서 1일이상 입원하여 치료를 받은 경우 (180일을 한도로 입원1일당 일당지급),,,,,,,,,,,,,,,,,,,,,,,,,
AIG손보,무배당 AIG 꼭 필요한 상해종합보험2604 (월납),주계약,[갱신형]자동차사고부상치료지원금(1~11급)Ⅱ,보험기간 중에 자동차사고로 인한 상해의 직접결과로써 약관 상의[자동차사고 부상 등급표]에서 정한 1급에서 11급에 해당하는 상해등급을 받은 경우 (상해등급별 차등 지급),약관상의 자동차사고 부상 등급표에 따라 지급: 상해등급별 보험가입금액의 1%~100%,약관상의 자동차사고 부상 등급표에 따라 지급: 상해등급별 보험가입금액의 1%~100%,,,,비갱신형,,,,,장기보장성 비교 공시 (7).xls,,,,[갱신형]자동차사고부상치료지원금(1~11급)Ⅱ,보험기간 중에 자동차사고로 인한 상해의 직접결과로써 약관 상의[자동차사고 부상 등급표]에서 정한 1급에서 11급에 해당하는 상해등급을 받은 경우 (상해등급별 차등 지급),약관상의 자동차사고 부상 등급표에 따라 지급: 상해등급별 보험가입금액의 1%~100%,,,,,,,,,,,,,,,,,,,,,,,,
AIG손보,무배당 AIG 꼭 필요한 상해보험2604(2종) (월납),주계약,[갱신형]교통상해후유장해(3~100%),교통사고로 인한 상해로 직접결과로써 약관에서 정한 장해지급률이 3%~100%에 해당하는 장해상태인 경우,보험가입금액에 약관 장해분류표에서 정한 후유장해지급률을 곱하여 지급,보험가입금액에 약관 장해분류표에서 정한 후유장해지급률을 곱하여 지급,"12,272 원","8,458 원",,비갱신형,,,,,장기보장성 비교 공시 (7).xls,,AIG손보,무배당 AIG 꼭 필요한 상해보험2604(2종),[갱신형]교통상해후유장해(3~100%),교통사고로 인한 상해로 직접결과로써 약관에서 정한 장해지급률이 3%~100%에 해당하는 장해상태인 경우,보험가입금액에 약관 장해분류표에서 정한 후유장해지급률을 곱하여 지급,"12,272","8,458",191.4,223.2,,,,,,,,,,,,,,,,,,,,
AIG손보,무배당 AIG 꼭 필요한 상해보험2604(2종) (월납),주계약,[갱신형]상해사망,보험기간 중에 상해의 직접적인 결과로써 사망하는 경우,보험가입금액,보험가입금액,,,,비갱신형,,,,,장기보장성 비교 공시 (7).xls,,,,[갱신형]상해사망,보험기간 중에 상해의 직접적인 결과로써 사망하는 경우,보험가입금액,,,,,,,,,,,,,,,,,,,,,,,,
AIG손보,무배당 AIG 꼭 필요한 상해보험2604(2종) (월납),주계약,[갱신형]상해상급종합병원입원일당(1일이상 180일한도),보험기간 중에 상해를 입고 그 직접결과로써 약관에서 정한 상급종합병원에 1일이상 입원하여 치료를 받은 경우 (180일을 한도로 입원1일당 일당지급,,,,,,비갱신형,,,,,장기보장성 비교 공시 (7).xls,,,,[갱신형]상해상급종합병원입원일당(1일이상 180일한도),보험기간 중에 상해를 입고 그 직접결과로써 약관에서 정한 상급종합병원에 1일이상 입원하여 치료를 받은 경우 (180일을 한도로 입원1일당 일당지급,,,,,,,,,,,,,,,,,,,,,,,,,
AIG손보,무배당 AIG 꼭 필요한 상해보험2604(2종) (월납),주계약,[갱신형]상해수술비(치아파절 및 치아탈구 제외)(동일사고당 1회지급),보험기간 중에 상해(치아파절 및 치아탈구 제외)를 입고 그 치료를 직접적인 목적으로 수술을 받은 경우. (단 동일상해로 2종류 이상 수술 또는 2회 이상 수술 시 1회 한하여 보상),,,,,,비갱신형,,,,,장기보장성 비교 공시 (7).xls,,,,[갱신형]상해수술비(치아파절 및 치아탈구 제외)(동일사고당 1회지급),보험기간 중에 상해(치아파절 및 치아탈구 제외)를 입고 그 치료를 직접적인 목적으로 수술을 받은 경우. (단 동일상해로 2종류 이상 수술 또는 2회 이상 수술 시 1회 한하여 보상),,,,,,,,,,,,,,,,,,,,,,,,,
AIG손보,무배당 AIG 꼭 필요한 상해보험2604(2종) (월납),주계약,[갱신형]상해중환자실입원일당(1일이상 180일한도),보험기간 중에 상해를 입고 그 직접결과로써 약관에서 정한 중환자실에서 1일이상 입원하여 치료를 받은 경우 (180일을 한도로 입원1일당 일당지급),,,,,,비갱신형,,,,,장기보장성 비교 공시 (7).xls,,,,[갱신형]상해중환자실입원일당(1일이상 180일한도),보험기간 중에 상해를 입고 그 직접결과로써 약관에서 정한 중환자실에서 1일이상 입원하여 치료를 받은 경우 (180일을 한도로 입원1일당 일당지급),,,,,,,,,,,,,,,,,,,,,,,,,
AIG손보,무배당 AIG 꼭 필요한 상해보험2604(2종) (월납),주계약,[갱신형]자동차사고부상치료지원금(1~11급)Ⅱ,보험기간 중에 자동차사고로 인한 상해의 직접결과로써 약관 상의[자동차사고 부상 등급표]에서 정한 1급에서 11급에 해당하는 상해등급을 받은 경우 (상해등급별 차등 지급),약관상의 자동차사고 부상 등급표에 따라 지급: 상해등급별 보험가입금액의 1%~100%,약관상의 자동차사고 부상 등급표에 따라 지급: 상해등급별 보험가입금액의 1%~100%,,,,비갱신형,,,,,장기보장성 비교 공시 (7).xls,,,,[갱신형]자동차사고부상치료지원금(1~11급)Ⅱ,보험기간 중에 자동차사고로 인한 상해의 직접결과로써 약관 상의[자동차사고 부상 등급표]에서 정한 1급에서 11급에 해당하는 상해등급을 받은 경우 (상해등급별 차등 지급),약관상의 자동차사고 부상 등급표에 따라 지급: 상해등급별 보험가입금액의 1%~100%,,,,,,,,,,,,,,,,,,,,,,,,
AIG손보,무배당 AIG 꼭 필요한 상해보험2604(1종) (월납),주계약,[갱신형]교통상해후유장해(3~100%),교통사고로 인한 상해로 직접결과로써 약관에서 정한 장해지급률이 3%~100%에 해당하는 장해상태인 경우,보험가입금액에 약관 장해분류표에서 정한 후유장해지급률을 곱하여 지급,보험가입금액에 약관 장해분류표에서 정한 후유장해지급률을 곱하여 지급,"7,342 원","4,438 원",,비갱신형,,,,,장기보장성 비교 공시 (7).xls,,AIG손보,무배당 AIG 꼭 필요한 상해보험2604(1종),[갱신형]교통상해후유장해(3~100%),교통사고로 인한 상해로 직접결과로써 약관에서 정한 장해지급률이 3%~100%에 해당하는 장해상태인 경우,보험가입금액에 약관 장해분류표에서 정한 후유장해지급률을 곱하여 지급,"7,342","4,438",168.6,177.1,,,,,,,,,,,,,,,,,,,,
AIG손보,무배당 AIG 꼭 필요한 상해보험2604(1종) (월납),주계약,[갱신형]상해사망,보험기간 중에 상해의 직접적인 결과로써 사망하는 경우,보험가입금액,보험가입금액,,,,비갱신형,,,,,장기보장성 비교 공시 (7).xls,,,,[갱신형]상해사망,보험기간 중에 상해의 직접적인 결과로써 사망하는 경우,보험가입금액,,,,,,,,,,,,,,,,,,,,,,,,
AIG손보,무배당 AIG 꼭 필요한 상해보험2604(1종) (월납),주계약,[갱신형]상해상급종합병원입원일당(1일이상 180일한도),보험기간 중에 상해를 입고 그 직접결과로써 약관에서 정한 상급종합병원에 1일이상 입원하여 치료를 받은 경우 (180일을 한도로 입원1일당 일당지급,,,,,,비갱신형,,,,,장기보장성 비교 공시 (7).xls,,,,[갱신형]상해상급종합병원입원일당(1일이상 180일한도),보험기간 중에 상해를 입고 그 직접결과로써 약관에서 정한 상급종합병원에 1일이상 입원하여 치료를 받은 경우 (180일을 한도로 입원1일당 일당지급,,,,,,,,,,,,,,,,,,,,,,,,,
AIG손보,무배당 AIG 꼭 필요한 상해보험2604(1종) (월납),주계약,[갱신형]상해수술비(치아파절 및 치아탈구 제외)(동일사고당 1회 지급),보험기간 중에 상해(치아파절 및 치아탈구 제외)를 입고 그 치료를 직접적인 목적으로 수술을 받은 경우. (단 동일상해로 2종류 이상 수술 또는 2회 이상 수술 시 1회 한하여 보상),,,,,,비갱신형,,,,,장기보장성 비교 공시 (7).xls,,,,[갱신형]상해수술비(치아파절 및 치아탈구 제외)(동일사고당 1회 지급),보험기간 중에 상해(치아파절 및 치아탈구 제외)를 입고 그 치료를 직접적인 목적으로 수술을 받은 경우. (단 동일상해로 2종류 이상 수술 또는 2회 이상 수술 시 1회 한하여 보상),,,,,,,,,,,,,,,,,,,,,,,,,
AIG손보,무배당 AIG 꼭 필요한 상해보험2604(1종) (월납),주계약,[갱신형]상해중환자실입원일당(1일이상 180일한도),보험기간 중에 상해를 입고 그 직접결과로써 약관에서 정한 중환자실에서 1일이상 입원하여 치료를 받은 경우 (180일을 한도로 입원1일당 일당지급),,,,,,비갱신형,,,,,장기보장성 비교 공시 (7).xls,,,,[갱신형]상해중환자실입원일당(1일이상 180일한도),보험기간 중에 상해를 입고 그 직접결과로써 약관에서 정한 중환자실에서 1일이상 입원하여 치료를 받은 경우 (180일을 한도로 입원1일당 일당지급),,,,,,,,,,,,,,,,,,,,,,,,,
AIG손보,무배당 AIG 참쉬운상해보험2604 (월납),주계약,[갱신형]상해80%이상고도후유장해,보험기간 중에 상해의 직접적인 결과로써 장해지급률이 80%이상에 해당하는 장해상태인 경우,보험가입금액,보험가입금액,"11,932 원","8,143 원",,비갱신형,,,,,장기보장성 비교 공시 (7).xls,,AIG손보,무배당 AIG 참쉬운상해보험2604,[갱신형]상해80%이상고도후유장해,보험기간 중에 상해의 직접적인 결과로써 장해지급률이 80%이상에 해당하는 장해상태인 경우,보험가입금액,"11,932","8,143",142.0,138.0,,,,,,,,,,,,,,,,,,,,
AIG손보,무배당 AIG 참쉬운상해보험2604 (월납),주계약,[갱신형]상해사망,보험기간 중에 상해의 직접적인 결과로써 사망하는 경우,,,,,,비갱신형,,,,,장기보장성 비교 공시 (7).xls,,,,[갱신형]상해사망,보험기간 중에 상해의 직접적인 결과로써 사망하는 경우,,,,,,,,,,,,,,,,,,,,,,,,,
AIG손보,무배당 AIG 참쉬운상해보험2604 (월납),주계약,[갱신형]상해상급종합병원입원일당(1일이상 180일한도),보험기간 중에 상해를 입고 그 직접결과로써 약관에서 정한 상급종합병원에 1일이상 입원하여 치료를 받은 경우 (180일을 한도로 입원1일당 일당지급,,,,,,비갱신형,,,,,장기보장성 비교 공시 (7).xls,,,,[갱신형]상해상급종합병원입원일당(1일이상 180일한도),보험기간 중에 상해를 입고 그 직접결과로써 약관에서 정한 상급종합병원에 1일이상 입원하여 치료를 받은 경우 (180일을 한도로 입원1일당 일당지급,,,,,,,,,,,,,,,,,,,,,,,,,
AIG손보,무배당 AIG 참쉬운상해보험2604 (월납),주계약,[갱신형]상해중환자실입원일당(1일이상 180일한도),보험기간 중에 상해를 입고 그 직접결과로써 약관에서 정한 중환자실에서 1일이상 입원하여 치료를 받은 경우 (180일을 한도로 입원1일당 일당지급),,,,,,비갱신형,,,,,장기보장성 비교 공시 (7).xls,,,,[갱신형]상해중환자실입원일당(1일이상 180일한도),보험기간 중에 상해를 입고 그 직접결과로써 약관에서 정한 중환자실에서 1일이상 입원하여 치료를 받은 경우 (180일을 한도로 입원1일당 일당지급),,,,,,,,,,,,,,,,,,,,,,,,,
AIG손보,무배당 AIG 참쉬운상해보험2604 (월납),주계약,"[갱신형]응급실내원비(응급, 연간12회한도)",보험기간 중에 약관에서 정한 응급환자로 응급실에 내원하여 진료를 받은 경우 연간 12회 한도에 한하여 내원 1회당 보험가입금액 지급,보험가입금액(연간 12회한도),보험가입금액(연간 12회한도),,,,비갱신형,,,,,장기보장성 비교 공시 (7).xls,,,,"[갱신형]응급실내원비(응급, 연간12회한도)",보험기간 중에 약관에서 정한 응급환자로 응급실에 내원하여 진료를 받은 경우 연간 12회 한도에 한하여 내원 1회당 보험가입금액 지급,보험가입금액(연간 12회한도),,,,,,,,,,,,,,,,,,,,,,,,
AIG손보,무배당 AIG 참쉬운상해보험2604 (월납),주계약,[갱신형]통합상해진단비(경증),보험기간 중에 상해를 입고 그 직접적인 결과로써 ‘경증통합상해사고’로 진단 확정된 경우(부위별 각각 연간 1회한),보험가입금액,보험가입금액,,,,비갱신형,,,,,장기보장성 비교 공시 (7).xls,,,,[갱신형]통합상해진단비(경증),보험기간 중에 상해를 입고 그 직접적인 결과로써 ‘경증통합상해사고’로 진단 확정된 경우(부위별 각각 연간 1회한),보험가입금액,,,,,,,,,,,,,,,,,,,,,,,,
AIG손보,무배당 AIG 참쉬운상해보험2604 (월납),주계약,[갱신형]통합상해진단비(중등증),보험기간 중에 상해를 입고 그 직접적인 결과로써 ‘중등증통합상해사고’로 진단 확정된 경우(부위별 각각 연간 1회한),,,,,,비갱신형,,,,,장기보장성 비교 공시 (7).xls,,,,[갱신형]통합상해진단비(중등증),보험기간 중에 상해를 입고 그 직접적인 결과로써 ‘중등증통합상해사고’로 진단 확정된 경우(부위별 각각 연간 1회한),,,,,,,,,,,,,,,,,,,,,,,,,
AIG손보,무배당 AIG 참쉬운상해보험2604 (월납),주계약,[갱신형]통합상해진단비(중증),보험기간 중에 상해를 입고 그 직접적인 결과로써 ‘중증통합상해사고’로 진단 확정된 경우(부위별 각각 연간 1회한),,,,,,비갱신형,,,,,장기보장성 비교 공시 (7).xls,,,,[갱신형]통합상해진단비(중증),보험기간 중에 상해를 입고 그 직접적인 결과로써 ‘중증통합상해사고’로 진단 확정된 경우(부위별 각각 연간 1회한),,,,,,,,,,,,,,,,,,,,,,,,,
,골절진단보험금 (월납),주계약,골절진단보험금,골절(치아파절 제외)로 진단확정시,골절분류표의 지급률 x 보험가입금액,골절분류표의 지급률 x 보험가입금액,,,,비갱신형,,,,,장기보장성 비교 공시 (7).xls,,,,골절진단보험금,골절(치아파절 제외)로 진단확정시,골절분류표의 지급률 x 보험가입금액,,,,,,,,,,,,,,,,,,,,,,,,
,골절진단보험금 (월납),주계약,관상동맥우회수술비,질병으로 진단확정되고 그 치료를 목적으로 관상동맥우회술을 받은 경우(최초 1회한),보험가입금액의 100%(최초계약의 경우 계약일로부터 1년 미만에 지급사유 발생시 50% 지급),보험가입금액의 100%(최초계약의 경우 계약일로부터 1년 미만에 지급사유 발생시 50% 지급),,,,비갱신형,,,,,장기보장성 비교 공시 (7).xls,,,,관상동맥우회수술비,질병으로 진단확정되고 그 치료를 목적으로 관상동맥우회술을 받은 경우(최초 1회한),보험가입금액의 100%(최초계약의 경우 계약일로부터 1년 미만에 지급사유 발생시 50% 지급),,,,,,,,,,,,,,,,,,,,,,,,
,골절진단보험금 (월납),주계약,급성심근경색증 혈전용해치료비,급성심근경색증(I21)으로 진단확정되고 직접적인 치료를 목적으로 혈전용해치료를 받은 경우(최초 1회한),,,,,,비갱신형,,,,,장기보장성 비교 공시 (7).xls,,,,급성심근경색증 혈전용해치료비,급성심근경색증(I21)으로 진단확정되고 직접적인 치료를 목적으로 혈전용해치료를 받은 경우(최초 1회한),,,,,,,,,,,,,,,,,,,,,,,,,
,상급종합병원 4일이상 입원 상해수술보험금 (월납),주계약,상급종합병원 4일이상 입원 상해수술보험금,상해로 상급종합병원에서 4일이상 입원하여 수술한 경우,보험가입금액,보험가입금액,,,,비갱신형,,,,,장기보장성 비교 공시 (7).xls,,,,상급종합병원 4일이상 입원 상해수술보험금,상해로 상급종합병원에서 4일이상 입원하여 수술한 경우,보험가입금액,,,,,,,,,,,,,,,,,,,,,,,,
,종합병원 2일이상 입원 상해수술보험금 (월납),주계약,종합병원 2일이상 입원 상해수술보험금,상해로 종합병원에서 2일이상 입원하여 수술한 경우,보험가입금액,보험가입금액,,,,비갱신형,,,,,장기보장성 비교 공시 (7).xls,,,,종합병원 2일이상 입원 상해수술보험금,상해로 종합병원에서 2일이상 입원하여 수술한 경우,보험가입금액,,,,,,,,,,,,,,,,,,,,,,,,
,통원 및 당일 입원 상해수술보험금 (월납),주계약,통원 및 당일 입원 상해수술보험금,상해로 통원 또는 당일입원하여 수술한 경우,통원 및 당일 입원 상해수술보장 보험가입금액,통원 및 당일 입원 상해수술보장 보험가입금액,,,,비갱신형,,,,,장기보장성 비교 공시 (7).xls,,,,통원 및 당일 입원 상해수술보험금,상해로 통원 또는 당일입원하여 수술한 경우,통원 및 당일 입원 상해수술보장 보험가입금액,,,,,,,,,,,,,,,,,,,,,,,,
,골절진단보험금 (월납),주계약,골절진단보험금,골절(치아파절 제외)로 진단확정시,골절분류표의 지급률 x 보험가입금액,골절분류표의 지급률 x 보험가입금액,,,,비갱신형,,,,,장기보장성 비교 공시 (7).xls,,,,골절진단보험금,골절(치아파절 제외)로 진단확정시,골절분류표의 지급률 x 보험가입금액,,,,,,,,,,,,,,,,,,,,,,,,
,골절진단보험금 (월납),주계약,관상동맥우회수술비,질병으로 진단확정되고 그 치료를 목적으로 관상동맥우회술을 받은 경우(최초 1회한),보험가입금액의 100%(최초계약의 경우 계약일로부터 1년 미만에 지급사유 발생시 50% 지급),보험가입금액의 100%(최초계약의 경우 계약일로부터 1년 미만에 지급사유 발생시 50% 지급),,,,비갱신형,,,,,장기보장성 비교 공시 (7).xls,,,,관상동맥우회수술비,질병으로 진단확정되고 그 치료를 목적으로 관상동맥우회술을 받은 경우(최초 1회한),보험가입금액의 100%(최초계약의 경우 계약일로부터 1년 미만에 지급사유 발생시 50% 지급),,,,,,,,,,,,,,,,,,,,,,,,
,골절진단보험금 (월납),주계약,급성심근경색증 혈전용해치료비,급성심근경색증(I21)으로 진단확정되고 직접적인 치료를 목적으로 혈전용해치료를 받은 경우(최초 1회한),,,,,,비갱신형,,,,,장기보장성 비교 공시 (7).xls,,,,급성심근경색증 혈전용해치료비,급성심근경색증(I21)으로 진단확정되고 직접적인 치료를 목적으로 혈전용해치료를 받은 경우(최초 1회한),,,,,,,,,,,,,,,,,,,,,,,,,
,상급종합병원 4일이상 입원 상해수술보험금 (월납),주계약,상급종합병원 4일이상 입원 상해수술보험금,상해로 상급종합병원에서 4일이상 입원하여 수술한 경우,보험가입금액,보험가입금액,,,,비갱신형,,,,,장기보장성 비교 공시 (7).xls,,,,상급종합병원 4일이상 입원 상해수술보험금,상해로 상급종합병원에서 4일이상 입원하여 수술한 경우,보험가입금액,,,,,,,,,,,,,,,,,,,,,,,,
,종합병원 2일이상 입원 상해수술보험금 (월납),주계약,종합병원 2일이상 입원 상해수술보험금,상해로 종합병원에서 2일이상 입원하여 수술한 경우,보험가입금액,보험가입금액,,,,비갱신형,,,,,장기보장성 비교 공시 (7).xls,,,,종합병원 2일이상 입원 상해수술보험금,상해로 종합병원에서 2일이상 입원하여 수술한 경우,보험가입금액,,,,,,,,,,,,,,,,,,,,,,,,
,통원 및 당일 입원 상해수술보험금 (월납),주계약,통원 및 당일 입원 상해수술보험금,상해로 통원 또는 당일입원하여 수술한 경우,통원 및 당일 입원 상해수술보장 보험가입금액,통원 및 당일 입원 상해수술보장 보험가입금액,,,,비갱신형,,,,,장기보장성 비교 공시 (7).xls,,,,통원 및 당일 입원 상해수술보험금,상해로 통원 또는 당일입원하여 수술한 경우,통원 및 당일 입원 상해수술보장 보험가입금액,,,,,,,,,,,,,,,,,,,,,,,,
에이스손보,(무)이젠 나만의 상해보험(갱신형) (월납),주계약,상해사망보장(갱신형) 특별약관,보험기간 중에 상해의 직접적인 결과로써 사망하였을 경우,특약가입금액,특약가입금액,"18,760 원","13,270 원",,갱신형,,,,,장기보장성 비교 공시 (7).xls,,라이나손보(에이스손보),(무)이젠 나만의 상해보험(갱신형),상해사망보장(갱신형) 특별약관,보험기간 중에 상해의 직접적인 결과로써 사망하였을 경우,특약가입금액,"18,760","13,270",133.2,133.3,,,,,,,,,,,,,,,,,,,,
에이스손보,(무)이젠 나만의 상해보험(갱신형) (월납),주계약,상해수술보장(동일사고당1회한)(갱신형) 특별약관,이 특별약관의 보험기간 중에 상해의 직접적인 결과로써 수술을 받은 경우(동일사고당 1회한),,,,,,갱신형,,,,,장기보장성 비교 공시 (7).xls,,,,상해수술보장(동일사고당1회한)(갱신형) 특별약관,이 특별약관의 보험기간 중에 상해의 직접적인 결과로써 수술을 받은 경우(동일사고당 1회한),,,,,,,,,,,,,,,,,,,,,,,,,
에이스손보,(무)이젠 나만의 상해보험(갱신형) (월납),주계약,상해응급실내원비용보장(응급)(갱신형) 특별약관,보험기간 중에 상해의 직접적인 결과로써 응급환자로 응급실에 내원하여 진료를 받은 경우(응급실 도착 전 사망하였거나 병원을 옮겨 응급실에 내원한 환자도 해당),매 내원시마다 특약가입금액,매 내원시마다 특약가입금액,,,,갱신형,,,,,장기보장성 비교 공시 (7).xls,,,,상해응급실내원비용보장(응급)(갱신형) 특별약관,보험기간 중에 상해의 직접적인 결과로써 응급환자로 응급실에 내원하여 진료를 받은 경우(응급실 도착 전 사망하였거나 병원을 옮겨 응급실에 내원한 환자도 해당),매 내원시마다 특약가입금액,,,,,,,,,,,,,,,,,,,,,,,,
에이스손보,(무)이젠 나만의 상해보험(갱신형) (월납),주계약,상해중환자실입원일당보장(1일이상180일한도)(갱신형) 특별약관,보험기간 중에 상해의 직접결과로써 중환자실에 입원하여 치료를 받은 경우,입원 1일당 특약가입금액(180일 한도),입원 1일당 특약가입금액(180일 한도),,,,갱신형,,,,,장기보장성 비교 공시 (7).xls,,,,상해중환자실입원일당보장(1일이상180일한도)(갱신형) 특별약관,보험기간 중에 상해의 직접결과로써 중환자실에 입원하여 치료를 받은 경우,입원 1일당 특약가입금액(180일 한도),,,,,,,,,,,,,,,,,,,,,,,,
에이스손보,(무)이젠 나만의 상해보험(갱신형) (월납),주계약,신깁스치료비보장(동일사고 또는 질병당 1회한)(갱신형) 특별약관,보험기간 중에 상해 또는 진단확정된 질병으로 인하여 ‘신깁스치료 분류표’에서 정한 ‘신깁스치료’를 받은 경우,‘신깁스치료 분류표’에서 정한 지급률 × 특약가입금액,‘신깁스치료 분류표’에서 정한 지급률 × 특약가입금액,,,,갱신형,,,,,장기보장성 비교 공시 (7).xls,,,,신깁스치료비보장(동일사고 또는 질병당 1회한)(갱신형) 특별약관,보험기간 중에 상해 또는 진단확정된 질병으로 인하여 ‘신깁스치료 분류표’에서 정한 ‘신깁스치료’를 받은 경우,‘신깁스치료 분류표’에서 정한 지급률 × 특약가입금액,,,,,,,,,,,,,,,,,,,,,,,,
에이스손보,(무)이젠 나만의 상해보험(갱신형) (월납),주계약,중대한특정상해수술보장(최초1회한)(갱신형) 특별약관,"보험기간 중에 상해의 직접결과로써 뇌손상 또는 내장손상을 입고 사고일부터 180일 이내에 그 치료를 직접적인 목적으로 「개두(開頭)수술」, 「개흉(開胸)수술」 또는 「개복(開腹)수술」을 받은 경우(최초 1회한)",특약가입금액,특약가입금액,,,,갱신형,,,,,장기보장성 비교 공시 (7).xls,,,,중대한특정상해수술보장(최초1회한)(갱신형) 특별약관,"보험기간 중에 상해의 직접결과로써 뇌손상 또는 내장손상을 입고 사고일부터 180일 이내에 그 치료를 직접적인 목적으로 「개두(開頭)수술」, 「개흉(開胸)수술」 또는 「개복(開腹)수술」을 받은 경우(최초 1회한)",특약가입금액,,,,,,,,,,,,,,,,,,,,,,,,
에이스손보,(무)이젠 나만의 상해보험(갱신형) (월납),주계약,중증외상치료보장(권역외상센터)(갱신형),보험기간 중에 권역외상센터에 내원하여 중증외상환자로 분류되어 치료를 받은 경우,보험가입금액,보험가입금액,,,,갱신형,,,,,장기보장성 비교 공시 (7).xls,,,,중증외상치료보장(권역외상센터)(갱신형),보험기간 중에 권역외상센터에 내원하여 중증외상환자로 분류되어 치료를 받은 경우,보험가입금액,,,,,,,,,,,,,,,,,,,,,,,,
농협손보,(무) NH위너스상해보험[1종:VIP플랜(금리확정형)]2601 (월납),주계약,일반상해사망,상해사고로 사망한 경우,가입금액,가입금액,"12,260 원","6,020 원",,비갱신형,,,,,장기보장성 비교 공시 (7).xls,,농협손보,(무) NH위너스상해보험[1종:VIP플랜(금리확정형)]2601,일반상해사망,상해사고로 사망한 경우,가입금액,"12,260","6,020",162.0,157.9,,,,,,,,,,,,,,,,,,,,
농협손보,(무) NH위너스상해보험[1종:VIP플랜(금리확정형)]2601 (월납),주계약,일반상해후유장해(3~100%),상해사고로 3%~100% 후유장해시,가입금액×지급률,가입금액×지급률,,,,비갱신형,,,,,장기보장성 비교 공시 (7).xls,,,,일반상해후유장해(3~100%),상해사고로 3%~100% 후유장해시,가입금액×지급률,,,,,,,,,,,,,,,,,,,,,,,,
농협손보,(무) NH위너스상해보험[2종:VIP플러스플랜(금리확정형)]2601 (월납),주계약,일반상해사망,상해사고로 사망한 경우,가입금액,가입금액,"209,107 원","99,180 원",,비갱신형,,,,,장기보장성 비교 공시 (7).xls,,농협손보,(무) NH위너스상해보험[2종:VIP플러스플랜(금리확정형)]2601,일반상해사망,상해사고로 사망한 경우,가입금액,"209,107","99,180",166.8,159.6,,,,,,,,,,,,,,,,,,,,
농협손보,(무) NH위너스상해보험[2종:VIP플러스플랜(금리확정형)]2601 (월납),주계약,일반상해사망가족생활지원금(월지급형),상해사고로 사망 시,매월 가입금액 10년 지급(120회 지급),매월 가입금액 10년 지급(120회 지급),,,,비갱신형,,,,,장기보장성 비교 공시 (7).xls,,,,일반상해사망가족생활지원금(월지급형),상해사고로 사망 시,매월 가입금액 10년 지급(120회 지급),,,,,,,,,,,,,,,,,,,,,,,,
농협손보,(무) NH위너스상해보험[2종:VIP플러스플랜(금리확정형)]2601 (월납),주계약,일반상해후유장해(3~100%),상해사고로 3%~100% 후유장해시,가입금액×지급률,가입금액×지급률,,,,비갱신형,,,,,장기보장성 비교 공시 (7).xls,,,,일반상해후유장해(3~100%),상해사고로 3%~100% 후유장해시,가입금액×지급률,,,,,,,,,,,,,,,,,,,,,,,,
농협손보,(무) NH위너스상해보험[3종:상해플랜(금리연동형)]2601 (월납),주계약,골절수술비,상해로 골절을 입고 그 치료를 직접적인 목적으로 수술시(1사고당),가입금액,가입금액,"10,412 원","4,970 원",,비갱신형,,,,,장기보장성 비교 공시 (7).xls,,농협손보,(무) NH위너스상해보험[3종:상해플랜(금리연동형)]2601,골절수술비,상해로 골절을 입고 그 치료를 직접적인 목적으로 수술시(1사고당),가입금액,"10,412","4,970",150.8,144.8,,,,,,,,,,,,,,,,,,,,
농협손보,(무) NH위너스상해보험[3종:상해플랜(금리연동형)]2601 (월납),주계약,일반상해사망,상해사고로 사망한 경우,,,,,,비갱신형,,,,,장기보장성 비교 공시 (7).xls,,,,일반상해사망,상해사고로 사망한 경우,,,,,,,,,,,,,,,,,,,,,,,,,
농협손보,(무) NH위너스상해보험[3종:상해플랜(금리연동형)]2601 (월납),주계약,일반상해사망가족생활지원금(월지급형),상해사고로 사망 시,매월 가입금액 10년 지급(120회 지급),매월 가입금액 10년 지급(120회 지급),,,,비갱신형,,,,,장기보장성 비교 공시 (7).xls,,,,일반상해사망가족생활지원금(월지급형),상해사고로 사망 시,매월 가입금액 10년 지급(120회 지급),,,,,,,,,,,,,,,,,,,,,,,,
농협손보,(무) NH위너스상해보험[3종:상해플랜(금리연동형)]2601 (월납),주계약,일반상해후유장해(3~100%),상해사고로 3%~100% 후유장해시,가입금액×지급률,가입금액×지급률,,,,비갱신형,,,,,장기보장성 비교 공시 (7).xls,,,,일반상해후유장해(3~100%),상해사고로 3%~100% 후유장해시,가입금액×지급률,,,,,,,,,,,,,,,,,,,,,,,,
농협손보,(무) 헤아림상해치료보험[1종:일반심사형]2601 (월납),주계약,골절진단비(치아파절제외),상해로 인한 골절(치아파절제외)로 진단 확정된 경우,가입금액,가입금액,"26,661 원","20,196 원",,비갱신형,,,,,장기보장성 비교 공시 (7).xls,,농협손보,(무) 헤아림상해치료보험[1종:일반심사형]2601,골절진단비(치아파절제외),상해로 인한 골절(치아파절제외)로 진단 확정된 경우,가입금액,"26,661","20,196",1.1,1,,,,,,,,,,,,,,,,,,,,
농협손보,(무) 헤아림상해치료보험[1종:일반심사형]2601 (월납),주계약,교통상해사망,교통상해사고로 사망한 경우,,,,,,비갱신형,,,,,장기보장성 비교 공시 (7).xls,,,,교통상해사망,교통상해사고로 사망한 경우,,,,,,,,,,,,,,,,,,,,,,,,,
농협손보,(무) 헤아림상해치료보험[1종:일반심사형]2601 (월납),주계약,통합상해진단비(경증상해),"통합상해사고로 진단 확정된 경우, 각 부위별로 가입금액 지급 (연간1회한)",가입금액 (부위별 연간1회한),가입금액 (부위별 연간1회한),,,,비갱신형,,,,,장기보장성 비교 공시 (7).xls,,,,통합상해진단비(경증상해),"통합상해사고로 진단 확정된 경우, 각 부위별로 가입금액 지급 (연간1회한)",가입금액 (부위별 연간1회한),,,,,,,,,,,,,,,,,,,,,,,,
농협손보,(무) 헤아림상해치료보험[1종:일반심사형]2601 (월납),주계약,통합상해진단비(중등증상해),,,,,,,비갱신형,,,,,장기보장성 비교 공시 (7).xls,,,,통합상해진단비(중등증상해),,,,,,,,,,,,,,,,,,,,,,,,,,
농협손보,(무) 헤아림상해치료보험[1종:일반심사형]2601 (월납),주계약,통합상해진단비(중증상해),,,,,,,비갱신형,,,,,장기보장성 비교 공시 (7).xls,,,,통합상해진단비(중증상해),,,,,,,,,,,,,,,,,,,,,,,,,,
농협손보,(무) 헤아림상해치료보험[2종:320간편심사형]2601 (월납),주계약,골절진단비(치아파절제외)(320간편가입),상해로 인한 골절(치아파절제외)로 진단 확정된 경우,가입금액,가입금액,"42,467 원","34,230 원",,비갱신형,,,,,장기보장성 비교 공시 (7).xls,,농협손보,(무) 헤아림상해치료보험[2종:320간편심사형]2601,골절진단비(치아파절제외)(320간편가입),상해로 인한 골절(치아파절제외)로 진단 확정된 경우,가입금액,"42,467","34,230",1.8,1.7,,,,,,,,,,,,,,,,,,,,
농협손보,(무) 헤아림상해치료보험[2종:320간편심사형]2601 (월납),주계약,교통상해사망,교통상해사고로 사망한 경우,,,,,,비갱신형,,,,,장기보장성 비교 공시 (7).xls,,,,교통상해사망,교통상해사고로 사망한 경우,,,,,,,,,,,,,,,,,,,,,,,,,
농협손보,(무) 헤아림상해치료보험[2종:320간편심사형]2601 (월납),주계약,통합상해진단비(경증상해)(320간편가입),"통합상해사고로 진단 확정된 경우, 각 부위별로 가입금액 지급 (연간1회한)",가입금액 (부위별 연간1회한),가입금액 (부위별 연간1회한),,,,비갱신형,,,,,장기보장성 비교 공시 (7).xls,,,,통합상해진단비(경증상해)(320간편가입),"통합상해사고로 진단 확정된 경우, 각 부위별로 가입금액 지급 (연간1회한)",가입금액 (부위별 연간1회한),,,,,,,,,,,,,,,,,,,,,,,,
농협손보,(무) 헤아림상해치료보험[2종:320간편심사형]2601 (월납),주계약,통합상해진단비(중등증상해)(320간편가입),,,,,,,비갱신형,,,,,장기보장성 비교 공시 (7).xls,,,,통합상해진단비(중등증상해)(320간편가입),,,,,,,,,,,,,,,,,,,,,,,,,,
농협손보,(무) 헤아림상해치료보험[2종:320간편심사형]2601 (월납),주계약,통합상해진단비(중증상해)(320간편가입),,,,,,,비갱신형,,,,,장기보장성 비교 공시 (7).xls,,,,통합상해진단비(중증상해)(320간편가입),,,,,,,,,,,,,,,,,,,,,,,,,,
농협손보,(무) 헤아림상해치료보험[2종:320간편심사형]2601 (월납),주계약,뇌혈관질환진단비(건강고지),보험기간중에 뇌혈관질환으로 진단받은 경우(최초1회한),가입금액,가입금액,"18,300 원","11,860 원",,비갱신형,,,,,장기보장성 비교 공시 (7).xls,,농협손보,(무) NH5.10.5굿플러스건강보험[1종:해약환급금미지급형Ⅱ/7대납면형]2604,뇌혈관질환진단비(건강고지),보험기간중에 뇌혈관질환으로 진단받은 경우(최초1회한),가입금액,"18,300","11,860",69.6,58.2,,,,,,,,,,,,,,,,,,,,
