보험회사,상품명,구분,담보명(급부명),지급사유,지급금액,가입금액,기준보험료,가입보험료,적용이율,갱신구분,판매채널,기준일자,상세안내,연락처,source_file,원본_열_0,원본_열_1,원본_열_2,원본_열_3,원본_열_4,원본_열_5,원본_열_6,원본_열_7,원본_열_8,원본_열_9,원본_열_10,원본_열_11,원본_열_12,원본_열_13,원본_열_14,원본_열_15,원본_열_16,원본_열_17,원본_열_18,원본_열_19,원본_열_20,원본_열_21,원본_열_22,원본_열_23,원본_열_24,원본_열_25,원본_열_26,원본_열_27,원본_열_28,원본_열_29
삼성화재,"화재, 폭발, 파열로 인해 보험목적에 손해 및 소방손해, 피난손해가 발생한 경우",주계약,업무상 과실치사상 변호사선임비용,"업무상 과실 또는 중대한 과실로 타인의 신체에 상해를 입혀 형법 제268조(업무상 과실·중과실 치사상)을 죄명으로 아래 ① 또는 ②로 인해 변호사선임비용이 발생한 경우① 구속영장에 의해 구속되거나 검사에 의해 공소제기(단, 약식기소 제외)된 경우② 검사에 의해 약식기소 되었으나 법원에 의해 공판절차에 의한 재판이 진행되게 된 경우","업무상 과실 또는 중대한 과실로 타인의 신체에 상해를 입혀 형법 제268조(업무상 과실·중과실 치사상)을 죄명으로 아래 ① 또는 ②로 인해 변호사선임비용이 발생한 경우① 구속영장에 의해 구속되거나 검사에 의해 공소제기(단, 약식기소 제외)된 경우② 검사에 의해 약식기소 되었으나 법원에 의해 공판절차에 의한 재판이 진행되게 된 경우",,,,,,,,,,file_38.xls,업무상 과실치사상 변호사선임비용,"업무상 과실 또는 중대한 과실로 타인의 신체에 상해를 입혀 형법 제268조(업무상 과실·중과실 치사상)을 죄명으로 아래 ① 또는 ②로 인해 변호사선임비용이 발생한 경우① 구속영장에 의해 구속되거나 검사에 의해 공소제기(단, 약식기소 제외)된 경우② 검사에 의해 약식기소 되었으나 법원에 의해 공판절차에 의한 재판이 진행되게 된 경우",가입금액 한도,,,,,,,,,,,,,,,,,,,,,,,,,,,
삼성화재,"화재, 폭발, 파열로 인해 보험목적에 손해 및 소방손해, 피난손해가 발생한 경우",주계약,업무상 과실치사상 변호사선임비용,"업무상 과실 또는 중대한 과실로 타인의 신체에 상해를 입혀 형법 제268조(업무상 과실·중과실 치사상)을 죄명으로 아래 ① 또는 ②로 인해 발생한 변호사선임비용 중 실제로 부담한 금액을 가입금액 한도로 지급 ① 구속영장에 의해 구속되거나 검사에 의해 공소제기(단, 약식기소 제외) 된 경우 ② 검사에 의해 약식기소 되었으나 법원에 의해 공판절차에 의한 재판이 진행되게 된 경우","업무상 과실 또는 중대한 과실로 타인의 신체에 상해를 입혀 형법 제268조(업무상 과실·중과실 치사상)을 죄명으로 아래 ① 또는 ②로 인해 발생한 변호사선임비용 중 실제로 부담한 금액을 가입금액 한도로 지급 ① 구속영장에 의해 구속되거나 검사에 의해 공소제기(단, 약식기소 제외) 된 경우 ② 검사에 의해 약식기소 되었으나 법원에 의해 공판절차에 의한 재판이 진행되게 된 경우",,,,,,,,,,file_38.xls,업무상 과실치사상 변호사선임비용,"업무상 과실 또는 중대한 과실로 타인의 신체에 상해를 입혀 형법 제268조(업무상 과실·중과실 치사상)을 죄명으로 아래 ① 또는 ②로 인해 발생한 변호사선임비용 중 실제로 부담한 금액을 가입금액 한도로 지급 ① 구속영장에 의해 구속되거나 검사에 의해 공소제기(단, 약식기소 제외) 된 경우 ② 검사에 의해 약식기소 되었으나 법원에 의해 공판절차에 의한 재판이 진행되게 된 경우",,,,,,,,,,,,,,,,,,,,,,,,,,,,
삼성화재,보험목적에 급격하고 우연하게 발생한 직접적인 재산손해 보상,주계약,업무상 과실치사상 변호사선임비용,"업무상 과실 또는 중대한 과실로 타인의 신체에 상해를 입혀 형법 제268조(업무상 과실·중과실 치사상)을 죄명으로 아래 ① 또는 ②로 인해 발생한 변호사선임비용 중 실제로 부담한 금액을 지급 ① 구속영장에 의해 구속되거나 검사에 의해 공소제기(단, 약식기소 제외)된 경우 ② 검사에 의해 약식기소 되었으나 법원에 의해 공판절차에 의한 재판이 진행되는 경우 ※ 1사고로 항소심, 상고심을 포함하여 다수의 소송을 하였을 경우 그 소송동안 피보험자가 실제로 부담한 전체 변호사선임비용을 합쳐서 가입금액을 한도로 보상","업무상 과실 또는 중대한 과실로 타인의 신체에 상해를 입혀 형법 제268조(업무상 과실·중과실 치사상)을 죄명으로 아래 ① 또는 ②로 인해 발생한 변호사선임비용 중 실제로 부담한 금액을 지급 ① 구속영장에 의해 구속되거나 검사에 의해 공소제기(단, 약식기소 제외)된 경우 ② 검사에 의해 약식기소 되었으나 법원에 의해 공판절차에 의한 재판이 진행되는 경우 ※ 1사고로 항소심, 상고심을 포함하여 다수의 소송을 하였을 경우 그 소송동안 피보험자가 실제로 부담한 전체 변호사선임비용을 합쳐서 가입금액을 한도로 보상",,,,,,,,,,file_38.xls,업무상 과실치사상 변호사선임비용,"업무상 과실 또는 중대한 과실로 타인의 신체에 상해를 입혀 형법 제268조(업무상 과실·중과실 치사상)을 죄명으로 아래 ① 또는 ②로 인해 발생한 변호사선임비용 중 실제로 부담한 금액을 지급 ① 구속영장에 의해 구속되거나 검사에 의해 공소제기(단, 약식기소 제외)된 경우 ② 검사에 의해 약식기소 되었으나 법원에 의해 공판절차에 의한 재판이 진행되는 경우 ※ 1사고로 항소심, 상고심을 포함하여 다수의 소송을 하였을 경우 그 소송동안 피보험자가 실제로 부담한 전체 변호사선임비용을 합쳐서 가입금액을 한도로 보상",가입금액 한도,,,,,,,,,,,,,,,,,,,,,,,,,,,
DB손보,카카오페이손해보험,주계약,자동차사고부상치료비(비운전자용),비운전중 자동차사고로 신체에 상해를 입고 ‘자동차손해배상보장법 시행령’에서 정한 부상등급을 받은 경우,비운전중 자동차사고로 신체에 상해를 입고 ‘자동차손해배상보장법 시행령’에서 정한 부상등급을 받은 경우,20만원,,,,,,,,,file_40.xls,자동차사고부상치료비(비운전자용),비운전중 자동차사고로 신체에 상해를 입고 ‘자동차손해배상보장법 시행령’에서 정한 부상등급을 받은 경우,20만원,,,,,,,,,,,,,,,,,,,,,,,,,,,
메리츠화재,(무) 메리츠 안전한 MY바이크 운전자보험2601,주계약,운전자용 벌금(Ⅳ)(비탑승중포함),자동차를 운전하던 중 또는 자가용자동차 운전 후 비탑승 상태에서 발생한 급격하고도 우연한 자동차사고로 타인의 신체에 상해를 입힘으로써 신체상해와 관련하여 받은 벌금형을 확정판결 받은 경우,"3,000만원","3,000만원",9500,9500,,,,,,,file_42.xls,메리츠화재,(무) 메리츠 안전한 MY바이크 운전자보험2601,운전자용 벌금(Ⅳ)(비탑승중포함),자동차를 운전하던 중 또는 자가용자동차 운전 후 비탑승 상태에서 발생한 급격하고도 우연한 자동차사고로 타인의 신체에 상해를 입힘으로써 신체상해와 관련하여 받은 벌금형을 확정판결 받은 경우,"3,000만원","9,500","9,500",119.4,118.1,,,,,,,,,,,,,,,,,,,,,
메리츠화재,(무) 메리츠 안전한 MY바이크 운전자보험2601,주계약,운전자용 벌금(대물),자동차를 운전하던 중에 발생한 급격하고도 우연한 자동차사고로 도로교통법 제151조(벌칙)에 따른 벌금형이 확정된 경우,500만원,500만원,,,,,,,,,file_42.xls,운전자용 벌금(대물),자동차를 운전하던 중에 발생한 급격하고도 우연한 자동차사고로 도로교통법 제151조(벌칙)에 따른 벌금형이 확정된 경우,500만원,,,,,,,,,,,,,,,,,,,,,,,,,,,
메리츠화재,(무) 메리츠 안전한 MY바이크 운전자보험2601,주계약,이륜자동차 운전중 교통사고처리지원금(동승자제외),"이륜자동차를 운전하던 중에 발생한 급격하고도 우연히 발생한 자동차사고로 인하여 타인(피보험자의 부모, 배우자 및 자녀 및 피보험자가 운전하던 이륜자동차의 동승자인 경우 제외합니다)에게 상해를 입혀 형사합의를 한 경우",이륜자동차 운전중 교통사고처리지원금(동승자제외),1억원,,,,,,,,,file_42.xls,이륜자동차 운전중 교통사고처리지원금(동승자제외),"이륜자동차를 운전하던 중에 발생한 급격하고도 우연히 발생한 자동차사고로 인하여 타인(피보험자의 부모, 배우자 및 자녀 및 피보험자가 운전하던 이륜자동차의 동승자인 경우 제외합니다)에게 상해를 입혀 형사합의를 한 경우",1억원,,,,,,,,,,,,,,,,,,,,,,,,,,,
메리츠화재,(무) 메리츠 안전한 MY바이크 운전자보험2601,주계약,이륜자동차 운전중 교통상해사망,이륜자동차 운전중 교통상해의 직접결과로써 사망한 경우,,,,,,,,,,,file_42.xls,이륜자동차 운전중 교통상해사망,이륜자동차 운전중 교통상해의 직접결과로써 사망한 경우,,,,,,,,,,,,,,,,,,,,,,,,,,,,
메리츠화재,(무) 메리츠 안전한 MY바이크 운전자보험2601,주계약,자동차사고 변호사선임비용(Ⅲ),"자동차를 운전하던 중 또는 자가용자동차 운전 후 비탑승 상태에서 발생한 급격하고도 우연한 자동차사고로 타인의 신체에 상해를 입힘으로써, 변호사선임비용을 부담함으로써 입은 손해",500만원,500만원,,,,,,,,,file_42.xls,자동차사고 변호사선임비용(Ⅲ),"자동차를 운전하던 중 또는 자가용자동차 운전 후 비탑승 상태에서 발생한 급격하고도 우연한 자동차사고로 타인의 신체에 상해를 입힘으로써, 변호사선임비용을 부담함으로써 입은 손해",500만원,,,,,,,,,,,,,,,,,,,,,,,,,,,
메리츠화재,(무) 메리츠 운전자 상해 종합보험2601(1종),주계약,교통사고·처리지원금(Ⅸ)(비탑승중포함),"자동차(이륜자동차 제외)를 운전하던 중 또는 운전 후 비탑승 상태에서 발생한 급격하고도 우연히 발생한 자동차사고로 인하여 타인(피보험자의 부모, 배우자 및 자녀인 경우 제외합니다)에게 상해를 입혀 형사합의를 한 경우",교통사고·처리지원금(Ⅸ)(비탑승중포함),2억원,5934,4911,,,,,,,file_42.xls,메리츠화재,(무) 메리츠 운전자 상해 종합보험2601(1종),교통사고·처리지원금(Ⅸ)(비탑승중포함),"자동차(이륜자동차 제외)를 운전하던 중 또는 운전 후 비탑승 상태에서 발생한 급격하고도 우연히 발생한 자동차사고로 인하여 타인(피보험자의 부모, 배우자 및 자녀인 경우 제외합니다)에게 상해를 입혀 형사합의를 한 경우",2억원,"5,934","4,911",114.7,115.0,,,,,,,,,,,,,,,,,,,,,
메리츠화재,(무) 메리츠 운전자 상해 종합보험2601(1종),주계약,심급별 자동차사고·변호사선임비용Ⅱ,"자동차를 운전하던 중 또는 자동차 운전 후 비탑승 상태에서 발생한 급격하고도 우연한 자동차사고로 타인의 신체에 상해를 입힘으로써, 변호사선임비용을 부담함으로써 입은 손해","1,500만원","1,500만원",,,,,,,,,file_42.xls,심급별 자동차사고·변호사선임비용Ⅱ,"자동차를 운전하던 중 또는 자동차 운전 후 비탑승 상태에서 발생한 급격하고도 우연한 자동차사고로 타인의 신체에 상해를 입힘으로써, 변호사선임비용을 부담함으로써 입은 손해","1,500만원",,,,,,,,,,,,,,,,,,,,,,,,,,,
메리츠화재,(무) 메리츠 운전자 상해 종합보험2601(1종),주계약,운전자용 교통상해사망,교통상해의 직접결과로써 사망한 경우(질병으로 인한 사망은 제외합니다),1억원,1억원,,,,,,,,,file_42.xls,운전자용 교통상해사망,교통상해의 직접결과로써 사망한 경우(질병으로 인한 사망은 제외합니다),1억원,,,,,,,,,,,,,,,,,,,,,,,,,,,
메리츠화재,(무) 메리츠 운전자 상해 종합보험2601(1종),주계약,운전자용 벌금(대물),자동차를 운전하던 중에 발생한 급격하고도 우연한 자동차사고로 도로교통법 제151조(벌칙)에 따른 벌금형이 확정된 경우,500만원,500만원,,,,,,,,,file_42.xls,운전자용 벌금(대물),자동차를 운전하던 중에 발생한 급격하고도 우연한 자동차사고로 도로교통법 제151조(벌칙)에 따른 벌금형이 확정된 경우,500만원,,,,,,,,,,,,,,,,,,,,,,,,,,,
메리츠화재,(무) 메리츠 운전자 상해 종합보험2601(1종),주계약,운전자용·벌금(Ⅳ)(비탑승중포함),자동차를 운전하던 중 또는 자동차 운전 후 비탑승 상태에서 발생한 급격하고도 우연한 자동차사고로 타인의 신체에 상해를 입힘으로써 신체상해와 관련하여 받은 벌금형을 확정판결 받은 경우,"3,000만원","3,000만원",,,,,,,,,file_42.xls,운전자용·벌금(Ⅳ)(비탑승중포함),자동차를 운전하던 중 또는 자동차 운전 후 비탑승 상태에서 발생한 급격하고도 우연한 자동차사고로 타인의 신체에 상해를 입힘으로써 신체상해와 관련하여 받은 벌금형을 확정판결 받은 경우,"3,000만원",,,,,,,,,,,,,,,,,,,,,,,,,,,
메리츠화재,(무) 메리츠 운전자 상해 종합보험2601(2종),주계약,교통사고·처리지원금(Ⅸ)(비탑승중포함),"자동차(이륜자동차 제외)를 운전하던 중 또는 운전 후 비탑승 상태에서 발생한 급격하고도 우연히 발생한 자동차사고로 인하여 타인(피보험자의 부모, 배우자 및 자녀인 경우 제외합니다)에게 상해를 입혀 형사합의를 한 경우",교통사고·처리지원금(Ⅸ)(비탑승중포함),2억원,5990,4955,,,,,,,file_42.xls,메리츠화재,(무) 메리츠 운전자 상해 종합보험2601(2종),교통사고·처리지원금(Ⅸ)(비탑승중포함),"자동차(이륜자동차 제외)를 운전하던 중 또는 운전 후 비탑승 상태에서 발생한 급격하고도 우연히 발생한 자동차사고로 인하여 타인(피보험자의 부모, 배우자 및 자녀인 경우 제외합니다)에게 상해를 입혀 형사합의를 한 경우",2억원,"5,990","4,955",115.0,115.4,,,,,,,,,,,,,,,,,,,,,
메리츠화재,(무) 메리츠 운전자 상해 종합보험2601(2종),주계약,심급별 자동차사고·변호사선임비용Ⅱ,"자동차를 운전하던 중 또는 자동차 운전 후 비탑승 상태에서 발생한 급격하고도 우연한 자동차사고로 타인의 신체에 상해를 입힘으로써, 변호사선임비용을 부담함으로써 입은 손해","1,500만원","1,500만원",,,,,,,,,file_42.xls,심급별 자동차사고·변호사선임비용Ⅱ,"자동차를 운전하던 중 또는 자동차 운전 후 비탑승 상태에서 발생한 급격하고도 우연한 자동차사고로 타인의 신체에 상해를 입힘으로써, 변호사선임비용을 부담함으로써 입은 손해","1,500만원",,,,,,,,,,,,,,,,,,,,,,,,,,,
메리츠화재,(무) 메리츠 운전자 상해 종합보험2601(2종),주계약,운전자용 교통상해사망,교통상해의 직접결과로써 사망한 경우(질병으로 인한 사망은 제외합니다),1억원,1억원,,,,,,,,,file_42.xls,운전자용 교통상해사망,교통상해의 직접결과로써 사망한 경우(질병으로 인한 사망은 제외합니다),1억원,,,,,,,,,,,,,,,,,,,,,,,,,,,
메리츠화재,(무) 메리츠 운전자 상해 종합보험2601(2종),주계약,운전자용 벌금(대물),자동차를 운전하던 중에 발생한 급격하고도 우연한 자동차사고로 도로교통법 제151조(벌칙)에 따른 벌금형이 확정된 경우,500만원,500만원,,,,,,,,,file_42.xls,운전자용 벌금(대물),자동차를 운전하던 중에 발생한 급격하고도 우연한 자동차사고로 도로교통법 제151조(벌칙)에 따른 벌금형이 확정된 경우,500만원,,,,,,,,,,,,,,,,,,,,,,,,,,,
메리츠화재,(무) 메리츠 운전자 상해 종합보험2601(2종),주계약,운전자용·벌금(Ⅳ)(비탑승중포함),자동차를 운전하던 중 또는 자동차 운전 후 비탑승 상태에서 발생한 급격하고도 우연한 자동차사고로 타인의 신체에 상해를 입힘으로써 신체상해와 관련하여 받은 벌금형을 확정판결 받은 경우,"3,000만원","3,000만원",,,,,,,,,file_42.xls,운전자용·벌금(Ⅳ)(비탑승중포함),자동차를 운전하던 중 또는 자동차 운전 후 비탑승 상태에서 발생한 급격하고도 우연한 자동차사고로 타인의 신체에 상해를 입힘으로써 신체상해와 관련하여 받은 벌금형을 확정판결 받은 경우,"3,000만원",,,,,,,,,,,,,,,,,,,,,,,,,,,
한화손보,"캐롯 운전자보험 (무) 2종(자가용, 표준형)",주계약,교통상해사망,,보험가입금액,,4301,3399,,,,,,,file_42.xls,한화손보,"캐롯 운전자보험 (무) 2종(자가용, 표준형)",교통상해사망,교통상해 사고로 사망하였을 때,보험가입금액,"4,301","3,399",97.2,96.2,,,,,,,,,,,,,,,,,,,,,
한화손보,"캐롯 운전자보험 (무) 2종(자가용, 표준형)",주계약,자동차 운전 중 및 운전 후 비탑승 상태에서 발생한 사고로 타인에게 다음 중 어느 하나에 해당하는 손해를 입힌 경우 형사합의금으로 지급한 금액 실손보상 / 사망하게 하거나 일반교통사고로 중상해를 입혀 관련법령에 따라 공소제기되거나 자배법에서 정한 부상등급 1-3급 부상을 입힌 경우 1인당 보험가입금액 한도 / 중대법규위반사고로 피해자가 42일이상 치료를 요한다는 진단을 받은 경우(운전 중 사고를 원인으로 한 경우에 한함) 진단주수별 약관에 정한 금액 한도 / 일반교통사고로 자배법에서 정한 부상등급 1-3급 외에 해당하는 부상을 입히고 경찰서 또는 검찰청에 제출된 의사 진단서 또는 소견서 상 중상해이며 경찰조사 후 불송치되거나 검찰에 의해 불기소된 경우 1인당 약관에 정한 금액 한도※ 비탑승 상태에서 발생한 사고 중 주정차한 이후에 발생한 사고는 사망한 경우 또는 중상해로 공소제기된 경우에 한하여 보상,"대인형사합의실손비Ⅲ(운전자용,비탑승중포함)",자동차 운전 중 및 운전 후 비탑승 상태에서 발생한 사고로 타인에게 다음 중 어느 하나에 해당하는 손해를 입힌 경우 형사합의금으로 지급한 금액 실손보상 / 사망하게 하거나 일반교통사고로 중상해를 입혀 관련법령에 따라 공소제기되거나 자배법에서 정한 부상등급 1-3급 부상을 입힌 경우 1인당 보험가입금액 한도 / 중대법규위반사고로 피해자가 42일이상 치료를 요한다는 진단을 받은 경우(운전 중 사고를 원인으로 한 경우에 한함) 진단주수별 약관에 정한 금액 한도 / 일반교통사고로 자배법에서 정한 부상등급 1-3급 외에 해당하는 부상을 입히고 경찰서 또는 검찰청에 제출된 의사 진단서 또는 소견서 상 중상해이며 경찰조사 후 불송치되거나 검찰에 의해 불기소된 경우 1인당 약관에 정한 금액 한도※ 비탑승 상태에서 발생한 사고 중 주정차한 이후에 발생한 사고는 사망한 경우 또는 중상해로 공소제기된 경우에 한하여 보상,"1인당 지급, 실손 보상사망 : 2억원 한도42일~69일진단 :3천만원한도70일~139일진단 :1억원한도140일이상진단 :1억5천만원한도중상해 : 2억원 한도",,,,,,,"1인당 지급, 실손 보상사망 : 2억원 한도42일~69일진단 :3천만원한도70일~139일진단 :1억원한도140일이상진단 :1억5천만원한도중상해 : 2억원 한도",,file_42.xls,"대인형사합의실손비Ⅲ(운전자용,비탑승중포함)",자동차 운전 중 및 운전 후 비탑승 상태에서 발생한 사고로 타인에게 다음 중 어느 하나에 해당하는 손해를 입힌 경우 형사합의금으로 지급한 금액 실손보상 / 사망하게 하거나 일반교통사고로 중상해를 입혀 관련법령에 따라 공소제기되거나 자배법에서 정한 부상등급 1-3급 부상을 입힌 경우 1인당 보험가입금액 한도 / 중대법규위반사고로 피해자가 42일이상 치료를 요한다는 진단을 받은 경우(운전 중 사고를 원인으로 한 경우에 한함) 진단주수별 약관에 정한 금액 한도 / 일반교통사고로 자배법에서 정한 부상등급 1-3급 외에 해당하는 부상을 입히고 경찰서 또는 검찰청에 제출된 의사 진단서 또는 소견서 상 중상해이며 경찰조사 후 불송치되거나 검찰에 의해 불기소된 경우 1인당 약관에 정한 금액 한도※ 비탑승 상태에서 발생한 사고 중 주정차한 이후에 발생한 사고는 사망한 경우 또는 중상해로 공소제기된 경우에 한하여 보상,"1인당 지급, 실손 보상사망 : 2억원 한도42일~69일진단 :3천만원한도70일~139일진단 :1억원한도140일이상진단 :1억5천만원한도중상해 : 2억원 한도",,,,,,,,,,,,,,,,,,,,,,,,,,,
한화손보,"캐롯 운전자보험 (무) 2종(자가용, 표준형)",주계약,"심급별자동차사고변호사선임비용(실손,운전자용,비탑승중포함)","자동차를 운전 중 및 운전 후 비탑승 상태에서 발생한 사고로 타인의 신체에 상해를 입힘으로써 다음 중 어느 하나에 해당되어 변호사선임비용을  부담하게 된 경우 사고 1회당 제기된 소송의 심급별로 실제로 부담한 변호사 선임에 따른 비용의 50%를 지급1. 구속영장에 의하여 구속된 경우2. 검사에 의하여 공소 제기(단, 약식기소는 제외)된 경우3. 검사에 의해 약식기소 되었으나 법원에 의해 보통의 심판절차인 공판절차에 의해 재판이 진행하게 된 경우 4. 검사에 의해 약식기소 되었으나 형사소송법 제453조에 의거하여 검사 또는 피보험자가 법원의 약식명령에 대하여 정식재판을 청구하는 경우5. 경찰 조사 후 불송치된 경우6. 검찰에 의해 약식기소 또는 불기소된 경우(단, 위 3. 및 4.에 해당하는 경우는 제외함) ※ 5. 및 6.에 해당하는 경우는 1)~4)중 어느 하나에 해당하는 경우에 한함. 1) 타인을 사망하게 한 경우2) “중대법규위반 교통사고”로 타인의 신체에 상해를 입힌 경우(단, 자동차 운전 중 발생한 자동차사고를 원인으로 한 경우에 한함.)3) “중대법규위반 교통사고”에 해당하지 않는 자동차사고로 타인의 신체에 상해를 입힘으로써 피해자에게 자동차사고 부상등급표에 정한 부상등급 1급, 2급 또는 3급에 해당하는 부상을 입힌 경우 4) “중대법규위반 교통사고”에 해당하지 않는 자동차사고로 타인의 신체에 상해를 입힘으로써 피해자에게 자동차사고 부상등급표에 정한 부상등급 1급, 2급 또는 3급 외에 해당하는 중상해를 입힌 경우(단, 자동차 운전 중 발생한 자동차사고를 원인으로 한 경우에 한하며 경찰서 또는 검찰청에 제출된 의사 진단서 또는 소견서 상 중상해인 경우에 한함)※ 비탑승 상태에서 발생한 사고 중 주정차한 이후에 발생한 사고는 타인이 사망한 경우 이외에는 1. 내지 4.에 해당하는 경우에 한하여 보상","자동차를 운전 중 및 운전 후 비탑승 상태에서 발생한 사고로 타인의 신체에 상해를 입힘으로써 다음 중 어느 하나에 해당되어 변호사선임비용을  부담하게 된 경우 사고 1회당 제기된 소송의 심급별로 실제로 부담한 변호사 선임에 따른 비용의 50%를 지급1. 구속영장에 의하여 구속된 경우2. 검사에 의하여 공소 제기(단, 약식기소는 제외)된 경우3. 검사에 의해 약식기소 되었으나 법원에 의해 보통의 심판절차인 공판절차에 의해 재판이 진행하게 된 경우 4. 검사에 의해 약식기소 되었으나 형사소송법 제453조에 의거하여 검사 또는 피보험자가 법원의 약식명령에 대하여 정식재판을 청구하는 경우5. 경찰 조사 후 불송치된 경우6. 검찰에 의해 약식기소 또는 불기소된 경우(단, 위 3. 및 4.에 해당하는 경우는 제외함) ※ 5. 및 6.에 해당하는 경우는 1)~4)중 어느 하나에 해당하는 경우에 한함. 1) 타인을 사망하게 한 경우2) “중대법규위반 교통사고”로 타인의 신체에 상해를 입힌 경우(단, 자동차 운전 중 발생한 자동차사고를 원인으로 한 경우에 한함.)3) “중대법규위반 교통사고”에 해당하지 않는 자동차사고로 타인의 신체에 상해를 입힘으로써 피해자에게 자동차사고 부상등급표에 정한 부상등급 1급, 2급 또는 3급에 해당하는 부상을 입힌 경우 4) “중대법규위반 교통사고”에 해당하지 않는 자동차사고로 타인의 신체에 상해를 입힘으로써 피해자에게 자동차사고 부상등급표에 정한 부상등급 1급, 2급 또는 3급 외에 해당하는 중상해를 입힌 경우(단, 자동차 운전 중 발생한 자동차사고를 원인으로 한 경우에 한하며 경찰서 또는 검찰청에 제출된 의사 진단서 또는 소견서 상 중상해인 경우에 한함)※ 비탑승 상태에서 발생한 사고 중 주정차한 이후에 발생한 사고는 타인이 사망한 경우 이외에는 1. 내지 4.에 해당하는 경우에 한하여 보상",1사고당 제기된 소송의 심급별 변호사선임비용 50% 실손보상(심급별 500만원 한도),,,,,,,1사고당 제기된 소송의 심급별 변호사선임비용 50% 실손보상(심급별 500만원 한도),,file_42.xls,"심급별자동차사고변호사선임비용(실손,운전자용,비탑승중포함)","자동차를 운전 중 및 운전 후 비탑승 상태에서 발생한 사고로 타인의 신체에 상해를 입힘으로써 다음 중 어느 하나에 해당되어 변호사선임비용을  부담하게 된 경우 사고 1회당 제기된 소송의 심급별로 실제로 부담한 변호사 선임에 따른 비용의 50%를 지급1. 구속영장에 의하여 구속된 경우2. 검사에 의하여 공소 제기(단, 약식기소는 제외)된 경우3. 검사에 의해 약식기소 되었으나 법원에 의해 보통의 심판절차인 공판절차에 의해 재판이 진행하게 된 경우 4. 검사에 의해 약식기소 되었으나 형사소송법 제453조에 의거하여 검사 또는 피보험자가 법원의 약식명령에 대하여 정식재판을 청구하는 경우5. 경찰 조사 후 불송치된 경우6. 검찰에 의해 약식기소 또는 불기소된 경우(단, 위 3. 및 4.에 해당하는 경우는 제외함) ※ 5. 및 6.에 해당하는 경우는 1)~4)중 어느 하나에 해당하는 경우에 한함. 1) 타인을 사망하게 한 경우2) “중대법규위반 교통사고”로 타인의 신체에 상해를 입힌 경우(단, 자동차 운전 중 발생한 자동차사고를 원인으로 한 경우에 한함.)3) “중대법규위반 교통사고”에 해당하지 않는 자동차사고로 타인의 신체에 상해를 입힘으로써 피해자에게 자동차사고 부상등급표에 정한 부상등급 1급, 2급 또는 3급에 해당하는 부상을 입힌 경우 4) “중대법규위반 교통사고”에 해당하지 않는 자동차사고로 타인의 신체에 상해를 입힘으로써 피해자에게 자동차사고 부상등급표에 정한 부상등급 1급, 2급 또는 3급 외에 해당하는 중상해를 입힌 경우(단, 자동차 운전 중 발생한 자동차사고를 원인으로 한 경우에 한하며 경찰서 또는 검찰청에 제출된 의사 진단서 또는 소견서 상 중상해인 경우에 한함)※ 비탑승 상태에서 발생한 사고 중 주정차한 이후에 발생한 사고는 타인이 사망한 경우 이외에는 1. 내지 4.에 해당하는 경우에 한하여 보상",1사고당 제기된 소송의 심급별 변호사선임비용 50% 실손보상(심급별 500만원 한도),,,,,,,,,,,,,,,,,,,,,,,,,,,
한화손보,"캐롯 운전자보험 (무) 2종(자가용, 표준형)",주계약,"자동차사고대물벌금(실손,운전자용)","자동차 운전 중 자동차사고로 도로교통법 제151조(벌칙)에 따른 벌금형이 확정된 경우(음주, 무면허상태에서 운전 중 발생한 사고 제외)",1사고당 500만원한도,1사고당 500만원한도,,,,,,,,,file_42.xls,"자동차사고대물벌금(실손,운전자용)","자동차 운전 중 자동차사고로 도로교통법 제151조(벌칙)에 따른 벌금형이 확정된 경우(음주, 무면허상태에서 운전 중 발생한 사고 제외)",1사고당 500만원한도,,,,,,,,,,,,,,,,,,,,,,,,,,,
한화손보,"캐롯 운전자보험 (무) 2종(자가용, 표준형)",주계약,"자동차사고대인벌금Ⅱ(스쿨존사고외2천만원한도,실손,운전자용,비탑승중포함)","자동차 운전 중 및 운전 후 비탑승중 상테에서 발생한 사고로 타인의 신체에 상해를 입힘으로써 신체상해와 관련하여 받은 벌금액(확정판결에 의해 정해진 벌금액)을 1사고당 2,000만원을 한도로 실손보상. 단, 어린이 보호구역에서 어린이 치사상의 가중처벌에 따른 벌금형이 확정된 경우 벌금액을 1사고당 3,000만원을 한도로 실손보상","자동차사고대인벌금Ⅱ(스쿨존사고외2천만원한도,실손,운전자용,비탑승중포함)",타인의 신체에 상해를 입힘으로써 신체상해와 관련하여 받은 벌금액 : 2천만원한도특정범죄 가중처벌 등에 관한 법률 제5조의13에 따른 벌금액 : 3천만원한도,,,,,,,타인의 신체에 상해를 입힘으로써 신체상해와 관련하여 받은 벌금액 : 2천만원한도특정범죄 가중처벌 등에 관한 법률 제5조의13에 따른 벌금액 : 3천만원한도,,file_42.xls,"자동차사고대인벌금Ⅱ(스쿨존사고외2천만원한도,실손,운전자용,비탑승중포함)","자동차 운전 중 및 운전 후 비탑승중 상테에서 발생한 사고로 타인의 신체에 상해를 입힘으로써 신체상해와 관련하여 받은 벌금액(확정판결에 의해 정해진 벌금액)을 1사고당 2,000만원을 한도로 실손보상. 단, 어린이 보호구역에서 어린이 치사상의 가중처벌에 따른 벌금형이 확정된 경우 벌금액을 1사고당 3,000만원을 한도로 실손보상",타인의 신체에 상해를 입힘으로써 신체상해와 관련하여 받은 벌금액 : 2천만원한도특정범죄 가중처벌 등에 관한 법률 제5조의13에 따른 벌금액 : 3천만원한도,,,,,,,,,,,,,,,,,,,,,,,,,,,
한화손보,"캐롯 운전자보험 (무) 4종(영업용, 표준형)",주계약,교통상해사망,,보험가입금액,,20073,19449,,,,,,,file_42.xls,한화손보,"캐롯 운전자보험 (무) 4종(영업용, 표준형)",교통상해사망,교통상해 사고로 사망하였을 때,보험가입금액,"20,073","19,449",97.8,96.4,,,,,,,,,,,,,,,,,,,,,
한화손보,"캐롯 운전자보험 (무) 4종(영업용, 표준형)",주계약,자동차 운전 중 및 운전 후 비탑승 상태에서 발생한 사고로 타인에게 다음 중 어느 하나에 해당하는 손해를 입힌 경우 형사합의금으로 지급한 금액 실손보상 / 사망하게 하거나 일반교통사고로 중상해를 입혀 관련법령에 따라 공소제기되거나 자배법에서 정한 부상등급 1-3급 부상을 입힌 경우 1인당 보험가입금액 한도 / 중대법규위반사고로 피해자가 42일이상 치료를 요한다는 진단을 받은 경우(운전 중 사고를 원인으로 한 경우에 한함) 진단주수별 약관에 정한 금액 한도 / 일반교통사고로 자배법에서 정한 부상등급 1-3급 외에 해당하는 부상을 입히고 경찰서 또는 검찰청에 제출된 의사 진단서 또는 소견서 상 중상해이며 경찰조사 후 불송치되거나 검찰에 의해 불기소된 경우 1인당 약관에 정한 금액 한도※ 비탑승 상태에서 발생한 사고 중 주정차한 이후에 발생한 사고는 사망한 경우 또는 중상해로 공소제기된 경우에 한하여 보상,"대인형사합의실손비Ⅲ(운전자용,비탑승중포함)",자동차 운전 중 및 운전 후 비탑승 상태에서 발생한 사고로 타인에게 다음 중 어느 하나에 해당하는 손해를 입힌 경우 형사합의금으로 지급한 금액 실손보상 / 사망하게 하거나 일반교통사고로 중상해를 입혀 관련법령에 따라 공소제기되거나 자배법에서 정한 부상등급 1-3급 부상을 입힌 경우 1인당 보험가입금액 한도 / 중대법규위반사고로 피해자가 42일이상 치료를 요한다는 진단을 받은 경우(운전 중 사고를 원인으로 한 경우에 한함) 진단주수별 약관에 정한 금액 한도 / 일반교통사고로 자배법에서 정한 부상등급 1-3급 외에 해당하는 부상을 입히고 경찰서 또는 검찰청에 제출된 의사 진단서 또는 소견서 상 중상해이며 경찰조사 후 불송치되거나 검찰에 의해 불기소된 경우 1인당 약관에 정한 금액 한도※ 비탑승 상태에서 발생한 사고 중 주정차한 이후에 발생한 사고는 사망한 경우 또는 중상해로 공소제기된 경우에 한하여 보상,"1인당 지급, 실손 보상사망 : 2억원 한도42일~69일진단 :3천만원한도70일~139일진단 :1억원한도140일이상진단 :1억5천만원한도중상해 : 2억원 한도",,,,,,,"1인당 지급, 실손 보상사망 : 2억원 한도42일~69일진단 :3천만원한도70일~139일진단 :1억원한도140일이상진단 :1억5천만원한도중상해 : 2억원 한도",,file_42.xls,"대인형사합의실손비Ⅲ(운전자용,비탑승중포함)",자동차 운전 중 및 운전 후 비탑승 상태에서 발생한 사고로 타인에게 다음 중 어느 하나에 해당하는 손해를 입힌 경우 형사합의금으로 지급한 금액 실손보상 / 사망하게 하거나 일반교통사고로 중상해를 입혀 관련법령에 따라 공소제기되거나 자배법에서 정한 부상등급 1-3급 부상을 입힌 경우 1인당 보험가입금액 한도 / 중대법규위반사고로 피해자가 42일이상 치료를 요한다는 진단을 받은 경우(운전 중 사고를 원인으로 한 경우에 한함) 진단주수별 약관에 정한 금액 한도 / 일반교통사고로 자배법에서 정한 부상등급 1-3급 외에 해당하는 부상을 입히고 경찰서 또는 검찰청에 제출된 의사 진단서 또는 소견서 상 중상해이며 경찰조사 후 불송치되거나 검찰에 의해 불기소된 경우 1인당 약관에 정한 금액 한도※ 비탑승 상태에서 발생한 사고 중 주정차한 이후에 발생한 사고는 사망한 경우 또는 중상해로 공소제기된 경우에 한하여 보상,"1인당 지급, 실손 보상사망 : 2억원 한도42일~69일진단 :3천만원한도70일~139일진단 :1억원한도140일이상진단 :1억5천만원한도중상해 : 2억원 한도",,,,,,,,,,,,,,,,,,,,,,,,,,,
한화손보,"캐롯 운전자보험 (무) 4종(영업용, 표준형)",주계약,"심급별자동차사고변호사선임비용(실손,운전자용,비탑승중포함)","자동차를 운전 중 및 운전 후 비탑승 상태에서 발생한 사고로 타인의 신체에 상해를 입힘으로써 다음 중 어느 하나에 해당되어 변호사선임비용을  부담하게 된 경우 사고 1회당 제기된 소송의 심급별로 실제로 부담한 변호사 선임에 따른 비용의 50%를 지급1. 구속영장에 의하여 구속된 경우2. 검사에 의하여 공소 제기(단, 약식기소는 제외)된 경우3. 검사에 의해 약식기소 되었으나 법원에 의해 보통의 심판절차인 공판절차에 의해 재판이 진행하게 된 경우 4. 검사에 의해 약식기소 되었으나 형사소송법 제453조에 의거하여 검사 또는 피보험자가 법원의 약식명령에 대하여 정식재판을 청구하는 경우5. 경찰 조사 후 불송치된 경우6. 검찰에 의해 약식기소 또는 불기소된 경우(단, 위 3. 및 4.에 해당하는 경우는 제외함) ※ 5. 및 6.에 해당하는 경우는 1)~4)중 어느 하나에 해당하는 경우에 한함. 1) 타인을 사망하게 한 경우2) “중대법규위반 교통사고”로 타인의 신체에 상해를 입힌 경우(단, 자동차 운전 중 발생한 자동차사고를 원인으로 한 경우에 한함.)3) “중대법규위반 교통사고”에 해당하지 않는 자동차사고로 타인의 신체에 상해를 입힘으로써 피해자에게 자동차사고 부상등급표에 정한 부상등급 1급, 2급 또는 3급에 해당하는 부상을 입힌 경우 4) “중대법규위반 교통사고”에 해당하지 않는 자동차사고로 타인의 신체에 상해를 입힘으로써 피해자에게 자동차사고 부상등급표에 정한 부상등급 1급, 2급 또는 3급 외에 해당하는 중상해를 입힌 경우(단, 자동차 운전 중 발생한 자동차사고를 원인으로 한 경우에 한하며 경찰서 또는 검찰청에 제출된 의사 진단서 또는 소견서 상 중상해인 경우에 한함)※ 비탑승 상태에서 발생한 사고 중 주정차한 이후에 발생한 사고는 타인이 사망한 경우 이외에는 1. 내지 4.에 해당하는 경우에 한하여 보상","자동차를 운전 중 및 운전 후 비탑승 상태에서 발생한 사고로 타인의 신체에 상해를 입힘으로써 다음 중 어느 하나에 해당되어 변호사선임비용을  부담하게 된 경우 사고 1회당 제기된 소송의 심급별로 실제로 부담한 변호사 선임에 따른 비용의 50%를 지급1. 구속영장에 의하여 구속된 경우2. 검사에 의하여 공소 제기(단, 약식기소는 제외)된 경우3. 검사에 의해 약식기소 되었으나 법원에 의해 보통의 심판절차인 공판절차에 의해 재판이 진행하게 된 경우 4. 검사에 의해 약식기소 되었으나 형사소송법 제453조에 의거하여 검사 또는 피보험자가 법원의 약식명령에 대하여 정식재판을 청구하는 경우5. 경찰 조사 후 불송치된 경우6. 검찰에 의해 약식기소 또는 불기소된 경우(단, 위 3. 및 4.에 해당하는 경우는 제외함) ※ 5. 및 6.에 해당하는 경우는 1)~4)중 어느 하나에 해당하는 경우에 한함. 1) 타인을 사망하게 한 경우2) “중대법규위반 교통사고”로 타인의 신체에 상해를 입힌 경우(단, 자동차 운전 중 발생한 자동차사고를 원인으로 한 경우에 한함.)3) “중대법규위반 교통사고”에 해당하지 않는 자동차사고로 타인의 신체에 상해를 입힘으로써 피해자에게 자동차사고 부상등급표에 정한 부상등급 1급, 2급 또는 3급에 해당하는 부상을 입힌 경우 4) “중대법규위반 교통사고”에 해당하지 않는 자동차사고로 타인의 신체에 상해를 입힘으로써 피해자에게 자동차사고 부상등급표에 정한 부상등급 1급, 2급 또는 3급 외에 해당하는 중상해를 입힌 경우(단, 자동차 운전 중 발생한 자동차사고를 원인으로 한 경우에 한하며 경찰서 또는 검찰청에 제출된 의사 진단서 또는 소견서 상 중상해인 경우에 한함)※ 비탑승 상태에서 발생한 사고 중 주정차한 이후에 발생한 사고는 타인이 사망한 경우 이외에는 1. 내지 4.에 해당하는 경우에 한하여 보상",1사고당 제기된 소송의 심급별 변호사선임비용 50% 실손보상(심급별 500만원 한도),,,,,,,1사고당 제기된 소송의 심급별 변호사선임비용 50% 실손보상(심급별 500만원 한도),,file_42.xls,"심급별자동차사고변호사선임비용(실손,운전자용,비탑승중포함)","자동차를 운전 중 및 운전 후 비탑승 상태에서 발생한 사고로 타인의 신체에 상해를 입힘으로써 다음 중 어느 하나에 해당되어 변호사선임비용을  부담하게 된 경우 사고 1회당 제기된 소송의 심급별로 실제로 부담한 변호사 선임에 따른 비용의 50%를 지급1. 구속영장에 의하여 구속된 경우2. 검사에 의하여 공소 제기(단, 약식기소는 제외)된 경우3. 검사에 의해 약식기소 되었으나 법원에 의해 보통의 심판절차인 공판절차에 의해 재판이 진행하게 된 경우 4. 검사에 의해 약식기소 되었으나 형사소송법 제453조에 의거하여 검사 또는 피보험자가 법원의 약식명령에 대하여 정식재판을 청구하는 경우5. 경찰 조사 후 불송치된 경우6. 검찰에 의해 약식기소 또는 불기소된 경우(단, 위 3. 및 4.에 해당하는 경우는 제외함) ※ 5. 및 6.에 해당하는 경우는 1)~4)중 어느 하나에 해당하는 경우에 한함. 1) 타인을 사망하게 한 경우2) “중대법규위반 교통사고”로 타인의 신체에 상해를 입힌 경우(단, 자동차 운전 중 발생한 자동차사고를 원인으로 한 경우에 한함.)3) “중대법규위반 교통사고”에 해당하지 않는 자동차사고로 타인의 신체에 상해를 입힘으로써 피해자에게 자동차사고 부상등급표에 정한 부상등급 1급, 2급 또는 3급에 해당하는 부상을 입힌 경우 4) “중대법규위반 교통사고”에 해당하지 않는 자동차사고로 타인의 신체에 상해를 입힘으로써 피해자에게 자동차사고 부상등급표에 정한 부상등급 1급, 2급 또는 3급 외에 해당하는 중상해를 입힌 경우(단, 자동차 운전 중 발생한 자동차사고를 원인으로 한 경우에 한하며 경찰서 또는 검찰청에 제출된 의사 진단서 또는 소견서 상 중상해인 경우에 한함)※ 비탑승 상태에서 발생한 사고 중 주정차한 이후에 발생한 사고는 타인이 사망한 경우 이외에는 1. 내지 4.에 해당하는 경우에 한하여 보상",1사고당 제기된 소송의 심급별 변호사선임비용 50% 실손보상(심급별 500만원 한도),,,,,,,,,,,,,,,,,,,,,,,,,,,
한화손보,"캐롯 운전자보험 (무) 4종(영업용, 표준형)",주계약,"자동차사고대물벌금(실손,운전자용)","자동차 운전 중 자동차사고로 도로교통법 제151조(벌칙)에 따른 벌금형이 확정된 경우(음주, 무면허상태에서 운전 중 발생한 사고 제외)",1사고당 500만원한도,1사고당 500만원한도,,,,,,,,,file_42.xls,"자동차사고대물벌금(실손,운전자용)","자동차 운전 중 자동차사고로 도로교통법 제151조(벌칙)에 따른 벌금형이 확정된 경우(음주, 무면허상태에서 운전 중 발생한 사고 제외)",1사고당 500만원한도,,,,,,,,,,,,,,,,,,,,,,,,,,,
한화손보,"캐롯 운전자보험 (무) 4종(영업용, 표준형)",주계약,"자동차사고대인벌금Ⅱ(스쿨존사고외2천만원한도,실손,운전자용,비탑승중포함)","자동차 운전 중 및 운전 후 비탑승중 상테에서 발생한 사고로 타인의 신체에 상해를 입힘으로써 신체상해와 관련하여 받은 벌금액(확정판결에 의해 정해진 벌금액)을 1사고당 2,000만원을 한도로 실손보상. 단, 어린이 보호구역에서 어린이 치사상의 가중처벌에 따른 벌금형이 확정된 경우 벌금액을 1사고당 3,000만원을 한도로 실손보상","자동차사고대인벌금Ⅱ(스쿨존사고외2천만원한도,실손,운전자용,비탑승중포함)",타인의 신체에 상해를 입힘으로써 신체상해와 관련하여 받은 벌금액 : 2천만원한도특정범죄 가중처벌 등에 관한 법률 제5조의13에 따른 벌금액 : 3천만원한도,,,,,,,타인의 신체에 상해를 입힘으로써 신체상해와 관련하여 받은 벌금액 : 2천만원한도특정범죄 가중처벌 등에 관한 법률 제5조의13에 따른 벌금액 : 3천만원한도,,file_42.xls,"자동차사고대인벌금Ⅱ(스쿨존사고외2천만원한도,실손,운전자용,비탑승중포함)","자동차 운전 중 및 운전 후 비탑승중 상테에서 발생한 사고로 타인의 신체에 상해를 입힘으로써 신체상해와 관련하여 받은 벌금액(확정판결에 의해 정해진 벌금액)을 1사고당 2,000만원을 한도로 실손보상. 단, 어린이 보호구역에서 어린이 치사상의 가중처벌에 따른 벌금형이 확정된 경우 벌금액을 1사고당 3,000만원을 한도로 실손보상",타인의 신체에 상해를 입힘으로써 신체상해와 관련하여 받은 벌금액 : 2천만원한도특정범죄 가중처벌 등에 관한 법률 제5조의13에 따른 벌금액 : 3천만원한도,,,,,,,,,,,,,,,,,,,,,,,,,,,
한화손보,한화 운전자상해보험 (무)2601 1종(운전자보장형),주계약,교통상해사망,,보험가입금액,,4973,3869,,,,,,,file_42.xls,한화손보,한화 운전자상해보험 (무)2601 1종(운전자보장형),교통상해사망,교통상해 사고로 사망시,보험가입금액,"4,973","3,869",113.0,110.3,,,,,,,,,,,,,,,,,,,,,
한화손보,한화 운전자상해보험 (무)2601 1종(운전자보장형),주계약,"대인형사합의실손비Ⅲ(운전자용,비탑승중포함)",자동차 운전 중 및 운전 후 비탑승 상태에서 발생한 급격하고도 우연한 자동차사고로 타인에게 손해를 입힌 경우,"1인당 지급, 실손 보상2억원 한도42일~69일진단 :3천만원한도70일~139일진단 :1억원한도140일이상진단 :1.5억원한도2억원 한도","1인당 지급, 실손 보상2억원 한도42일~69일진단 :3천만원한도70일~139일진단 :1억원한도140일이상진단 :1.5억원한도2억원 한도",,,,,,,"1인당 지급, 실손 보상2억원 한도42일~69일진단 :3천만원한도70일~139일진단 :1억원한도140일이상진단 :1.5억원한도2억원 한도",,file_42.xls,"대인형사합의실손비Ⅲ(운전자용,비탑승중포함)",자동차 운전 중 및 운전 후 비탑승 상태에서 발생한 급격하고도 우연한 자동차사고로 타인에게 손해를 입힌 경우,"1인당 지급, 실손 보상2억원 한도42일~69일진단 :3천만원한도70일~139일진단 :1억원한도140일이상진단 :1.5억원한도2억원 한도",,,,,,,,,,,,,,,,,,,,,,,,,,,
한화손보,한화 운전자상해보험 (무)2601 1종(운전자보장형),주계약,"자동차사고대물벌금(실손,운전자용)",자동차 운전 중 발생한 급격하고도 우연한 자동차사고로 벌금형이 확정된 경우,1사고당 500만원을 한도로 실손보상,1사고당 500만원을 한도로 실손보상,,,,,,,,,file_42.xls,"자동차사고대물벌금(실손,운전자용)",자동차 운전 중 발생한 급격하고도 우연한 자동차사고로 벌금형이 확정된 경우,1사고당 500만원을 한도로 실손보상,,,,,,,,,,,,,,,,,,,,,,,,,,,
한화손보,한화 운전자상해보험 (무)2601 1종(운전자보장형),주계약,"자동차사고대인벌금Ⅱ(스쿨존사고외2천만원한도,실손,운전자용,비탑승중포함)",자동차 운전 중 및 운전 후 비탑승 상태에서 발생한 급격하고도 우연한 자동차사고로 타인의 신체에 상해를 입힘으로써 신체 상해와 관련하여 벌금액을 받은 경우,"자동차사고대인벌금Ⅱ(스쿨존사고외2천만원한도,실손,운전자용,비탑승중포함)","1사고당 2,000만원을 한도로 실손보상, 단 스쿨존사고 1사고당 3,000만원 한도",,,,,,,"1사고당 2,000만원을 한도로 실손보상, 단 스쿨존사고 1사고당 3,000만원 한도",,file_42.xls,"자동차사고대인벌금Ⅱ(스쿨존사고외2천만원한도,실손,운전자용,비탑승중포함)",자동차 운전 중 및 운전 후 비탑승 상태에서 발생한 급격하고도 우연한 자동차사고로 타인의 신체에 상해를 입힘으로써 신체 상해와 관련하여 벌금액을 받은 경우,"1사고당 2,000만원을 한도로 실손보상, 단 스쿨존사고 1사고당 3,000만원 한도",,,,,,,,,,,,,,,,,,,,,,,,,,,
한화손보,한화 운전자상해보험 (무)2601 1종(운전자보장형),주계약,"자동차사고변호사선임비용Ⅴ(경찰조사포함)(실손,운전자용,비탑승중포함)",자동차 운전 중 및 운전 후 비탑승 상태에서 발생한 급격하고도 우연한 자동차사고로 타인의 신체에 상해를 입힘으로써 변호사를 선임하게 된 경우,보험가입금액 한도로 실손보상,,,,,,,,,,file_42.xls,"자동차사고변호사선임비용Ⅴ(경찰조사포함)(실손,운전자용,비탑승중포함)",자동차 운전 중 및 운전 후 비탑승 상태에서 발생한 급격하고도 우연한 자동차사고로 타인의 신체에 상해를 입힘으로써 변호사를 선임하게 된 경우,보험가입금액 한도로 실손보상,,,,,,,,,,,,,,,,,,,,,,,,,,,
한화손보,한화 운전자상해보험 (무)2601 2종(상해보장형),주계약,교통상해사망,,보험가입금액,,4945,3830,,,,,,,file_42.xls,한화손보,한화 운전자상해보험 (무)2601 2종(상해보장형),교통상해사망,교통상해 사고로 사망시,보험가입금액,"4,945","3,830",113.0,110.4,,,,,,,,,,,,,,,,,,,,,
한화손보,한화 운전자상해보험 (무)2601 2종(상해보장형),주계약,"대인형사합의실손비Ⅲ(운전자용,비탑승중포함)",자동차 운전 중 및 운전 후 비탑승 상태에서 발생한 급격하고도 우연한 자동차사고로 타인에게 손해를 입힌 경우,"1인당 지급, 실손 보상2억원 한도42일~69일진단 :3천만원한도70일~139일진단 :1억원한도140일이상진단 :1.5억원한도2억원 한도","1인당 지급, 실손 보상2억원 한도42일~69일진단 :3천만원한도70일~139일진단 :1억원한도140일이상진단 :1.5억원한도2억원 한도",,,,,,,"1인당 지급, 실손 보상2억원 한도42일~69일진단 :3천만원한도70일~139일진단 :1억원한도140일이상진단 :1.5억원한도2억원 한도",,file_42.xls,"대인형사합의실손비Ⅲ(운전자용,비탑승중포함)",자동차 운전 중 및 운전 후 비탑승 상태에서 발생한 급격하고도 우연한 자동차사고로 타인에게 손해를 입힌 경우,"1인당 지급, 실손 보상2억원 한도42일~69일진단 :3천만원한도70일~139일진단 :1억원한도140일이상진단 :1.5억원한도2억원 한도",,,,,,,,,,,,,,,,,,,,,,,,,,,
한화손보,한화 운전자상해보험 (무)2601 2종(상해보장형),주계약,"자동차사고대물벌금(실손,운전자용)",자동차 운전 중 발생한 급격하고도 우연한 자동차사고로 벌금형이 확정된 경우,1사고당 500만원을 한도로 실손보상,1사고당 500만원을 한도로 실손보상,,,,,,,,,file_42.xls,"자동차사고대물벌금(실손,운전자용)",자동차 운전 중 발생한 급격하고도 우연한 자동차사고로 벌금형이 확정된 경우,1사고당 500만원을 한도로 실손보상,,,,,,,,,,,,,,,,,,,,,,,,,,,
한화손보,한화 운전자상해보험 (무)2601 2종(상해보장형),주계약,"자동차사고대인벌금Ⅱ(스쿨존사고외2천만원한도,실손,운전자용,비탑승중포함)",자동차 운전 중 및 운전 후 비탑승 상태에서 발생한 급격하고도 우연한 자동차사고로 타인의 신체에 상해를 입힘으로써 신체 상해와 관련하여 벌금액을 받은 경우,"자동차사고대인벌금Ⅱ(스쿨존사고외2천만원한도,실손,운전자용,비탑승중포함)","1사고당 2,000만원을 한도로 실손보상, 단 스쿨존사고 1사고당 3,000만원 한도",,,,,,,"1사고당 2,000만원을 한도로 실손보상, 단 스쿨존사고 1사고당 3,000만원 한도",,file_42.xls,"자동차사고대인벌금Ⅱ(스쿨존사고외2천만원한도,실손,운전자용,비탑승중포함)",자동차 운전 중 및 운전 후 비탑승 상태에서 발생한 급격하고도 우연한 자동차사고로 타인의 신체에 상해를 입힘으로써 신체 상해와 관련하여 벌금액을 받은 경우,"1사고당 2,000만원을 한도로 실손보상, 단 스쿨존사고 1사고당 3,000만원 한도",,,,,,,,,,,,,,,,,,,,,,,,,,,
한화손보,한화 운전자상해보험 (무)2601 2종(상해보장형),주계약,"자동차사고변호사선임비용Ⅴ(경찰조사포함)(실손,운전자용,비탑승중포함)",자동차 운전 중 및 운전 후 비탑승 상태에서 발생한 급격하고도 우연한 자동차사고로 타인의 신체에 상해를 입힘으로써 변호사를 선임하게 된 경우,보험가입금액 한도로 실손보상,,,,,,,,,,file_42.xls,"자동차사고변호사선임비용Ⅴ(경찰조사포함)(실손,운전자용,비탑승중포함)",자동차 운전 중 및 운전 후 비탑승 상태에서 발생한 급격하고도 우연한 자동차사고로 타인의 신체에 상해를 입힘으로써 변호사를 선임하게 된 경우,보험가입금액 한도로 실손보상,,,,,,,,,,,,,,,,,,,,,,,,,,,
롯데손보,(무) 운전자보험(2601),주계약,"(자가용운전자/영업용운전자) 교통사고처리지원금(중상해보장확대,비탑승중Ⅱ포함)","자동차(이륜자동차 제외)를 운전하던 중에 급격하고도 우연한 사고 또는 자동차(이륜자동차 제외) 운전 후 비탑승 상태에서 발생한 급격하고도 우연한 자동차사고로 타인(피보험자의 부모, 배우자 및 자녀 제외)에게 상해를 입혀 피해자 각각에 대하여 피보험자가 형사합의금을 지급한 경우","(자가용운전자/영업용운전자) 교통사고처리지원금(중상해보장확대,비탑승중Ⅱ포함)",,4942,4233,,,,,,,file_42.xls,롯데손보,(무) 운전자보험(2601),"(자가용운전자/영업용운전자) 교통사고처리지원금(중상해보장확대,비탑승중Ⅱ포함)","자동차(이륜자동차 제외)를 운전하던 중에 급격하고도 우연한 사고 또는 자동차(이륜자동차 제외) 운전 후 비탑승 상태에서 발생한 급격하고도 우연한 자동차사고로 타인(피보험자의 부모, 배우자 및 자녀 제외)에게 상해를 입혀 피해자 각각에 대하여 피보험자가 형사합의금을 지급한 경우",보험가입금액 한도,"4,942","4,233",81.6,80,,,,,,,,,,,,,,,,,,,,,
롯데손보,(무) 운전자보험(2601),주계약,교통상해사망,"교통사고(운전중, 탑승중, 비탑승중. 약관 참조)로 인한 상해의 직접결과로써 사망한 경우",보험가입금액,,,,,,,,,,file_42.xls,교통상해사망,"교통사고(운전중, 탑승중, 비탑승중. 약관 참조)로 인한 상해의 직접결과로써 사망한 경우",보험가입금액,,,,,,,,,,,,,,,,,,,,,,,,,,,
롯데손보,(무) 운전자보험(2601),주계약,교통상해후유장해(3~100%),교통사고로 인한 상해로 장해분류표에서 정한 3~100% 장해지급률에 해당하는 장해상태가 된 경우,교통상해후유장해(3~100%),,,,,,,,,,file_42.xls,교통상해후유장해(3~100%),교통사고로 인한 상해로 장해분류표에서 정한 3~100% 장해지급률에 해당하는 장해상태가 된 경우,보험가입금액 × 지급률,,,,,,,,,,,,,,,,,,,,,,,,,,,
롯데손보,(무) 운전자보험(2601),주계약,운전자교통사고벌금(대물),자동차를 운전하던 중 발생한 급격하고도 우연한 자동차사고로 도로교통법 제151조(벌칙)에 따른 벌금형이 확정된 경우,보험가입금액 한도,,,,,,,,,,file_42.xls,운전자교통사고벌금(대물),자동차를 운전하던 중 발생한 급격하고도 우연한 자동차사고로 도로교통법 제151조(벌칙)에 따른 벌금형이 확정된 경우,보험가입금액 한도,,,,,,,,,,,,,,,,,,,,,,,,,,,
롯데손보,(무) 운전자보험(2601),주계약,운전자교통사고벌금Ⅱ(비탑승중Ⅱ포함),자동차를 운전하던 중 발생한 급격하고도 우연한 자동차사고 또는 자동차 운전 후 비탑승 상태에서 발생한 급격하고도 우연한 자동차사고로 타인의 신체에 상해를 입힘으로써 신체상해와 관련하여 벌금형이 확정된 경우,,,,,,,,,,,file_42.xls,운전자교통사고벌금Ⅱ(비탑승중Ⅱ포함),자동차를 운전하던 중 발생한 급격하고도 우연한 자동차사고 또는 자동차 운전 후 비탑승 상태에서 발생한 급격하고도 우연한 자동차사고로 타인의 신체에 상해를 입힘으로써 신체상해와 관련하여 벌금형이 확정된 경우,,,,,,,,,,,,,,,,,,,,,,,,,,,,
롯데손보,(무) 운전자보험(2601),주계약,"자동차사고변호사선임비용(경찰조사포함,비탑승중Ⅱ포함)","자동차를 운전하던 중 또는 자동차 운전 후 비탑승 상태에서 발생한 급격하고도 우연한 사고로 타인의 신체에 상해를 입혀 1. 구속영장에 의하여 구속, 2. 검사에 의한 공소제기(약식기소는 제외), 3. 검사에 의해 약식기소는 되었으나 법원에 의해 보통의 심판절차인 공판절차에 의해 재판이 진행, 4. 법원의 약식명령에 대하여 정식재판을 청구하는 경우, 5. 피보험자가 타인을 사망하게 하거나 중대법규위반 교통사고로 타인의 신체에 상해를 입혀 경찰조사 후 불송치된 경우, 6. 피보험자가 타인을 사망하게 하거나 중대법규위반 교통사고로 타인의 신체에 상해를 입혀 검찰에 의해 약식기소 또는 불기소된 경우(단, 제3호, 제4호에 해당하는 경우는 제외), 7. 피보험자가 중대법규위반 교통사고에 해당하지 않는 자동차사고로 피해자에게 부상등급 1급, 2급 또는 3급에 해당하는 부상을 입혀 경찰조사 후 불송치된 경우, 8. 피보험자가 중대법규위반 교통사고에 해당하지 않는 자동차사고로 피해자에게 부상등급 1급, 2급 또는 3급에 해당하는 부상을 입혀 검찰에 의해 약식기소 또는 불기소된 경우(단, 제3호 및 제4호에 해당하는 경우는 제외) 중 어느 한가지 사유로 변호사선임비용을 부담한 경우","자동차를 운전하던 중 또는 자동차 운전 후 비탑승 상태에서 발생한 급격하고도 우연한 사고로 타인의 신체에 상해를 입혀 1. 구속영장에 의하여 구속, 2. 검사에 의한 공소제기(약식기소는 제외), 3. 검사에 의해 약식기소는 되었으나 법원에 의해 보통의 심판절차인 공판절차에 의해 재판이 진행, 4. 법원의 약식명령에 대하여 정식재판을 청구하는 경우, 5. 피보험자가 타인을 사망하게 하거나 중대법규위반 교통사고로 타인의 신체에 상해를 입혀 경찰조사 후 불송치된 경우, 6. 피보험자가 타인을 사망하게 하거나 중대법규위반 교통사고로 타인의 신체에 상해를 입혀 검찰에 의해 약식기소 또는 불기소된 경우(단, 제3호, 제4호에 해당하는 경우는 제외), 7. 피보험자가 중대법규위반 교통사고에 해당하지 않는 자동차사고로 피해자에게 부상등급 1급, 2급 또는 3급에 해당하는 부상을 입혀 경찰조사 후 불송치된 경우, 8. 피보험자가 중대법규위반 교통사고에 해당하지 않는 자동차사고로 피해자에게 부상등급 1급, 2급 또는 3급에 해당하는 부상을 입혀 검찰에 의해 약식기소 또는 불기소된 경우(단, 제3호 및 제4호에 해당하는 경우는 제외) 중 어느 한가지 사유로 변호사선임비용을 부담한 경우",,,,,,,,,,file_42.xls,"자동차사고변호사선임비용(경찰조사포함,비탑승중Ⅱ포함)","자동차를 운전하던 중 또는 자동차 운전 후 비탑승 상태에서 발생한 급격하고도 우연한 사고로 타인의 신체에 상해를 입혀 1. 구속영장에 의하여 구속, 2. 검사에 의한 공소제기(약식기소는 제외), 3. 검사에 의해 약식기소는 되었으나 법원에 의해 보통의 심판절차인 공판절차에 의해 재판이 진행, 4. 법원의 약식명령에 대하여 정식재판을 청구하는 경우, 5. 피보험자가 타인을 사망하게 하거나 중대법규위반 교통사고로 타인의 신체에 상해를 입혀 경찰조사 후 불송치된 경우, 6. 피보험자가 타인을 사망하게 하거나 중대법규위반 교통사고로 타인의 신체에 상해를 입혀 검찰에 의해 약식기소 또는 불기소된 경우(단, 제3호, 제4호에 해당하는 경우는 제외), 7. 피보험자가 중대법규위반 교통사고에 해당하지 않는 자동차사고로 피해자에게 부상등급 1급, 2급 또는 3급에 해당하는 부상을 입혀 경찰조사 후 불송치된 경우, 8. 피보험자가 중대법규위반 교통사고에 해당하지 않는 자동차사고로 피해자에게 부상등급 1급, 2급 또는 3급에 해당하는 부상을 입혀 검찰에 의해 약식기소 또는 불기소된 경우(단, 제3호 및 제4호에 해당하는 경우는 제외) 중 어느 한가지 사유로 변호사선임비용을 부담한 경우",,,,,,,,,,,,,,,,,,,,,,,,,,,,
롯데손보,"(무) let:drive 운전자보험(2601.2)_1종(연만기,운전자형)",주계약,"(자가용운전자/영업용운전자) 교통사고처리지원금(중상해보장확대,비탑승중Ⅱ포함)","자동차(이륜자동차 제외)를 운전하던 중에 급격하고도 우연한 사고 또는 자동차(이륜자동차 제외) 운전 후 비탑승 상태에서 발생한 급격하고도 우연한 자동차사고로 타인(피보험자의 부모, 배우자 및 자녀 제외)에게 상해를 입혀 피해자 각각에 대하여 피보험자가 형사합의금을 지급한 경우","(자가용운전자/영업용운전자) 교통사고처리지원금(중상해보장확대,비탑승중Ⅱ포함)","(무) let:drive 운전자보험(2601.2)_1종(연만기,운전자형)",6177,5216,,,,,,,file_42.xls,롯데손보,"(무) let:drive 운전자보험(2601.2)_1종(연만기,운전자형)","(자가용운전자/영업용운전자) 교통사고처리지원금(중상해보장확대,비탑승중Ⅱ포함)","자동차(이륜자동차 제외)를 운전하던 중에 급격하고도 우연한 사고 또는 자동차(이륜자동차 제외) 운전 후 비탑승 상태에서 발생한 급격하고도 우연한 자동차사고로 타인(피보험자의 부모, 배우자 및 자녀 제외)에게 상해를 입혀 피해자 각각에 대하여 피보험자가 형사합의금을 지급한 경우",보험가입금액 한도,"6,177","5,216",97.4,104.7,,,,,,,,,,,,,,,,,,,,,
롯데손보,"(무) let:drive 운전자보험(2601.2)_1종(연만기,운전자형)",주계약,교통상해사망,"교통사고(운전중, 탑승중, 비탑승중. 약관 참조)로 인한 상해의 직접결과로써 사망한 경우",보험가입금액,,,,,,,,,,file_42.xls,교통상해사망,"교통사고(운전중, 탑승중, 비탑승중. 약관 참조)로 인한 상해의 직접결과로써 사망한 경우",보험가입금액,,,,,,,,,,,,,,,,,,,,,,,,,,,
롯데손보,"(무) let:drive 운전자보험(2601.2)_1종(연만기,운전자형)",주계약,운전자교통사고벌금(대물),자동차를 운전하던 중 발생한 급격하고도 우연한 자동차사고로 도로교통법 제151조(벌칙)에 따른 벌금형이 확정된 경우,보험가입금액 한도,,,,,,,,,,file_42.xls,운전자교통사고벌금(대물),자동차를 운전하던 중 발생한 급격하고도 우연한 자동차사고로 도로교통법 제151조(벌칙)에 따른 벌금형이 확정된 경우,보험가입금액 한도,,,,,,,,,,,,,,,,,,,,,,,,,,,
롯데손보,"(무) let:drive 운전자보험(2601.2)_1종(연만기,운전자형)",주계약,운전자교통사고벌금Ⅱ(비탑승중Ⅱ포함),자동차를 운전하던 중 발생한 급격하고도 우연한 자동차사고 또는 자동차 운전 후 비탑승 상태에서 발생한 급격하고도 우연한 자동차사고로 타인의 신체에 상해를 입힘으로써 신체상해와 관련하여 벌금형이 확정된 경우,,,,,,,,,,,file_42.xls,운전자교통사고벌금Ⅱ(비탑승중Ⅱ포함),자동차를 운전하던 중 발생한 급격하고도 우연한 자동차사고 또는 자동차 운전 후 비탑승 상태에서 발생한 급격하고도 우연한 자동차사고로 타인의 신체에 상해를 입힘으로써 신체상해와 관련하여 벌금형이 확정된 경우,,,,,,,,,,,,,,,,,,,,,,,,,,,,
롯데손보,"(무) let:drive 운전자보험(2601.2)_1종(연만기,운전자형)",주계약,"자동차사고변호사선임비용(심급별500만원한도,자기부담률50%)","자동차를 운전하던 중에 급격하고도 우연한 사고로 타인의 신체에 상해를 입힘으로써 구속영장에 의하여 구속되었거나, 검사에 의해 공소제기(약식기소는 제외)된 경우, 검사에 의해 약식기소 되었으나 법원에 의해 보통의 심판절차인 공판절차에 의해 재판이 진행하게 된 경우, 검사 또는 피보험자가 법원의 약식명령에 대하여 정식재판을 청구하는 경우","자동차사고변호사선임비용(심급별500만원한도,자기부담률50%)","자동차사고변호사선임비용(심급별500만원한도,자기부담률50%)",,,,,,,,,file_42.xls,"자동차사고변호사선임비용(심급별500만원한도,자기부담률50%)","자동차를 운전하던 중에 급격하고도 우연한 사고로 타인의 신체에 상해를 입힘으로써 구속영장에 의하여 구속되었거나, 검사에 의해 공소제기(약식기소는 제외)된 경우, 검사에 의해 약식기소 되었으나 법원에 의해 보통의 심판절차인 공판절차에 의해 재판이 진행하게 된 경우, 검사 또는 피보험자가 법원의 약식명령에 대하여 정식재판을 청구하는 경우",,,,,,,,,,,,,,,,,,,,,,,,,,,,
롯데손보,"(무) let:drive 운전자보험(2601.2)_1종(연만기,운전자형)",주계약,자동차사고부상Ⅱ(1~7급),"자동차사고(운전중, 탑승중, 비탑승중. 약관 참조)로 인한 상해의 직접결과로써 자동차손해배상보장법시행령에서 정한 자동차사고 부상 등급표의 상해등급 중 1급, 2급, 3급, 4급, 5급, 6급 또는 7급을 받은 경우","자동차사고(운전중, 탑승중, 비탑승중. 약관 참조)로 인한 상해의 직접결과로써 자동차손해배상보장법시행령에서 정한 자동차사고 부상 등급표의 상해등급 중 1급, 2급, 3급, 4급, 5급, 6급 또는 7급을 받은 경우",,,,,,,,,,file_42.xls,자동차사고부상Ⅱ(1~7급),"자동차사고(운전중, 탑승중, 비탑승중. 약관 참조)로 인한 상해의 직접결과로써 자동차손해배상보장법시행령에서 정한 자동차사고 부상 등급표의 상해등급 중 1급, 2급, 3급, 4급, 5급, 6급 또는 7급을 받은 경우",보험가입금액,,,,,,,,,,,,,,,,,,,,,,,,,,,
흥국화재,무배당 흥Good 다이렉트 운전자보험(26.01),주계약,교통사고합의비용Ⅴ(일반),진단일 42~69일 : 2천만원한도진단일 70~139일 : 7천만원한도진단일 140일 이상 : 1억원한도,무배당 흥Good 다이렉트 운전자보험(26.01),진단일 42~69일 : 2천만원한도진단일 70~139일 : 7천만원한도진단일 140일 이상 : 1억원한도,3255,2455,,,,,,,file_42.xls,흥국화재,무배당 흥Good 다이렉트 운전자보험(26.01),교통사고합의비용Ⅴ(일반),중대법규위반 교통사고로 피해자 진단시,진단일 42~69일 : 2천만원한도진단일 70~139일 : 7천만원한도진단일 140일 이상 : 1억원한도,"3,255","2,455",85.7,84.6,,,,,,,,,,,,,,,,,,,,,
흥국화재,무배당 흥Good 다이렉트 운전자보험(26.01),주계약,스쿨존 내 교통사고로 어린이가 42일 미만 치료 진단시,,500만원 한도,500만원 한도,,,,,,,,,file_42.xls,스쿨존 내 교통사고로 어린이가 42일 미만 치료 진단시,500만원 한도,,,,,,,,,,,,,,,,,,,,,,,,,,,,
흥국화재,무배당 흥Good 다이렉트 운전자보험(26.01),주계약,운전중사고로 피해자 사망시,,1억원 한도,1억원 한도,,,,,,,,,file_42.xls,운전중사고로 피해자 사망시,1억원 한도,,,,,,,,,,,,,,,,,,,,,,,,,,,,
흥국화재,무배당 흥Good 다이렉트 운전자보험(26.01),주계약,교통상해사망(운전자),,보험가입금액,,,,,,,,,,file_42.xls,교통상해사망(운전자),교통상해로 사망시,보험가입금액,,,,,,,,,,,,,,,,,,,,,,,,,,,
흥국화재,무배당 흥Good 다이렉트 운전자보험(26.01),주계약,벌금(대물),운전중 사고로 도로교통법 제151조(벌칙)에 따른 벌금형 확정판결을 받은 경우(1사고당),보험가입금액 한도,,,,,,,,,,file_42.xls,벌금(대물),운전중 사고로 도로교통법 제151조(벌칙)에 따른 벌금형 확정판결을 받은 경우(1사고당),보험가입금액 한도,,,,,,,,,,,,,,,,,,,,,,,,,,,
흥국화재,무배당 흥Good 다이렉트 운전자보험(26.01),주계약,벌금Ⅱ,운전중 사고로 타인의 신체에 상해를 입힘으로써 벌금형 확정판결을 받은 경우,"3,000만원 한도","3,000만원 한도",,,,,,,,,file_42.xls,벌금Ⅱ,운전중 사고로 타인의 신체에 상해를 입힘으로써 벌금형 확정판결을 받은 경우,"3,000만원 한도",,,,,,,,,,,,,,,,,,,,,,,,,,,
흥국화재,무배당 흥Good 다이렉트 운전자보험(26.01),주계약,자동차사고변호사선임비용Ⅳ,"자동차 운전중 교통사고로 타인의 신체에 상해를 입혀 아래의 어느 하나에 해당되는 경우, 변호사선임비용으로 지급한 실제 금액(1사고마다)가. 피보험자가 구속영장에 의하여 구속된 경우나. 검찰에 의해 공소제기(이하 「기소」라 합니다. 단, 약식기소는 제외합니다)된 경우다. 피보험자가 검사에 의해 약식기소 되었으나 형사소송법 제450조에 의거 법원에 의해 보통의 심판절차인 공판절차에 따라 재판을 진행하게 된 경우라. 형사소송법 제453조에 의거 검사 또는 피보험자가 법원의 약식명령에 대하여 정식재판을 청구하여재판이 진행되는 경우","자동차 운전중 교통사고로 타인의 신체에 상해를 입혀 아래의 어느 하나에 해당되는 경우, 변호사선임비용으로 지급한 실제 금액(1사고마다)가. 피보험자가 구속영장에 의하여 구속된 경우나. 검찰에 의해 공소제기(이하 「기소」라 합니다. 단, 약식기소는 제외합니다)된 경우다. 피보험자가 검사에 의해 약식기소 되었으나 형사소송법 제450조에 의거 법원에 의해 보통의 심판절차인 공판절차에 따라 재판을 진행하게 된 경우라. 형사소송법 제453조에 의거 검사 또는 피보험자가 법원의 약식명령에 대하여 정식재판을 청구하여재판이 진행되는 경우",,,,,,,,,,file_42.xls,자동차사고변호사선임비용Ⅳ,"자동차 운전중 교통사고로 타인의 신체에 상해를 입혀 아래의 어느 하나에 해당되는 경우, 변호사선임비용으로 지급한 실제 금액(1사고마다)가. 피보험자가 구속영장에 의하여 구속된 경우나. 검찰에 의해 공소제기(이하 「기소」라 합니다. 단, 약식기소는 제외합니다)된 경우다. 피보험자가 검사에 의해 약식기소 되었으나 형사소송법 제450조에 의거 법원에 의해 보통의 심판절차인 공판절차에 따라 재판을 진행하게 된 경우라. 형사소송법 제453조에 의거 검사 또는 피보험자가 법원의 약식명령에 대하여 정식재판을 청구하여재판이 진행되는 경우",보험가입금액 한도,,,,,,,,,,,,,,,,,,,,,,,,,,,
흥국화재,무배당 흥Good The편한 운전자상해보험(26.03),주계약,"교통사고합의비용Ⅱ(6주미만,중대법령위반)",자동차를 운전하던 중 급격하고도 우연히 발생한 중대법령위반 교통사고로 42일(피해자 1인을 기준으로 합니다.) 미만 치료를 요한다는 진단을 받은 경우 실제 지급액,무배당 흥Good The편한 운전자상해보험(26.03),자동차를 운전하던 중 급격하고도 우연히 발생한 중대법령위반 교통사고로 42일(피해자 1인을 기준으로 합니다.) 미만 치료를 요한다는 진단을 받은 경우 실제 지급액,3782,2778,,,,,,,file_42.xls,흥국화재,무배당 흥Good The편한 운전자상해보험(26.03),"교통사고합의비용Ⅱ(6주미만,중대법령위반)",자동차를 운전하던 중 급격하고도 우연히 발생한 중대법령위반 교통사고로 42일(피해자 1인을 기준으로 합니다.) 미만 치료를 요한다는 진단을 받은 경우 실제 지급액,보험가입금액 한도(조건별 상이),"3,782","2,778",104.5,102.3,,,,,,,,,,,,,,,,,,,,,
흥국화재,무배당 흥Good The편한 운전자상해보험(26.03),주계약,교통상해사망(운전자),,보험가입금액,,,,,,,,,,file_42.xls,교통상해사망(운전자),교통상해로 사망시,보험가입금액,,,,,,,,,,,,,,,,,,,,,,,,,,,
흥국화재,무배당 흥Good The편한 운전자상해보험(26.03),주계약,벌금(대물),운전중 사고로 도로교통법 제151조(벌칙)에 따른 벌금형 확정판결을 받은 경우(1사고당) 실제 벌금액,보험가입금액 한도,,,,,,,,,,file_42.xls,벌금(대물),운전중 사고로 도로교통법 제151조(벌칙)에 따른 벌금형 확정판결을 받은 경우(1사고당) 실제 벌금액,보험가입금액 한도,,,,,,,,,,,,,,,,,,,,,,,,,,,
흥국화재,무배당 흥Good The편한 운전자상해보험(26.03),주계약,벌금Ⅱ,운전중 사고로 타인의 신체에 상해를 입힘으로써 벌금형 확정판결을 받은 경우 실제 벌금액,"3,000만원 한도","3,000만원 한도",,,,,,,,,file_42.xls,벌금Ⅱ,운전중 사고로 타인의 신체에 상해를 입힘으로써 벌금형 확정판결을 받은 경우 실제 벌금액,"3,000만원 한도",,,,,,,,,,,,,,,,,,,,,,,,,,,
흥국화재,무배당 흥Good The편한 운전자상해보험(26.03),주계약,자동차사고변호사선임비용(특정사고 경찰조사포함)(비탑승중포함),"자동차 운전중 교통사고로 타인의 신체에 상해를 입혀 아래의 어느 하나에 해당되는 경우 실제 지급액가. 피보험자가 구속영장에 의하여 구속된 경우나. 검찰에 의해 공소제기(이하 「기소」라 합니다. 단, 약식기소는 제외합니다)된 경우다. 피보험자가 검사에 의해 약식기소 되었으나 형사소송법 제450조에 의거 법원에 의해 보통의 심판절차인 공판절차에 따라 재판을 진행하게 된 경우라. 형사소송법 제453조에 의거 검사 또는 피보험자가 법원의 약식명령에 대하여 정식재판을 청구하여재판이 진행되는 경우마. 피보험자가 경찰 조사 후 불송치된 경우(단, 타인을 사망하게 한 경우 또는 「중대법규위반 교통사고」로 타인의 신체에 상해를 입힌 경우에 한합니다)바. 검찰에 의해 약식기소 또는 불기소된 경우(단, 타인을 사망하게 한 경우 또는 「중대법규위반 교통사고」로 타인의 신체에 상해를 입힌 경우에 한합니다)","자동차 운전중 교통사고로 타인의 신체에 상해를 입혀 아래의 어느 하나에 해당되는 경우 실제 지급액가. 피보험자가 구속영장에 의하여 구속된 경우나. 검찰에 의해 공소제기(이하 「기소」라 합니다. 단, 약식기소는 제외합니다)된 경우다. 피보험자가 검사에 의해 약식기소 되었으나 형사소송법 제450조에 의거 법원에 의해 보통의 심판절차인 공판절차에 따라 재판을 진행하게 된 경우라. 형사소송법 제453조에 의거 검사 또는 피보험자가 법원의 약식명령에 대하여 정식재판을 청구하여재판이 진행되는 경우마. 피보험자가 경찰 조사 후 불송치된 경우(단, 타인을 사망하게 한 경우 또는 「중대법규위반 교통사고」로 타인의 신체에 상해를 입힌 경우에 한합니다)바. 검찰에 의해 약식기소 또는 불기소된 경우(단, 타인을 사망하게 한 경우 또는 「중대법규위반 교통사고」로 타인의 신체에 상해를 입힌 경우에 한합니다)",,,,,,,,,,file_42.xls,자동차사고변호사선임비용(특정사고 경찰조사포함)(비탑승중포함),"자동차 운전중 교통사고로 타인의 신체에 상해를 입혀 아래의 어느 하나에 해당되는 경우 실제 지급액가. 피보험자가 구속영장에 의하여 구속된 경우나. 검찰에 의해 공소제기(이하 「기소」라 합니다. 단, 약식기소는 제외합니다)된 경우다. 피보험자가 검사에 의해 약식기소 되었으나 형사소송법 제450조에 의거 법원에 의해 보통의 심판절차인 공판절차에 따라 재판을 진행하게 된 경우라. 형사소송법 제453조에 의거 검사 또는 피보험자가 법원의 약식명령에 대하여 정식재판을 청구하여재판이 진행되는 경우마. 피보험자가 경찰 조사 후 불송치된 경우(단, 타인을 사망하게 한 경우 또는 「중대법규위반 교통사고」로 타인의 신체에 상해를 입힌 경우에 한합니다)바. 검찰에 의해 약식기소 또는 불기소된 경우(단, 타인을 사망하게 한 경우 또는 「중대법규위반 교통사고」로 타인의 신체에 상해를 입힌 경우에 한합니다)",보험가입금액 한도,,,,,,,,,,,,,,,,,,,,,,,,,,,
흥국화재,무배당 흥Good 든든한 SMILE 운전자 종합보험(26.03),주계약,"교통사고합의비용Ⅱ(6주미만,중대법령위반)",자동차를 운전하던 중 급격하고도 우연히 발생한 중대법령위반 교통사고로 42일(피해자 1인을 기준으로 합니다.) 미만 치료를 요한다는 진단을 받은 경우 실제 지급액,무배당 흥Good 든든한 SMILE 운전자 종합보험(26.03),자동차를 운전하던 중 급격하고도 우연히 발생한 중대법령위반 교통사고로 42일(피해자 1인을 기준으로 합니다.) 미만 치료를 요한다는 진단을 받은 경우 실제 지급액,5205,4102,,,,,,,file_42.xls,흥국화재,무배당 흥Good 든든한 SMILE 운전자 종합보험(26.03),"교통사고합의비용Ⅱ(6주미만,중대법령위반)",자동차를 운전하던 중 급격하고도 우연히 발생한 중대법령위반 교통사고로 42일(피해자 1인을 기준으로 합니다.) 미만 치료를 요한다는 진단을 받은 경우 실제 지급액,보험가입금액 한도(조건별 상이),"5,205","4,102",103.3,102.8,,,,,,,,,,,,,,,,,,,,,
흥국화재,무배당 흥Good 든든한 SMILE 운전자 종합보험(26.03),주계약,교통상해사망,,보험가입금액,,,,,,,,,,file_42.xls,교통상해사망,교통상해로 사망시,보험가입금액,,,,,,,,,,,,,,,,,,,,,,,,,,,
흥국화재,무배당 흥Good 든든한 SMILE 운전자 종합보험(26.03),주계약,벌금(대물),운전중 사고로 도로교통법 제151조(벌칙)에 따른 벌금형 확정판결을 받은 경우(1사고당) 실제 벌금액,보험가입금액 한도,,,,,,,,,,file_42.xls,벌금(대물),운전중 사고로 도로교통법 제151조(벌칙)에 따른 벌금형 확정판결을 받은 경우(1사고당) 실제 벌금액,보험가입금액 한도,,,,,,,,,,,,,,,,,,,,,,,,,,,
흥국화재,무배당 흥Good 든든한 SMILE 운전자 종합보험(26.03),주계약,벌금Ⅱ,운전중 사고로 타인의 신체에 상해를 입힘으로써 벌금형 확정판결을 받은 경우 실제 벌금액,"3,000만원 한도","3,000만원 한도",,,,,,,,,file_42.xls,벌금Ⅱ,운전중 사고로 타인의 신체에 상해를 입힘으로써 벌금형 확정판결을 받은 경우 실제 벌금액,"3,000만원 한도",,,,,,,,,,,,,,,,,,,,,,,,,,,
흥국화재,무배당 흥Good 든든한 SMILE 운전자 종합보험(26.03),주계약,자동차사고변호사선임비용Ⅳ,"자동차 운전중 교통사고로 타인의 신체에 상해를 입혀 아래의 어느 하나에 해당되는 경우 실제 지급액가. 피보험자가 구속영장에 의하여 구속된 경우나. 검찰에 의해 공소제기(이하 「기소」라 합니다. 단, 약식기소는 제외합니다)된 경우다. 피보험자가 검사에 의해 약식기소 되었으나 형사소송법 제450조에 의거 법원에 의해 보통의 심판절차인 공판절차에 따라 재판을 진행하게 된 경우라. 형사소송법 제453조에 의거 검사 또는 피보험자가 법원의 약식명령에 대하여 정식재판을 청구하여재판이 진행되는 경우","자동차 운전중 교통사고로 타인의 신체에 상해를 입혀 아래의 어느 하나에 해당되는 경우 실제 지급액가. 피보험자가 구속영장에 의하여 구속된 경우나. 검찰에 의해 공소제기(이하 「기소」라 합니다. 단, 약식기소는 제외합니다)된 경우다. 피보험자가 검사에 의해 약식기소 되었으나 형사소송법 제450조에 의거 법원에 의해 보통의 심판절차인 공판절차에 따라 재판을 진행하게 된 경우라. 형사소송법 제453조에 의거 검사 또는 피보험자가 법원의 약식명령에 대하여 정식재판을 청구하여재판이 진행되는 경우",,,,,,,,,,file_42.xls,자동차사고변호사선임비용Ⅳ,"자동차 운전중 교통사고로 타인의 신체에 상해를 입혀 아래의 어느 하나에 해당되는 경우 실제 지급액가. 피보험자가 구속영장에 의하여 구속된 경우나. 검찰에 의해 공소제기(이하 「기소」라 합니다. 단, 약식기소는 제외합니다)된 경우다. 피보험자가 검사에 의해 약식기소 되었으나 형사소송법 제450조에 의거 법원에 의해 보통의 심판절차인 공판절차에 따라 재판을 진행하게 된 경우라. 형사소송법 제453조에 의거 검사 또는 피보험자가 법원의 약식명령에 대하여 정식재판을 청구하여재판이 진행되는 경우",보험가입금액 한도,,,,,,,,,,,,,,,,,,,,,,,,,,,
흥국화재,무배당 흥Good 든든한 SMILE 운전자 종합보험(26.03),주계약,자동차사고부상치료비(1~7급),교통사고로 상해를 입고 자동차사고 부상등급표의 상해등급(1~7급)을 받은 경우,보험가입금액,,,,,,,,,,file_42.xls,자동차사고부상치료비(1~7급),교통사고로 상해를 입고 자동차사고 부상등급표의 상해등급(1~7급)을 받은 경우,보험가입금액,,,,,,,,,,,,,,,,,,,,,,,,,,,
삼성화재,무배당 흥Good 든든한 SMILE 운전자 종합보험(26.03),주계약,"자동차 운전중 및 운전후 비탑승 상태에서 약관에 정한 일반교통사고로 피해자(피보험자의 부모, 배우자 및 자녀 제외)에게 「자동차사고 부상 등급표」에서 정한 상해급수 1급, 2급 또는 3급 외에 해당하는 중상해를 입혀 약관에 정한 법령으로 경찰조사 후 불송치되거나 검찰에 의해 불기소된 경우(1사고당 피보험자가 실제로 지급한 형사합의금 지급) 피해자 1명당 7,000만원 한도로 지급",무배당 삼성화재 다이렉트 운전자보험(2601.24),무배당 삼성화재 다이렉트 운전자보험(2601.24),"자동차 운전중 및 운전후 비탑승 상태에서 약관에 정한 일반교통사고로 피해자(피보험자의 부모, 배우자 및 자녀 제외)에게 「자동차사고 부상 등급표」에서 정한 상해급수 1급, 2급 또는 3급 외에 해당하는 중상해를 입혀 약관에 정한 법령으로 경찰조사 후 불송치되거나 검찰에 의해 불기소된 경우(1사고당 피보험자가 실제로 지급한 형사합의금 지급) 피해자 1명당 7,000만원 한도로 지급",4635,3595,,,,,,,file_42.xls,삼성화재,무배당 삼성화재 다이렉트 운전자보험(2601.24),-,"자동차 운전중 및 운전후 비탑승 상태에서 약관에 정한 일반교통사고로 피해자(피보험자의 부모, 배우자 및 자녀 제외)에게 「자동차사고 부상 등급표」에서 정한 상해급수 1급, 2급 또는 3급 외에 해당하는 중상해를 입혀 약관에 정한 법령으로 경찰조사 후 불송치되거나 검찰에 의해 불기소된 경우(1사고당 피보험자가 실제로 지급한 형사합의금 지급) 피해자 1명당 7,000만원 한도로 지급",가입금액 한도,"4,635","3,595",94.9,93.2,,,,,,,,,,,,,,,,,,,,,
삼성화재,무배당 흥Good 든든한 SMILE 운전자 종합보험(26.03),주계약,"자동차 운전후 비탑승 상태에서 교통사고로 타인을 사망에 이르게 하거나 「자동차사고 부상 등급표」에서 정한 상해등급에 해당하는 상해를 입혀 아래의 ① 내지 ⑦로 인해 발생한 변호사선임비용 중 실제로 부담한 금액을 1사고마다 약관에 정해진 한도로 보상① 구속영장에 의해 구속된 경우 ② 검사에 의해 공소제기(단, 약식기소 제외)된 경우 ③ 검사에 의해 약식기소 되었으나, 형사소송법 제450조에 의거 법원에 의해 공판절차에 의한 재판이 진행되게 되거나 동법 제453조에 의해 정식재판이 청구되는 경우 ④ 경찰 조사 후 불송치 된 경우(단, 타인을 사망하게 한 경우에 한함) ⑤ 검찰에 의해 약식기소 또는 불기소 처분이 있는 경우(단, 타인을 사망하게 한 경우에 한함) ⑥ 「자동차사고 부상 등급표」에서 정한 상해등급 1급~ 3급에 해당하는 상해를 입히고 경찰 조사 후 불송치 된 경우(단, 타인을 사망하게 한 경우 또는 ""중대법규위반 교통사고""로 타인의 신체에 상해를 입힌 경우는 제외) ⑦ 「자동차사고 부상 등급표」에서 정한 상해등급 1급~ 3급에 해당하는 상해를 입히고 검찰에 의해 약식기소 또는 불기소 처분이 있는 경우(단, 타인을 사망하게 한 경우 또는 ""중대법규위반 교통사고""로 타인의 신체에 상해를 입힌 경우는 제외)※ 1사고로 항소심, 상고심을 포함하여 다수의 소송을 하였을 경우 그 소송동안 피보험자가 실제로 부담한 전체 변호사선임비용을 합쳐서 가입금액을 한도로 보상","- 타인의 사망 또는 ① 내지 ⑤에 해당하는 경우 : 5,000만원 한도- ⑥ 내지 ⑦에 해당하는 경우 : 3,000만원 한도","자동차 운전후 비탑승 상태에서 교통사고로 타인을 사망에 이르게 하거나 「자동차사고 부상 등급표」에서 정한 상해등급에 해당하는 상해를 입혀 아래의 ① 내지 ⑦로 인해 발생한 변호사선임비용 중 실제로 부담한 금액을 1사고마다 약관에 정해진 한도로 보상① 구속영장에 의해 구속된 경우 ② 검사에 의해 공소제기(단, 약식기소 제외)된 경우 ③ 검사에 의해 약식기소 되었으나, 형사소송법 제450조에 의거 법원에 의해 공판절차에 의한 재판이 진행되게 되거나 동법 제453조에 의해 정식재판이 청구되는 경우 ④ 경찰 조사 후 불송치 된 경우(단, 타인을 사망하게 한 경우에 한함) ⑤ 검찰에 의해 약식기소 또는 불기소 처분이 있는 경우(단, 타인을 사망하게 한 경우에 한함) ⑥ 「자동차사고 부상 등급표」에서 정한 상해등급 1급~ 3급에 해당하는 상해를 입히고 경찰 조사 후 불송치 된 경우(단, 타인을 사망하게 한 경우 또는 ""중대법규위반 교통사고""로 타인의 신체에 상해를 입힌 경우는 제외) ⑦ 「자동차사고 부상 등급표」에서 정한 상해등급 1급~ 3급에 해당하는 상해를 입히고 검찰에 의해 약식기소 또는 불기소 처분이 있는 경우(단, 타인을 사망하게 한 경우 또는 ""중대법규위반 교통사고""로 타인의 신체에 상해를 입힌 경우는 제외)※ 1사고로 항소심, 상고심을 포함하여 다수의 소송을 하였을 경우 그 소송동안 피보험자가 실제로 부담한 전체 변호사선임비용을 합쳐서 가입금액을 한도로 보상","- 타인의 사망 또는 ① 내지 ⑤에 해당하는 경우 : 5,000만원 한도- ⑥ 내지 ⑦에 해당하는 경우 : 3,000만원 한도",,,,,,,,,file_42.xls,"자동차 운전후 비탑승 상태에서 교통사고로 타인을 사망에 이르게 하거나 「자동차사고 부상 등급표」에서 정한 상해등급에 해당하는 상해를 입혀 아래의 ① 내지 ⑦로 인해 발생한 변호사선임비용 중 실제로 부담한 금액을 1사고마다 약관에 정해진 한도로 보상① 구속영장에 의해 구속된 경우 ② 검사에 의해 공소제기(단, 약식기소 제외)된 경우 ③ 검사에 의해 약식기소 되었으나, 형사소송법 제450조에 의거 법원에 의해 공판절차에 의한 재판이 진행되게 되거나 동법 제453조에 의해 정식재판이 청구되는 경우 ④ 경찰 조사 후 불송치 된 경우(단, 타인을 사망하게 한 경우에 한함) ⑤ 검찰에 의해 약식기소 또는 불기소 처분이 있는 경우(단, 타인을 사망하게 한 경우에 한함) ⑥ 「자동차사고 부상 등급표」에서 정한 상해등급 1급~ 3급에 해당하는 상해를 입히고 경찰 조사 후 불송치 된 경우(단, 타인을 사망하게 한 경우 또는 ""중대법규위반 교통사고""로 타인의 신체에 상해를 입힌 경우는 제외) ⑦ 「자동차사고 부상 등급표」에서 정한 상해등급 1급~ 3급에 해당하는 상해를 입히고 검찰에 의해 약식기소 또는 불기소 처분이 있는 경우(단, 타인을 사망하게 한 경우 또는 ""중대법규위반 교통사고""로 타인의 신체에 상해를 입힌 경우는 제외)※ 1사고로 항소심, 상고심을 포함하여 다수의 소송을 하였을 경우 그 소송동안 피보험자가 실제로 부담한 전체 변호사선임비용을 합쳐서 가입금액을 한도로 보상","- 타인의 사망 또는 ① 내지 ⑤에 해당하는 경우 : 5,000만원 한도- ⑥ 내지 ⑦에 해당하는 경우 : 3,000만원 한도",,,,,,,,,,,,,,,,,,,,,,,,,,,,
삼성화재,무배당 흥Good 든든한 SMILE 운전자 종합보험(26.03),주계약,교통사고처리지원금Ⅶ(중상해보장확대)(비탑승중Ⅱ 포함),"자동차 운전중 및 운전후 비탑승 상태에서 약관에 정한 일반교통사고로 피해자(피보험자의 부모, 배우자 및 자녀 제외)에게 중상해를 입혀 약관에 정한 법령으로 검찰에 의해 공소제기되거나 「자동차사고 부상 등급표」에서 정한 상해급수 1급, 2급 또는 3급에 해당하는 부상을 입힌 경우(1사고당 피보험자가 실제로 지급한 형사합의금 지급) 피해자 1명당 2억원 한도로 지급",교통사고처리지원금Ⅶ(중상해보장확대)(비탑승중Ⅱ 포함),"자동차 운전중 및 운전후 비탑승 상태에서 약관에 정한 일반교통사고로 피해자(피보험자의 부모, 배우자 및 자녀 제외)에게 중상해를 입혀 약관에 정한 법령으로 검찰에 의해 공소제기되거나 「자동차사고 부상 등급표」에서 정한 상해급수 1급, 2급 또는 3급에 해당하는 부상을 입힌 경우(1사고당 피보험자가 실제로 지급한 형사합의금 지급) 피해자 1명당 2억원 한도로 지급",,,,,,,,,file_42.xls,교통사고처리지원금Ⅶ(중상해보장확대)(비탑승중Ⅱ 포함),"자동차 운전중 및 운전후 비탑승 상태에서 약관에 정한 일반교통사고로 피해자(피보험자의 부모, 배우자 및 자녀 제외)에게 중상해를 입혀 약관에 정한 법령으로 검찰에 의해 공소제기되거나 「자동차사고 부상 등급표」에서 정한 상해급수 1급, 2급 또는 3급에 해당하는 부상을 입힌 경우(1사고당 피보험자가 실제로 지급한 형사합의금 지급) 피해자 1명당 2억원 한도로 지급",가입금액 한도,,,,,,,,,,,,,,,,,,,,,,,,,,,
삼성화재,무배당 흥Good 든든한 SMILE 운전자 종합보험(26.03),주계약,교통상해 사망,교통사고(비운전자의 경우 비운전중 교통사고)로 사망한 경우,,,,,,,,,,,file_42.xls,교통상해 사망,교통사고(비운전자의 경우 비운전중 교통사고)로 사망한 경우,가입금액,,,,,,,,,,,,,,,,,,,,,,,,,,,
삼성화재,무배당 흥Good 든든한 SMILE 운전자 종합보험(26.03),주계약,교통상해 후유장해(80%이상),교통사고(비운전자의 경우 비운전중 교통사고)로 80%이상 후유장해가 발생한 경우(최초 1회한 지급),교통상해 후유장해(80%이상),,,,,,,,,,file_42.xls,교통상해 후유장해(80%이상),교통사고(비운전자의 경우 비운전중 교통사고)로 80%이상 후유장해가 발생한 경우(최초 1회한 지급),,,,,,,,,,,,,,,,,,,,,,,,,,,,
삼성화재,무배당 흥Good 든든한 SMILE 운전자 종합보험(26.03),주계약,운전자 벌금(대물),자동차 운전중 교통사고로 도로교통법 151조에 따른 벌금형이 확정된 경우 가입금액 한도로 지급,자동차 운전중 교통사고로 도로교통법 151조에 따른 벌금형이 확정된 경우 가입금액 한도로 지급,,,,,,,,,,file_42.xls,운전자 벌금(대물),자동차 운전중 교통사고로 도로교통법 151조에 따른 벌금형이 확정된 경우 가입금액 한도로 지급,가입금액 한도,,,,,,,,,,,,,,,,,,,,,,,,,,,
삼성화재,무배당 흥Good 든든한 SMILE 운전자 종합보험(26.03),주계약,운전자 벌금Ⅱ(대인)(비탑승중Ⅱ 포함),"자동차 운전중 및 운전후 비탑승 상태에서 교통사고로 타인의 신체에 상해를 입혀 확정판결로 벌금을 부담한 경우 2,000만원 한도로 지급 ※ 단, 특정범죄 가중처벌 등에 관한 법률 제5조의13(어린이 보호구역에서 어린이 치사상의 가중처벌)에 따른 벌금형이 확정된 경우 3,000만원 한도로 지급","자동차 운전중 및 운전후 비탑승 상태에서 교통사고로 타인의 신체에 상해를 입혀 확정판결로 벌금을 부담한 경우 2,000만원 한도로 지급 ※ 단, 특정범죄 가중처벌 등에 관한 법률 제5조의13(어린이 보호구역에서 어린이 치사상의 가중처벌)에 따른 벌금형이 확정된 경우 3,000만원 한도로 지급","자동차 운전중 및 운전후 비탑승 상태에서 교통사고로 타인의 신체에 상해를 입혀 확정판결로 벌금을 부담한 경우 2,000만원 한도로 지급 ※ 단, 특정범죄 가중처벌 등에 관한 법률 제5조의13(어린이 보호구역에서 어린이 치사상의 가중처벌)에 따른 벌금형이 확정된 경우 3,000만원 한도로 지급",,,,,,,,,file_42.xls,운전자 벌금Ⅱ(대인)(비탑승중Ⅱ 포함),"자동차 운전중 및 운전후 비탑승 상태에서 교통사고로 타인의 신체에 상해를 입혀 확정판결로 벌금을 부담한 경우 2,000만원 한도로 지급 ※ 단, 특정범죄 가중처벌 등에 관한 법률 제5조의13(어린이 보호구역에서 어린이 치사상의 가중처벌)에 따른 벌금형이 확정된 경우 3,000만원 한도로 지급",,,,,,,,,,,,,,,,,,,,,,,,,,,,
삼성화재,무배당 흥Good 든든한 SMILE 운전자 종합보험(26.03),주계약,자동차사고 변호사선임비용Ⅶ(경찰조사포함)(비탑승중Ⅱ 포함),"자동차 운전중 교통사고로 타인을 사망에 이르게 하거나 「자동차사고 부상 등급표」에서 정한 상해등급에 해당하는 상해를 입혀 아래의 ① 내지 ⑦로 인해 발생한 변호사선임비용 중 실제로 부담한 금액을 1사고마다 약관에 정해진 한도로 보상① 구속영장에 의해 구속된 경우 ② 검사에 의해 공소제기(단, 약식기소 제외)된 경우 ③ 검사에 의해 약식기소 되었으나, 형사소송법 제450조에 의거 법원에 의해 공판절차에 의한 재판이 진행되게 되거나 동법 제453조에 의해 정식재판이 청구되는 경우 ④ 경찰 조사 후 불송치 된 경우(단, 타인을 사망하게 한 경우 또는 ""중대법규위반 교통사고""로 타인의 신체에 상해를 입힌 경우에 한함) ⑤ 검찰에 의해 약식기소 또는 불기소 처분이 있는 경우(단, 타인을 사망하게 한 경우 또는 ""중대법규위반 교통사고""로 타인의 신체에 상해를 입힌 경우에 한함) ⑥ 「자동차사고 부상 등급표」에서 정한 상해등급 1급~ 3급에 해당하는 상해를 입히고 경찰 조사 후 불송치 된 경우(단, 타인을 사망하게 한 경우 또는 ""중대법규위반 교통사고""로 타인의 신체에 상해를 입힌 경우는 제외) ⑦ 「자동차사고 부상 등급표」에서 정한 상해등급 1급~ 3급에 해당하는 상해를 입히고 검찰에 의해 약식기소 또는 불기소 처분이 있는 경우(단, 타인을 사망하게 한 경우 또는 ""중대법규위반 교통사고""로 타인의 신체에 상해를 입힌 경우는 제외)※ 1사고로 항소심, 상고심을 포함하여 다수의 소송을 하였을 경우 그 소송동안 피보험자가 실제로 부담한 전체 변호사선임비용을 합쳐서 가입금액을 한도로 보상","자동차 운전중 교통사고로 타인을 사망에 이르게 하거나 「자동차사고 부상 등급표」에서 정한 상해등급에 해당하는 상해를 입혀 아래의 ① 내지 ⑦로 인해 발생한 변호사선임비용 중 실제로 부담한 금액을 1사고마다 약관에 정해진 한도로 보상① 구속영장에 의해 구속된 경우 ② 검사에 의해 공소제기(단, 약식기소 제외)된 경우 ③ 검사에 의해 약식기소 되었으나, 형사소송법 제450조에 의거 법원에 의해 공판절차에 의한 재판이 진행되게 되거나 동법 제453조에 의해 정식재판이 청구되는 경우 ④ 경찰 조사 후 불송치 된 경우(단, 타인을 사망하게 한 경우 또는 ""중대법규위반 교통사고""로 타인의 신체에 상해를 입힌 경우에 한함) ⑤ 검찰에 의해 약식기소 또는 불기소 처분이 있는 경우(단, 타인을 사망하게 한 경우 또는 ""중대법규위반 교통사고""로 타인의 신체에 상해를 입힌 경우에 한함) ⑥ 「자동차사고 부상 등급표」에서 정한 상해등급 1급~ 3급에 해당하는 상해를 입히고 경찰 조사 후 불송치 된 경우(단, 타인을 사망하게 한 경우 또는 ""중대법규위반 교통사고""로 타인의 신체에 상해를 입힌 경우는 제외) ⑦ 「자동차사고 부상 등급표」에서 정한 상해등급 1급~ 3급에 해당하는 상해를 입히고 검찰에 의해 약식기소 또는 불기소 처분이 있는 경우(단, 타인을 사망하게 한 경우 또는 ""중대법규위반 교통사고""로 타인의 신체에 상해를 입힌 경우는 제외)※ 1사고로 항소심, 상고심을 포함하여 다수의 소송을 하였을 경우 그 소송동안 피보험자가 실제로 부담한 전체 변호사선임비용을 합쳐서 가입금액을 한도로 보상","- 타인의 사망 또는 ① 내지 ③에 해당하는 경우 : 5,000만원 한도- ④ 내지 ⑤에 해당하는 경우 : · 1~3급 : 5,000만원 한도 · 4~7급 : 3,000만원 한도, · 8~14급 : 1,000만원 한도- ⑥ 내지 ⑦에 해당하는 경우 : 3,000만원 한도",,,,,,,"- 타인의 사망 또는 ① 내지 ③에 해당하는 경우 : 5,000만원 한도- ④ 내지 ⑤에 해당하는 경우 : · 1~3급 : 5,000만원 한도 · 4~7급 : 3,000만원 한도, · 8~14급 : 1,000만원 한도- ⑥ 내지 ⑦에 해당하는 경우 : 3,000만원 한도",,file_42.xls,자동차사고 변호사선임비용Ⅶ(경찰조사포함)(비탑승중Ⅱ 포함),"자동차 운전중 교통사고로 타인을 사망에 이르게 하거나 「자동차사고 부상 등급표」에서 정한 상해등급에 해당하는 상해를 입혀 아래의 ① 내지 ⑦로 인해 발생한 변호사선임비용 중 실제로 부담한 금액을 1사고마다 약관에 정해진 한도로 보상① 구속영장에 의해 구속된 경우 ② 검사에 의해 공소제기(단, 약식기소 제외)된 경우 ③ 검사에 의해 약식기소 되었으나, 형사소송법 제450조에 의거 법원에 의해 공판절차에 의한 재판이 진행되게 되거나 동법 제453조에 의해 정식재판이 청구되는 경우 ④ 경찰 조사 후 불송치 된 경우(단, 타인을 사망하게 한 경우 또는 ""중대법규위반 교통사고""로 타인의 신체에 상해를 입힌 경우에 한함) ⑤ 검찰에 의해 약식기소 또는 불기소 처분이 있는 경우(단, 타인을 사망하게 한 경우 또는 ""중대법규위반 교통사고""로 타인의 신체에 상해를 입힌 경우에 한함) ⑥ 「자동차사고 부상 등급표」에서 정한 상해등급 1급~ 3급에 해당하는 상해를 입히고 경찰 조사 후 불송치 된 경우(단, 타인을 사망하게 한 경우 또는 ""중대법규위반 교통사고""로 타인의 신체에 상해를 입힌 경우는 제외) ⑦ 「자동차사고 부상 등급표」에서 정한 상해등급 1급~ 3급에 해당하는 상해를 입히고 검찰에 의해 약식기소 또는 불기소 처분이 있는 경우(단, 타인을 사망하게 한 경우 또는 ""중대법규위반 교통사고""로 타인의 신체에 상해를 입힌 경우는 제외)※ 1사고로 항소심, 상고심을 포함하여 다수의 소송을 하였을 경우 그 소송동안 피보험자가 실제로 부담한 전체 변호사선임비용을 합쳐서 가입금액을 한도로 보상","- 타인의 사망 또는 ① 내지 ③에 해당하는 경우 : 5,000만원 한도- ④ 내지 ⑤에 해당하는 경우 : · 1~3급 : 5,000만원 한도 · 4~7급 : 3,000만원 한도, · 8~14급 : 1,000만원 한도- ⑥ 내지 ⑦에 해당하는 경우 : 3,000만원 한도",,,,,,,,,,,,,,,,,,,,,,,,,,,
삼성화재,무배당 흥Good 든든한 SMILE 운전자 종합보험(26.03),주계약,운전자 벌금(대물),무배당 삼성화재 다이렉트 오토바이 운전자보험(2601.3),무배당 삼성화재 다이렉트 오토바이 운전자보험(2601.3),,11719,11719,,,,,자동차 운전중 교통사고로 도로교통법 151조에 따른 벌금형이 확정된 경우 가입금액 한도로 지급,,file_42.xls,삼성화재,무배당 삼성화재 다이렉트 오토바이 운전자보험(2601.3),운전자 벌금(대물),자동차 운전중 교통사고로 도로교통법 151조에 따른 벌금형이 확정된 경우 가입금액 한도로 지급,가입금액 한도,"11,719","11,719",97.9,96.9,,,,,,,,,,,,,,,,,,,,,
삼성화재,무배당 흥Good 든든한 SMILE 운전자 종합보험(26.03),주계약,운전자 벌금Ⅱ(대인),"자동차 운전중 교통사고로 타인의 신체에 상해를 입혀 확정판결로 벌금을 부담한 경우 2,000만원 한도로 지급 ※ 단, 특정범죄 가중처벌 등에 관한 법률 제5조의13(어린이 보호구역에서 어린이 치사상의 가중처벌)에 따른 벌금형이 확정된 경우 3,000만원 한도로 지급","자동차 운전중 교통사고로 타인의 신체에 상해를 입혀 확정판결로 벌금을 부담한 경우 2,000만원 한도로 지급 ※ 단, 특정범죄 가중처벌 등에 관한 법률 제5조의13(어린이 보호구역에서 어린이 치사상의 가중처벌)에 따른 벌금형이 확정된 경우 3,000만원 한도로 지급","자동차 운전중 교통사고로 타인의 신체에 상해를 입혀 확정판결로 벌금을 부담한 경우 2,000만원 한도로 지급 ※ 단, 특정범죄 가중처벌 등에 관한 법률 제5조의13(어린이 보호구역에서 어린이 치사상의 가중처벌)에 따른 벌금형이 확정된 경우 3,000만원 한도로 지급",,,,,,,,,file_42.xls,운전자 벌금Ⅱ(대인),"자동차 운전중 교통사고로 타인의 신체에 상해를 입혀 확정판결로 벌금을 부담한 경우 2,000만원 한도로 지급 ※ 단, 특정범죄 가중처벌 등에 관한 법률 제5조의13(어린이 보호구역에서 어린이 치사상의 가중처벌)에 따른 벌금형이 확정된 경우 3,000만원 한도로 지급",,,,,,,,,,,,,,,,,,,,,,,,,,,,
삼성화재,무배당 흥Good 든든한 SMILE 운전자 종합보험(26.03),주계약,이륜자동차 운전중 교통사고처리지원금(동승자 제외)(사망),"이륜자동차 운전중 교통사고로 피해자(피보험자의 부모, 배우자 및 자녀 제외)를 사망하게 한 경우(1사고당 피보험자가 실제로 지급한 형사합의금 지급) 피해자 1명당 1억원 한도로 보상",이륜자동차 운전중 교통사고처리지원금(동승자 제외)(사망),"이륜자동차 운전중 교통사고로 피해자(피보험자의 부모, 배우자 및 자녀 제외)를 사망하게 한 경우(1사고당 피보험자가 실제로 지급한 형사합의금 지급) 피해자 1명당 1억원 한도로 보상",,,,,,,,,file_42.xls,이륜자동차 운전중 교통사고처리지원금(동승자 제외)(사망),"이륜자동차 운전중 교통사고로 피해자(피보험자의 부모, 배우자 및 자녀 제외)를 사망하게 한 경우(1사고당 피보험자가 실제로 지급한 형사합의금 지급) 피해자 1명당 1억원 한도로 보상",,,,,,,,,,,,,,,,,,,,,,,,,,,,
삼성화재,무배당 흥Good 든든한 SMILE 운전자 종합보험(26.03),주계약,이륜자동차 운전중 교통사고처리지원금(동승자 제외)(중상해),"이륜자동차 운전중 약관에 정한 일반교통사고로 피해자(피보험자의 부모, 배우자 및 자녀 제외)에게 중상해를 입혀 약관에 정한 법령으로 검찰에 의해 공소제기되거나 「자동차사고 부상 등급표」에서 정한 상해급수 1급, 2급 또는 3급에 해당하는 부상을 입힌 경우(1사고당 피보험자가 실제로 지급한 형사합의금 지급) 피해자 1명당 1억원 한도로 지급",이륜자동차 운전중 교통사고처리지원금(동승자 제외)(중상해),"이륜자동차 운전중 약관에 정한 일반교통사고로 피해자(피보험자의 부모, 배우자 및 자녀 제외)에게 중상해를 입혀 약관에 정한 법령으로 검찰에 의해 공소제기되거나 「자동차사고 부상 등급표」에서 정한 상해급수 1급, 2급 또는 3급에 해당하는 부상을 입힌 경우(1사고당 피보험자가 실제로 지급한 형사합의금 지급) 피해자 1명당 1억원 한도로 지급",,,,,,,,,file_42.xls,이륜자동차 운전중 교통사고처리지원금(동승자 제외)(중상해),"이륜자동차 운전중 약관에 정한 일반교통사고로 피해자(피보험자의 부모, 배우자 및 자녀 제외)에게 중상해를 입혀 약관에 정한 법령으로 검찰에 의해 공소제기되거나 「자동차사고 부상 등급표」에서 정한 상해급수 1급, 2급 또는 3급에 해당하는 부상을 입힌 경우(1사고당 피보험자가 실제로 지급한 형사합의금 지급) 피해자 1명당 1억원 한도로 지급",,,,,,,,,,,,,,,,,,,,,,,,,,,,
삼성화재,무배당 흥Good 든든한 SMILE 운전자 종합보험(26.03),주계약,이륜자동차 운전중 교통사고처리지원금(동승자 제외)(중상해확대),"이륜자동차 운전중 약관에 정한 일반교통사고로 피해자에게 「자동차사고 부상 등급표」에서 정한 상해급수 1급, 2급 또는 3급 외에 해당하는 중상해를 입혀 형법 제258조 제1항 또는 제2항, 형법 제268조, 교통사고처리특례법 제3조 위반혐의로 경찰조사 후 불송치되거나, 검찰에 의해 불기소된 경우(1사고당 피보험자가 실제로 지급한 형사합의금 지급) 피해자 1명당 5,000만원 한도로 지급",이륜자동차 운전중 교통사고처리지원금(동승자 제외)(중상해확대),"이륜자동차 운전중 약관에 정한 일반교통사고로 피해자에게 「자동차사고 부상 등급표」에서 정한 상해급수 1급, 2급 또는 3급 외에 해당하는 중상해를 입혀 형법 제258조 제1항 또는 제2항, 형법 제268조, 교통사고처리특례법 제3조 위반혐의로 경찰조사 후 불송치되거나, 검찰에 의해 불기소된 경우(1사고당 피보험자가 실제로 지급한 형사합의금 지급) 피해자 1명당 5,000만원 한도로 지급",,,,,,,,,file_42.xls,이륜자동차 운전중 교통사고처리지원금(동승자 제외)(중상해확대),"이륜자동차 운전중 약관에 정한 일반교통사고로 피해자에게 「자동차사고 부상 등급표」에서 정한 상해급수 1급, 2급 또는 3급 외에 해당하는 중상해를 입혀 형법 제258조 제1항 또는 제2항, 형법 제268조, 교통사고처리특례법 제3조 위반혐의로 경찰조사 후 불송치되거나, 검찰에 의해 불기소된 경우(1사고당 피보험자가 실제로 지급한 형사합의금 지급) 피해자 1명당 5,000만원 한도로 지급",,,,,,,,,,,,,,,,,,,,,,,,,,,,
삼성화재,무배당 흥Good 든든한 SMILE 운전자 종합보험(26.03),주계약,이륜자동차 운전중 교통사고처리지원금Ⅱ(동승자 제외)(6주이상부상),"이륜자동차 운전중 약관에 정한 중대법규위반 교통사고로 피해자(피보험자의 부모, 배우자 및 자녀 제외)가 42일, 70일, 140일이상(다수 피해자의 진단일을 합하여 계산하지 않음) 치료를 요한다는 진단을 받은 경우(1사고당 피보험자가 실제로 지급한 형사합의금 지급) 피해자 1명당 ·6주이상 10주미만 : 2,000만원 한도 ·10주이상 20주미만 : 7,000만원 한도 ·20주이상 : 1억원 한도로 지급",이륜자동차 운전중 교통사고처리지원금Ⅱ(동승자 제외)(6주이상부상),"이륜자동차 운전중 약관에 정한 중대법규위반 교통사고로 피해자(피보험자의 부모, 배우자 및 자녀 제외)가 42일, 70일, 140일이상(다수 피해자의 진단일을 합하여 계산하지 않음) 치료를 요한다는 진단을 받은 경우(1사고당 피보험자가 실제로 지급한 형사합의금 지급) 피해자 1명당 ·6주이상 10주미만 : 2,000만원 한도 ·10주이상 20주미만 : 7,000만원 한도 ·20주이상 : 1억원 한도로 지급",,,,,,,,,file_42.xls,이륜자동차 운전중 교통사고처리지원금Ⅱ(동승자 제외)(6주이상부상),"이륜자동차 운전중 약관에 정한 중대법규위반 교통사고로 피해자(피보험자의 부모, 배우자 및 자녀 제외)가 42일, 70일, 140일이상(다수 피해자의 진단일을 합하여 계산하지 않음) 치료를 요한다는 진단을 받은 경우(1사고당 피보험자가 실제로 지급한 형사합의금 지급) 피해자 1명당 ·6주이상 10주미만 : 2,000만원 한도 ·10주이상 20주미만 : 7,000만원 한도 ·20주이상 : 1억원 한도로 지급",,,,,,,,,,,,,,,,,,,,,,,,,,,,
삼성화재,무배당 흥Good 든든한 SMILE 운전자 종합보험(26.03),주계약,이륜자동차 운전중 교통상해 사망,이륜자동차 운전중 사고로 사망한 경우 가입금액 지급,이륜자동차 운전중 사고로 사망한 경우 가입금액 지급,,,,,,,,,,file_42.xls,이륜자동차 운전중 교통상해 사망,이륜자동차 운전중 사고로 사망한 경우 가입금액 지급,가입금액,,,,,,,,,,,,,,,,,,,,,,,,,,,
삼성화재,무배당 흥Good 든든한 SMILE 운전자 종합보험(26.03),주계약,자동차사고 변호사선임비용Ⅶ(경찰조사포함),"자동차 운전중 교통사고로 타인을 사망에 이르게 하거나 「자동차사고 부상 등급표」에서 정한 상해등급에 해당하는 상해를 입혀 아래의 ① 내지 ⑦로 인해 발생한 변호사선임비용 중 실제로 부담한 금액을 1사고마다 약관에 정해진 한도로 보상① 구속영장에 의해 구속된 경우 ② 검사에 의해 공소제기(단, 약식기소 제외)된 경우 ③ 검사에 의해 약식기소 되었으나, 형사소송법 제450조에 의거 법원에 의해 공판절차에 의한 재판이 진행되게 되거나 동법 제453조에 의해 정식재판이 청구되는 경우 ④ 경찰 조사 후 불송치 된 경우(단, 타인을 사망하게 한 경우 또는","자동차 운전중 교통사고로 타인을 사망에 이르게 하거나 「자동차사고 부상 등급표」에서 정한 상해등급에 해당하는 상해를 입혀 아래의 ① 내지 ⑦로 인해 발생한 변호사선임비용 중 실제로 부담한 금액을 1사고마다 약관에 정해진 한도로 보상① 구속영장에 의해 구속된 경우 ② 검사에 의해 공소제기(단, 약식기소 제외)된 경우 ③ 검사에 의해 약식기소 되었으나, 형사소송법 제450조에 의거 법원에 의해 공판절차에 의한 재판이 진행되게 되거나 동법 제453조에 의해 정식재판이 청구되는 경우 ④ 경찰 조사 후 불송치 된 경우(단, 타인을 사망하게 한 경우 또는","- 타인의 사망 또는 ① 내지 ③에 해당하는 경우 : 5,000만원 한도- ④ 내지 ⑤에 해당하는 경우 : · 1~3급 : 5,000만원 한도 · 4~7급 : 3,000만원 한도, · 8~14급 : 1,000만원 한도- ⑥ 내지 ⑦에 해당하는 경우 : 3,000만원 한도",,,,,,,"- 타인의 사망 또는 ① 내지 ③에 해당하는 경우 : 5,000만원 한도- ④ 내지 ⑤에 해당하는 경우 : · 1~3급 : 5,000만원 한도 · 4~7급 : 3,000만원 한도, · 8~14급 : 1,000만원 한도- ⑥ 내지 ⑦에 해당하는 경우 : 3,000만원 한도",,file_42.xls,자동차사고 변호사선임비용Ⅶ(경찰조사포함),"자동차 운전중 교통사고로 타인을 사망에 이르게 하거나 「자동차사고 부상 등급표」에서 정한 상해등급에 해당하는 상해를 입혀 아래의 ① 내지 ⑦로 인해 발생한 변호사선임비용 중 실제로 부담한 금액을 1사고마다 약관에 정해진 한도로 보상① 구속영장에 의해 구속된 경우 ② 검사에 의해 공소제기(단, 약식기소 제외)된 경우 ③ 검사에 의해 약식기소 되었으나, 형사소송법 제450조에 의거 법원에 의해 공판절차에 의한 재판이 진행되게 되거나 동법 제453조에 의해 정식재판이 청구되는 경우 ④ 경찰 조사 후 불송치 된 경우(단, 타인을 사망하게 한 경우 또는","- 타인의 사망 또는 ① 내지 ③에 해당하는 경우 : 5,000만원 한도- ④ 내지 ⑤에 해당하는 경우 : · 1~3급 : 5,000만원 한도 · 4~7급 : 3,000만원 한도, · 8~14급 : 1,000만원 한도- ⑥ 내지 ⑦에 해당하는 경우 : 3,000만원 한도",,,,,,,,,,,,,,,,,,,,,,,,,,,
삼성화재,무배당 흥Good 든든한 SMILE 운전자 종합보험(26.03),주계약,교통사고처리지원금Ⅶ(중상해보장확대)(비탑승중Ⅱ 포함),무배당 삼성화재 다이렉트 국방가족안심 운전자보험(2603.2),무배당 삼성화재 다이렉트 국방가족안심 운전자보험(2603.2),"자동차 운전중 및 운전후 비탑승 상태에서 약관에 정한 일반교통사고로 피해자(피보험자의 부모, 배우자 및 자녀 제외)에게 중상해를 입혀 약관에 정한 법령으로 검찰에 의해 공소제기되거나 「자동차사고 부상 등급표」에서 정한 상해급수 1급, 2급 또는 3급에 해당하는 부상을 입힌 경우(1사고당 피보험자가 실제로 지급한 형사합의금 지급) 피해자 1명당 2억원 한도로 지급",5701,4501,,,,,"자동차 운전중 및 운전후 비탑승 상태에서 약관에 정한 일반교통사고로 피해자(피보험자의 부모, 배우자 및 자녀 제외)에게 중상해를 입혀 약관에 정한 법령으로 검찰에 의해 공소제기되거나 「자동차사고 부상 등급표」에서 정한 상해급수 1급, 2급 또는 3급에 해당하는 부상을 입힌 경우(1사고당 피보험자가 실제로 지급한 형사합의금 지급) 피해자 1명당 2억원 한도로 지급",,file_42.xls,삼성화재,무배당 삼성화재 다이렉트 국방가족안심 운전자보험(2603.2),교통사고처리지원금Ⅶ(중상해보장확대)(비탑승중Ⅱ 포함),"자동차 운전중 및 운전후 비탑승 상태에서 약관에 정한 일반교통사고로 피해자(피보험자의 부모, 배우자 및 자녀 제외)에게 중상해를 입혀 약관에 정한 법령으로 검찰에 의해 공소제기되거나 「자동차사고 부상 등급표」에서 정한 상해급수 1급, 2급 또는 3급에 해당하는 부상을 입힌 경우(1사고당 피보험자가 실제로 지급한 형사합의금 지급) 피해자 1명당 2억원 한도로 지급",가입금액 한도,"5,701","4,501",98.6,95.7,,,,,,,,,,,,,,,,,,,,,
삼성화재,무배당 흥Good 든든한 SMILE 운전자 종합보험(26.03),주계약,교통상해 사망,교통사고(비운전자의 경우 비운전중 교통사고)로 사망한 경우 가입금액 지급,교통사고(비운전자의 경우 비운전중 교통사고)로 사망한 경우 가입금액 지급,,,,,,,,,,file_42.xls,교통상해 사망,교통사고(비운전자의 경우 비운전중 교통사고)로 사망한 경우 가입금액 지급,가입금액,,,,,,,,,,,,,,,,,,,,,,,,,,,
삼성화재,무배당 흥Good 든든한 SMILE 운전자 종합보험(26.03),주계약,교통상해 후유장해(3~100%),교통사고(비운전자의 경우 비운전중 교통사고)로 후유장해가 발생한 경우 가입금액 한도로 지급,교통상해 후유장해(3~100%),,,,,,,,,,file_42.xls,교통상해 후유장해(3~100%),교통사고(비운전자의 경우 비운전중 교통사고)로 후유장해가 발생한 경우 가입금액 한도로 지급,가입금액 한도,,,,,,,,,,,,,,,,,,,,,,,,,,,
삼성화재,무배당 흥Good 든든한 SMILE 운전자 종합보험(26.03),주계약,심급별 자동차사고 변호사선임비용Ⅶ(경찰조사포함)(비탑승중Ⅱ 포함),"자동차 운전후 비탑승 상태에서 교통사고로 타인을 사망에 이르게 하거나 「자동차사고 부상 등급표」에서 정한 상해등급에 해당하는 상해를 입혀 아래의 ① 내지 ⑦로 인해 발생한 변호사선임비용 중 실제로 부담한 금액을 1사고마다 약관에 정해진 한도로 보상① 구속영장에 의해 구속된 경우② 검사에 의해 공소제기(단, 약식기소 제외) 된 경우③ 검사에 의해 약식기소 되었으나, 형사소송법 제450조에 의거 법원에 의해 공판절차에 의한 재판이 진행되게 되거나 동법 제453조에 의해 정식재판이 청구되는 경우④ 경찰 조사 후 불송치 된 경우(단, 타인을 사망하게 한 경우에 한함)⑤ 검찰에 의해 약식기소 또는 불기소 처분이 있는 경우(단, 타인을 사망하게 한 경우에 한함)⑥ 「자동차사고 부상 등급표」에서 정한 상해등급 1급~ 3급에 해당하는 상해를 입히고 경찰 조사 후 불송치 된 경우(단, 타인을 사망하게 한 경우 또는","자동차 운전후 비탑승 상태에서 교통사고로 타인을 사망에 이르게 하거나 「자동차사고 부상 등급표」에서 정한 상해등급에 해당하는 상해를 입혀 아래의 ① 내지 ⑦로 인해 발생한 변호사선임비용 중 실제로 부담한 금액을 1사고마다 약관에 정해진 한도로 보상① 구속영장에 의해 구속된 경우② 검사에 의해 공소제기(단, 약식기소 제외) 된 경우③ 검사에 의해 약식기소 되었으나, 형사소송법 제450조에 의거 법원에 의해 공판절차에 의한 재판이 진행되게 되거나 동법 제453조에 의해 정식재판이 청구되는 경우④ 경찰 조사 후 불송치 된 경우(단, 타인을 사망하게 한 경우에 한함)⑤ 검찰에 의해 약식기소 또는 불기소 처분이 있는 경우(단, 타인을 사망하게 한 경우에 한함)⑥ 「자동차사고 부상 등급표」에서 정한 상해등급 1급~ 3급에 해당하는 상해를 입히고 경찰 조사 후 불송치 된 경우(단, 타인을 사망하게 한 경우 또는",- 타인을 사망하게 하여 ④ 내지 ⑤에 해당하는 경우 : · 1심(경찰조사포함) 500만원한도- 타인을 사망하게 하거나 타인의 신체에 상해를 입혀 ① 내지 ③에 해당하는 경우 : 1심(경찰조사포함) 500만원 한도 · 항소심(2심) 500만원 한도 · 상고심(3심) 500만원 한도- 타인의 신체에 상해를 입혀 ⑥ 내지 ⑦에 해당하는 경우 : 1심(경찰조사포함) 500만원 한도,,,,,,,- 타인을 사망하게 하여 ④ 내지 ⑤에 해당하는 경우 : · 1심(경찰조사포함) 500만원한도- 타인을 사망하게 하거나 타인의 신체에 상해를 입혀 ① 내지 ③에 해당하는 경우 : 1심(경찰조사포함) 500만원 한도 · 항소심(2심) 500만원 한도 · 상고심(3심) 500만원 한도- 타인의 신체에 상해를 입혀 ⑥ 내지 ⑦에 해당하는 경우 : 1심(경찰조사포함) 500만원 한도,,file_42.xls,심급별 자동차사고 변호사선임비용Ⅶ(경찰조사포함)(비탑승중Ⅱ 포함),"자동차 운전후 비탑승 상태에서 교통사고로 타인을 사망에 이르게 하거나 「자동차사고 부상 등급표」에서 정한 상해등급에 해당하는 상해를 입혀 아래의 ① 내지 ⑦로 인해 발생한 변호사선임비용 중 실제로 부담한 금액을 1사고마다 약관에 정해진 한도로 보상① 구속영장에 의해 구속된 경우② 검사에 의해 공소제기(단, 약식기소 제외) 된 경우③ 검사에 의해 약식기소 되었으나, 형사소송법 제450조에 의거 법원에 의해 공판절차에 의한 재판이 진행되게 되거나 동법 제453조에 의해 정식재판이 청구되는 경우④ 경찰 조사 후 불송치 된 경우(단, 타인을 사망하게 한 경우에 한함)⑤ 검찰에 의해 약식기소 또는 불기소 처분이 있는 경우(단, 타인을 사망하게 한 경우에 한함)⑥ 「자동차사고 부상 등급표」에서 정한 상해등급 1급~ 3급에 해당하는 상해를 입히고 경찰 조사 후 불송치 된 경우(단, 타인을 사망하게 한 경우 또는",- 타인을 사망하게 하여 ④ 내지 ⑤에 해당하는 경우 : · 1심(경찰조사포함) 500만원한도- 타인을 사망하게 하거나 타인의 신체에 상해를 입혀 ① 내지 ③에 해당하는 경우 : 1심(경찰조사포함) 500만원 한도 · 항소심(2심) 500만원 한도 · 상고심(3심) 500만원 한도- 타인의 신체에 상해를 입혀 ⑥ 내지 ⑦에 해당하는 경우 : 1심(경찰조사포함) 500만원 한도,,,,,,,,,,,,,,,,,,,,,,,,,,,
삼성화재,무배당 흥Good 든든한 SMILE 운전자 종합보험(26.03),주계약,자동차 운전중 교통사고로 타인을 사망에 이르게 하거나 「자동차사고 부상 등급표」에서 정한 상해등급에 해당하는 상해를 입혀 아래의 ① 내지 ⑦로 인해 발생한 변호사선임비용 중 실제로 부담한 금액을 1사고마다 진행된,"- 타인을 사망하게 하여 ④ 내지 ⑤에 해당하는 경우 : · 1심(경찰조사포함) 500만원한도- 타인을 사망하게 하거나 타인의 신체에 상해를 입혀 ① 내지 ③에 해당하는 경우 : 1심(경찰조사포함) 500만원 한도 · 항소심(2심) 500만원 한도 · 상고심(3심) 500만원 한도- 타인의 신체에 상해를 입혀 ④ 내지 ⑤에 해당하는 경우 : · 1심(경찰조사포함) 1~7급 : 500만원 한도 · 8~11급 : 400만원 한도, · 12~14급 : 200만원 한도- 타인의 신체에 상해를 입혀 ⑥ 내지 ⑦에 해당하는 경우 : 1심(경찰조사포함) 500만원 한도","- 타인을 사망하게 하여 ④ 내지 ⑤에 해당하는 경우 : · 1심(경찰조사포함) 500만원한도- 타인을 사망하게 하거나 타인의 신체에 상해를 입혀 ① 내지 ③에 해당하는 경우 : 1심(경찰조사포함) 500만원 한도 · 항소심(2심) 500만원 한도 · 상고심(3심) 500만원 한도- 타인의 신체에 상해를 입혀 ④ 내지 ⑤에 해당하는 경우 : · 1심(경찰조사포함) 1~7급 : 500만원 한도 · 8~11급 : 400만원 한도, · 12~14급 : 200만원 한도- 타인의 신체에 상해를 입혀 ⑥ 내지 ⑦에 해당하는 경우 : 1심(경찰조사포함) 500만원 한도","- 타인을 사망하게 하여 ④ 내지 ⑤에 해당하는 경우 : · 1심(경찰조사포함) 500만원한도- 타인을 사망하게 하거나 타인의 신체에 상해를 입혀 ① 내지 ③에 해당하는 경우 : 1심(경찰조사포함) 500만원 한도 · 항소심(2심) 500만원 한도 · 상고심(3심) 500만원 한도- 타인의 신체에 상해를 입혀 ④ 내지 ⑤에 해당하는 경우 : · 1심(경찰조사포함) 1~7급 : 500만원 한도 · 8~11급 : 400만원 한도, · 12~14급 : 200만원 한도- 타인의 신체에 상해를 입혀 ⑥ 내지 ⑦에 해당하는 경우 : 1심(경찰조사포함) 500만원 한도",,,,,,,,,file_42.xls,자동차 운전중 교통사고로 타인을 사망에 이르게 하거나 「자동차사고 부상 등급표」에서 정한 상해등급에 해당하는 상해를 입혀 아래의 ① 내지 ⑦로 인해 발생한 변호사선임비용 중 실제로 부담한 금액을 1사고마다 진행된,"- 타인을 사망하게 하여 ④ 내지 ⑤에 해당하는 경우 : · 1심(경찰조사포함) 500만원한도- 타인을 사망하게 하거나 타인의 신체에 상해를 입혀 ① 내지 ③에 해당하는 경우 : 1심(경찰조사포함) 500만원 한도 · 항소심(2심) 500만원 한도 · 상고심(3심) 500만원 한도- 타인의 신체에 상해를 입혀 ④ 내지 ⑤에 해당하는 경우 : · 1심(경찰조사포함) 1~7급 : 500만원 한도 · 8~11급 : 400만원 한도, · 12~14급 : 200만원 한도- 타인의 신체에 상해를 입혀 ⑥ 내지 ⑦에 해당하는 경우 : 1심(경찰조사포함) 500만원 한도",,,,,,,,,,,,,,,,,,,,,,,,,,,,
현대해상,무배당 흥Good 든든한 SMILE 운전자 종합보험(26.03),주계약,교통상해사망(비운전중),(무)현대해상하이콜운전자상해보험(Hi2601)/(무)현대해상마음플러스( )상해종합보험(Hi2601) 3종,1억원,1억원,16196,9043,,,,,비운전중 교통사고로 발생한 상해로 사망한 경우,,file_42.xls,현대해상,(무)현대해상하이콜운전자상해보험(Hi2601)/(무)현대해상마음플러스( )상해종합보험(Hi2601) 3종,교통상해사망(비운전중),비운전중 교통사고로 발생한 상해로 사망한 경우,1억원,"16,196","9,043",100,107.6,,,,,,,,,,,,,,,,,,,,,
현대해상,무배당 흥Good 든든한 SMILE 운전자 종합보험(26.03),주계약,"교통상해후유장해(비운전중,50%이상)",비운전중 교통사고로 발생한 상해로 50%이상 후유장해가 발생한 경우,"교통상해후유장해(비운전중,50%이상)",,,,,,,,,,file_42.xls,"교통상해후유장해(비운전중,50%이상)",비운전중 교통사고로 발생한 상해로 50%이상 후유장해가 발생한 경우,,,,,,,,,,,,,,,,,,,,,,,,,,,,
현대해상,무배당 흥Good 든든한 SMILE 운전자 종합보험(26.03),주계약,"자동차사고부상(비운전중,1-7급)",비운전중 자동차사고로 발생한 상해로 자동차손해배상보장법 시행령 제3조에 정한 상해 1급 내지 7급을 받은 경우,비운전중 자동차사고로 발생한 상해로 자동차손해배상보장법 시행령 제3조에 정한 상해 1급 내지 7급을 받은 경우,5백만원,,,,,,,,,file_42.xls,"자동차사고부상(비운전중,1-7급)",비운전중 자동차사고로 발생한 상해로 자동차손해배상보장법 시행령 제3조에 정한 상해 1급 내지 7급을 받은 경우,5백만원,,,,,,,,,,,,,,,,,,,,,,,,,,,
현대해상,무배당 흥Good 든든한 SMILE 운전자 종합보험(26.03),주계약,교통상해사망(운전자),(무)현대해상하이콜운전자상해보험(Hi2601)/(무)현대해상마음플러스( )상해종합보험(Hi2601) 2종,1억원,1억원,9058,6496,,,,,교통사고로 발생한 상해로 사망한  경우,,file_42.xls,현대해상,(무)현대해상하이콜운전자상해보험(Hi2601)/(무)현대해상마음플러스( )상해종합보험(Hi2601) 2종,교통상해사망(운전자),교통사고로 발생한 상해로 사망한  경우,1억원,"9,058","6,496",89.2,89.8,,,,,,,,,,,,,,,,,,,,,
현대해상,무배당 흥Good 든든한 SMILE 운전자 종합보험(26.03),주계약,"교통상해후유장해(운전자,50%이상)",교통사고로 발생한 상해로 50%이상 후유장해가 발생한 경우,"교통상해후유장해(운전자,50%이상)",,,,,,,,,,file_42.xls,"교통상해후유장해(운전자,50%이상)",교통사고로 발생한 상해로 50%이상 후유장해가 발생한 경우,,,,,,,,,,,,,,,,,,,,,,,,,,,,
현대해상,무배당 흥Good 든든한 SMILE 운전자 종합보험(26.03),주계약,자동차사고벌금(대물),자동차 운전중 사고로 타인의 재물을 손괴하여 도로교통법 제151조(벌칙)에 따른 벌금형을 받은 경우,5백만원,5백만원,,,,,,,,,file_42.xls,자동차사고벌금(대물),자동차 운전중 사고로 타인의 재물을 손괴하여 도로교통법 제151조(벌칙)에 따른 벌금형을 받은 경우,5백만원,,,,,,,,,,,,,,,,,,,,,,,,,,,
현대해상,무배당 흥Good 든든한 SMILE 운전자 종합보험(26.03),주계약,"자동차사고벌금Ⅲ(대인,비탑승중포함)",'자동차 운전중' 또는 '자동차 운전 후 비탑승 상태'에서 발생한 사고로 타인의 신체에 상해를 입혀 신체상해와 관련하여 벌금형을 받은 경우,3천만원,3천만원,,,,,,,,,file_42.xls,"자동차사고벌금Ⅲ(대인,비탑승중포함)",'자동차 운전중' 또는 '자동차 운전 후 비탑승 상태'에서 발생한 사고로 타인의 신체에 상해를 입혀 신체상해와 관련하여 벌금형을 받은 경우,3천만원,,,,,,,,,,,,,,,,,,,,,,,,,,,
현대해상,무배당 흥Good 든든한 SMILE 운전자 종합보험(26.03),주계약,"자동차사고변호사선임비용Ⅴ(심급별Ⅱ)(특정사고경찰조사포함Ⅱ,비탑승중포함)","○'자동차 운전중' 또는 '자동차 운전 후 비탑승 상태'에서 발생한 사고로 타인의 신체에 상해를 입혀 구속, 기소(약식기소 제외), 약식기소 후 공판회부 또는 약식명령에 불복하여 정식재판을 청구하는 경우○자동차 운전중 타인을 사망하게 한 경우 또는 중대법규위반 교통사고로 타인의 신체에 상해를 입힌 혐의로 경찰 조사 후 불송치된 경우, 검찰에 의해 약식기소 또는 불기소된 경우○자동차 운전 후 비탑승 상태에서 발생한 사고로 타인을 사망하게 한 혐의로 경찰 조사 후 불송치된 경우, 검찰에 의해 약식기소 또는 불기소된 경우○'자동차 운전중' 또는 '자동차 운전 후 비탑승 상태'에서 발생한 일반교통사고로 타인에게 자동차손해배상보장법 시행령 제3조에서 정한 상해1~3급에 해당하는 부상을 입힌 혐의로 경찰 조사 후 불송치된 경우, 검찰에 의해 약식기소 또는 불기소된 경우","○'자동차 운전중' 또는 '자동차 운전 후 비탑승 상태'에서 발생한 사고로 타인의 신체에 상해를 입혀 구속, 기소(약식기소 제외), 약식기소 후 공판회부 또는 약식명령에 불복하여 정식재판을 청구하는 경우○자동차 운전중 타인을 사망하게 한 경우 또는 중대법규위반 교통사고로 타인의 신체에 상해를 입힌 혐의로 경찰 조사 후 불송치된 경우, 검찰에 의해 약식기소 또는 불기소된 경우○자동차 운전 후 비탑승 상태에서 발생한 사고로 타인을 사망하게 한 혐의로 경찰 조사 후 불송치된 경우, 검찰에 의해 약식기소 또는 불기소된 경우○'자동차 운전중' 또는 '자동차 운전 후 비탑승 상태'에서 발생한 일반교통사고로 타인에게 자동차손해배상보장법 시행령 제3조에서 정한 상해1~3급에 해당하는 부상을 입힌 혐의로 경찰 조사 후 불송치된 경우, 검찰에 의해 약식기소 또는 불기소된 경우",1500만원,,,,,,,,,file_42.xls,"자동차사고변호사선임비용Ⅴ(심급별Ⅱ)(특정사고경찰조사포함Ⅱ,비탑승중포함)","○'자동차 운전중' 또는 '자동차 운전 후 비탑승 상태'에서 발생한 사고로 타인의 신체에 상해를 입혀 구속, 기소(약식기소 제외), 약식기소 후 공판회부 또는 약식명령에 불복하여 정식재판을 청구하는 경우○자동차 운전중 타인을 사망하게 한 경우 또는 중대법규위반 교통사고로 타인의 신체에 상해를 입힌 혐의로 경찰 조사 후 불송치된 경우, 검찰에 의해 약식기소 또는 불기소된 경우○자동차 운전 후 비탑승 상태에서 발생한 사고로 타인을 사망하게 한 혐의로 경찰 조사 후 불송치된 경우, 검찰에 의해 약식기소 또는 불기소된 경우○'자동차 운전중' 또는 '자동차 운전 후 비탑승 상태'에서 발생한 일반교통사고로 타인에게 자동차손해배상보장법 시행령 제3조에서 정한 상해1~3급에 해당하는 부상을 입힌 혐의로 경찰 조사 후 불송치된 경우, 검찰에 의해 약식기소 또는 불기소된 경우",1500만원,,,,,,,,,,,,,,,,,,,,,,,,,,,
현대해상,무배당 흥Good 든든한 SMILE 운전자 종합보험(26.03),주계약,"자동차사고부상(운전자,1-7급)",자동차사고로 발생한 상해로 자동차손해배상보장법 시행령 제3조에 정한 상해 1급 내지 7급을 받은 경우,자동차사고로 발생한 상해로 자동차손해배상보장법 시행령 제3조에 정한 상해 1급 내지 7급을 받은 경우,5백만원,,,,,,,,,file_42.xls,"자동차사고부상(운전자,1-7급)",자동차사고로 발생한 상해로 자동차손해배상보장법 시행령 제3조에 정한 상해 1급 내지 7급을 받은 경우,5백만원,,,,,,,,,,,,,,,,,,,,,,,,,,,
현대해상,무배당 흥Good 든든한 SMILE 운전자 종합보험(26.03),주계약,"○ '자동차 운전중' 또는 '자동차 운전 후 비탑승 상태'에서 발생한 사고로 타인(피보험자의 부모, 배우자 및 자녀제외)을 사망케하거나 아래와 같은 상해를 입힌 경우○ 자동차 운전중 “중대법규 위반교통사고”로 42일이상 치료를 요한다는 진단받은 경우○ '자동차 운전중' 또는 '자동차 운전 후 비탑승 상태'에서 발생한 “일반교통사고”로 중상해를 입혀 형법 제258조 제1항 또는 제2항, 형법 제268조, 교통사고처리특례법 제3조에 따라 공소제기되거나 자동차손해배상보장법 시행령 제3조에서 정한 상해1~3급에 해당하는 부상을 입힌 경우",,자동차사고처리지원금(비탑승중포함),2억원,,,,,,,,,file_42.xls,자동차사고처리지원금(비탑승중포함),"○ '자동차 운전중' 또는 '자동차 운전 후 비탑승 상태'에서 발생한 사고로 타인(피보험자의 부모, 배우자 및 자녀제외)을 사망케하거나 아래와 같은 상해를 입힌 경우○ 자동차 운전중 “중대법규 위반교통사고”로 42일이상 치료를 요한다는 진단받은 경우○ '자동차 운전중' 또는 '자동차 운전 후 비탑승 상태'에서 발생한 “일반교통사고”로 중상해를 입혀 형법 제258조 제1항 또는 제2항, 형법 제268조, 교통사고처리특례법 제3조에 따라 공소제기되거나 자동차손해배상보장법 시행령 제3조에서 정한 상해1~3급에 해당하는 부상을 입힌 경우",2억원,,,,,,,,,,,,,,,,,,,,,,,,,,,
현대해상,무배당 흥Good 든든한 SMILE 운전자 종합보험(26.03),주계약,교통상해사망(운전자),(무)현대해상하이콜운전자상해보험(Hi2601)/(무)현대해상마음플러스( )상해종합보험(Hi2601) 1종,1억원,1억원,10245,7738,,,,,교통사고로 발생한 상해로 사망한  경우,,file_42.xls,현대해상,(무)현대해상하이콜운전자상해보험(Hi2601)/(무)현대해상마음플러스( )상해종합보험(Hi2601) 1종,교통상해사망(운전자),교통사고로 발생한 상해로 사망한  경우,1억원,"10,245","7,738",100.9,107,,,,,,,,,,,,,,,,,,,,,
현대해상,무배당 흥Good 든든한 SMILE 운전자 종합보험(26.03),주계약,교통상해사망(비운전중),(무)현대해상뉴하이카운전자상해보험(Hi2601) 3종,1억원,1억원,16281,13753,,,,,교통사고로 발생한 상해로 사망한  경우,,file_42.xls,현대해상,(무)현대해상뉴하이카운전자상해보험(Hi2601) 3종,교통상해사망(비운전중),교통사고로 발생한 상해로 사망한  경우,1억원,"16,281","13,753",105.1,115.6,,,,,,,,,,,,,,,,,,,,,
현대해상,무배당 흥Good 든든한 SMILE 운전자 종합보험(26.03),주계약,보험료납입면제대상(비운전중),,100만원,100만원,,,,,,,,,file_42.xls,보험료납입면제대상(비운전중),납입면제대상사고가 발생한 경우,100만원,,,,,,,,,,,,,,,,,,,,,,,,,,,
현대해상,무배당 흥Good 든든한 SMILE 운전자 종합보험(26.03),주계약,"자동차사고부상(비운전중,1-7급)",비운전중 자동차사고로 발생한 상해로 자동차손해배상보장법 시행령 제3조에 정한 상해 1급 내지 7급을 받은 경우,비운전중 자동차사고로 발생한 상해로 자동차손해배상보장법 시행령 제3조에 정한 상해 1급 내지 7급을 받은 경우,2000만원,,,,,,,,,file_42.xls,"자동차사고부상(비운전중,1-7급)",비운전중 자동차사고로 발생한 상해로 자동차손해배상보장법 시행령 제3조에 정한 상해 1급 내지 7급을 받은 경우,2000만원,,,,,,,,,,,,,,,,,,,,,,,,,,,
현대해상,무배당 흥Good 든든한 SMILE 운전자 종합보험(26.03),주계약,자동차사고부상Ⅱ(비운전중)(1-2급),비운전중 자동차사고로 발생한 상해로 자동차손해배상보장법 시행령 제3조에 정한 상해등급 1급 내지 2급을 받은 경우,비운전중 자동차사고로 발생한 상해로 자동차손해배상보장법 시행령 제3조에 정한 상해등급 1급 내지 2급을 받은 경우,5000만원,,,,,,,,,file_42.xls,자동차사고부상Ⅱ(비운전중)(1-2급),비운전중 자동차사고로 발생한 상해로 자동차손해배상보장법 시행령 제3조에 정한 상해등급 1급 내지 2급을 받은 경우,5000만원,,,,,,,,,,,,,,,,,,,,,,,,,,,
현대해상,무배당 흥Good 든든한 SMILE 운전자 종합보험(26.03),주계약,자동차사고부상Ⅱ(비운전중)(3-4급),비운전중 자동차사고로 발생한 상해로 자동차손해배상보장법 시행령 제3조에 정한 상해등급 3급 내지 4급을 받은 경우,비운전중 자동차사고로 발생한 상해로 자동차손해배상보장법 시행령 제3조에 정한 상해등급 3급 내지 4급을 받은 경우,1800만원,,,,,,,,,file_42.xls,자동차사고부상Ⅱ(비운전중)(3-4급),비운전중 자동차사고로 발생한 상해로 자동차손해배상보장법 시행령 제3조에 정한 상해등급 3급 내지 4급을 받은 경우,1800만원,,,,,,,,,,,,,,,,,,,,,,,,,,,
현대해상,무배당 흥Good 든든한 SMILE 운전자 종합보험(26.03),주계약,자동차사고부상Ⅱ(비운전중)(5-14급),비운전중 자동차사고로 발생한 상해로 자동차손해배상보장법 시행령 제3조에 정한 상해등급 5급 내지 14급을 받은 경우,비운전중 자동차사고로 발생한 상해로 자동차손해배상보장법 시행령 제3조에 정한 상해등급 5급 내지 14급을 받은 경우,450만원,,,,,,,,,file_42.xls,자동차사고부상Ⅱ(비운전중)(5-14급),비운전중 자동차사고로 발생한 상해로 자동차손해배상보장법 시행령 제3조에 정한 상해등급 5급 내지 14급을 받은 경우,450만원,,,,,,,,,,,,,,,,,,,,,,,,,,,
현대해상,무배당 흥Good 든든한 SMILE 운전자 종합보험(26.03),주계약,교통상해사망(운전자),(무)현대해상뉴하이카운전자상해보험(Hi2601) 2종,1억원,1억원,8989,8641,,,,,교통사고로 발생한 상해로 사망한  경우,,file_42.xls,현대해상,(무)현대해상뉴하이카운전자상해보험(Hi2601) 2종,교통상해사망(운전자),교통사고로 발생한 상해로 사망한  경우,1억원,"8,989","8,641",85.6,96.4,,,,,,,,,,,,,,,,,,,,,
현대해상,무배당 흥Good 든든한 SMILE 운전자 종합보험(26.03),주계약,보험료납입면제대상(운전자),,100만원,100만원,,,,,,,,,file_42.xls,보험료납입면제대상(운전자),납입면제대상사고가 발생한 경우,100만원,,,,,,,,,,,,,,,,,,,,,,,,,,,
현대해상,무배당 흥Good 든든한 SMILE 운전자 종합보험(26.03),주계약,자동차사고벌금(대물),자동차 운전중 사고로 타인의 재물을 손괴하여 도로교통법 제151조(벌칙)에 따른 벌금형이 확정된 경우,500만원,500만원,,,,,,,,,file_42.xls,자동차사고벌금(대물),자동차 운전중 사고로 타인의 재물을 손괴하여 도로교통법 제151조(벌칙)에 따른 벌금형이 확정된 경우,500만원,,,,,,,,,,,,,,,,,,,,,,,,,,,
현대해상,무배당 흥Good 든든한 SMILE 운전자 종합보험(26.03),주계약,"자동차사고벌금Ⅲ(대인,비탑승중포함)",'자동차 운전중' 또는 '자동차 운전 후 비탑승 상태'에서 발생한 사고로 타인의 신체에 상해를 입혀 신체상해와 관련하여 벌금형을 받은 경우,3000만원,3000만원,,,,,,,,,file_42.xls,"자동차사고벌금Ⅲ(대인,비탑승중포함)",'자동차 운전중' 또는 '자동차 운전 후 비탑승 상태'에서 발생한 사고로 타인의 신체에 상해를 입혀 신체상해와 관련하여 벌금형을 받은 경우,3000만원,,,,,,,,,,,,,,,,,,,,,,,,,,,
현대해상,무배당 흥Good 든든한 SMILE 운전자 종합보험(26.03),주계약,"자동차사고부상(운전자,1-7급)",자동차사고로 발생한 상해로 자동차손해배상보장법 시행령 제3조에 정한 상해 1급 내지 7급을 받은 경우,자동차사고로 발생한 상해로 자동차손해배상보장법 시행령 제3조에 정한 상해 1급 내지 7급을 받은 경우,2000만원,,,,,,,,,file_42.xls,"자동차사고부상(운전자,1-7급)",자동차사고로 발생한 상해로 자동차손해배상보장법 시행령 제3조에 정한 상해 1급 내지 7급을 받은 경우,2000만원,,,,,,,,,,,,,,,,,,,,,,,,,,,
현대해상,무배당 흥Good 든든한 SMILE 운전자 종합보험(26.03),주계약,자동차사고처리지원금(비탑승중포함)(사망),"'자동차 운전중' 또는 '자동차 운전 후 비탑승 상태'에서 발생한 사고로 타인(피보험자의 부모, 배우자 및 자녀제외)을 사망하게 한 경우",자동차사고처리지원금(비탑승중포함)(사망),2억원,,,,,,,,,file_42.xls,자동차사고처리지원금(비탑승중포함)(사망),"'자동차 운전중' 또는 '자동차 운전 후 비탑승 상태'에서 발생한 사고로 타인(피보험자의 부모, 배우자 및 자녀제외)을 사망하게 한 경우",2억원,,,,,,,,,,,,,,,,,,,,,,,,,,,
현대해상,무배당 흥Good 든든한 SMILE 운전자 종합보험(26.03),주계약,"자동차 운전중 “중대법규 위반교통사고”로  타인(피보험자의 부모, 배우자 및 자녀제외)이 42일이상 치료를 요한다는 진단받은 경우",자동차사고처리지원금(비탑승중포함)(중과실),자동차사고처리지원금(비탑승중포함)(중과실),1억5000만원,,,,,,,,,file_42.xls,자동차사고처리지원금(비탑승중포함)(중과실),"자동차 운전중 “중대법규 위반교통사고”로  타인(피보험자의 부모, 배우자 및 자녀제외)이 42일이상 치료를 요한다는 진단받은 경우",1억5000만원,,,,,,,,,,,,,,,,,,,,,,,,,,,
현대해상,무배당 흥Good 든든한 SMILE 운전자 종합보험(26.03),주계약,"'자동차 운전중' 또는 '자동차 운전 후 비탑승 상태'에서 발생한 ‘일반교통사고’로 타인(피보험자의 부모, 배우자 및 자녀제외)에게 중상해를 입히거나 자동차손해배상보장법 시행령 제3조에서 정한 상해1~3급에 해당하는 부상을 입힌 경우",자동차사고처리지원금(비탑승중포함)(중상해),자동차사고처리지원금(비탑승중포함)(중상해),2억원,,,,,,,,,file_42.xls,자동차사고처리지원금(비탑승중포함)(중상해),"'자동차 운전중' 또는 '자동차 운전 후 비탑승 상태'에서 발생한 ‘일반교통사고’로 타인(피보험자의 부모, 배우자 및 자녀제외)에게 중상해를 입히거나 자동차손해배상보장법 시행령 제3조에서 정한 상해1~3급에 해당하는 부상을 입힌 경우",2억원,,,,,,,,,,,,,,,,,,,,,,,,,,,
현대해상,무배당 흥Good 든든한 SMILE 운전자 종합보험(26.03),주계약,교통상해사망(운전자),(무)현대해상뉴하이카운전자상해보험(Hi2601) 1종,1억원,1억원,10900,10753,,,,,교통사고로 발생한 상해로 사망한  경우,,file_42.xls,현대해상,(무)현대해상뉴하이카운전자상해보험(Hi2601) 1종,교통상해사망(운전자),교통사고로 발생한 상해로 사망한  경우,1억원,"10,900","10,753",103.8,120,,,,,,,,,,,,,,,,,,,,,
현대해상,무배당 흥Good 든든한 SMILE 운전자 종합보험(26.03),주계약,기본계약(이륜자동차운전중상해사망),(무)현대해상하이바이크운전자보험(Hi2601),1억원,1억원,9496,9496,,,,,이륜자동차 운전중 교통사고로 발생한 상해로 사망한 경우,,file_42.xls,현대해상,(무)현대해상하이바이크운전자보험(Hi2601),기본계약(이륜자동차운전중상해사망),이륜자동차 운전중 교통사고로 발생한 상해로 사망한 경우,1억원,"9,496","9,496",107.8,106.7,,,,,,,,,,,,,,,,,,,,,
현대해상,무배당 흥Good 든든한 SMILE 운전자 종합보험(26.03),주계약,"이륜자동차 운전중 사고로 타인(동승자 및 피보험자의 부모, 배우자 및 자녀제외)을 사망케하거나 아래와 같은 상해를 입힌 경우○“중대법규 위반교통사고”로 42일이상 진단받은 경우○“일반교통사고”로 중상해를 입혀 형법 제258조 제1항 또는 제2항, 형법 제268조, 교통사고처리특례법 제3조에 따라 공소제기되거나 자동차손해배상보장법 시행령 제3조에서 정한 상해1~3급에 해당하는 부상을 입힌 경우",,이륜자동차사고처리지원금,,,,,,,,,,file_42.xls,이륜자동차사고처리지원금,"이륜자동차 운전중 사고로 타인(동승자 및 피보험자의 부모, 배우자 및 자녀제외)을 사망케하거나 아래와 같은 상해를 입힌 경우○“중대법규 위반교통사고”로 42일이상 진단받은 경우○“일반교통사고”로 중상해를 입혀 형법 제258조 제1항 또는 제2항, 형법 제268조, 교통사고처리특례법 제3조에 따라 공소제기되거나 자동차손해배상보장법 시행령 제3조에서 정한 상해1~3급에 해당하는 부상을 입힌 경우",,,,,,,,,,,,,,,,,,,,,,,,,,,,
현대해상,무배당 흥Good 든든한 SMILE 운전자 종합보험(26.03),주계약,자동차사고벌금(대물),자동차 운전중 사고로 타인의 재물을 손괴하여 도로교통법 제151조(벌칙)에 따른 벌금형이 확정된 경우,5백만원,5백만원,,,,,,,,,file_42.xls,자동차사고벌금(대물),자동차 운전중 사고로 타인의 재물을 손괴하여 도로교통법 제151조(벌칙)에 따른 벌금형이 확정된 경우,5백만원,,,,,,,,,,,,,,,,,,,,,,,,,,,
현대해상,무배당 흥Good 든든한 SMILE 운전자 종합보험(26.03),주계약,자동차사고벌금Ⅱ(대인),자동차 운전중 사고로 타인의 신체에 상해를 입혀 신체상해와 관련하여 벌금형을 받은 경우,3천만원,3천만원,,,,,,,,,file_42.xls,자동차사고벌금Ⅱ(대인),자동차 운전중 사고로 타인의 신체에 상해를 입혀 신체상해와 관련하여 벌금형을 받은 경우,3천만원,,,,,,,,,,,,,,,,,,,,,,,,,,,
현대해상,무배당 흥Good 든든한 SMILE 운전자 종합보험(26.03),주계약,자동차사고변호사선임비용Ⅴ(심급별Ⅱ)(특정경찰조사포함Ⅱ),"○ 자동차 운전중 발생한 사고로 타인의 신체에 상해를 입혀 구속, 기소(약식기소 제외), 약식기소 후 공판회부, 약식명령에 불복하여 정식재판을 청구하는 경우○ 자동차 운전중 발생한 사고로 타인을 사망하게 한 경우 또는 중대법규위반 교통사고로 타인의 신체에 상해를 입힌 혐의로 경찰 조사 후 불송치된 경우, 검찰에 의해 약식기소 또는 불기소된 경우○ 자동차 운전중 발생한 일반교통사고로 타인에게 자동차손해배상보장법 시행령 제3조에서 정한 상해1~3급에 해당하는 부상을 입힌 혐의로 경찰 조사 후 불송치된 경우, 검찰에 의해 약식기소 또는 불기소된 경우","○ 자동차 운전중 발생한 사고로 타인의 신체에 상해를 입혀 구속, 기소(약식기소 제외), 약식기소 후 공판회부, 약식명령에 불복하여 정식재판을 청구하는 경우○ 자동차 운전중 발생한 사고로 타인을 사망하게 한 경우 또는 중대법규위반 교통사고로 타인의 신체에 상해를 입힌 혐의로 경찰 조사 후 불송치된 경우, 검찰에 의해 약식기소 또는 불기소된 경우○ 자동차 운전중 발생한 일반교통사고로 타인에게 자동차손해배상보장법 시행령 제3조에서 정한 상해1~3급에 해당하는 부상을 입힌 혐의로 경찰 조사 후 불송치된 경우, 검찰에 의해 약식기소 또는 불기소된 경우",1천5백만원,,,,,,,,,file_42.xls,자동차사고변호사선임비용Ⅴ(심급별Ⅱ)(특정경찰조사포함Ⅱ),"○ 자동차 운전중 발생한 사고로 타인의 신체에 상해를 입혀 구속, 기소(약식기소 제외), 약식기소 후 공판회부, 약식명령에 불복하여 정식재판을 청구하는 경우○ 자동차 운전중 발생한 사고로 타인을 사망하게 한 경우 또는 중대법규위반 교통사고로 타인의 신체에 상해를 입힌 혐의로 경찰 조사 후 불송치된 경우, 검찰에 의해 약식기소 또는 불기소된 경우○ 자동차 운전중 발생한 일반교통사고로 타인에게 자동차손해배상보장법 시행령 제3조에서 정한 상해1~3급에 해당하는 부상을 입힌 혐의로 경찰 조사 후 불송치된 경우, 검찰에 의해 약식기소 또는 불기소된 경우",1천5백만원,,,,,,,,,,,,,,,,,,,,,,,,,,,
현대해상,무배당 흥Good 든든한 SMILE 운전자 종합보험(26.03),주계약,교통상해사망(운전자),(무)현대해상다이렉트운전자보험(Hi2601),5천만원,5천만원,6423,5563,,,,,,,file_42.xls,현대해상,(무)현대해상다이렉트운전자보험(Hi2601),교통상해사망(운전자),교통사고로 발생한 상해로 사망시,5천만원,"6,423","5,563",87.4,86.4,,,,,,,,,,,,,,,,,,,,,
현대해상,무배당 흥Good 든든한 SMILE 운전자 종합보험(26.03),주계약,교통상해후유장해(운전자),교통사고로 발생한 상해로 장해지급률이 3%이상에 해당하는 장해상태가 된경우,교통사고로 발생한 상해로 장해지급률이 3%이상에 해당하는 장해상태가 된경우,3십만원~1천만원,,,,,,,,,file_42.xls,교통상해후유장해(운전자),교통사고로 발생한 상해로 장해지급률이 3%이상에 해당하는 장해상태가 된경우,3십만원~1천만원,,,,,,,,,,,,,,,,,,,,,,,,,,,
현대해상,무배당 흥Good 든든한 SMILE 운전자 종합보험(26.03),주계약,"자동차사고벌금Ⅲ(대인,비탑승중포함)",자동차 운전중 발생한 사고 또는 자동차 운전 후 비탑승 상태에서 발생한 사고로 타인의 신체에 상해를 입혀 신체상해와 관련하여 벌금형을 받은 경우,3천만원,3천만원,,,,,,,,,file_42.xls,"자동차사고벌금Ⅲ(대인,비탑승중포함)",자동차 운전중 발생한 사고 또는 자동차 운전 후 비탑승 상태에서 발생한 사고로 타인의 신체에 상해를 입혀 신체상해와 관련하여 벌금형을 받은 경우,3천만원,,,,,,,,,,,,,,,,,,,,,,,,,,,
현대해상,무배당 흥Good 든든한 SMILE 운전자 종합보험(26.03),주계약,"자동차사고변호사선임비용Ⅴ(심급별Ⅱ)(특정경찰조사포함Ⅱ,비탑승중포함)","자동차 운전중 발생한 사고 또는 자동차 운전 후 비탑승 상태에서 발생한 사고로 타인의 신체에 상해를 입혀 구속, 기소(약식기소 제외), 약식기소 후 공판회부, 약식명령에 불복하여 정식재판을 청구하는 경우",1천5백만원,1천5백만원,,,,,,,,,file_42.xls,"자동차사고변호사선임비용Ⅴ(심급별Ⅱ)(특정경찰조사포함Ⅱ,비탑승중포함)","자동차 운전중 발생한 사고 또는 자동차 운전 후 비탑승 상태에서 발생한 사고로 타인의 신체에 상해를 입혀 구속, 기소(약식기소 제외), 약식기소 후 공판회부, 약식명령에 불복하여 정식재판을 청구하는 경우",1천5백만원,,,,,,,,,,,,,,,,,,,,,,,,,,,
현대해상,무배당 흥Good 든든한 SMILE 운전자 종합보험(26.03),주계약,"자동차 운전중 발생한 사고 또는 자동차 운전 후 비탑승 상태에서 발생한 사고로 타인(피보험자의 부모, 배우자 및 자녀제외)을 사망케하거나 상해를 입힌 경우",,자동차사고처리지원금(비탑승중포함),2억원,,,,,,,,,file_42.xls,자동차사고처리지원금(비탑승중포함),"자동차 운전중 발생한 사고 또는 자동차 운전 후 비탑승 상태에서 발생한 사고로 타인(피보험자의 부모, 배우자 및 자녀제외)을 사망케하거나 상해를 입힌 경우",2억원,,,,,,,,,,,,,,,,,,,,,,,,,,,
현대해상,무배당 흥Good 든든한 SMILE 운전자 종합보험(26.03),주계약,기본계약(이륜자동차운전중상해사망),(무)현대해상다이렉트오토바이운전자보험(Hi2601),1억원,1억원,9430,9430,,,,,이륜자동차 운전중 교통사고로 발생한 상해로 사망한 경우,,file_42.xls,현대해상,(무)현대해상다이렉트오토바이운전자보험(Hi2601),기본계약(이륜자동차운전중상해사망),이륜자동차 운전중 교통사고로 발생한 상해로 사망한 경우,1억원,"9,430","9,430",107.1,105.9,,,,,,,,,,,,,,,,,,,,,
현대해상,무배당 흥Good 든든한 SMILE 운전자 종합보험(26.03),주계약,자동차사고변호사선임비용Ⅴ(심급별Ⅱ)(특정경찰조사포함Ⅱ),"자동차 운전중 사고로 타인의 신체에 상해를 입혀 구속, 기소(약식기소 제외), 약식기소 후 공판회부 또는 약식명령에 불복하여 정식재판을 청구하는 경우",1천5백만원,1천5백만원,,,,,,,,,file_42.xls,자동차사고변호사선임비용Ⅴ(심급별Ⅱ)(특정경찰조사포함Ⅱ),"자동차 운전중 사고로 타인의 신체에 상해를 입혀 구속, 기소(약식기소 제외), 약식기소 후 공판회부 또는 약식명령에 불복하여 정식재판을 청구하는 경우",1천5백만원,,,,,,,,,,,,,,,,,,,,,,,,,,,
KB손보,KB 다이렉트 플러스 오토바이 운전자보험(무배당)(26.01),주계약,이륜자동차 운전중 교통사고처리보장Ⅳ,"운전중 교통사고로 피해자(부모,배우자,자녀,동승자제외)를 사망케한 경우 형사합의금으로 지급한 금액(1인당), 운전중 중대법규위반 교통사고(음주,무면허,약물복용제외)로 피해자(부모,배우자,자녀,동승자제외)가 42일이상 치료를 요한다는 진단을 받은 경우 형사합의금으로 지급한 금액(1인당), 운전중 일반교통사고로 피해자(부모,배우자,자녀,동승자제외)에게 중상해를 입혀 공소제기되거나 자동차손해배상보장법 시행령 제3조에서 정한 상해등급 1급~3급에 해당하는 부상을 입힌 경우 형사합의금으로 지급한 금액(1인당)",KB 다이렉트 플러스 오토바이 운전자보험(무배당)(26.01),,12928,12928,,,,,,,file_42.xls,KB손보,KB 다이렉트 플러스 오토바이 운전자보험(무배당)(26.01),이륜자동차 운전중 교통사고처리보장Ⅳ,"운전중 교통사고로 피해자(부모,배우자,자녀,동승자제외)를 사망케한 경우 형사합의금으로 지급한 금액(1인당), 운전중 중대법규위반 교통사고(음주,무면허,약물복용제외)로 피해자(부모,배우자,자녀,동승자제외)가 42일이상 치료를 요한다는 진단을 받은 경우 형사합의금으로 지급한 금액(1인당), 운전중 일반교통사고로 피해자(부모,배우자,자녀,동승자제외)에게 중상해를 입혀 공소제기되거나 자동차손해배상보장법 시행령 제3조에서 정한 상해등급 1급~3급에 해당하는 부상을 입힌 경우 형사합의금으로 지급한 금액(1인당)",보험가입금액 한도(매 사고시),"12,928","12,928",117.9,116.6,,,,,,,,,,,,,,,,,,,,,
KB손보,보험가입금액(최초1회한),주계약,이륜자동차 운전중 교통상해사망,,보험가입금액(최초1회한),,,,,,,,,,file_42.xls,이륜자동차 운전중 교통상해사망,보험기간 중 교통상해사고로 사망시,보험가입금액(최초1회한),,,,,,,,,,,,,,,,,,,,,,,,,,,
KB손보,보험가입금액(최초1회한),주계약,이륜자동차 운전중 교통사고로 신체에 상해를 입고 그 직접결과로써 자동차손해배상보장법 시행령 제3조에서 정한 상해등급(1~3급)을 받은 경우,이륜자동차운전중자동차사고부상보장(1~3급),이륜자동차 운전중 교통사고로 신체에 상해를 입고 그 직접결과로써 자동차손해배상보장법 시행령 제3조에서 정한 상해등급(1~3급)을 받은 경우,,,,,,,,,,file_42.xls,이륜자동차운전중자동차사고부상보장(1~3급),이륜자동차 운전중 교통사고로 신체에 상해를 입고 그 직접결과로써 자동차손해배상보장법 시행령 제3조에서 정한 상해등급(1~3급)을 받은 경우,보험가입금액,,,,,,,,,,,,,,,,,,,,,,,,,,,
KB손보,보험가입금액(최초1회한),주계약,자동차사고 변호사선임비용손해Ⅲ(경찰조사포함)(비탑승중포함)(운전자),"자동차 운전중 또는 운전 후 비탑승 상태에서 교통사고로 타인의 신체에 상해를 입힘으로써 구속되거나 공소제기(약식기소 제외) 된 경우, 약식기소 되었으나 법원에 의해 보통의 심판절차인 공판절차에 의해 재판이 진행되게 된 경우, 약식명령에 대하여 정식재판을 청구한 경우, 타인을 사망하게 하거나 중대법규위반 교통사고로 타인의 신체에 상해를 입혀 경찰조사후 불송치되거나 약식기소 또는 불기소된 경우, 중대법규위반 교통사고에 해당하지 않는 교통사고로 타인의 신체에 부상등급 1~3급에 해당하는 부상을 입혀 경찰조사 후 불송치되거나 약식기소 또는 불기소 된 경우","자동차 운전중 또는 운전 후 비탑승 상태에서 교통사고로 타인의 신체에 상해를 입힘으로써 구속되거나 공소제기(약식기소 제외) 된 경우, 약식기소 되었으나 법원에 의해 보통의 심판절차인 공판절차에 의해 재판이 진행되게 된 경우, 약식명령에 대하여 정식재판을 청구한 경우, 타인을 사망하게 하거나 중대법규위반 교통사고로 타인의 신체에 상해를 입혀 경찰조사후 불송치되거나 약식기소 또는 불기소된 경우, 중대법규위반 교통사고에 해당하지 않는 교통사고로 타인의 신체에 부상등급 1~3급에 해당하는 부상을 입혀 경찰조사 후 불송치되거나 약식기소 또는 불기소 된 경우",,,,,,,,,,file_42.xls,자동차사고 변호사선임비용손해Ⅲ(경찰조사포함)(비탑승중포함)(운전자),"자동차 운전중 또는 운전 후 비탑승 상태에서 교통사고로 타인의 신체에 상해를 입힘으로써 구속되거나 공소제기(약식기소 제외) 된 경우, 약식기소 되었으나 법원에 의해 보통의 심판절차인 공판절차에 의해 재판이 진행되게 된 경우, 약식명령에 대하여 정식재판을 청구한 경우, 타인을 사망하게 하거나 중대법규위반 교통사고로 타인의 신체에 상해를 입혀 경찰조사후 불송치되거나 약식기소 또는 불기소된 경우, 중대법규위반 교통사고에 해당하지 않는 교통사고로 타인의 신체에 부상등급 1~3급에 해당하는 부상을 입혀 경찰조사 후 불송치되거나 약식기소 또는 불기소 된 경우",보험가입금액 한도,,,,,,,,,,,,,,,,,,,,,,,,,,,
KB손보,보험가입금액(최초1회한),주계약,자동차사고벌금(대물)(운전자),자동차 운전 중 교통사고로 도로교통법 제151조(벌칙)에 따른 벌금형이 확정된 경우,,,,,,,,,,,file_42.xls,자동차사고벌금(대물)(운전자),자동차 운전 중 교통사고로 도로교통법 제151조(벌칙)에 따른 벌금형이 확정된 경우,,,,,,,,,,,,,,,,,,,,,,,,,,,,
KB손보,보험가입금액(최초1회한),주계약,자동차사고벌금Ⅱ(비탑승중포함)(스쿨존사고 3천만원한도)(운전자),자동차 운전중 또는 운전 후 비탑승 상태에서 교통사고로 타인의 신체에 상해를 입힘으로써 확정판결로 벌금을 부담하는 경우,자동차사고벌금Ⅱ(비탑승중포함)(스쿨존사고 3천만원한도)(운전자),자동차사고벌금Ⅱ(비탑승중포함)(스쿨존사고 3천만원한도)(운전자),,,,,,,,,file_42.xls,자동차사고벌금Ⅱ(비탑승중포함)(스쿨존사고 3천만원한도)(운전자),자동차 운전중 또는 운전 후 비탑승 상태에서 교통사고로 타인의 신체에 상해를 입힘으로써 확정판결로 벌금을 부담하는 경우,,,,,,,,,,,,,,,,,,,,,,,,,,,,
KB손보,KB 다이렉트 플러스 운전자보험(무배당)(26.01),주계약,교통사고처리보장A(중상해보장확대)(비탑승중포함)(운전자),"자동차 운전중 또는 운전 후 비탑승 상태에서 교통사고로 피해자(부모,배우자,자녀제외)를 사망케한 경우 형사합의금으로 지급한 금액(1인당), 자동차 운전중 중대법규위반 교통사고(음주,무면허,약물복용제외)로 피해자(부모,배우자,자녀제외)가 42일이상 치료를 요한다는 진단을 받은 경우 형사합의금으로 지급한 금액(1인당), 자동차 운전중 또는 운전 후 비탑승 상태에서 일반교통사고로 피해자(부모,배우자,자녀제외)에게 중상해를 입혀 공소제기되거나 자동차손해배상보장법 시행령 제3조에서 정한 상해등급 1급~3급에 해당하는 부상을 입힌 경우 형사합의금으로 지급한 금액(1인당)",KB 다이렉트 플러스 운전자보험(무배당)(26.01),,4626,3626,,,,,,,file_42.xls,KB손보,KB 다이렉트 플러스 운전자보험(무배당)(26.01),교통사고처리보장A(중상해보장확대)(비탑승중포함)(운전자),"자동차 운전중 또는 운전 후 비탑승 상태에서 교통사고로 피해자(부모,배우자,자녀제외)를 사망케한 경우 형사합의금으로 지급한 금액(1인당), 자동차 운전중 중대법규위반 교통사고(음주,무면허,약물복용제외)로 피해자(부모,배우자,자녀제외)가 42일이상 치료를 요한다는 진단을 받은 경우 형사합의금으로 지급한 금액(1인당), 자동차 운전중 또는 운전 후 비탑승 상태에서 일반교통사고로 피해자(부모,배우자,자녀제외)에게 중상해를 입혀 공소제기되거나 자동차손해배상보장법 시행령 제3조에서 정한 상해등급 1급~3급에 해당하는 부상을 입힌 경우 형사합의금으로 지급한 금액(1인당)",보험가입금액 한도(매 사고시),"4,626","3,626",100.8,98,,,,,,,,,,,,,,,,,,,,,
KB손보,보험가입금액(최초1회한),주계약,교통상해사망(운전자),,보험가입금액(최초1회한),,,,,,,,,,file_42.xls,교통상해사망(운전자),보험기간 중 교통상해사고로 사망시,보험가입금액(최초1회한),,,,,,,,,,,,,,,,,,,,,,,,,,,
KB손보,KB 플러스 오토바이 운전자보험(무배당)(26.01),주계약,이륜자동차 운전중 교통사고처리보장Ⅳ,"운전중 교통사고로 피해자(부모,배우자,자녀,동승자제외)를 사망케한 경우 형사합의금으로 지급한 금액(1인당), 운전중 중대법규위반 교통사고(음주,무면허,약물복용제외)로 피해자(부모,배우자,자녀,동승자제외)가 42일이상 치료를 요한다는 진단을 받은 경우 형사합의금으로 지급한 금액(1인당), 운전중 일반교통사고로 피해자(부모,배우자,자녀,동승자제외)에게 중상해를 입혀 공소제기되거나 자동차손해배상보장법 시행령 제3조에서 정한 상해등급 1급~3급에 해당하는 부상을 입힌 경우 형사합의금으로 지급한 금액(1인당)",KB 플러스 오토바이 운전자보험(무배당)(26.01),,13175,13175,,,,,,,file_42.xls,KB손보,KB 플러스 오토바이 운전자보험(무배당)(26.01),이륜자동차 운전중 교통사고처리보장Ⅳ,"운전중 교통사고로 피해자(부모,배우자,자녀,동승자제외)를 사망케한 경우 형사합의금으로 지급한 금액(1인당), 운전중 중대법규위반 교통사고(음주,무면허,약물복용제외)로 피해자(부모,배우자,자녀,동승자제외)가 42일이상 치료를 요한다는 진단을 받은 경우 형사합의금으로 지급한 금액(1인당), 운전중 일반교통사고로 피해자(부모,배우자,자녀,동승자제외)에게 중상해를 입혀 공소제기되거나 자동차손해배상보장법 시행령 제3조에서 정한 상해등급 1급~3급에 해당하는 부상을 입힌 경우 형사합의금으로 지급한 금액(1인당)",보험가입금액 한도(매 사고시),"13,175","13,175",120.1,118.8,,,,,,,,,,,,,,,,,,,,,
KB손보,보험가입금액(최초1회한),주계약,교통사고처리보장A(중상해보장확대)(비탑승중포함)(운전자),KB 플러스 운전자상해보험(무배당)(26.01)_2형(납입면제 환급형),KB 플러스 운전자상해보험(무배당)(26.01)_2형(납입면제 환급형),,5046,3997,,,,,"자동차 운전중 또는 운전 후 비탑승 상태에서 교통사고로 피해자(부모,배우자,자녀제외)를 사망케한 경우 형사합의금으로 지급한 금액(1인당), 자동차 운전중 중대법규위반 교통사고(음주,무면허,약물복용제외)로 피해자(부모,배우자,자녀제외)가 42일이상 치료를 요한다는 진단을 받은 경우 형사합의금으로 지급한 금액(1인당), 자동차 운전중 또는 운전 후 비탑승 상태에서 일반교통사고로 피해자(부모,배우자,자녀제외)에게 중상해를 입혀 공소제기되거나 자동차손해배상보장법 시행령 제3조에서 정한 상해등급 1급~3급에 해당하는 부상을 입힌 경우 형사합의금으로 지급한 금액(1인당)",,file_42.xls,KB손보,KB 플러스 운전자상해보험(무배당)(26.01)_2형(납입면제 환급형),교통사고처리보장A(중상해보장확대)(비탑승중포함)(운전자),"자동차 운전중 또는 운전 후 비탑승 상태에서 교통사고로 피해자(부모,배우자,자녀제외)를 사망케한 경우 형사합의금으로 지급한 금액(1인당), 자동차 운전중 중대법규위반 교통사고(음주,무면허,약물복용제외)로 피해자(부모,배우자,자녀제외)가 42일이상 치료를 요한다는 진단을 받은 경우 형사합의금으로 지급한 금액(1인당), 자동차 운전중 또는 운전 후 비탑승 상태에서 일반교통사고로 피해자(부모,배우자,자녀제외)에게 중상해를 입혀 공소제기되거나 자동차손해배상보장법 시행령 제3조에서 정한 상해등급 1급~3급에 해당하는 부상을 입힌 경우 형사합의금으로 지급한 금액(1인당)",보험가입금액 한도(매 사고시),"5,046","3,997",103.5,105.5,,,,,,,,,,,,,,,,,,,,,
KB손보,보험가입금액(최초1회한),주계약,교통사고처리보장A(중상해보장확대)(비탑승중포함)(운전자),KB 플러스 운전자상해보험(무배당)(26.01)_1형(납입면제 기본형),KB 플러스 운전자상해보험(무배당)(26.01)_1형(납입면제 기본형),,4976,3956,,,,,"자동차 운전중 또는 운전 후 비탑승 상태에서 교통사고로 피해자(부모,배우자,자녀제외)를 사망케한 경우 형사합의금으로 지급한 금액(1인당), 자동차 운전중 중대법규위반 교통사고(음주,무면허,약물복용제외)로 피해자(부모,배우자,자녀제외)가 42일이상 치료를 요한다는 진단을 받은 경우 형사합의금으로 지급한 금액(1인당), 자동차 운전중 또는 운전 후 비탑승 상태에서 일반교통사고로 피해자(부모,배우자,자녀제외)에게 중상해를 입혀 공소제기되거나 자동차손해배상보장법 시행령 제3조에서 정한 상해등급 1급~3급에 해당하는 부상을 입힌 경우 형사합의금으로 지급한 금액(1인당)",,file_42.xls,KB손보,KB 플러스 운전자상해보험(무배당)(26.01)_1형(납입면제 기본형),교통사고처리보장A(중상해보장확대)(비탑승중포함)(운전자),"자동차 운전중 또는 운전 후 비탑승 상태에서 교통사고로 피해자(부모,배우자,자녀제외)를 사망케한 경우 형사합의금으로 지급한 금액(1인당), 자동차 운전중 중대법규위반 교통사고(음주,무면허,약물복용제외)로 피해자(부모,배우자,자녀제외)가 42일이상 치료를 요한다는 진단을 받은 경우 형사합의금으로 지급한 금액(1인당), 자동차 운전중 또는 운전 후 비탑승 상태에서 일반교통사고로 피해자(부모,배우자,자녀제외)에게 중상해를 입혀 공소제기되거나 자동차손해배상보장법 시행령 제3조에서 정한 상해등급 1급~3급에 해당하는 부상을 입힌 경우 형사합의금으로 지급한 금액(1인당)",보험가입금액 한도(매 사고시),"4,976","3,956",106.9,105.6,,,,,,,,,,,,,,,,,,,,,
KB손보,보험가입금액(최초1회한),주계약,자동차사고벌금(대물)(운전자),자동차 운전 중 교통사고로 도로교통법 제151조(벌칙)에 따른 벌금형이 확정된 경우,보험가입금액 한도,,,,,,,,,,file_42.xls,자동차사고벌금(대물)(운전자),자동차 운전 중 교통사고로 도로교통법 제151조(벌칙)에 따른 벌금형이 확정된 경우,보험가입금액 한도,,,,,,,,,,,,,,,,,,,,,,,,,,,
KB손보,보험가입금액(최초1회한),주계약,자동차사고벌금Ⅱ(비탑승중포함)(스쿨존사고 3천만원 한도)(운전자),자동차 운전중 또는 운전 후 비탑승 상태에서 교통사고로 타인의 신체에 상해를 입힘으로써 확정판결로 벌금을 부담하는 경우,자동차사고벌금Ⅱ(비탑승중포함)(스쿨존사고 3천만원 한도)(운전자),자동차사고벌금Ⅱ(비탑승중포함)(스쿨존사고 3천만원 한도)(운전자),,,,,,,,,file_42.xls,자동차사고벌금Ⅱ(비탑승중포함)(스쿨존사고 3천만원 한도)(운전자),자동차 운전중 또는 운전 후 비탑승 상태에서 교통사고로 타인의 신체에 상해를 입힘으로써 확정판결로 벌금을 부담하는 경우,,,,,,,,,,,,,,,,,,,,,,,,,,,,
KB손보,보험가입금액(최초1회한),주계약,자동차사고변호사선임비용손해Ⅲ(경찰조사포함)(비탑승중포함)(운전자),"자동차 운전중 또는 운전 후 비탑승 상태에서 교통사고로 타인의 신체에 상해를 입힘으로써 구속되거나 공소제기(약식기소 제외) 된 경우, 약식기소 되었으나 법원에 의해 보통의 심판절차인 공판절차에 의해 재판이 진행되게 된 경우, 약식명령에 대하여 정식재판을 청구한 경우, 타인을 사망하게 하거나 중대법규위반 교통사고로 타인의 신체에 상해를 입혀 경찰조사후 불송치되거나 약식기소 또는 불기소된 경우, 중대법규위반 교통사고에 해당하지 않는 교통사고로 타인의 신체에 부상등급 1~3급에 해당하는 부상을 입혀 경찰조사 후 불송치되거나 약식기소 또는 불기소 된 경우","자동차 운전중 또는 운전 후 비탑승 상태에서 교통사고로 타인의 신체에 상해를 입힘으로써 구속되거나 공소제기(약식기소 제외) 된 경우, 약식기소 되었으나 법원에 의해 보통의 심판절차인 공판절차에 의해 재판이 진행되게 된 경우, 약식명령에 대하여 정식재판을 청구한 경우, 타인을 사망하게 하거나 중대법규위반 교통사고로 타인의 신체에 상해를 입혀 경찰조사후 불송치되거나 약식기소 또는 불기소된 경우, 중대법규위반 교통사고에 해당하지 않는 교통사고로 타인의 신체에 부상등급 1~3급에 해당하는 부상을 입혀 경찰조사 후 불송치되거나 약식기소 또는 불기소 된 경우",,,,,,,,,,file_42.xls,자동차사고변호사선임비용손해Ⅲ(경찰조사포함)(비탑승중포함)(운전자),"자동차 운전중 또는 운전 후 비탑승 상태에서 교통사고로 타인의 신체에 상해를 입힘으로써 구속되거나 공소제기(약식기소 제외) 된 경우, 약식기소 되었으나 법원에 의해 보통의 심판절차인 공판절차에 의해 재판이 진행되게 된 경우, 약식명령에 대하여 정식재판을 청구한 경우, 타인을 사망하게 하거나 중대법규위반 교통사고로 타인의 신체에 상해를 입혀 경찰조사후 불송치되거나 약식기소 또는 불기소된 경우, 중대법규위반 교통사고에 해당하지 않는 교통사고로 타인의 신체에 부상등급 1~3급에 해당하는 부상을 입혀 경찰조사 후 불송치되거나 약식기소 또는 불기소 된 경우",,,,,,,,,,,,,,,,,,,,,,,,,,,,
DB손보,(무)다이렉트 참좋은라이더 보험2601(CM)(2종),주계약,PM 운전중 교통상해입원일당(4일이상180일한도),피보험자가 보험기간 중 발생한 PM 운전중 교통상해의 직접결과로써 생활능력 또는 업무능력에 지장을 가져와 4일이상 계속 입원하여 치료를 받은 경우 4일째 입원일로부터 입원 1일당 보험가입금액을 지급(180일한도),PM 운전중 교통상해입원일당(4일이상180일한도),보험가입금액(4만원),5640,5640,,,,,,,file_42.xls,DB손보,(무)다이렉트 참좋은라이더 보험2601(CM)(2종),PM 운전중 교통상해입원일당(4일이상180일한도),피보험자가 보험기간 중 발생한 PM 운전중 교통상해의 직접결과로써 생활능력 또는 업무능력에 지장을 가져와 4일이상 계속 입원하여 치료를 받은 경우 4일째 입원일로부터 입원 1일당 보험가입금액을 지급(180일한도),보험가입금액(4만원),"5,640","5,640",88.1,87.2,,,,,,,,,,,,,,,,,,,,,
DB손보,보험가입금액(150만원),주계약,PM 운전중 교통상해 부상치료비(1~10급),피보험자가 보험기간 중 발생한 PM 운전중 교통상해의 직접결과로써 자동차손해배상보장법시행령에서 정한 부상등급(1~10급)을 받은 경우 약관에서 정한 금액을 지급,피보험자가 보험기간 중 발생한 PM 운전중 교통상해의 직접결과로써 자동차손해배상보장법시행령에서 정한 부상등급(1~10급)을 받은 경우 약관에서 정한 금액을 지급,보험가입금액(150만원),,,,,,,,,file_42.xls,PM 운전중 교통상해 부상치료비(1~10급),피보험자가 보험기간 중 발생한 PM 운전중 교통상해의 직접결과로써 자동차손해배상보장법시행령에서 정한 부상등급(1~10급)을 받은 경우 약관에서 정한 금액을 지급,보험가입금액(150만원),,,,,,,,,,,,,,,,,,,,,,,,,,,
DB손보,보험가입금액(1억원),주계약,PM 운전중 교통상해80%이상후유장해(최초1회한),피보험자가 보험기간 중 발생한 PM 운전중 교통상해의 직접결과로써 장해분류표에서 정한 장해지급률이 80%이상에 해당하는 장해상태가 되었을 때 보험가입금액을 지급,PM 운전중 교통상해80%이상후유장해(최초1회한),보험가입금액(1억원),,,,,,,,,file_42.xls,PM 운전중 교통상해80%이상후유장해(최초1회한),피보험자가 보험기간 중 발생한 PM 운전중 교통상해의 직접결과로써 장해분류표에서 정한 장해지급률이 80%이상에 해당하는 장해상태가 되었을 때 보험가입금액을 지급,보험가입금액(1억원),,,,,,,,,,,,,,,,,,,,,,,,,,,
DB손보,보험가입금액(1억원),주계약,PM 운전중 교통상해사망(영업목적 제외),피보험자가 보험기간 중 발생한 PM 운전중 교통상해의 직접결과로써 사망한 경우,,,,,,,,,,,file_42.xls,PM 운전중 교통상해사망(영업목적 제외),피보험자가 보험기간 중 발생한 PM 운전중 교통상해의 직접결과로써 사망한 경우,,,,,,,,,,,,,,,,,,,,,,,,,,,,
DB손보,보험가입금액(3천만원),주계약,"PM운전중 교통사고처리지원금(실손, 동승자제외)","피보험자가 보험기간중 PM 운전중 발생한 사고로 피해자를 사망, 중상해 또는 중대법규위반으로 인한 피해자 부상(42일이상 진단)에 이르게 한 경우, 매 사고마다 실제 발생한 피해자 각각에 대한 형사합의금에 대하여 보상한도액(단, 약관에서 정한 기준에 따름)을 한도로 실제 비용을 보상","PM운전중 교통사고처리지원금(실손, 동승자제외)",보험가입금액(3천만원),,,,,,,,,file_42.xls,"PM운전중 교통사고처리지원금(실손, 동승자제외)","피보험자가 보험기간중 PM 운전중 발생한 사고로 피해자를 사망, 중상해 또는 중대법규위반으로 인한 피해자 부상(42일이상 진단)에 이르게 한 경우, 매 사고마다 실제 발생한 피해자 각각에 대한 형사합의금에 대하여 보상한도액(단, 약관에서 정한 기준에 따름)을 한도로 실제 비용을 보상",보험가입금액(3천만원),,,,,,,,,,,,,,,,,,,,,,,,,,,
DB손보,(무)다이렉트 참좋은라이더 보험2601(CM)(1종),주계약,심급별 자동차사고변호사선임비용Ⅲ(특정사고경찰조사포함)(비탑승중포함Ⅲ)(실손),"피보험자가 보험기간 중 ①자동차 운전중, ②운전 후 비탑승 상태(운전 중 상태에서 벗어난 직후), ③피보험자가 소유, 사용, 관리하는 자동차를 주정차 후(위 ②의 사고 제외) 대인사고로 약관상의 보장항목에 해당하는 사유로 변호사선임비용을 부담한 경우",보험가입금액(1500만원),보험가입금액(1500만원),17650,17650,,,,,,,file_42.xls,DB손보,(무)다이렉트 참좋은라이더 보험2601(CM)(1종),심급별 자동차사고변호사선임비용Ⅲ(특정사고경찰조사포함)(비탑승중포함Ⅲ)(실손),"피보험자가 보험기간 중 ①자동차 운전중, ②운전 후 비탑승 상태(운전 중 상태에서 벗어난 직후), ③피보험자가 소유, 사용, 관리하는 자동차를 주정차 후(위 ②의 사고 제외) 대인사고로 약관상의 보장항목에 해당하는 사유로 변호사선임비용을 부담한 경우",보험가입금액(1500만원),"17,650","17,650",100.9,99.8,,,,,,,,,,,,,,,,,,,,,
DB손보,보험가입금액(2억원),주계약,"이륜자동차 운전중 교통사고처리지원금Ⅲ(실손, 동승자제외)(중상해보장확대)","피보험자가 보험기간중 이륜자동차 운전중 발생한 사고로 피해자를 사망, 중상해 또는 중대법규위반으로 인한 피해자 부상(42일이상 진단)에 이르게 한 경우, 매 사고마다 실제 발생한 피해자 각각에 대한 형사합의금에 대하여 보상한도액(단, 약관에서 정한 기준에 따름)을 한도로 실제 비용을 보상","이륜자동차 운전중 교통사고처리지원금Ⅲ(실손, 동승자제외)(중상해보장확대)",보험가입금액(2억원),,,,,,,,,file_42.xls,"이륜자동차 운전중 교통사고처리지원금Ⅲ(실손, 동승자제외)(중상해보장확대)","피보험자가 보험기간중 이륜자동차 운전중 발생한 사고로 피해자를 사망, 중상해 또는 중대법규위반으로 인한 피해자 부상(42일이상 진단)에 이르게 한 경우, 매 사고마다 실제 발생한 피해자 각각에 대한 형사합의금에 대하여 보상한도액(단, 약관에서 정한 기준에 따름)을 한도로 실제 비용을 보상",보험가입금액(2억원),,,,,,,,,,,,,,,,,,,,,,,,,,,
DB손보,보험가입금액(1억원),주계약,이륜자동차 운전중 교통상해80%이상후유장해(1회한),피보험자가 보험기간 중 발생한 이륜자동차 운전중 교통상해의 직접결과로써 장해분류표에서 정한 장해지급률이 80%이상에 해당하는 장해상태가 되었을 경우,이륜자동차 운전중 교통상해80%이상후유장해(1회한),보험가입금액(1억원),,,,,,,,,file_42.xls,이륜자동차 운전중 교통상해80%이상후유장해(1회한),피보험자가 보험기간 중 발생한 이륜자동차 운전중 교통상해의 직접결과로써 장해분류표에서 정한 장해지급률이 80%이상에 해당하는 장해상태가 되었을 경우,보험가입금액(1억원),,,,,,,,,,,,,,,,,,,,,,,,,,,
DB손보,보험가입금액(1억원),주계약,이륜자동차 운전중 교통상해사망,피보험자가 보험기간 중에 이륜자동차 운전중 사고로 교통상해를 입어 그 직접결과로써 사망한 경우,,,,,,,,,,,file_42.xls,이륜자동차 운전중 교통상해사망,피보험자가 보험기간 중에 이륜자동차 운전중 사고로 교통상해를 입어 그 직접결과로써 사망한 경우,,,,,,,,,,,,,,,,,,,,,,,,,,,,
DB손보,보험가입금액(500만원),주계약,"자동차사고벌금(대물,실손)",피보험자가 보험기간중에 자동차 운전중 대물사고로 도로교통법 151조에 의하여 벌금 확정판결을 받은 경우,보험가입금액(500만원),보험가입금액(500만원),,,,,,,,,file_42.xls,"자동차사고벌금(대물,실손)",피보험자가 보험기간중에 자동차 운전중 대물사고로 도로교통법 151조에 의하여 벌금 확정판결을 받은 경우,보험가입금액(500만원),,,,,,,,,,,,,,,,,,,,,,,,,,,
DB손보,보험가입금액(3천만원),주계약,자동차사고벌금(비탑승중포함Ⅲ)(실손),"피보험자가 보험기간 중에 ①자동차 운전중, ②운전 후 비탑승 상태(운전 중 상태에서 벗어난 직후), ③피보험자가 소유, 사용, 관리하는 자동차를 주정차 후(위 ②의 사고 제외) 발생한 대인사고로 벌금 확정판결을 받은 경우",보험가입금액(3천만원),보험가입금액(3천만원),,,,,,,,,file_42.xls,자동차사고벌금(비탑승중포함Ⅲ)(실손),"피보험자가 보험기간 중에 ①자동차 운전중, ②운전 후 비탑승 상태(운전 중 상태에서 벗어난 직후), ③피보험자가 소유, 사용, 관리하는 자동차를 주정차 후(위 ②의 사고 제외) 발생한 대인사고로 벌금 확정판결을 받은 경우",보험가입금액(3천만원),,,,,,,,,,,,,,,,,,,,,,,,,,,
DB손보,(무)참좋은라이더 보험2601(4종),주계약,"PM 운전중 교통사고처리지원금(실손,동승자제외)(영업용제외)",피보험자가 보험기간 중에 PM 운전중 사고로 피해자에게 약관 상의 상해를 입혀 피보험자가 형사합의금을 지급한 경우,"PM 운전중 교통사고처리지원금(실손,동승자제외)(영업용제외)",보험가입금액(3천만원),12740,12740,,,,,,,file_42.xls,DB손보,(무)참좋은라이더 보험2601(4종),"PM 운전중 교통사고처리지원금(실손,동승자제외)(영업용제외)",피보험자가 보험기간 중에 PM 운전중 사고로 피해자에게 약관 상의 상해를 입혀 피보험자가 형사합의금을 지급한 경우,보험가입금액(3천만원),"12,740","12,740",89.8,88.8,,,,,,,,,,,,,,,,,,,,,
DB손보,보험가입금액(1천만원),주계약,PM 운전중 교통상해 부상치료비(1~3급)(영업목적 제외),피보험자가 보험기간 중 PM 운전중 교통사고로 신체에 상해를 입고 그 직접결과로써 자동차손해배상보장법시행령에서 정한 자동차사고 부상등급표의 부상등급 1~3급을 받은 경우,피보험자가 보험기간 중 PM 운전중 교통사고로 신체에 상해를 입고 그 직접결과로써 자동차손해배상보장법시행령에서 정한 자동차사고 부상등급표의 부상등급 1~3급을 받은 경우,보험가입금액(1천만원),,,,,,,,,file_42.xls,PM 운전중 교통상해 부상치료비(1~3급)(영업목적 제외),피보험자가 보험기간 중 PM 운전중 교통사고로 신체에 상해를 입고 그 직접결과로써 자동차손해배상보장법시행령에서 정한 자동차사고 부상등급표의 부상등급 1~3급을 받은 경우,보험가입금액(1천만원),,,,,,,,,,,,,,,,,,,,,,,,,,,
DB손보,보험가입금액(1억원),주계약,PM 운전중 교통상해80%이상후유장해(1회한),피보험자가 보험기간 중 발생한 PM 운전중 교통상해의 직접결과로써 장해분류표에서 정한 장해지급률이 80%이상에 해당하는 장해상태가 된 경우,PM 운전중 교통상해80%이상후유장해(1회한),보험가입금액(1억원),,,,,,,,,file_42.xls,PM 운전중 교통상해80%이상후유장해(1회한),피보험자가 보험기간 중 발생한 PM 운전중 교통상해의 직접결과로써 장해분류표에서 정한 장해지급률이 80%이상에 해당하는 장해상태가 된 경우,보험가입금액(1억원),,,,,,,,,,,,,,,,,,,,,,,,,,,
DB손보,보험가입금액(4만원),주계약,PM 운전중 교통상해입원일당(4일이상180일한도),피보험자가 보험기간 중 발생한 PM 운전중 교통상해의 직접결과로써 생활능력 또는 업무능력에 지장을 가져와 4일이상 계속 입원하여 치료를 받은 경우,PM 운전중 교통상해입원일당(4일이상180일한도),보험가입금액(4만원),,,,,,,,,file_42.xls,PM 운전중 교통상해입원일당(4일이상180일한도),피보험자가 보험기간 중 발생한 PM 운전중 교통상해의 직접결과로써 생활능력 또는 업무능력에 지장을 가져와 4일이상 계속 입원하여 치료를 받은 경우,보험가입금액(4만원),,,,,,,,,,,,,,,,,,,,,,,,,,,
DB손보,(무)참좋은라이더 보험2601(1종),주계약,심급별 자동차사고변호사선임비용Ⅲ(특정사고경찰조사포함)(비탑승중포함Ⅲ)(실손),"피보험자가 보험기간 중 ①자동차 운전중, ②운전 후 비탑승 상태(운전 중 상태에서 벗어난 직후), ③피보험자가 소유, 사용, 관리하는 자동차를 주정차 후(위 ②의 사고 제외) 대인사고로 약관상의 보장항목에 해당하는 사유로 변호사선임비용을 부담한 경우","보험가입금액(1,500만원)","보험가입금액(1,500만원)",15460,15460,,,,,,,file_42.xls,DB손보,(무)참좋은라이더 보험2601(1종),심급별 자동차사고변호사선임비용Ⅲ(특정사고경찰조사포함)(비탑승중포함Ⅲ)(실손),"피보험자가 보험기간 중 ①자동차 운전중, ②운전 후 비탑승 상태(운전 중 상태에서 벗어난 직후), ③피보험자가 소유, 사용, 관리하는 자동차를 주정차 후(위 ②의 사고 제외) 대인사고로 약관상의 보장항목에 해당하는 사유로 변호사선임비용을 부담한 경우","보험가입금액(1,500만원)","15,460","15,460",91.9,90.9,,,,,,,,,,,,,,,,,,,,,
DB손보,보험가입금액(2억원),주계약,"이륜자동차 운전중 교통사고처리지원금Ⅲ(실손, 동승자제외)(중상해보장확대)",피보험자가 보험기간 중에 이륜자동차를 운전하던 중 사고로 피해자에게 약관 상의 상해를 입혀 피보험자가 형사합의금을 지급한 경우,"이륜자동차 운전중 교통사고처리지원금Ⅲ(실손, 동승자제외)(중상해보장확대)",보험가입금액(2억원),,,,,,,,,file_42.xls,"이륜자동차 운전중 교통사고처리지원금Ⅲ(실손, 동승자제외)(중상해보장확대)",피보험자가 보험기간 중에 이륜자동차를 운전하던 중 사고로 피해자에게 약관 상의 상해를 입혀 피보험자가 형사합의금을 지급한 경우,보험가입금액(2억원),,,,,,,,,,,,,,,,,,,,,,,,,,,
DB손보,"보험가입금액(3,000만원)",주계약,자동차사고벌금(비탑승중포함Ⅲ)(실손),"피보험자가 보험기간 중에 ①자동차 운전중, ②운전 후 비탑승 상태(운전 중 상태에서 벗어난 직후), ③피보험자가 소유, 사용, 관리하는 자동차를 주정차 후(위 ②의 사고 제외) 발생한 대인사고로 벌금 확정판결을 받은 경우","보험가입금액(3,000만원)","보험가입금액(3,000만원)",,,,,,,,,file_42.xls,자동차사고벌금(비탑승중포함Ⅲ)(실손),"피보험자가 보험기간 중에 ①자동차 운전중, ②운전 후 비탑승 상태(운전 중 상태에서 벗어난 직후), ③피보험자가 소유, 사용, 관리하는 자동차를 주정차 후(위 ②의 사고 제외) 발생한 대인사고로 벌금 확정판결을 받은 경우","보험가입금액(3,000만원)",,,,,,,,,,,,,,,,,,,,,,,,,,,
DB손보,(무)다이렉트 참좋은운전생활 운전자보험2601(CM),주계약,교통상해사망,피보험자가 보험기간 중에 교통상해를 입어 그 직접결과로써 사망한 경우,보험가입금액(1억원),보험가입금액(1억원),8370,6690,,,,,,,file_42.xls,DB손보,(무)다이렉트 참좋은운전생활 운전자보험2601(CM),교통상해사망,피보험자가 보험기간 중에 교통상해를 입어 그 직접결과로써 사망한 경우,보험가입금액(1억원),"8,370","6,690",109.9,102.5,,,,,,,,,,,,,,,,,,,,,
DB손보,(무)다이렉트 참좋은운전생활 운전자보험2601(CM),주계약,교통상해후유장해(3~100%),피보험자(보험대상자)가 보험기간 중 운전자 교통사고로 신체에 상해를 입고 그 직접결과로써 후유장해(100 ~ 3%)가 발생한 경우,교통상해후유장해(3~100%),보험가입금액(1억원) * 후유장해지급률,,,,,,,보험가입금액(1억원) * 후유장해지급률,,file_42.xls,교통상해후유장해(3~100%),피보험자(보험대상자)가 보험기간 중 운전자 교통사고로 신체에 상해를 입고 그 직접결과로써 후유장해(100 ~ 3%)가 발생한 경우,보험가입금액(1억원) * 후유장해지급률,,,,,,,,,,,,,,,,,,,,,,,,,,,
DB손보,보험가입금액(1500만원),주계약,심급별 자동차사고변호사선임비용Ⅲ(특정사고경찰조사포함)(비탑승중포함Ⅲ)(실손),"피보험자가 보험기간 중 ①자동차 운전중, ②운전 후 비탑승 상태(운전 중 상태에서 벗어난 직후), ③피보험자가 소유, 사용, 관리하는 자동차를 주정차 후(위 ②의 사고 제외) 대인사고로 약관상의 보장항목에 해당하는 사유로 변호사선임비용을 부담한 경우",보험가입금액(1500만원),보험가입금액(1500만원),,,,,,,,,file_42.xls,심급별 자동차사고변호사선임비용Ⅲ(특정사고경찰조사포함)(비탑승중포함Ⅲ)(실손),"피보험자가 보험기간 중 ①자동차 운전중, ②운전 후 비탑승 상태(운전 중 상태에서 벗어난 직후), ③피보험자가 소유, 사용, 관리하는 자동차를 주정차 후(위 ②의 사고 제외) 대인사고로 약관상의 보장항목에 해당하는 사유로 변호사선임비용을 부담한 경우",보험가입금액(1500만원),,,,,,,,,,,,,,,,,,,,,,,,,,,
DB손보,보험가입금액(2억원),주계약,자가용운전자 교통사고처리지원금Ⅱ(비탑승중포함Ⅲ)(실손),"피보험자가 보험기간 중에 ①자동차 운전중, ②운전 후 비탑승 상태(운전 중 상태에서 벗어난 직후), ③피보험자가 소유, 사용, 관리하는 자동차를 주정차 후(위 ②의 사고 제외) 사고로 피해자에게 약관 상의 상해를 입혀 피보험자가 형사합의금을 지급한 경우",자가용운전자 교통사고처리지원금Ⅱ(비탑승중포함Ⅲ)(실손),보험가입금액(2억원),,,,,,,,,file_42.xls,자가용운전자 교통사고처리지원금Ⅱ(비탑승중포함Ⅲ)(실손),"피보험자가 보험기간 중에 ①자동차 운전중, ②운전 후 비탑승 상태(운전 중 상태에서 벗어난 직후), ③피보험자가 소유, 사용, 관리하는 자동차를 주정차 후(위 ②의 사고 제외) 사고로 피해자에게 약관 상의 상해를 입혀 피보험자가 형사합의금을 지급한 경우",보험가입금액(2억원),,,,,,,,,,,,,,,,,,,,,,,,,,,
DB손보,보험가입금액(5백만원),주계약,"자동차사고벌금(대물, 실손)",피보험자가 보험기간중에 자동차 운전중 대물사고로 도로교통법 151조에 의하여 벌금 확정판결을 받은 경우,보험가입금액(5백만원),보험가입금액(5백만원),,,,,,,,,file_42.xls,"자동차사고벌금(대물, 실손)",피보험자가 보험기간중에 자동차 운전중 대물사고로 도로교통법 151조에 의하여 벌금 확정판결을 받은 경우,보험가입금액(5백만원),,,,,,,,,,,,,,,,,,,,,,,,,,,
DB손보,보험가입금액(3000만원),주계약,자동차사고벌금(비탑승중포함Ⅲ)(실손),"피보험자가 보험기간 중에 ①자동차 운전중, ②운전 후 비탑승 상태(운전 중 상태에서 벗어난 직후), ③피보험자가 소유, 사용, 관리하는 자동차를 주정차 후(위 ②의 사고 제외) 발생한 대인사고로 벌금 확정판결을 받은 경우",보험가입금액(3000만원),보험가입금액(3000만원),,,,,,,,,file_42.xls,자동차사고벌금(비탑승중포함Ⅲ)(실손),"피보험자가 보험기간 중에 ①자동차 운전중, ②운전 후 비탑승 상태(운전 중 상태에서 벗어난 직후), ③피보험자가 소유, 사용, 관리하는 자동차를 주정차 후(위 ②의 사고 제외) 발생한 대인사고로 벌금 확정판결을 받은 경우",보험가입금액(3000만원),,,,,,,,,,,,,,,,,,,,,,,,,,,
DB손보,(무)참좋은운전자상해보험2602,주계약,교통사고처리지원금(비탑승중포함Ⅲ)(실손),"피보험자가 보험기간 중에 ①자동차 운전중, ②운전 후 비탑승 상태(운전 중 상태에서 벗어난 직후), ③피보험자가 소유, 사용, 관리하는 자동차를 주정차 후(위 ②의 사고 제외) 사고로 피해자에게 약관 상의 상해를 입혀 피보험자가 형사합의금을 지급한 경우",교통사고처리지원금(비탑승중포함Ⅲ)(실손),보험가입금액(2억원),11980,9290,,,,,,,file_42.xls,DB손보,(무)참좋은운전자상해보험2602,교통사고처리지원금(비탑승중포함Ⅲ)(실손),"피보험자가 보험기간 중에 ①자동차 운전중, ②운전 후 비탑승 상태(운전 중 상태에서 벗어난 직후), ③피보험자가 소유, 사용, 관리하는 자동차를 주정차 후(위 ②의 사고 제외) 사고로 피해자에게 약관 상의 상해를 입혀 피보험자가 형사합의금을 지급한 경우",보험가입금액(2억원),"11,980","9,290",121.3,118.2,,,,,,,,,,,,,,,,,,,,,
DB손보,보험가입금액(1억원),주계약,교통상해사망,피보험자가 보험기간 중에 교통상해를 입어 그 직접결과로써 사망한 경우,,,,,,,,,,,file_42.xls,교통상해사망,피보험자가 보험기간 중에 교통상해를 입어 그 직접결과로써 사망한 경우,,,,,,,,,,,,,,,,,,,,,,,,,,,,
DB손보,"보험가입금액(2,800만원)",주계약,자동차부상치료비(1~7급)Ⅱ,피보험자가 보험기간 중 교통사고로 신체에 상해를 입고 그 직접결과로써 자동차손해배상보장법시행령에서 정한 자동차사고 부상등급표의 부상등급 1~7급을 받은 경우,피보험자가 보험기간 중 교통사고로 신체에 상해를 입고 그 직접결과로써 자동차손해배상보장법시행령에서 정한 자동차사고 부상등급표의 부상등급 1~7급을 받은 경우,"보험가입금액(2,800만원)",,,,,,,,,file_42.xls,자동차부상치료비(1~7급)Ⅱ,피보험자가 보험기간 중 교통사고로 신체에 상해를 입고 그 직접결과로써 자동차손해배상보장법시행령에서 정한 자동차사고 부상등급표의 부상등급 1~7급을 받은 경우,"보험가입금액(2,800만원)",,,,,,,,,,,,,,,,,,,,,,,,,,,
DB손보,(무)참좋은운전자상해보험(TM)2602(1종),주계약,교통사고처리지원금(비탑승중포함Ⅲ)(실손),"피보험자가 보험기간 중에 ①자동차 운전중, ②운전 후 비탑승 상태(운전 중 상태에서 벗어난 직후), ③피보험자가 소유, 사용, 관리하는 자동차를 주정차 후(위 ②의 사고 제외) 사고로 피해자에게 약관 상의 상해를 입혀 피보험자가 형사합의금을 지급한 경우",교통사고처리지원금(비탑승중포함Ⅲ)(실손),보험가입금액(2억원),12330,9510,,,,,,,file_42.xls,DB손보,(무)참좋은운전자상해보험(TM)2602(1종),교통사고처리지원금(비탑승중포함Ⅲ)(실손),"피보험자가 보험기간 중에 ①자동차 운전중, ②운전 후 비탑승 상태(운전 중 상태에서 벗어난 직후), ③피보험자가 소유, 사용, 관리하는 자동차를 주정차 후(위 ②의 사고 제외) 사고로 피해자에게 약관 상의 상해를 입혀 피보험자가 형사합의금을 지급한 경우",보험가입금액(2억원),"12,330","9,510",124.9,121,,,,,,,,,,,,,,,,,,,,,
DB손보,(무)참좋은운전자상해보험(TM)2602(2종),주계약,교통사고처리지원금(비탑승중포함Ⅲ)(실손),"피보험자가 보험기간 중에 ①자동차 운전중, ②운전 후 비탑승 상태(운전 중 상태에서 벗어난 직후), ③피보험자가 소유, 사용, 관리하는 자동차를 주정차 후(위 ②의 사고 제외) 사고로 피해자에게 약관 상의 상해를 입혀 피보험자가 형사합의금을 지급한 경우",교통사고처리지원금(비탑승중포함Ⅲ)(실손),보험가입금액(2억원),12330,9510,,,,,,,file_42.xls,DB손보,(무)참좋은운전자상해보험(TM)2602(2종),교통사고처리지원금(비탑승중포함Ⅲ)(실손),"피보험자가 보험기간 중에 ①자동차 운전중, ②운전 후 비탑승 상태(운전 중 상태에서 벗어난 직후), ③피보험자가 소유, 사용, 관리하는 자동차를 주정차 후(위 ②의 사고 제외) 사고로 피해자에게 약관 상의 상해를 입혀 피보험자가 형사합의금을 지급한 경우",보험가입금액(2억원),"12,330","9,510",124.9,121,,,,,,,,,,,,,,,,,,,,,
AXA손보,(무)AXA늘안심운전자상해보험Ⅱ2601,주계약,교통상해80%이상후유장해(운전자용),보험기간 중에 약관에서 정한 교통상해로 80%이상 후유장해 시,교통상해80%이상후유장해(운전자용),,4930,3540,,,,,,,file_42.xls,AXA손보,(무)AXA늘안심운전자상해보험Ⅱ2601,교통상해80%이상후유장해(운전자용),보험기간 중에 약관에서 정한 교통상해로 80%이상 후유장해 시,(최초 1회에 한하여) 가입금액 전액,"4,930","3,540",111.5,105.4,,,,,,,,,,,,,,,,,,,,,
AXA손보,(무)AXA늘안심운전자상해보험Ⅱ2601,주계약,교통상해사망(운전자용),보험기간 중에 약관에서 정한 교통상해의 직접결과로써 사망시,,,,,,,,,,,file_42.xls,교통상해사망(운전자용),보험기간 중에 약관에서 정한 교통상해의 직접결과로써 사망시,가입금액 전액,,,,,,,,,,,,,,,,,,,,,,,,,,,
AXA손보,(무)AXA늘안심운전자상해보험Ⅱ2601,주계약,심급별운전중사고변호사선임비용(특정사고경찰조사포함)(운전자용),"보험기간 중 자동차를 운전하던 중 급격하고도 우연한 자동차사고로 타인의 신체에 상해를 입힘으로써 아래의 경우로 실제로 변호사선임비용을 부담한 경우 보장 (단, 음주, 무면허, 약물, 도주 사고 제외) 1. 구속영장에 의하여 구속되거나, 검찰에 의해 공소제기(약식기소 제외)된 경우 2. 검사에 의해 약식기소 되었으나 법원에 의해 보통의 심판절차인 공판절차에 의해 재판이 진행(약식명령 불복 제외)하게 되어 변호사선임비용을 부담한 경우(단, 검사에 의해 약식기소 되었으나, 피보험자가 법원의 약식명령에 불복하여 정식재판을 청구하는 경우는 제외)","보험기간 중 자동차를 운전하던 중 급격하고도 우연한 자동차사고로 타인의 신체에 상해를 입힘으로써 아래의 경우로 실제로 변호사선임비용을 부담한 경우 보장 (단, 음주, 무면허, 약물, 도주 사고 제외) 1. 구속영장에 의하여 구속되거나, 검찰에 의해 공소제기(약식기소 제외)된 경우 2. 검사에 의해 약식기소 되었으나 법원에 의해 보통의 심판절차인 공판절차에 의해 재판이 진행(약식명령 불복 제외)하게 되어 변호사선임비용을 부담한 경우(단, 검사에 의해 약식기소 되었으나, 피보험자가 법원의 약식명령에 불복하여 정식재판을 청구하는 경우는 제외)",소송의 심급별 500만원 한도,,,,,,,,,file_42.xls,심급별운전중사고변호사선임비용(특정사고경찰조사포함)(운전자용),"보험기간 중 자동차를 운전하던 중 급격하고도 우연한 자동차사고로 타인의 신체에 상해를 입힘으로써 아래의 경우로 실제로 변호사선임비용을 부담한 경우 보장 (단, 음주, 무면허, 약물, 도주 사고 제외) 1. 구속영장에 의하여 구속되거나, 검찰에 의해 공소제기(약식기소 제외)된 경우 2. 검사에 의해 약식기소 되었으나 법원에 의해 보통의 심판절차인 공판절차에 의해 재판이 진행(약식명령 불복 제외)하게 되어 변호사선임비용을 부담한 경우(단, 검사에 의해 약식기소 되었으나, 피보험자가 법원의 약식명령에 불복하여 정식재판을 청구하는 경우는 제외)",소송의 심급별 500만원 한도,,,,,,,,,,,,,,,,,,,,,,,,,,,
AXA손보,(무)AXA늘안심운전자상해보험Ⅱ2601,주계약,"운전중교통사고처리지원금Ⅴ(중상해포함,동승자포함)(운전자용)",중대법규위반교통사고로 피해자가 42일이상 치료를 요한다는 진단을 받는 경우,"운전중교통사고처리지원금Ⅴ(중상해포함,동승자포함)(운전자용)","피해자 42일~69일 진단시 2,000만원 한도, 70일~139일 진단시 8,000만원 한도, 140일~174일 진단시 10,000만원 한도, 175일 이상 진단시 15,000만원 한도 실제 합의금",,,,,,,"피해자 42일~69일 진단시 2,000만원 한도, 70일~139일 진단시 8,000만원 한도, 140일~174일 진단시 10,000만원 한도, 175일 이상 진단시 15,000만원 한도 실제 합의금",,file_42.xls,"운전중교통사고처리지원금Ⅴ(중상해포함,동승자포함)(운전자용)",중대법규위반교통사고로 피해자가 42일이상 치료를 요한다는 진단을 받는 경우,"피해자 42일~69일 진단시 2,000만원 한도, 70일~139일 진단시 8,000만원 한도, 140일~174일 진단시 10,000만원 한도, 175일 이상 진단시 15,000만원 한도 실제 합의금",,,,,,,,,,,,,,,,,,,,,,,,,,,
AXA손보,(무)AXA늘안심운전자상해보험Ⅱ2601,주계약,운전중사고벌금(대물)(운전자용),보험기간 중에 자동차를 운전하던 중 자동차 사고로 도로교통법 제151조(벌칙)와 관련하여 받은 벌금형이 확정된 경우 벌금액을 1사고당 가입금액 한도로 보장,보험기간 중에 자동차를 운전하던 중 자동차 사고로 도로교통법 제151조(벌칙)와 관련하여 받은 벌금형이 확정된 경우 벌금액을 1사고당 가입금액 한도로 보장,,,,,,,,,,file_42.xls,운전중사고벌금(대물)(운전자용),보험기간 중에 자동차를 운전하던 중 자동차 사고로 도로교통법 제151조(벌칙)와 관련하여 받은 벌금형이 확정된 경우 벌금액을 1사고당 가입금액 한도로 보장,보험가입금액 한도,,,,,,,,,,,,,,,,,,,,,,,,,,,
AXA손보,(무)AXA늘안심운전자상해보험Ⅱ2601,주계약,운전중사고벌금(대인)(3천만원한도)(운전자용),"보험기간 중 자동차를 운전하던 중 자동차사고로 타인의 신체에 상해를 입혀 벌금형 확정 판결을 받은 경우 2,000만원 한도로 보장 ※ 단, 특정범죄 가중처벌 등에 관한 법률 제5조의13(어린이보호구역에서 어린이 치사상의 가중처벌)에 따른 벌금형이 확정된 경우 1사고당 벌금액을 3,000만원 한도로 보장",운전중사고벌금(대인)(3천만원한도)(운전자용),"3,000만원 한도",,,,,,,,,file_42.xls,운전중사고벌금(대인)(3천만원한도)(운전자용),"보험기간 중 자동차를 운전하던 중 자동차사고로 타인의 신체에 상해를 입혀 벌금형 확정 판결을 받은 경우 2,000만원 한도로 보장 ※ 단, 특정범죄 가중처벌 등에 관한 법률 제5조의13(어린이보호구역에서 어린이 치사상의 가중처벌)에 따른 벌금형이 확정된 경우 1사고당 벌금액을 3,000만원 한도로 보장","3,000만원 한도",,,,,,,,,,,,,,,,,,,,,,,,,,,
AXA손보,(무)AXA마일리지운전자상해보험Ⅱ2601,주계약,교통상해80%이상후유장해(운전자용),보험기간 중에 약관에서 정한 교통상해로 80%이상 후유장해시,교통상해80%이상후유장해(운전자용),,4830,3450,,,,,,,file_42.xls,AXA손보,(무)AXA마일리지운전자상해보험Ⅱ2601,교통상해80%이상후유장해(운전자용),보험기간 중에 약관에서 정한 교통상해로 80%이상 후유장해시,(최초 1회에 한하여) 가입금액 전액,"4,830","3,450",111.5,105.4,,,,,,,,,,,,,,,,,,,,,
AXA손보,(무)AXA마일리지운전자상해보험Ⅱ2601,주계약,교통상해사망(운전자용),보험기간 중에 약관에서 정한 교통상해의 직접결과로써 사망시,,,,,,,,,,,file_42.xls,교통상해사망(운전자용),보험기간 중에 약관에서 정한 교통상해의 직접결과로써 사망시,가입금액 전액,,,,,,,,,,,,,,,,,,,,,,,,,,,
AXA손보,(무)AXA마일리지운전자상해보험Ⅱ2601,주계약,심급별운전중사고변호사선임비용(특정사고경찰조사포함)(운전자용),"보험기간 중 자동차를 운전하던 중 급격하고도 우연한 자동차사고로 타인의 신체에 상해를 입힘으로써 아래의 경우로 실제로 변호사선임비용을 부담한 경우 보장 (단, 음주, 무면허, 약물, 도주 사고 제외) 1. 구속영장에 의하여 구속되거나, 검찰에 의해 공소제기(약식기소 제외)된 경우 2. 검사에 의해 약식기소 되었으나 법원에 의해 보통의 심판절차인 공판절차에 의해 재판이 진행(약식명령 불복 제외)하게 되어 변호사선임비용을 부담한 경우(단, 검사에 의해 약식기소 되었으나, 피보험자가 법원의 약식명령에 불복하여 정식재판을 청구하는 경우는 제외)","보험기간 중 자동차를 운전하던 중 급격하고도 우연한 자동차사고로 타인의 신체에 상해를 입힘으로써 아래의 경우로 실제로 변호사선임비용을 부담한 경우 보장 (단, 음주, 무면허, 약물, 도주 사고 제외) 1. 구속영장에 의하여 구속되거나, 검찰에 의해 공소제기(약식기소 제외)된 경우 2. 검사에 의해 약식기소 되었으나 법원에 의해 보통의 심판절차인 공판절차에 의해 재판이 진행(약식명령 불복 제외)하게 되어 변호사선임비용을 부담한 경우(단, 검사에 의해 약식기소 되었으나, 피보험자가 법원의 약식명령에 불복하여 정식재판을 청구하는 경우는 제외)",소송의 심급별 500만원 한도,,,,,,,,,file_42.xls,심급별운전중사고변호사선임비용(특정사고경찰조사포함)(운전자용),"보험기간 중 자동차를 운전하던 중 급격하고도 우연한 자동차사고로 타인의 신체에 상해를 입힘으로써 아래의 경우로 실제로 변호사선임비용을 부담한 경우 보장 (단, 음주, 무면허, 약물, 도주 사고 제외) 1. 구속영장에 의하여 구속되거나, 검찰에 의해 공소제기(약식기소 제외)된 경우 2. 검사에 의해 약식기소 되었으나 법원에 의해 보통의 심판절차인 공판절차에 의해 재판이 진행(약식명령 불복 제외)하게 되어 변호사선임비용을 부담한 경우(단, 검사에 의해 약식기소 되었으나, 피보험자가 법원의 약식명령에 불복하여 정식재판을 청구하는 경우는 제외)",소송의 심급별 500만원 한도,,,,,,,,,,,,,,,,,,,,,,,,,,,
AXA손보,(무)AXA마일리지운전자상해보험Ⅱ2601,주계약,"운전중교통사고처리지원금Ⅴ(중상해포함,동승자포함)(운전자용)",중대법규위반교통사고로 피해자가 42일이상 치료를 요한다는 진단을 받는 경우,"운전중교통사고처리지원금Ⅴ(중상해포함,동승자포함)(운전자용)","피해자 42일~69일 진단시 2,000만원 한도, 70일~139일 진단시 8,000만원 한도, 140일~174일 진단시 10,000만원 한도, 175일 이상 진단시 15,000만원 한도 실제 합의금",,,,,,,"피해자 42일~69일 진단시 2,000만원 한도, 70일~139일 진단시 8,000만원 한도, 140일~174일 진단시 10,000만원 한도, 175일 이상 진단시 15,000만원 한도 실제 합의금",,file_42.xls,"운전중교통사고처리지원금Ⅴ(중상해포함,동승자포함)(운전자용)",중대법규위반교통사고로 피해자가 42일이상 치료를 요한다는 진단을 받는 경우,"피해자 42일~69일 진단시 2,000만원 한도, 70일~139일 진단시 8,000만원 한도, 140일~174일 진단시 10,000만원 한도, 175일 이상 진단시 15,000만원 한도 실제 합의금",,,,,,,,,,,,,,,,,,,,,,,,,,,
AXA손보,(무)AXA마일리지운전자상해보험Ⅱ2601,주계약,운전중사고벌금(대물)(운전자용),보험기간 중에 자동차를 운전하던 중 자동차 사고로 도로교통법 제151조(벌칙)와 관련하여 받은 벌금형이 확정된 경우 벌금액을 1사고당 가입금액 한도로 보장,보험기간 중에 자동차를 운전하던 중 자동차 사고로 도로교통법 제151조(벌칙)와 관련하여 받은 벌금형이 확정된 경우 벌금액을 1사고당 가입금액 한도로 보장,,,,,,,,,,file_42.xls,운전중사고벌금(대물)(운전자용),보험기간 중에 자동차를 운전하던 중 자동차 사고로 도로교통법 제151조(벌칙)와 관련하여 받은 벌금형이 확정된 경우 벌금액을 1사고당 가입금액 한도로 보장,보험가입금액 한도,,,,,,,,,,,,,,,,,,,,,,,,,,,
AXA손보,(무)AXA마일리지운전자상해보험Ⅱ2601,주계약,운전중사고벌금(대인)(3천만원한도)(운전자용),"보험기간 중 자동차를 운전하던 중 자동차사고로 타인의 신체에 상해를 입혀 벌금형 확정 판결을 받은 경우 2,000만원 한도로 보장 ※ 단, 특정범죄 가중처벌 등에 관한 법률 제5조의13(어린이보호구역에서 어린이 치사상의 가중처벌)에 따른 벌금형이 확정된 경우 1사고당 벌금액을 3,000만원 한도로 보장",운전중사고벌금(대인)(3천만원한도)(운전자용),"3,000만원 한도",,,,,,,,,file_42.xls,운전중사고벌금(대인)(3천만원한도)(운전자용),"보험기간 중 자동차를 운전하던 중 자동차사고로 타인의 신체에 상해를 입혀 벌금형 확정 판결을 받은 경우 2,000만원 한도로 보장 ※ 단, 특정범죄 가중처벌 등에 관한 법률 제5조의13(어린이보호구역에서 어린이 치사상의 가중처벌)에 따른 벌금형이 확정된 경우 1사고당 벌금액을 3,000만원 한도로 보장","3,000만원 한도",,,,,,,,,,,,,,,,,,,,,,,,,,,
하나손보,무배당 하나더베스트 운전자상해종합보험(2601),주계약,교통사고처리지원금Ⅴ(비탑승중포함),자동차 운전중 또는 자동차 운전 후 비탑승 상태에서 급격하고도 우연한 사고로 타인에게 상해를 입힌 경우,무배당 하나더베스트 운전자상해종합보험(2601),,4650,4267,,,,,,,file_42.xls,하나손보,무배당 하나더베스트 운전자상해종합보험(2601),교통사고처리지원금Ⅴ(비탑승중포함),자동차 운전중 또는 자동차 운전 후 비탑승 상태에서 급격하고도 우연한 사고로 타인에게 상해를 입힌 경우,보험가입금액 한도,"4,650","4,267",121.1,118.6,,,,,,,,,,,,,,,,,,,,,
하나손보,무배당 하나더베스트 운전자상해종합보험(2601),주계약,교통상해사망,"교통사고(운전중, 탑승중, 비탑승중. 약관 참조)로 인한 상해의 직접결과로써 사망한 경우",보험가입금액,,,,,,,,,,file_42.xls,교통상해사망,"교통사고(운전중, 탑승중, 비탑승중. 약관 참조)로 인한 상해의 직접결과로써 사망한 경우",보험가입금액,,,,,,,,,,,,,,,,,,,,,,,,,,,
하나손보,무배당 하나더베스트 운전자상해종합보험(2601),주계약,자동차사고벌금(대물),자동차 운전중 교통사고로 도로교통법 제151조(벌칙)에 따른 벌금형이 확정되어 벌금을 부담한 경우 1사고당 보험가입금액 한도로 실제 벌금액을 실손 비례보상,자동차 운전중 교통사고로 도로교통법 제151조(벌칙)에 따른 벌금형이 확정되어 벌금을 부담한 경우 1사고당 보험가입금액 한도로 실제 벌금액을 실손 비례보상,5백만원 한도,,,,,,,,,file_42.xls,자동차사고벌금(대물),자동차 운전중 교통사고로 도로교통법 제151조(벌칙)에 따른 벌금형이 확정되어 벌금을 부담한 경우 1사고당 보험가입금액 한도로 실제 벌금액을 실손 비례보상,5백만원 한도,,,,,,,,,,,,,,,,,,,,,,,,,,,
하나손보,무배당 하나더베스트 운전자상해종합보험(2601),주계약,"자동차사고벌금Ⅱ(대인,3천만원한도)(비탑승중포함)",자동차 운전중 또는 자동차 운전 후 비탑승 상태에서 급격하고도 우연한 사고로 타인의 신체에 상해를 입힘으로써 신체상해와 관련하여 벌금을 받은 경우,"자동차사고벌금Ⅱ(대인,3천만원한도)(비탑승중포함)",어린이 보호구역내 교통사고 : 3천만원 한도상기 이외 : 2천만원 한도,,,,,,,어린이 보호구역내 교통사고 : 3천만원 한도상기 이외 : 2천만원 한도,,file_42.xls,"자동차사고벌금Ⅱ(대인,3천만원한도)(비탑승중포함)",자동차 운전중 또는 자동차 운전 후 비탑승 상태에서 급격하고도 우연한 사고로 타인의 신체에 상해를 입힘으로써 신체상해와 관련하여 벌금을 받은 경우,어린이 보호구역내 교통사고 : 3천만원 한도상기 이외 : 2천만원 한도,,,,,,,,,,,,,,,,,,,,,,,,,,,
하나손보,무배당 하나더베스트 운전자상해종합보험(2601),주계약,자동차사고변호사선임비(심급별 500만원 한도),자동차 운전중 또는 자동차 운전 후 비탑승 상태에서 급격하고도 우연한 사고로 타인에게 상해를 입혀 변호사를 선임하게 된 경우,자동차사고변호사선임비(심급별 500만원 한도),1천5백만원 한도(자기부담금 50%),,,,,,,,,file_42.xls,자동차사고변호사선임비(심급별 500만원 한도),자동차 운전중 또는 자동차 운전 후 비탑승 상태에서 급격하고도 우연한 사고로 타인에게 상해를 입혀 변호사를 선임하게 된 경우,1천5백만원 한도(자기부담금 50%),,,,,,,,,,,,,,,,,,,,,,,,,,,
하나손보,무배당 하나더베스트 운전자상해종합보험(2601),주계약,자동차사고부상치료비(1~7급),교통사고로 인해 신체에 상해를 입고 그 직접결과로서 자동차손해배상보장법 시행령(약관 참조)에서 정한 자동차사고부상등급표의 상해등급 중 1급~7급을 받은 경우,교통사고로 인해 신체에 상해를 입고 그 직접결과로서 자동차손해배상보장법 시행령(약관 참조)에서 정한 자동차사고부상등급표의 상해등급 중 1급~7급을 받은 경우,,,,,,,,,,file_42.xls,자동차사고부상치료비(1~7급),교통사고로 인해 신체에 상해를 입고 그 직접결과로서 자동차손해배상보장법 시행령(약관 참조)에서 정한 자동차사고부상등급표의 상해등급 중 1급~7급을 받은 경우,보험가입금액,,,,,,,,,,,,,,,,,,,,,,,,,,,
하나손보,무배당 하나더베스트 운전자보험(다이렉트)(2601),주계약,"자동차 운전 중 중대법규위반 교통사고(음주, 무면허, 약물복용 제외)로 피해자(부모, 배우자, 자녀 제외)가 42일 이상 치료를 요한다는 진단을 받은 경우 형사합의금으로 지급한 금액(피해자 1인당)",보험가입금액 한도(진단된 치료일에 따라 상이),무배당 하나더베스트 운전자보험(다이렉트)(2601),,4934,3865,,,,,,,file_42.xls,하나손보,무배당 하나더베스트 운전자보험(다이렉트)(2601),-,"자동차 운전 중 중대법규위반 교통사고(음주, 무면허, 약물복용 제외)로 피해자(부모, 배우자, 자녀 제외)가 42일 이상 치료를 요한다는 진단을 받은 경우 형사합의금으로 지급한 금액(피해자 1인당)",보험가입금액 한도(진단된 치료일에 따라 상이),"4,934","3,865",100.2,97.8,,,,,,,,,,,,,,,,,,,,,
하나손보,무배당 하나더베스트 운전자보험(다이렉트)(2601),주계약,"자동차 운전 중 일반교통사고로 피해자(부모, 배우자, 자녀 제외)에게 중상해를 입혀 공소제기되거나 상해급수 1급~3급에 해당하는 부상을 입힌 경우 형사합의금으로 지급한 금액(피해자 1인당)",,"자동차 운전 중 일반교통사고로 피해자(부모, 배우자, 자녀 제외)에게 중상해를 입혀 공소제기되거나 상해급수 1급~3급에 해당하는 부상을 입힌 경우 형사합의금으로 지급한 금액(피해자 1인당)",,,,,,,,,,file_42.xls,"자동차 운전 중 일반교통사고로 피해자(부모, 배우자, 자녀 제외)에게 중상해를 입혀 공소제기되거나 상해급수 1급~3급에 해당하는 부상을 입힌 경우 형사합의금으로 지급한 금액(피해자 1인당)",보험가입금액 한도,,,,,,,,,,,,,,,,,,,,,,,,,,,,
하나손보,무배당 하나더베스트 운전자보험(다이렉트)(2601),주계약,교통사고처리지원금Ⅳ,"자동차 운전 중 교통사고로 타인(부모, 배우자, 자녀 제외)을 사망하게 한 경우 형사합의금으로 지급한 금액(피해자 1인당)",교통사고처리지원금Ⅳ,,,,,,,,,,file_42.xls,교통사고처리지원금Ⅳ,"자동차 운전 중 교통사고로 타인(부모, 배우자, 자녀 제외)을 사망하게 한 경우 형사합의금으로 지급한 금액(피해자 1인당)",,,,,,,,,,,,,,,,,,,,,,,,,,,,
하나손보,무배당 하나더베스트 운전자보험(다이렉트)(2601),주계약,교통상해사망,"교통사고(운전중, 탑승중, 비탑승중)로 인한 상해의 직접결과로써 사망한 경우",보험가입금액,,,,,,,,,,file_42.xls,교통상해사망,"교통사고(운전중, 탑승중, 비탑승중)로 인한 상해의 직접결과로써 사망한 경우",보험가입금액,,,,,,,,,,,,,,,,,,,,,,,,,,,
하나손보,무배당 하나더베스트 운전자보험(다이렉트)(2601),주계약,자동차사고벌금(대물),"자동차 운전중 교통사고로 도로교통법 제151조(벌칙)에 따른 벌금형이 확정되어 벌금을 부담한 경우 1사고당 보험가입금액 한도로 실제 벌금액을 실손 비례보상※ 1사고당 벌금형의 확정 이유가 도로교통법 제151조(벌칙)와 타인의 신체상해와 관련한 벌금 두 가지 사유에 모두 해당하는 경우, 비례보상 대상 계약에 '신체상해와 관련하여 받은 벌금액을 보장하는 계약'도 포함됨","자동차 운전중 교통사고로 도로교통법 제151조(벌칙)에 따른 벌금형이 확정되어 벌금을 부담한 경우 1사고당 보험가입금액 한도로 실제 벌금액을 실손 비례보상※ 1사고당 벌금형의 확정 이유가 도로교통법 제151조(벌칙)와 타인의 신체상해와 관련한 벌금 두 가지 사유에 모두 해당하는 경우, 비례보상 대상 계약에 '신체상해와 관련하여 받은 벌금액을 보장하는 계약'도 포함됨",5백만원 한도,,,,,,,,,file_42.xls,자동차사고벌금(대물),"자동차 운전중 교통사고로 도로교통법 제151조(벌칙)에 따른 벌금형이 확정되어 벌금을 부담한 경우 1사고당 보험가입금액 한도로 실제 벌금액을 실손 비례보상※ 1사고당 벌금형의 확정 이유가 도로교통법 제151조(벌칙)와 타인의 신체상해와 관련한 벌금 두 가지 사유에 모두 해당하는 경우, 비례보상 대상 계약에 '신체상해와 관련하여 받은 벌금액을 보장하는 계약'도 포함됨",5백만원 한도,,,,,,,,,,,,,,,,,,,,,,,,,,,
하나손보,무배당 하나더베스트 운전자보험(다이렉트)(2601),주계약,"자동차사고벌금Ⅱ(대인,3천만원한도)","자동차 운전 중 교통사고로 타인의 신체에 상해를 입힘으로써 확정판결로 벌금을 부담하는 경우※ 1사고당 벌금형의 확정 이유가 도로교통법 제151조(벌칙)와 타인의 신체상해와 관련한 벌금 두가지 사유에 모두 해당하는 경우, 비례보상 대상 계약에 '신체상해와 관련하여 받은 벌금액을 보장하는 계약'도 포함됨","자동차사고벌금Ⅱ(대인,3천만원한도)","어린이보호구역내 교통사고의 경우, 3천만원 한도상기 이외의 경우, 2천만원 한도",,,,,,,"어린이보호구역내 교통사고의 경우, 3천만원 한도상기 이외의 경우, 2천만원 한도",,file_42.xls,"자동차사고벌금Ⅱ(대인,3천만원한도)","자동차 운전 중 교통사고로 타인의 신체에 상해를 입힘으로써 확정판결로 벌금을 부담하는 경우※ 1사고당 벌금형의 확정 이유가 도로교통법 제151조(벌칙)와 타인의 신체상해와 관련한 벌금 두가지 사유에 모두 해당하는 경우, 비례보상 대상 계약에 '신체상해와 관련하여 받은 벌금액을 보장하는 계약'도 포함됨","어린이보호구역내 교통사고의 경우, 3천만원 한도상기 이외의 경우, 2천만원 한도",,,,,,,,,,,,,,,,,,,,,,,,,,,
하나손보,무배당 하나더베스트 운전자보험(다이렉트)(2601),주계약,자동차사고변호사선임비Ⅲ,"자동차 운전중 교통사고로 타인의 신체에 상해를 입힘으로써 구속되거나 공소제기(약식기소 제외)된 경우 또는 검사에 의해 약식기소 되었으나 ·형사소송법· 제450조에 의거, 법원에 의해 보통의 심판절차인 공판절차로 재판이 진행되는 경우 또는 같은 법 제453조에 의거 검사 또는 피보험자가 정식재판을 청구하는 경우 또는 경찰 조사 후 불송치되거나 검찰에 의해 약식기소 또는 불기소된 경우(단, 타인을 사망하게 한 경우 또는 “중대법규위반교통사고”로 타인의 신체에 상해를 입힌 경우에 한함)","자동차 운전중 교통사고로 타인의 신체에 상해를 입힘으로써 구속되거나 공소제기(약식기소 제외)된 경우 또는 검사에 의해 약식기소 되었으나 ·형사소송법· 제450조에 의거, 법원에 의해 보통의 심판절차인 공판절차로 재판이 진행되는 경우 또는 같은 법 제453조에 의거 검사 또는 피보험자가 정식재판을 청구하는 경우 또는 경찰 조사 후 불송치되거나 검찰에 의해 약식기소 또는 불기소된 경우(단, 타인을 사망하게 한 경우 또는 “중대법규위반교통사고”로 타인의 신체에 상해를 입힌 경우에 한함)",,,,,,,,,,file_42.xls,자동차사고변호사선임비Ⅲ,"자동차 운전중 교통사고로 타인의 신체에 상해를 입힘으로써 구속되거나 공소제기(약식기소 제외)된 경우 또는 검사에 의해 약식기소 되었으나 ·형사소송법· 제450조에 의거, 법원에 의해 보통의 심판절차인 공판절차로 재판이 진행되는 경우 또는 같은 법 제453조에 의거 검사 또는 피보험자가 정식재판을 청구하는 경우 또는 경찰 조사 후 불송치되거나 검찰에 의해 약식기소 또는 불기소된 경우(단, 타인을 사망하게 한 경우 또는 “중대법규위반교통사고”로 타인의 신체에 상해를 입힌 경우에 한함)",보험가입금액 한도,,,,,,,,,,,,,,,,,,,,,,,,,,,
하나손보,무배당 하나더베스트 운전자보험(다이렉트)(2601),주계약,중증 자동차사고부상치료비,"교통사고로 인해 신체에 상해를 입고 그 직접결과로서 자동차손해배상보장법 시행령(약관 참조)에서 정한 자동차사고부상등급표의 상해등급 중 1급, 2급 또는 3급을 받은 경우(상해등급별 차등지급)","교통사고로 인해 신체에 상해를 입고 그 직접결과로서 자동차손해배상보장법 시행령(약관 참조)에서 정한 자동차사고부상등급표의 상해등급 중 1급, 2급 또는 3급을 받은 경우(상해등급별 차등지급)","상해등급 1급의 경우, 100만원상해등급 2~3급의 경우, 50만원(가입금액 100만원 기준)",,,,,,,"상해등급 1급의 경우, 100만원상해등급 2~3급의 경우, 50만원(가입금액 100만원 기준)",,file_42.xls,중증 자동차사고부상치료비,"교통사고로 인해 신체에 상해를 입고 그 직접결과로서 자동차손해배상보장법 시행령(약관 참조)에서 정한 자동차사고부상등급표의 상해등급 중 1급, 2급 또는 3급을 받은 경우(상해등급별 차등지급)","상해등급 1급의 경우, 100만원상해등급 2~3급의 경우, 50만원(가입금액 100만원 기준)",,,,,,,,,,,,,,,,,,,,,,,,,,,
신한EZ손해보험,신한 이지로운 운전자보험(무배당),주계약,교통사고처리지원금Ⅱ(중상해보장확대)(비탑승중포함),보험기간 중 급격하고도 우연한 자동차사고로 타인에게 상해를 입혀 형사합의를 한 경우,신한 이지로운 운전자보험(무배당),,7881,6693,,,,,,,file_42.xls,신한EZ손해보험,신한 이지로운 운전자보험(무배당),교통사고처리지원금Ⅱ(중상해보장확대)(비탑승중포함),보험기간 중 급격하고도 우연한 자동차사고로 타인에게 상해를 입혀 형사합의를 한 경우,보험가입금액 한도,"7,881","6,693",112.2,109.6,,,,,,,,,,,,,,,,,,,,,
신한EZ손해보험,신한 이지로운 운전자보험(무배당),주계약,교통상해사망,보험기간 중 약관에서 정한 교통사고의 직접적인 결과로써 사망한 경우,보험가입금액,,,,,,,,,,file_42.xls,교통상해사망,보험기간 중 약관에서 정한 교통사고의 직접적인 결과로써 사망한 경우,보험가입금액,,,,,,,,,,,,,,,,,,,,,,,,,,,
신한EZ손해보험,신한 이지로운 운전자보험(무배당),주계약,심급별 자동차사고 변호사선임비용(경찰조사포함)(비탑승중포함),보험기간 중 급격하고도 우연한 자동차사고로 타인을 사망에 이르게 하거나 타인의 신체에 상해를 입힘으로써 변호사선임비용을 부담하게 된 경우,보험가입금액 한도,,,,,,,,,,file_42.xls,심급별 자동차사고 변호사선임비용(경찰조사포함)(비탑승중포함),보험기간 중 급격하고도 우연한 자동차사고로 타인을 사망에 이르게 하거나 타인의 신체에 상해를 입힘으로써 변호사선임비용을 부담하게 된 경우,보험가입금액 한도,,,,,,,,,,,,,,,,,,,,,,,,,,,
신한EZ손해보험,신한 이지로운 운전자보험(무배당),주계약,자동차사고벌금(대물),보험기간 중 자동차를 운전하던 중에 급격하고도 우연한 자동차사고로 「도로교통법」제151조에 따른 벌금형이 확정된 경우,,,,,,,,,,,file_42.xls,자동차사고벌금(대물),보험기간 중 자동차를 운전하던 중에 급격하고도 우연한 자동차사고로 「도로교통법」제151조에 따른 벌금형이 확정된 경우,,,,,,,,,,,,,,,,,,,,,,,,,,,,
신한EZ손해보험,신한 이지로운 운전자보험(무배당),주계약,자동차사고벌금(대인)Ⅱ(비탑승중포함),보험기간 중 급격하고도 우연한 자동차사고로 타인의 신체에 상해를 입혀 신체상해와 관련하여 벌금형을 확정받은 경우,,,,,,,,,,,file_42.xls,자동차사고벌금(대인)Ⅱ(비탑승중포함),보험기간 중 급격하고도 우연한 자동차사고로 타인의 신체에 상해를 입혀 신체상해와 관련하여 벌금형을 확정받은 경우,,,,,,,,,,,,,,,,,,,,,,,,,,,,
신한EZ손해보험,신한 SOL 처음운전자보험(무배당),주계약,교통사고처리지원금Ⅱ(중상해보장확대)(비탑승중포함),보험기간 중 급격하고도 우연한 자동차사고로 타인에게 상해를 입혀 형사합의를 한 경우,신한 SOL 처음운전자보험(무배당),,4675,4463,,,,,,,file_42.xls,신한EZ손해보험,신한 SOL 처음운전자보험(무배당),교통사고처리지원금Ⅱ(중상해보장확대)(비탑승중포함),보험기간 중 급격하고도 우연한 자동차사고로 타인에게 상해를 입혀 형사합의를 한 경우,보험가입금액 한도,"4,675","4,463",106.8,105.0,,,,,,,,,,,,,,,,,,,,,
신한EZ손해보험,신한 SOL 처음운전자보험(무배당),주계약,교통상해 후유장해(3-100%),보험기간 중 교통사고의 직접적인 결과로써 3~100% 장해지급률에 해당하는 장해상태가 되었을 경우,교통상해 후유장해(3-100%),,,,,,,,,,file_42.xls,교통상해 후유장해(3-100%),보험기간 중 교통사고의 직접적인 결과로써 3~100% 장해지급률에 해당하는 장해상태가 되었을 경우,지급률 × 보험가입금액,,,,,,,,,,,,,,,,,,,,,,,,,,,
신한EZ손해보험,신한 SOL 처음운전자보험(무배당),주계약,교통상해사망(운전자용),보험기간 중 약관에서 정한 교통사고의 직접적인 결과로써 사망한 경우,보험가입금액,,,,,,,,,,file_42.xls,교통상해사망(운전자용),보험기간 중 약관에서 정한 교통사고의 직접적인 결과로써 사망한 경우,보험가입금액,,,,,,,,,,,,,,,,,,,,,,,,,,,
신한EZ손해보험,신한 SOL 처음운전자보험(무배당),주계약,심급별 자동차사고 변호사선임비용(경찰조사포함)(비탑승중포함),보험기간 중 급격하고도 우연한 자동차사고로 타인을 사망에 이르게 하거나 타인의 신체에 상해를 입힘으로써 변호사선임비용을 부담하게 된 경우,보험가입금액 한도,,,,,,,,,,file_42.xls,심급별 자동차사고 변호사선임비용(경찰조사포함)(비탑승중포함),보험기간 중 급격하고도 우연한 자동차사고로 타인을 사망에 이르게 하거나 타인의 신체에 상해를 입힘으로써 변호사선임비용을 부담하게 된 경우,보험가입금액 한도,,,,,,,,,,,,,,,,,,,,,,,,,,,
신한EZ손해보험,신한 SOL 처음운전자보험(무배당),주계약,자동차사고벌금(대물),보험기간 중 자동차를 운전하던 중에 급격하고도 우연한 자동차사고로 「도로교통법」제151조에 따른 벌금형이 확정된 경우,,,,,,,,,,,file_42.xls,자동차사고벌금(대물),보험기간 중 자동차를 운전하던 중에 급격하고도 우연한 자동차사고로 「도로교통법」제151조에 따른 벌금형이 확정된 경우,,,,,,,,,,,,,,,,,,,,,,,,,,,,
신한EZ손해보험,신한 SOL 처음운전자보험(무배당),주계약,자동차사고벌금(대인)Ⅱ(비탑승중포함),보험기간 중 급격하고도 우연한 자동차사고로 타인의 신체에 상해를 입혀 신체상해와 관련하여 벌금형을 확정받은 경우,,,,,,,,,,,file_42.xls,자동차사고벌금(대인)Ⅱ(비탑승중포함),보험기간 중 급격하고도 우연한 자동차사고로 타인의 신체에 상해를 입혀 신체상해와 관련하여 벌금형을 확정받은 경우,,,,,,,,,,,,,,,,,,,,,,,,,,,,
농협손보,(무) NH다이렉트운전자보험2601,주계약,"교통사고처리지원금(중상해확대,2억원한도)","피해자 사망 : 자동차(이륜차 제외) 운전중 교통사고로 피해자(피보험자의 부모, 배우자 및 자녀 제외)를 사망하게 한 경우(1사고당 피보험자가 실제로 지급한 형사합의금 지급)","교통사고처리지원금(중상해확대,2억원한도)",2억원 한도,10311,5819,,,,,,,file_42.xls,농협손보,(무) NH다이렉트운전자보험2601,"교통사고처리지원금(중상해확대,2억원한도)","피해자 사망 : 자동차(이륜차 제외) 운전중 교통사고로 피해자(피보험자의 부모, 배우자 및 자녀 제외)를 사망하게 한 경우(1사고당 피보험자가 실제로 지급한 형사합의금 지급)",2억원 한도,"10,311","5,819",163.8,113.9,,,,,,,,,,,,,,,,,,,,,
농협손보,(무) NH다이렉트운전자보험2601,주계약,"피해자 중상해 : 자동차(이륜차 제외) 운전중 약관에 정한 일반교통사고로 인하여 다음 각 목 중 하나에 해당하는 사유가 발생한 경우 가. 피해자(피보험자의 부모, 배우자 및 자녀 제외)에게 자동차손해배상보장법 시행령 제3조 제1항 제2호에서 정한 상해급수 1급, 2급 또는 3급에 해당하는 부상을 입힌 경우 나. 피해자(피보험자의 부모, 배우자 및 자녀 제외)에게 가목 이외의 중상해를 입혀 검찰에 의해 공소제기된 경우 다. 피해자(피보험자의 부모, 배우자 및 자녀 제외)에게 가목 이외의 중상해를 입혀 불기소 및 불송치된 경우",- (가 목) 1~3급 : 2억원 한도- (나 목) 1~3급외 & 공소제기 : 2억원 한도- (다 목) 1~3급외 & 불기소및불송치 : 7천만원 한도,"피해자 중상해 : 자동차(이륜차 제외) 운전중 약관에 정한 일반교통사고로 인하여 다음 각 목 중 하나에 해당하는 사유가 발생한 경우 가. 피해자(피보험자의 부모, 배우자 및 자녀 제외)에게 자동차손해배상보장법 시행령 제3조 제1항 제2호에서 정한 상해급수 1급, 2급 또는 3급에 해당하는 부상을 입힌 경우 나. 피해자(피보험자의 부모, 배우자 및 자녀 제외)에게 가목 이외의 중상해를 입혀 검찰에 의해 공소제기된 경우 다. 피해자(피보험자의 부모, 배우자 및 자녀 제외)에게 가목 이외의 중상해를 입혀 불기소 및 불송치된 경우",- (가 목) 1~3급 : 2억원 한도- (나 목) 1~3급외 & 공소제기 : 2억원 한도- (다 목) 1~3급외 & 불기소및불송치 : 7천만원 한도,,,,,,,,,file_42.xls,"피해자 중상해 : 자동차(이륜차 제외) 운전중 약관에 정한 일반교통사고로 인하여 다음 각 목 중 하나에 해당하는 사유가 발생한 경우 가. 피해자(피보험자의 부모, 배우자 및 자녀 제외)에게 자동차손해배상보장법 시행령 제3조 제1항 제2호에서 정한 상해급수 1급, 2급 또는 3급에 해당하는 부상을 입힌 경우 나. 피해자(피보험자의 부모, 배우자 및 자녀 제외)에게 가목 이외의 중상해를 입혀 검찰에 의해 공소제기된 경우 다. 피해자(피보험자의 부모, 배우자 및 자녀 제외)에게 가목 이외의 중상해를 입혀 불기소 및 불송치된 경우",- (가 목) 1~3급 : 2억원 한도- (나 목) 1~3급외 & 공소제기 : 2억원 한도- (다 목) 1~3급외 & 불기소및불송치 : 7천만원 한도,,,,,,,,,,,,,,,,,,,,,,,,,,,,
농협손보,(무) NH다이렉트운전자보험2601,주계약,"피해자 부상 : 자동차(이륜차 제외) 운전중 중대법규위반 교통사고로 피해자(피보험자의 부모, 배우자 및 자녀 제외)가 42일 이상 치료를 요한다는 진단을 받은 경우 다만, 특정범죄 가중처벌 등에 관한 법률 제 5조의 13(어린이 보호구역에서 어린이 치사상의 가중처벌)에 해당하는 사고에 한하여 피해자가 42일 미만 치료를 요한다는 진단을 받은 경우도 포함.(1사고당 피보험자가 실제로 지급한 형사합의금 지급)",- 42일미만(스쿨존어린이사고) : 5백만원 한도 - 42 ~ 69일 : 2천만원 한도 - 70 ~ 139일 : 7천만원 한도 - 140일 이상 : 1억원 한도,"피해자 부상 : 자동차(이륜차 제외) 운전중 중대법규위반 교통사고로 피해자(피보험자의 부모, 배우자 및 자녀 제외)가 42일 이상 치료를 요한다는 진단을 받은 경우 다만, 특정범죄 가중처벌 등에 관한 법률 제 5조의 13(어린이 보호구역에서 어린이 치사상의 가중처벌)에 해당하는 사고에 한하여 피해자가 42일 미만 치료를 요한다는 진단을 받은 경우도 포함.(1사고당 피보험자가 실제로 지급한 형사합의금 지급)",- 42일미만(스쿨존어린이사고) : 5백만원 한도 - 42 ~ 69일 : 2천만원 한도 - 70 ~ 139일 : 7천만원 한도 - 140일 이상 : 1억원 한도,,,,,,,,,file_42.xls,"피해자 부상 : 자동차(이륜차 제외) 운전중 중대법규위반 교통사고로 피해자(피보험자의 부모, 배우자 및 자녀 제외)가 42일 이상 치료를 요한다는 진단을 받은 경우 다만, 특정범죄 가중처벌 등에 관한 법률 제 5조의 13(어린이 보호구역에서 어린이 치사상의 가중처벌)에 해당하는 사고에 한하여 피해자가 42일 미만 치료를 요한다는 진단을 받은 경우도 포함.(1사고당 피보험자가 실제로 지급한 형사합의금 지급)",- 42일미만(스쿨존어린이사고) : 5백만원 한도 - 42 ~ 69일 : 2천만원 한도 - 70 ~ 139일 : 7천만원 한도 - 140일 이상 : 1억원 한도,,,,,,,,,,,,,,,,,,,,,,,,,,,,
농협손보,(무) NH다이렉트운전자보험2601,주계약,교통상해사망,,,,,,,,,,,,file_42.xls,교통상해사망,교통상해의 직접결과로써 사망한 경우,가입금액,,,,,,,,,,,,,,,,,,,,,,,,,,,
농협손보,(무) NH다이렉트운전자보험2601,주계약,교통상해후유장해(50%이상),교통상해로 50%이상 후유장해시 (최초1회한),교통상해후유장해(50%이상),,,,,,,,,,file_42.xls,교통상해후유장해(50%이상),교통상해로 50%이상 후유장해시 (최초1회한),,,,,,,,,,,,,,,,,,,,,,,,,,,,
농협손보,(무) NH다이렉트운전자보험2601,주계약,자동차사고벌금II,자동차 운전중에 발생한 급격하고도 우연한 자동차사고로 타인의 신체에 상해를 입혀 확정판결로 벌금 부담 시,가입금액 한도,,,,,,,,,,file_42.xls,자동차사고벌금II,자동차 운전중에 발생한 급격하고도 우연한 자동차사고로 타인의 신체에 상해를 입혀 확정판결로 벌금 부담 시,가입금액 한도,,,,,,,,,,,,,,,,,,,,,,,,,,,
농협손보,(무) NH다이렉트운전자보험2601,주계약,자동차사고벌금비용(대물),자동차 운전 중 교통사고로 도로교통법 제151조(벌칙)에 따른 벌금액을 확정받은 경우,,,,,,,,,,,file_42.xls,자동차사고벌금비용(대물),자동차 운전 중 교통사고로 도로교통법 제151조(벌칙)에 따른 벌금액을 확정받은 경우,,,,,,,,,,,,,,,,,,,,,,,,,,,,
농협손보,(무) NH다이렉트운전자보험2601,주계약,자동차사고변호사선임비용Ⅰ(경찰조사포함),"자동차를 운전하는 중 발생한 교통사고로 타인의 신체에 상해를 입혀 아래의 보장항목에 해당하는 사유로 변호사선임비용을 부담한 경우1. 피보험자가 구속영장에 의하여 구속 된 경우2. 검찰에 의해 공소제기(약식기소 제외)된 경우3. 피보험자가 검사에 의해 약식기소 되었으나 법원에 의해 보통의 심판절차인 공판절차에 의해 재판이 진행하게 된 경우4. 검사 또는 피보험자가 법원의 약식명령에 불복하여 정식재판을 청구한 경우5. 피보험자가 경찰 조사 후 불송치된 경우(단, 타인을 사망하게 한 경우, 중대법규위반 교통사고로 타인의 신체에 상해를 입힌 경우 및 타인의 신체에 상해를 입힘으로써 피해자에게 자동차손해배상보장법 시행령 제3조에서 정한 부상등급 1급, 2급, 3급에 해당하는 부상을 입힌 경우(중대법규위반 교통사고에 해당하지 않는 경우에 한함)에 한함)6. 검찰에 의해 약식기소 또는 불기소된 경우(단, 타인을 사망하게 한 경우, 중대법규위반 교통사고로 타인의 신체에 상해를 입힌 경우 및 타인의 신체에 상해를 입힘으로써 피해자에게 자동차손해배상보장법 시행령 제3조에서 정한 부상등급 1급, 2급, 3급에 해당하는 부상을 입힌 경우(중대법규위반 교통사고에 해당하지 않는 경우에 한함)에 한함)","자동차를 운전하는 중 발생한 교통사고로 타인의 신체에 상해를 입혀 아래의 보장항목에 해당하는 사유로 변호사선임비용을 부담한 경우1. 피보험자가 구속영장에 의하여 구속 된 경우2. 검찰에 의해 공소제기(약식기소 제외)된 경우3. 피보험자가 검사에 의해 약식기소 되었으나 법원에 의해 보통의 심판절차인 공판절차에 의해 재판이 진행하게 된 경우4. 검사 또는 피보험자가 법원의 약식명령에 불복하여 정식재판을 청구한 경우5. 피보험자가 경찰 조사 후 불송치된 경우(단, 타인을 사망하게 한 경우, 중대법규위반 교통사고로 타인의 신체에 상해를 입힌 경우 및 타인의 신체에 상해를 입힘으로써 피해자에게 자동차손해배상보장법 시행령 제3조에서 정한 부상등급 1급, 2급, 3급에 해당하는 부상을 입힌 경우(중대법규위반 교통사고에 해당하지 않는 경우에 한함)에 한함)6. 검찰에 의해 약식기소 또는 불기소된 경우(단, 타인을 사망하게 한 경우, 중대법규위반 교통사고로 타인의 신체에 상해를 입힌 경우 및 타인의 신체에 상해를 입힘으로써 피해자에게 자동차손해배상보장법 시행령 제3조에서 정한 부상등급 1급, 2급, 3급에 해당하는 부상을 입힌 경우(중대법규위반 교통사고에 해당하지 않는 경우에 한함)에 한함)",5백만원 한도,,,,,,,,,file_42.xls,자동차사고변호사선임비용Ⅰ(경찰조사포함),"자동차를 운전하는 중 발생한 교통사고로 타인의 신체에 상해를 입혀 아래의 보장항목에 해당하는 사유로 변호사선임비용을 부담한 경우1. 피보험자가 구속영장에 의하여 구속 된 경우2. 검찰에 의해 공소제기(약식기소 제외)된 경우3. 피보험자가 검사에 의해 약식기소 되었으나 법원에 의해 보통의 심판절차인 공판절차에 의해 재판이 진행하게 된 경우4. 검사 또는 피보험자가 법원의 약식명령에 불복하여 정식재판을 청구한 경우5. 피보험자가 경찰 조사 후 불송치된 경우(단, 타인을 사망하게 한 경우, 중대법규위반 교통사고로 타인의 신체에 상해를 입힌 경우 및 타인의 신체에 상해를 입힘으로써 피해자에게 자동차손해배상보장법 시행령 제3조에서 정한 부상등급 1급, 2급, 3급에 해당하는 부상을 입힌 경우(중대법규위반 교통사고에 해당하지 않는 경우에 한함)에 한함)6. 검찰에 의해 약식기소 또는 불기소된 경우(단, 타인을 사망하게 한 경우, 중대법규위반 교통사고로 타인의 신체에 상해를 입힌 경우 및 타인의 신체에 상해를 입힘으로써 피해자에게 자동차손해배상보장법 시행령 제3조에서 정한 부상등급 1급, 2급, 3급에 해당하는 부상을 입힌 경우(중대법규위반 교통사고에 해당하지 않는 경우에 한함)에 한함)",5백만원 한도,,,,,,,,,,,,,,,,,,,,,,,,,,,
농협손보,(무) NH올바른지구굿데이운전자상해보험2601,주계약,"피해자 중상해 : 자동차 운전중 약관에 정한 일반교통사고로 인하여 다음 중 하나에 해당하는 사유가 발생한 경우1. 피해자에게 자동차손해배상보장에서 정한 상해급수 1급, 2급 또는 3급에 해당하는 부상을 입힌 경우2. 피해자에게 상해급수 1급, 2급 또는 3급 이외에 해당하는 중상해를 입혀 공소제기된 경우3. 피해자에게 상해급수 1급, 2급 또는 3급 이외에 해당하는 중상해를 입혀 불기소 및 불송치된 경우",1. 에 해당하는 경우 : 2억원2. 에 해당하는 경우 : 2억원3. 에 해당하는 경우 : 7천만원,"피해자 중상해 : 자동차 운전중 약관에 정한 일반교통사고로 인하여 다음 중 하나에 해당하는 사유가 발생한 경우1. 피해자에게 자동차손해배상보장에서 정한 상해급수 1급, 2급 또는 3급에 해당하는 부상을 입힌 경우2. 피해자에게 상해급수 1급, 2급 또는 3급 이외에 해당하는 중상해를 입혀 공소제기된 경우3. 피해자에게 상해급수 1급, 2급 또는 3급 이외에 해당하는 중상해를 입혀 불기소 및 불송치된 경우",1. 에 해당하는 경우 : 2억원2. 에 해당하는 경우 : 2억원3. 에 해당하는 경우 : 7천만원,15034,9068,,,,,,,file_42.xls,농협손보,(무) NH올바른지구굿데이운전자상해보험2601,-,"피해자 중상해 : 자동차 운전중 약관에 정한 일반교통사고로 인하여 다음 중 하나에 해당하는 사유가 발생한 경우1. 피해자에게 자동차손해배상보장에서 정한 상해급수 1급, 2급 또는 3급에 해당하는 부상을 입힌 경우2. 피해자에게 상해급수 1급, 2급 또는 3급 이외에 해당하는 중상해를 입혀 공소제기된 경우3. 피해자에게 상해급수 1급, 2급 또는 3급 이외에 해당하는 중상해를 입혀 불기소 및 불송치된 경우",1. 에 해당하는 경우 : 2억원2. 에 해당하는 경우 : 2억원3. 에 해당하는 경우 : 7천만원,"15,034","9,068",146.3,114.7,,,,,,,,,,,,,,,,,,,,,
농협손보,(무) NH올바른지구굿데이운전자상해보험2601,주계약,"피해자 부상 : 자동차 운전중 중대법규위반 교통사고로 피해자(피보험자의 부모, 배우자 및 자녀 제외)가 42일 이상 치료를 요한다는 진단을 받은 경우다만, 특정범죄 가중처벌 등에 관한 법률 제 5조의 13(어린이 보호구역에서 어린이 치사상의 가중처벌)에 해당하는 사고에 한하여 피해자가 42일 미만 치료를 요한다는 진단을 받은 경우도 포함. (1사고당 피보험자가 실제로 지급한 형사합의금 지급)",스쿨존어린이사고  - 42일미만 : 5백만원 한도 - 42 ~ 69일 : 2천만원 한도 - 70 ~ 139일 : 7천만원 한도 - 140일 이상 : 1억원 한도,"피해자 부상 : 자동차 운전중 중대법규위반 교통사고로 피해자(피보험자의 부모, 배우자 및 자녀 제외)가 42일 이상 치료를 요한다는 진단을 받은 경우다만, 특정범죄 가중처벌 등에 관한 법률 제 5조의 13(어린이 보호구역에서 어린이 치사상의 가중처벌)에 해당하는 사고에 한하여 피해자가 42일 미만 치료를 요한다는 진단을 받은 경우도 포함. (1사고당 피보험자가 실제로 지급한 형사합의금 지급)",스쿨존어린이사고  - 42일미만 : 5백만원 한도 - 42 ~ 69일 : 2천만원 한도 - 70 ~ 139일 : 7천만원 한도 - 140일 이상 : 1억원 한도,,,,,,,,,file_42.xls,"피해자 부상 : 자동차 운전중 중대법규위반 교통사고로 피해자(피보험자의 부모, 배우자 및 자녀 제외)가 42일 이상 치료를 요한다는 진단을 받은 경우다만, 특정범죄 가중처벌 등에 관한 법률 제 5조의 13(어린이 보호구역에서 어린이 치사상의 가중처벌)에 해당하는 사고에 한하여 피해자가 42일 미만 치료를 요한다는 진단을 받은 경우도 포함. (1사고당 피보험자가 실제로 지급한 형사합의금 지급)",스쿨존어린이사고  - 42일미만 : 5백만원 한도 - 42 ~ 69일 : 2천만원 한도 - 70 ~ 139일 : 7천만원 한도 - 140일 이상 : 1억원 한도,,,,,,,,,,,,,,,,,,,,,,,,,,,,
농협손보,(무) NH올바른지구굿데이운전자상해보험2601,주계약,"교통사고처리지원금(중상해확대,2억원한도)","피해자 사망 : 자동차 운전중 교통사고로 피해자(피보험자의 부모, 배우자 및 자녀 제외)를 사망하게 한 경우(1사고당 피보험자가 실제로 지급한 형사합의금 지급)","교통사고처리지원금(중상해확대,2억원한도)",2억원 한도,,,,,,,,,file_42.xls,"교통사고처리지원금(중상해확대,2억원한도)","피해자 사망 : 자동차 운전중 교통사고로 피해자(피보험자의 부모, 배우자 및 자녀 제외)를 사망하게 한 경우(1사고당 피보험자가 실제로 지급한 형사합의금 지급)",2억원 한도,,,,,,,,,,,,,,,,,,,,,,,,,,,
농협손보,(무) NH올바른지구굿데이운전자상해보험2601,주계약,교통상해사망,,,,,,,,,,,,file_42.xls,교통상해사망,교통상해의 직접결과로써 사망한 경우,가입금액,,,,,,,,,,,,,,,,,,,,,,,,,,,
농협손보,(무) NH올바른지구굿데이운전자상해보험2601,주계약,교통상해후유장해(50%이상),,교통상해후유장해(50%이상),,,,,,,,,,file_42.xls,교통상해후유장해(50%이상),교통상해로 50%이상 후유장해시,,,,,,,,,,,,,,,,,,,,,,,,,,,,
농협손보,(무) NH올바른지구굿데이운전자상해보험2601,주계약,자동차사고벌금II,자동차 운전중에 발생한 급격하고도 우연한 자동차사고로 타인의 신체에 상해를 입혀 확정판결로 벌금 부담 시,가입금액 한도,,,,,,,,,,file_42.xls,자동차사고벌금II,자동차 운전중에 발생한 급격하고도 우연한 자동차사고로 타인의 신체에 상해를 입혀 확정판결로 벌금 부담 시,가입금액 한도,,,,,,,,,,,,,,,,,,,,,,,,,,,
농협손보,(무) NH올바른지구굿데이운전자상해보험2601,주계약,자동차사고벌금비용(대물),자동차 운전 중 교통사고로 도로교통법 제151조(벌칙)에 따른 벌금액을 확정받은 경우,,,,,,,,,,,file_42.xls,자동차사고벌금비용(대물),자동차 운전 중 교통사고로 도로교통법 제151조(벌칙)에 따른 벌금액을 확정받은 경우,,,,,,,,,,,,,,,,,,,,,,,,,,,,
농협손보,(무) NH올바른지구굿데이운전자상해보험2601,주계약,자동차사고변호사선임비용Ⅰ(경찰조사포함),"자동차를 운전하는 중 발생한 교통사고로 타인의 신체에 상해를 입혀 아래의 보장항목에 해당하는 사유로 변호사선임비용을 부담한 경우1. 피보험자가 구속영장에 의하여 구속 된 경우2. 검찰에 의해 공소제기(약식기소 제외)된 경우3. 피보험자가 검사에 의해 약식기소 되었으나 법원에 의해 보통의 심판절차인 공판절차에 의해 재판이 진행하게 된 경우4. 검사 또는 피보험자가 법원의 약식명령에 불복하여 정식재판을 청구한 경우5. 피보험자가 경찰 조사 후 불송치된 경우(단, 타인을 사망하게 한 경우, 중대법규위반 교통사고로 타인의 신체에 상해를 입힌 경우 및 타인의 신체에 상해를 입힘으로써 피해자에게 자동차손해배상보장법 시행령 제3조에서 정한 부상등급 1급, 2급, 3급에 해당하는 부상을 입힌 경우(중대법규위반 교통사고에 해당하지 않는 경우에 한함)에 한함)6. 검찰에 의해 약식기소 또는 불기소된 경우(단, 타인을 사망하게 한 경우, 중대법규위반 교통사고로 타인의 신체에 상해를 입힌 경우 및 타인의 신체에 상해를 입힘으로써 피해자에게 자동차손해배상보장법 시행령 제3조에서 정한 부상등급 1급, 2급, 3급에 해당하는 부상을 입힌 경우(중대법규위반 교통사고에 해당하지 않는 경우에 한함)에 한함)","자동차를 운전하는 중 발생한 교통사고로 타인의 신체에 상해를 입혀 아래의 보장항목에 해당하는 사유로 변호사선임비용을 부담한 경우1. 피보험자가 구속영장에 의하여 구속 된 경우2. 검찰에 의해 공소제기(약식기소 제외)된 경우3. 피보험자가 검사에 의해 약식기소 되었으나 법원에 의해 보통의 심판절차인 공판절차에 의해 재판이 진행하게 된 경우4. 검사 또는 피보험자가 법원의 약식명령에 불복하여 정식재판을 청구한 경우5. 피보험자가 경찰 조사 후 불송치된 경우(단, 타인을 사망하게 한 경우, 중대법규위반 교통사고로 타인의 신체에 상해를 입힌 경우 및 타인의 신체에 상해를 입힘으로써 피해자에게 자동차손해배상보장법 시행령 제3조에서 정한 부상등급 1급, 2급, 3급에 해당하는 부상을 입힌 경우(중대법규위반 교통사고에 해당하지 않는 경우에 한함)에 한함)6. 검찰에 의해 약식기소 또는 불기소된 경우(단, 타인을 사망하게 한 경우, 중대법규위반 교통사고로 타인의 신체에 상해를 입힌 경우 및 타인의 신체에 상해를 입힘으로써 피해자에게 자동차손해배상보장법 시행령 제3조에서 정한 부상등급 1급, 2급, 3급에 해당하는 부상을 입힌 경우(중대법규위반 교통사고에 해당하지 않는 경우에 한함)에 한함)",5백만원 한도,,,,,,,,,file_42.xls,자동차사고변호사선임비용Ⅰ(경찰조사포함),"자동차를 운전하는 중 발생한 교통사고로 타인의 신체에 상해를 입혀 아래의 보장항목에 해당하는 사유로 변호사선임비용을 부담한 경우1. 피보험자가 구속영장에 의하여 구속 된 경우2. 검찰에 의해 공소제기(약식기소 제외)된 경우3. 피보험자가 검사에 의해 약식기소 되었으나 법원에 의해 보통의 심판절차인 공판절차에 의해 재판이 진행하게 된 경우4. 검사 또는 피보험자가 법원의 약식명령에 불복하여 정식재판을 청구한 경우5. 피보험자가 경찰 조사 후 불송치된 경우(단, 타인을 사망하게 한 경우, 중대법규위반 교통사고로 타인의 신체에 상해를 입힌 경우 및 타인의 신체에 상해를 입힘으로써 피해자에게 자동차손해배상보장법 시행령 제3조에서 정한 부상등급 1급, 2급, 3급에 해당하는 부상을 입힌 경우(중대법규위반 교통사고에 해당하지 않는 경우에 한함)에 한함)6. 검찰에 의해 약식기소 또는 불기소된 경우(단, 타인을 사망하게 한 경우, 중대법규위반 교통사고로 타인의 신체에 상해를 입힌 경우 및 타인의 신체에 상해를 입힘으로써 피해자에게 자동차손해배상보장법 시행령 제3조에서 정한 부상등급 1급, 2급, 3급에 해당하는 부상을 입힌 경우(중대법규위반 교통사고에 해당하지 않는 경우에 한함)에 한함)",5백만원 한도,,,,,,,,,,,,,,,,,,,,,,,,,,,
농협손보,(무) NH올바른지구굿데이운전자상해보험2601,주계약,자동차사고부상치료비(1~7급단일),교통사고로 발생한 상해로 자동차손해배상보장법 시행령 제3조 자동차사고부상등급표의 부상등급(1~7급)을 받은 경우,교통사고로 발생한 상해로 자동차손해배상보장법 시행령 제3조 자동차사고부상등급표의 부상등급(1~7급)을 받은 경우,,,,,,,,,,file_42.xls,자동차사고부상치료비(1~7급단일),교통사고로 발생한 상해로 자동차손해배상보장법 시행령 제3조 자동차사고부상등급표의 부상등급(1~7급)을 받은 경우,가입금액,,,,,,,,,,,,,,,,,,,,,,,,,,,
DB손보,카카오페이손해보험,주계약,교통상해입원비(1~180일)(비운전자용),"비운전 중 교통사고로 신체에 상해를 입고, 그 직접결과로써 계속 입원하여 치료를 받은 경우(1회 입원당 180일 한도)",교통상해입원비(1~180일)(비운전자용),2만원,,,,,,,,,file_43.xls,교통상해입원비(1~180일)(비운전자용),"비운전 중 교통사고로 신체에 상해를 입고, 그 직접결과로써 계속 입원하여 치료를 받은 경우(1회 입원당 180일 한도)",2만원,,,,,,,,,,,,,,,,,,,,,,,,,,,
DB손보,카카오페이손해보험,주계약,교통상해후유장해(3~100%)(비운전자용),비운전 중 교통사고로 신체에 상해를 입고 장해분류표에서 정한 장해지급률이 3~100%에 해당하는 장해상태가 되었을 경우,교통상해후유장해(3~100%)(비운전자용),1000만원,,,,,,,,,file_43.xls,교통상해후유장해(3~100%)(비운전자용),비운전 중 교통사고로 신체에 상해를 입고 장해분류표에서 정한 장해지급률이 3~100%에 해당하는 장해상태가 되었을 경우,1000만원,,,,,,,,,,,,,,,,,,,,,,,,,,,
삼성화재,보험기간 중 약관에 정한 허혈성심장질환으로 진단 확정된 경우,주계약,"자동차 운전중 및 운전후 비탑승 상태에서 약관에 정한 일반교통사고로 피해자(피보험자의 부모, 배우자 및 자녀 제외)에게 「자동차사고 부상 등급표」에서 정한 상해급수 1급, 2급 또는 3급 외에 해당하는 중상해를 입혀 약관에 정한 법령으로 경찰조사 후 불송치되거나 검찰에 의해 불기소된 경우(1사고당 피보험자가 실제로 지급한 형사합의금 지급) 피해자 1명당 7,000만원 한도로 지급",무배당 삼성화재 상해보험 행복한 안심파트너(2601.13),무배당 삼성화재 상해보험 행복한 안심파트너(2601.13),"자동차 운전중 및 운전후 비탑승 상태에서 약관에 정한 일반교통사고로 피해자(피보험자의 부모, 배우자 및 자녀 제외)에게 「자동차사고 부상 등급표」에서 정한 상해급수 1급, 2급 또는 3급 외에 해당하는 중상해를 입혀 약관에 정한 법령으로 경찰조사 후 불송치되거나 검찰에 의해 불기소된 경우(1사고당 피보험자가 실제로 지급한 형사합의금 지급) 피해자 1명당 7,000만원 한도로 지급",6315,4415,,,,,,,file_47.xls,삼성화재,무배당 삼성화재 상해보험 행복한 안심파트너(2601.13),-,"자동차 운전중 및 운전후 비탑승 상태에서 약관에 정한 일반교통사고로 피해자(피보험자의 부모, 배우자 및 자녀 제외)에게 「자동차사고 부상 등급표」에서 정한 상해급수 1급, 2급 또는 3급 외에 해당하는 중상해를 입혀 약관에 정한 법령으로 경찰조사 후 불송치되거나 검찰에 의해 불기소된 경우(1사고당 피보험자가 실제로 지급한 형사합의금 지급) 피해자 1명당 7,000만원 한도로 지급",가입금액 한도,"6,315","4,415",112.9,115.6,,,,,,,,,,,,,,,,,,,,,
삼성화재,보험기간 중 약관에 정한 허혈성심장질환으로 진단 확정된 경우,주계약,"자동차 운전후 비탑승 상태에서 교통사고로 타인을 사망에 이르게 하거나 「자동차사고 부상 등급표」에서 정한 상해등급에 해당하는 상해를 입혀 아래의 ① 내지 ⑦로 인해 발생한 변호사선임비용 중 실제로 부담한 금액을 1사고마다 약관에 정해진 한도로 보상① 구속영장에 의해 구속된 경우② 검사에 의해 공소제기(단, 약식기소 제외) 된 경우③ 검사에 의해 약식기소 되었으나, 형사소송법 제450조에 의거 법원에 의해 공판절차에 의한 재판이 진행되게 되거나 동법 제453조에 의해 정식재판이 청구되는 경우④ 경찰 조사 후 불송치 된 경우(단, 타인을 사망하게 한 경우에 한함)⑤ 검찰에 의해 약식기소 또는 불기소 처분이 있는 경우(단, 타인을 사망하게 한 경우에 한함)⑥ 「자동차사고 부상 등급표」에서 정한 상해등급 1급~ 3급에 해당하는 상해를 입히고 경찰 조사 후 불송치 된 경우(단, 타인을 사망하게 한 경우 또는",- 타인을 사망하게 하여 ④ 내지 ⑤에 해당하는 경우 : · 1심(경찰조사포함) 500만원한도- 타인을 사망하게 하거나 타인의 신체에 상해를 입혀 ① 내지 ③에 해당하는 경우 : 1심(경찰조사포함) 500만원 한도 · 항소심(2심) 500만원 한도 · 상고심(3심) 500만원 한도- 타인의 신체에 상해를 입혀 ⑥ 내지 ⑦에 해당하는 경우 : 1심(경찰조사포함) 500만원 한도,"자동차 운전후 비탑승 상태에서 교통사고로 타인을 사망에 이르게 하거나 「자동차사고 부상 등급표」에서 정한 상해등급에 해당하는 상해를 입혀 아래의 ① 내지 ⑦로 인해 발생한 변호사선임비용 중 실제로 부담한 금액을 1사고마다 약관에 정해진 한도로 보상① 구속영장에 의해 구속된 경우② 검사에 의해 공소제기(단, 약식기소 제외) 된 경우③ 검사에 의해 약식기소 되었으나, 형사소송법 제450조에 의거 법원에 의해 공판절차에 의한 재판이 진행되게 되거나 동법 제453조에 의해 정식재판이 청구되는 경우④ 경찰 조사 후 불송치 된 경우(단, 타인을 사망하게 한 경우에 한함)⑤ 검찰에 의해 약식기소 또는 불기소 처분이 있는 경우(단, 타인을 사망하게 한 경우에 한함)⑥ 「자동차사고 부상 등급표」에서 정한 상해등급 1급~ 3급에 해당하는 상해를 입히고 경찰 조사 후 불송치 된 경우(단, 타인을 사망하게 한 경우 또는",- 타인을 사망하게 하여 ④ 내지 ⑤에 해당하는 경우 : · 1심(경찰조사포함) 500만원한도- 타인을 사망하게 하거나 타인의 신체에 상해를 입혀 ① 내지 ③에 해당하는 경우 : 1심(경찰조사포함) 500만원 한도 · 항소심(2심) 500만원 한도 · 상고심(3심) 500만원 한도- 타인의 신체에 상해를 입혀 ⑥ 내지 ⑦에 해당하는 경우 : 1심(경찰조사포함) 500만원 한도,,,,,,,,,file_47.xls,"자동차 운전후 비탑승 상태에서 교통사고로 타인을 사망에 이르게 하거나 「자동차사고 부상 등급표」에서 정한 상해등급에 해당하는 상해를 입혀 아래의 ① 내지 ⑦로 인해 발생한 변호사선임비용 중 실제로 부담한 금액을 1사고마다 약관에 정해진 한도로 보상① 구속영장에 의해 구속된 경우② 검사에 의해 공소제기(단, 약식기소 제외) 된 경우③ 검사에 의해 약식기소 되었으나, 형사소송법 제450조에 의거 법원에 의해 공판절차에 의한 재판이 진행되게 되거나 동법 제453조에 의해 정식재판이 청구되는 경우④ 경찰 조사 후 불송치 된 경우(단, 타인을 사망하게 한 경우에 한함)⑤ 검찰에 의해 약식기소 또는 불기소 처분이 있는 경우(단, 타인을 사망하게 한 경우에 한함)⑥ 「자동차사고 부상 등급표」에서 정한 상해등급 1급~ 3급에 해당하는 상해를 입히고 경찰 조사 후 불송치 된 경우(단, 타인을 사망하게 한 경우 또는",- 타인을 사망하게 하여 ④ 내지 ⑤에 해당하는 경우 : · 1심(경찰조사포함) 500만원한도- 타인을 사망하게 하거나 타인의 신체에 상해를 입혀 ① 내지 ③에 해당하는 경우 : 1심(경찰조사포함) 500만원 한도 · 항소심(2심) 500만원 한도 · 상고심(3심) 500만원 한도- 타인의 신체에 상해를 입혀 ⑥ 내지 ⑦에 해당하는 경우 : 1심(경찰조사포함) 500만원 한도,,,,,,,,,,,,,,,,,,,,,,,,,,,,
삼성화재,보험기간 중 약관에 정한 허혈성심장질환으로 진단 확정된 경우,주계약,교통사고처리지원금Ⅶ(중상해보장확대)(비탑승중Ⅱ 포함),"자동차 운전중 및 운전후 비탑승 상태에서 약관에 정한 일반교통사고로 피해자(피보험자의 부모, 배우자 및 자녀 제외)에게 중상해를 입혀 약관에 정한 법령으로 검찰에 의해 공소제기되거나 「자동차사고 부상 등급표」에서 정한 상해급수 1급, 2급 또는 3급에 해당하는 부상을 입힌 경우(1사고당 피보험자가 실제로 지급한 형사합의금 지급) 피해자 1명당 2억원 한도로 지급",교통사고처리지원금Ⅶ(중상해보장확대)(비탑승중Ⅱ 포함),"자동차 운전중 및 운전후 비탑승 상태에서 약관에 정한 일반교통사고로 피해자(피보험자의 부모, 배우자 및 자녀 제외)에게 중상해를 입혀 약관에 정한 법령으로 검찰에 의해 공소제기되거나 「자동차사고 부상 등급표」에서 정한 상해급수 1급, 2급 또는 3급에 해당하는 부상을 입힌 경우(1사고당 피보험자가 실제로 지급한 형사합의금 지급) 피해자 1명당 2억원 한도로 지급",,,,,,,,,file_47.xls,교통사고처리지원금Ⅶ(중상해보장확대)(비탑승중Ⅱ 포함),"자동차 운전중 및 운전후 비탑승 상태에서 약관에 정한 일반교통사고로 피해자(피보험자의 부모, 배우자 및 자녀 제외)에게 중상해를 입혀 약관에 정한 법령으로 검찰에 의해 공소제기되거나 「자동차사고 부상 등급표」에서 정한 상해급수 1급, 2급 또는 3급에 해당하는 부상을 입힌 경우(1사고당 피보험자가 실제로 지급한 형사합의금 지급) 피해자 1명당 2억원 한도로 지급",가입금액 한도,,,,,,,,,,,,,,,,,,,,,,,,,,,
삼성화재,보험기간 중 약관에 정한 허혈성심장질환으로 진단 확정된 경우,주계약,심급별 자동차사고 변호사선임비용Ⅷ(경찰조사포함)(비탑승중Ⅱ 포함)(자기부담금50%),자동차 운전중 교통사고로 타인을 사망에 이르게 하거나 「자동차사고 부상 등급표」에서 정한 상해등급에 해당하는 상해를 입혀 아래의 ① 내지 ⑦로 인해 발생한 변호사선임비용 중 실제로 부담한 금액을 1사고마다 진행된,심급별 자동차사고 변호사선임비용Ⅷ(경찰조사포함)(비탑승중Ⅱ 포함)(자기부담금50%),"- 타인을 사망하게 하여 ④ 내지 ⑤에 해당하는 경우 : · 1심(경찰조사포함) 500만원한도- 타인을 사망하게 하거나 타인의 신체에 상해를 입혀 ① 내지 ③에 해당하는 경우 : 1심(경찰조사포함) 500만원 한도 · 항소심(2심) 500만원 한도 · 상고심(3심) 500만원 한도- 타인의 신체에 상해를 입혀 ④ 내지 ⑤에 해당하는 경우 : · 1심(경찰조사포함) 1~7급 : 500만원 한도 · 8~11급 : 400만원 한도, · 12~14급 : 200만원 한도- 타인의 신체에 상해를 입혀 ⑥ 내지 ⑦에 해당하는 경우 : 1심(경찰조사포함) 500만원 한도",,,,,,,"- 타인을 사망하게 하여 ④ 내지 ⑤에 해당하는 경우 : · 1심(경찰조사포함) 500만원한도- 타인을 사망하게 하거나 타인의 신체에 상해를 입혀 ① 내지 ③에 해당하는 경우 : 1심(경찰조사포함) 500만원 한도 · 항소심(2심) 500만원 한도 · 상고심(3심) 500만원 한도- 타인의 신체에 상해를 입혀 ④ 내지 ⑤에 해당하는 경우 : · 1심(경찰조사포함) 1~7급 : 500만원 한도 · 8~11급 : 400만원 한도, · 12~14급 : 200만원 한도- 타인의 신체에 상해를 입혀 ⑥ 내지 ⑦에 해당하는 경우 : 1심(경찰조사포함) 500만원 한도",,file_47.xls,심급별 자동차사고 변호사선임비용Ⅷ(경찰조사포함)(비탑승중Ⅱ 포함)(자기부담금50%),자동차 운전중 교통사고로 타인을 사망에 이르게 하거나 「자동차사고 부상 등급표」에서 정한 상해등급에 해당하는 상해를 입혀 아래의 ① 내지 ⑦로 인해 발생한 변호사선임비용 중 실제로 부담한 금액을 1사고마다 진행된,"- 타인을 사망하게 하여 ④ 내지 ⑤에 해당하는 경우 : · 1심(경찰조사포함) 500만원한도- 타인을 사망하게 하거나 타인의 신체에 상해를 입혀 ① 내지 ③에 해당하는 경우 : 1심(경찰조사포함) 500만원 한도 · 항소심(2심) 500만원 한도 · 상고심(3심) 500만원 한도- 타인의 신체에 상해를 입혀 ④ 내지 ⑤에 해당하는 경우 : · 1심(경찰조사포함) 1~7급 : 500만원 한도 · 8~11급 : 400만원 한도, · 12~14급 : 200만원 한도- 타인의 신체에 상해를 입혀 ⑥ 내지 ⑦에 해당하는 경우 : 1심(경찰조사포함) 500만원 한도",,,,,,,,,,,,,,,,,,,,,,,,,,,
삼성화재,보험기간 중 약관에 정한 허혈성심장질환으로 진단 확정된 경우,주계약,운전자 벌금(대물),자동차 운전중 교통사고로 도로교통법 151조에 따른 벌금형이 확정된 경우 가입금액 한도로 지급,자동차 운전중 교통사고로 도로교통법 151조에 따른 벌금형이 확정된 경우 가입금액 한도로 지급,,,,,,,,,,file_47.xls,운전자 벌금(대물),자동차 운전중 교통사고로 도로교통법 151조에 따른 벌금형이 확정된 경우 가입금액 한도로 지급,가입금액 한도,,,,,,,,,,,,,,,,,,,,,,,,,,,
삼성화재,보험기간 중 약관에 정한 허혈성심장질환으로 진단 확정된 경우,주계약,운전자 벌금Ⅱ(대인)(비탑승중Ⅱ 포함),"자동차 운전중 및 운전후 비탑승 상태에서 교통사고로 타인의 신체에 상해를 입혀 확정판결로 벌금을 부담한 경우 2,000만원 한도로 지급※ 단, 특정범죄 가중처벌 등에 관한 법률 제5조의13(어린이 보호구역에서 어린이 치사상의 가중처벌)에 따른 벌금형이 확정된 경우 3,000만원 한도로 지급","자동차 운전중 및 운전후 비탑승 상태에서 교통사고로 타인의 신체에 상해를 입혀 확정판결로 벌금을 부담한 경우 2,000만원 한도로 지급※ 단, 특정범죄 가중처벌 등에 관한 법률 제5조의13(어린이 보호구역에서 어린이 치사상의 가중처벌)에 따른 벌금형이 확정된 경우 3,000만원 한도로 지급","자동차 운전중 및 운전후 비탑승 상태에서 교통사고로 타인의 신체에 상해를 입혀 확정판결로 벌금을 부담한 경우 2,000만원 한도로 지급※ 단, 특정범죄 가중처벌 등에 관한 법률 제5조의13(어린이 보호구역에서 어린이 치사상의 가중처벌)에 따른 벌금형이 확정된 경우 3,000만원 한도로 지급",,,,,,,,,file_47.xls,운전자 벌금Ⅱ(대인)(비탑승중Ⅱ 포함),"자동차 운전중 및 운전후 비탑승 상태에서 교통사고로 타인의 신체에 상해를 입혀 확정판결로 벌금을 부담한 경우 2,000만원 한도로 지급※ 단, 특정범죄 가중처벌 등에 관한 법률 제5조의13(어린이 보호구역에서 어린이 치사상의 가중처벌)에 따른 벌금형이 확정된 경우 3,000만원 한도로 지급",,,,,,,,,,,,,,,,,,,,,,,,,,,,
하나손보,무배당 하나더퍼스트 교직원 안심보험(2601),주계약,교원소청변호사비용손해,"교원소청심사 청구의 원인이 되는 사건이 발생하여 교원소청 심사를 보험기간 중에 청구하고 대리인으로 변호사를 선임한 경우 그 소청이 처분 취소, 변경 등 심사 결정으로 종료됨에 따라 피보험자가 부담한 변호사선임비용",무배당 하나더퍼스트 교직원 안심보험(2601),300만원 한도(자기부담금 10만원),10487,9399,,,,,,,file_47.xls,하나손보,무배당 하나더퍼스트 교직원 안심보험(2601),교원소청변호사비용손해,"교원소청심사 청구의 원인이 되는 사건이 발생하여 교원소청 심사를 보험기간 중에 청구하고 대리인으로 변호사를 선임한 경우 그 소청이 처분 취소, 변경 등 심사 결정으로 종료됨에 따라 피보험자가 부담한 변호사선임비용",300만원 한도(자기부담금 10만원),"10,487","9,399",121.1,119.5,,,,,,,,,,,,,,,,,,,,,
AIG손보,무배당 AIG 꼭 필요한 상해종합보험2601,주계약,[갱신형]교통상해후유장해(3~100%),교통사고로 인한 상해로 직접결과로써 약관에서 정한 장해지급률이 3%~100%에 해당하는 장해상태인 경우,무배당 AIG 꼭 필요한 상해종합보험2601,,13618,8060,,,,,보험가입금액에 약관 장해분류표에서 정한 후유장해지급률을 곱하여 지급,,file_47.xls,AIG손보,무배당 AIG 꼭 필요한 상해종합보험2601,[갱신형]교통상해후유장해(3~100%),교통사고로 인한 상해로 직접결과로써 약관에서 정한 장해지급률이 3%~100%에 해당하는 장해상태인 경우,보험가입금액에 약관 장해분류표에서 정한 후유장해지급률을 곱하여 지급,"13,618","8,060",212.2,213.6,,,,,,,,,,,,,,,,,,,,,
AIG손보,무배당 AIG 꼭 필요한 상해보험2601(2종),주계약,[갱신형]교통상해후유장해(3~100%),교통사고로 인한 상해로 직접결과로써 약관에서 정한 장해지급률이 3%~100%에 해당하는 장해상태인 경우,무배당 AIG 꼭 필요한 상해보험2601(2종),,13618,8060,,,,,보험가입금액에 약관 장해분류표에서 정한 후유장해지급률을 곱하여 지급,,file_47.xls,AIG손보,무배당 AIG 꼭 필요한 상해보험2601(2종),[갱신형]교통상해후유장해(3~100%),교통사고로 인한 상해로 직접결과로써 약관에서 정한 장해지급률이 3%~100%에 해당하는 장해상태인 경우,보험가입금액에 약관 장해분류표에서 정한 후유장해지급률을 곱하여 지급,"13,618","8,060",212.2,213.6,,,,,,,,,,,,,,,,,,,,,
AIG손보,무배당 AIG 꼭 필요한 상해보험2601(1종),주계약,[갱신형]교통상해후유장해(3~100%),교통사고로 인한 상해로 직접결과로써 약관에서 정한 장해지급률이 3%~100%에 해당하는 장해상태인 경우,무배당 AIG 꼭 필요한 상해보험2601(1종),,7258,4520,,,,,보험가입금액에 약관 장해분류표에서 정한 후유장해지급률을 곱하여 지급,,file_47.xls,AIG손보,무배당 AIG 꼭 필요한 상해보험2601(1종),[갱신형]교통상해후유장해(3~100%),교통사고로 인한 상해로 직접결과로써 약관에서 정한 장해지급률이 3%~100%에 해당하는 장해상태인 경우,보험가입금액에 약관 장해분류표에서 정한 후유장해지급률을 곱하여 지급,"7,258","4,520",166.4,179.4,,,,,,,,,,,,,,,,,,,,,
농협손보,(무) 리치팜생활안심보험2601,주계약,자동차사고부상치료비(1~7급),교통사고로 발생한 상해로 자동차손해배상보장법 시행령 제3조 자동차사고부상등급표의 부상등급(1~7급)을 받은 경우,교통사고로 발생한 상해로 자동차손해배상보장법 시행령 제3조 자동차사고부상등급표의 부상등급(1~7급)을 받은 경우,,,,,,,,,,file_47.xls,자동차사고부상치료비(1~7급),교통사고로 발생한 상해로 자동차손해배상보장법 시행령 제3조 자동차사고부상등급표의 부상등급(1~7급)을 받은 경우,부상등급별차등지급,,,,,,,,,,,,,,,,,,,,,,,,,,,
농협손보,(무) 리치팜생활안심보험2601,주계약,교통상해사망,,,,,,,,,,,,file_47.xls,교통상해사망,교통상해사고로 사망한 경우,,,,,,,,,,,,,,,,,,,,,,,,,,,,
한화손보,"캐롯 운전자보험 (무) 1종(자가용, 실속형)",주계약,"자동차 운전 중 자동차사고로 타인(피보험자의 부모, 배우자, 자녀 제외)에게 다음 중 어느 하나에 해당하는 손해를 입힌 경우 형사합의금으로 지급한 금액 실손보상· 중대법규위반교통사고로 타인이 42일미만 진단을 받은 경우","대인형사합의실손비(중대법규위반,42일미만,운전자용)","자동차 운전 중 자동차사고로 타인(피보험자의 부모, 배우자, 자녀 제외)에게 다음 중 어느 하나에 해당하는 손해를 입힌 경우 형사합의금으로 지급한 금액 실손보상· 중대법규위반교통사고로 타인이 42일미만 진단을 받은 경우","1인당 지급, 실손 보상21일이하 : 150만원 한도22일이상 42일 미만 보험가입금액 한도",3312,3312,,,,,"1인당 지급, 실손 보상21일이하 : 150만원 한도22일이상 42일 미만 보험가입금액 한도",,file_49.xls,한화손보,"캐롯 운전자보험 (무) 1종(자가용, 실속형)","대인형사합의실손비(중대법규위반,42일미만,운전자용)","자동차 운전 중 자동차사고로 타인(피보험자의 부모, 배우자, 자녀 제외)에게 다음 중 어느 하나에 해당하는 손해를 입힌 경우 형사합의금으로 지급한 금액 실손보상· 중대법규위반교통사고로 타인이 42일미만 진단을 받은 경우","1인당 지급, 실손 보상21일이하 : 150만원 한도22일이상 42일 미만 보험가입금액 한도","3,312","3,312",92.0,92.0,,,,,,,,,,,,,,,,,,,,,
한화손보,"캐롯 운전자보험 (무) 1종(자가용, 실속형)",주계약,자동차 운전 중 및 운전 후 비탑승 상태에서 발생한 사고로 타인에게 다음 중 어느 하나에 해당하는 손해를 입힌 경우 형사합의금으로 지급한 금액 실손보상 / 사망하게 하거나 일반교통사고로 중상해를 입혀 관련법령에 따라 공소제기되거나 자배법에서 정한 부상등급 1-3급 부상을 입힌 경우 1인당 보험가입금액 한도 / 중대법규위반사고로 피해자가 42일이상 치료를 요한다는 진단을 받은 경우(운전 중 사고를 원인으로 한 경우에 한함) 진단주수별 약관에 정한 금액 한도 / 일반교통사고로 자배법에서 정한 부상등급 1-3급 외에 해당하는 부상을 입히고 경찰서 또는 검찰청에 제출된 의사 진단서 또는 소견서 상 중상해이며 경찰조사 후 불송치되거나 검찰에 의해 불기소된 경우 1인당 약관에 정한 금액 한도※ 비탑승 상태에서 발생한 사고 중 주정차한 이후에 발생한 사고는 사망한 경우 또는 중상해로 공소제기된 경우에 한하여 보상,"대인형사합의실손비Ⅲ(운전자용,비탑승중포함)",자동차 운전 중 및 운전 후 비탑승 상태에서 발생한 사고로 타인에게 다음 중 어느 하나에 해당하는 손해를 입힌 경우 형사합의금으로 지급한 금액 실손보상 / 사망하게 하거나 일반교통사고로 중상해를 입혀 관련법령에 따라 공소제기되거나 자배법에서 정한 부상등급 1-3급 부상을 입힌 경우 1인당 보험가입금액 한도 / 중대법규위반사고로 피해자가 42일이상 치료를 요한다는 진단을 받은 경우(운전 중 사고를 원인으로 한 경우에 한함) 진단주수별 약관에 정한 금액 한도 / 일반교통사고로 자배법에서 정한 부상등급 1-3급 외에 해당하는 부상을 입히고 경찰서 또는 검찰청에 제출된 의사 진단서 또는 소견서 상 중상해이며 경찰조사 후 불송치되거나 검찰에 의해 불기소된 경우 1인당 약관에 정한 금액 한도※ 비탑승 상태에서 발생한 사고 중 주정차한 이후에 발생한 사고는 사망한 경우 또는 중상해로 공소제기된 경우에 한하여 보상,"1인당 지급, 실손 보상사망 : 2억원 한도42일~69일진단 :3천만원한도70일~139일진단 :1억원한도140일이상진단 :1억5천만원한도중상해 : 2억원 한도",,,,,,,"1인당 지급, 실손 보상사망 : 2억원 한도42일~69일진단 :3천만원한도70일~139일진단 :1억원한도140일이상진단 :1억5천만원한도중상해 : 2억원 한도",,file_49.xls,"대인형사합의실손비Ⅲ(운전자용,비탑승중포함)",자동차 운전 중 및 운전 후 비탑승 상태에서 발생한 사고로 타인에게 다음 중 어느 하나에 해당하는 손해를 입힌 경우 형사합의금으로 지급한 금액 실손보상 / 사망하게 하거나 일반교통사고로 중상해를 입혀 관련법령에 따라 공소제기되거나 자배법에서 정한 부상등급 1-3급 부상을 입힌 경우 1인당 보험가입금액 한도 / 중대법규위반사고로 피해자가 42일이상 치료를 요한다는 진단을 받은 경우(운전 중 사고를 원인으로 한 경우에 한함) 진단주수별 약관에 정한 금액 한도 / 일반교통사고로 자배법에서 정한 부상등급 1-3급 외에 해당하는 부상을 입히고 경찰서 또는 검찰청에 제출된 의사 진단서 또는 소견서 상 중상해이며 경찰조사 후 불송치되거나 검찰에 의해 불기소된 경우 1인당 약관에 정한 금액 한도※ 비탑승 상태에서 발생한 사고 중 주정차한 이후에 발생한 사고는 사망한 경우 또는 중상해로 공소제기된 경우에 한하여 보상,"1인당 지급, 실손 보상사망 : 2억원 한도42일~69일진단 :3천만원한도70일~139일진단 :1억원한도140일이상진단 :1억5천만원한도중상해 : 2억원 한도",,,,,,,,,,,,,,,,,,,,,,,,,,,
한화손보,"캐롯 운전자보험 (무) 1종(자가용, 실속형)",주계약,"심급별자동차사고변호사선임비용(실손,운전자용,비탑승중포함)","자동차를 운전 중 및 운전 후 비탑승 상태에서 발생한 사고로 타인의 신체에 상해를 입힘으로써 다음 중 어느 하나에 해당되어 변호사선임비용을  부담하게 된 경우 사고 1회당 제기된 소송의 심급별로 실제로 부담한 변호사 선임에 따른 비용의 50%를 지급1. 구속영장에 의하여 구속된 경우2. 검사에 의하여 공소 제기(단, 약식기소는 제외)된 경우3. 검사에 의해 약식기소 되었으나 법원에 의해 보통의 심판절차인 공판절차에 의해 재판이 진행하게 된 경우 4. 검사에 의해 약식기소 되었으나 형사소송법 제453조에 의거하여 검사 또는 피보험자가 법원의 약식명령에 대하여 정식재판을 청구하는 경우5. 경찰 조사 후 불송치된 경우6. 검찰에 의해 약식기소 또는 불기소된 경우(단, 위 3. 및 4.에 해당하는 경우는 제외함) ※ 5. 및 6.에 해당하는 경우는 1)~4)중 어느 하나에 해당하는 경우에 한함. 1) 타인을 사망하게 한 경우2) “중대법규위반 교통사고”로 타인의 신체에 상해를 입힌 경우(단, 자동차 운전 중 발생한 자동차사고를 원인으로 한 경우에 한함.)3) “중대법규위반 교통사고”에 해당하지 않는 자동차사고로 타인의 신체에 상해를 입힘으로써 피해자에게 자동차사고 부상등급표에 정한 부상등급 1급, 2급 또는 3급에 해당하는 부상을 입힌 경우 4) “중대법규위반 교통사고”에 해당하지 않는 자동차사고로 타인의 신체에 상해를 입힘으로써 피해자에게 자동차사고 부상등급표에 정한 부상등급 1급, 2급 또는 3급 외에 해당하는 중상해를 입힌 경우(단, 자동차 운전 중 발생한 자동차사고를 원인으로 한 경우에 한하며 경찰서 또는 검찰청에 제출된 의사 진단서 또는 소견서 상 중상해인 경우에 한함)※ 비탑승 상태에서 발생한 사고 중 주정차한 이후에 발생한 사고는 타인이 사망한 경우 이외에는 1. 내지 4.에 해당하는 경우에 한하여 보상","자동차를 운전 중 및 운전 후 비탑승 상태에서 발생한 사고로 타인의 신체에 상해를 입힘으로써 다음 중 어느 하나에 해당되어 변호사선임비용을  부담하게 된 경우 사고 1회당 제기된 소송의 심급별로 실제로 부담한 변호사 선임에 따른 비용의 50%를 지급1. 구속영장에 의하여 구속된 경우2. 검사에 의하여 공소 제기(단, 약식기소는 제외)된 경우3. 검사에 의해 약식기소 되었으나 법원에 의해 보통의 심판절차인 공판절차에 의해 재판이 진행하게 된 경우 4. 검사에 의해 약식기소 되었으나 형사소송법 제453조에 의거하여 검사 또는 피보험자가 법원의 약식명령에 대하여 정식재판을 청구하는 경우5. 경찰 조사 후 불송치된 경우6. 검찰에 의해 약식기소 또는 불기소된 경우(단, 위 3. 및 4.에 해당하는 경우는 제외함) ※ 5. 및 6.에 해당하는 경우는 1)~4)중 어느 하나에 해당하는 경우에 한함. 1) 타인을 사망하게 한 경우2) “중대법규위반 교통사고”로 타인의 신체에 상해를 입힌 경우(단, 자동차 운전 중 발생한 자동차사고를 원인으로 한 경우에 한함.)3) “중대법규위반 교통사고”에 해당하지 않는 자동차사고로 타인의 신체에 상해를 입힘으로써 피해자에게 자동차사고 부상등급표에 정한 부상등급 1급, 2급 또는 3급에 해당하는 부상을 입힌 경우 4) “중대법규위반 교통사고”에 해당하지 않는 자동차사고로 타인의 신체에 상해를 입힘으로써 피해자에게 자동차사고 부상등급표에 정한 부상등급 1급, 2급 또는 3급 외에 해당하는 중상해를 입힌 경우(단, 자동차 운전 중 발생한 자동차사고를 원인으로 한 경우에 한하며 경찰서 또는 검찰청에 제출된 의사 진단서 또는 소견서 상 중상해인 경우에 한함)※ 비탑승 상태에서 발생한 사고 중 주정차한 이후에 발생한 사고는 타인이 사망한 경우 이외에는 1. 내지 4.에 해당하는 경우에 한하여 보상",1사고당 제기된 소송의 심급별 변호사선임비용 50% 실손보상(심급별 500만원 한도),,,,,,,1사고당 제기된 소송의 심급별 변호사선임비용 50% 실손보상(심급별 500만원 한도),,file_49.xls,"심급별자동차사고변호사선임비용(실손,운전자용,비탑승중포함)","자동차를 운전 중 및 운전 후 비탑승 상태에서 발생한 사고로 타인의 신체에 상해를 입힘으로써 다음 중 어느 하나에 해당되어 변호사선임비용을  부담하게 된 경우 사고 1회당 제기된 소송의 심급별로 실제로 부담한 변호사 선임에 따른 비용의 50%를 지급1. 구속영장에 의하여 구속된 경우2. 검사에 의하여 공소 제기(단, 약식기소는 제외)된 경우3. 검사에 의해 약식기소 되었으나 법원에 의해 보통의 심판절차인 공판절차에 의해 재판이 진행하게 된 경우 4. 검사에 의해 약식기소 되었으나 형사소송법 제453조에 의거하여 검사 또는 피보험자가 법원의 약식명령에 대하여 정식재판을 청구하는 경우5. 경찰 조사 후 불송치된 경우6. 검찰에 의해 약식기소 또는 불기소된 경우(단, 위 3. 및 4.에 해당하는 경우는 제외함) ※ 5. 및 6.에 해당하는 경우는 1)~4)중 어느 하나에 해당하는 경우에 한함. 1) 타인을 사망하게 한 경우2) “중대법규위반 교통사고”로 타인의 신체에 상해를 입힌 경우(단, 자동차 운전 중 발생한 자동차사고를 원인으로 한 경우에 한함.)3) “중대법규위반 교통사고”에 해당하지 않는 자동차사고로 타인의 신체에 상해를 입힘으로써 피해자에게 자동차사고 부상등급표에 정한 부상등급 1급, 2급 또는 3급에 해당하는 부상을 입힌 경우 4) “중대법규위반 교통사고”에 해당하지 않는 자동차사고로 타인의 신체에 상해를 입힘으로써 피해자에게 자동차사고 부상등급표에 정한 부상등급 1급, 2급 또는 3급 외에 해당하는 중상해를 입힌 경우(단, 자동차 운전 중 발생한 자동차사고를 원인으로 한 경우에 한하며 경찰서 또는 검찰청에 제출된 의사 진단서 또는 소견서 상 중상해인 경우에 한함)※ 비탑승 상태에서 발생한 사고 중 주정차한 이후에 발생한 사고는 타인이 사망한 경우 이외에는 1. 내지 4.에 해당하는 경우에 한하여 보상",1사고당 제기된 소송의 심급별 변호사선임비용 50% 실손보상(심급별 500만원 한도),,,,,,,,,,,,,,,,,,,,,,,,,,,
한화손보,"캐롯 운전자보험 (무) 1종(자가용, 실속형)",주계약,"자동차사고대물벌금(실손,운전자용)","자동차 운전 중 자동차사고로 도로교통법 제151조(벌칙)에 따른 벌금형이 확정된 경우(음주, 무면허상태에서 운전 중 발생한 사고 제외)",1사고당 500만원을 한도로 실손보상,1사고당 500만원을 한도로 실손보상,,,,,,,,,file_49.xls,"자동차사고대물벌금(실손,운전자용)","자동차 운전 중 자동차사고로 도로교통법 제151조(벌칙)에 따른 벌금형이 확정된 경우(음주, 무면허상태에서 운전 중 발생한 사고 제외)",1사고당 500만원을 한도로 실손보상,,,,,,,,,,,,,,,,,,,,,,,,,,,
한화손보,"캐롯 운전자보험 (무) 1종(자가용, 실속형)",주계약,"자동차사고대인벌금Ⅱ(스쿨존사고외2천만원한도,실손,운전자용,비탑승중포함)","자동차 운전 중 및 운전 후 비탑승중 상테에서 발생한 사고로 타인의 신체에 상해를 입힘으로써 신체상해와 관련하여 받은 벌금액(확정판결에 의해 정해진 벌금액)을 1사고당 2,000만원을 한도로 실손보상. 단, 어린이 보호구역에서 어린이 치사상의 가중처벌에 따른 벌금형이 확정된 경우 벌금액을 1사고당 3,000만원을 한도로 실손보상","자동차사고대인벌금Ⅱ(스쿨존사고외2천만원한도,실손,운전자용,비탑승중포함)","1사고당 2,000만원을 한도로 실손보상, 단 스쿨존사고 1사고당 3,000만원 한도",,,,,,,"1사고당 2,000만원을 한도로 실손보상, 단 스쿨존사고 1사고당 3,000만원 한도",,file_49.xls,"자동차사고대인벌금Ⅱ(스쿨존사고외2천만원한도,실손,운전자용,비탑승중포함)","자동차 운전 중 및 운전 후 비탑승중 상테에서 발생한 사고로 타인의 신체에 상해를 입힘으로써 신체상해와 관련하여 받은 벌금액(확정판결에 의해 정해진 벌금액)을 1사고당 2,000만원을 한도로 실손보상. 단, 어린이 보호구역에서 어린이 치사상의 가중처벌에 따른 벌금형이 확정된 경우 벌금액을 1사고당 3,000만원을 한도로 실손보상","1사고당 2,000만원을 한도로 실손보상, 단 스쿨존사고 1사고당 3,000만원 한도",,,,,,,,,,,,,,,,,,,,,,,,,,,
한화손보,"캐롯 운전자보험 (무) 3종(영업용, 실속형)",주계약,"자동차 운전 중 자동차사고로 타인(피보험자의 부모, 배우자, 자녀 제외)에게 다음 중 어느 하나에 해당하는 손해를 입힌 경우 형사합의금으로 지급한 금액 실손보상· 중대법규위반교통사고로 타인이 42일미만 진단을 받은 경우","대인형사합의실손비(중대법규위반,42일미만,운전자용)","자동차 운전 중 자동차사고로 타인(피보험자의 부모, 배우자, 자녀 제외)에게 다음 중 어느 하나에 해당하는 손해를 입힌 경우 형사합의금으로 지급한 금액 실손보상· 중대법규위반교통사고로 타인이 42일미만 진단을 받은 경우","1인당 지급, 실손 보상21일이하 : 150만원 한도22일이상 42일 미만 보험가입금액 한도",17456,17456,,,,,"1인당 지급, 실손 보상21일이하 : 150만원 한도22일이상 42일 미만 보험가입금액 한도",,file_49.xls,한화손보,"캐롯 운전자보험 (무) 3종(영업용, 실속형)","대인형사합의실손비(중대법규위반,42일미만,운전자용)","자동차 운전 중 자동차사고로 타인(피보험자의 부모, 배우자, 자녀 제외)에게 다음 중 어느 하나에 해당하는 손해를 입힌 경우 형사합의금으로 지급한 금액 실손보상· 중대법규위반교통사고로 타인이 42일미만 진단을 받은 경우","1인당 지급, 실손 보상21일이하 : 150만원 한도22일이상 42일 미만 보험가입금액 한도","17,456","17,456",92.0,92.0,,,,,,,,,,,,,,,,,,,,,
한화손보,"캐롯 운전자보험 (무) 3종(영업용, 실속형)",주계약,자동차 운전 중 및 운전 후 비탑승 상태에서 발생한 사고로 타인에게 다음 중 어느 하나에 해당하는 손해를 입힌 경우 형사합의금으로 지급한 금액 실손보상 / 사망하게 하거나 일반교통사고로 중상해를 입혀 관련법령에 따라 공소제기되거나 자배법에서 정한 부상등급 1-3급 부상을 입힌 경우 1인당 보험가입금액 한도 / 중대법규위반사고로 피해자가 42일이상 치료를 요한다는 진단을 받은 경우(운전 중 사고를 원인으로 한 경우에 한함) 진단주수별 약관에 정한 금액 한도 / 일반교통사고로 자배법에서 정한 부상등급 1-3급 외에 해당하는 부상을 입히고 경찰서 또는 검찰청에 제출된 의사 진단서 또는 소견서 상 중상해이며 경찰조사 후 불송치되거나 검찰에 의해 불기소된 경우 1인당 약관에 정한 금액 한도※ 비탑승 상태에서 발생한 사고 중 주정차한 이후에 발생한 사고는 사망한 경우 또는 중상해로 공소제기된 경우에 한하여 보상,"대인형사합의실손비Ⅲ(운전자용,비탑승중포함)",자동차 운전 중 및 운전 후 비탑승 상태에서 발생한 사고로 타인에게 다음 중 어느 하나에 해당하는 손해를 입힌 경우 형사합의금으로 지급한 금액 실손보상 / 사망하게 하거나 일반교통사고로 중상해를 입혀 관련법령에 따라 공소제기되거나 자배법에서 정한 부상등급 1-3급 부상을 입힌 경우 1인당 보험가입금액 한도 / 중대법규위반사고로 피해자가 42일이상 치료를 요한다는 진단을 받은 경우(운전 중 사고를 원인으로 한 경우에 한함) 진단주수별 약관에 정한 금액 한도 / 일반교통사고로 자배법에서 정한 부상등급 1-3급 외에 해당하는 부상을 입히고 경찰서 또는 검찰청에 제출된 의사 진단서 또는 소견서 상 중상해이며 경찰조사 후 불송치되거나 검찰에 의해 불기소된 경우 1인당 약관에 정한 금액 한도※ 비탑승 상태에서 발생한 사고 중 주정차한 이후에 발생한 사고는 사망한 경우 또는 중상해로 공소제기된 경우에 한하여 보상,"1인당 지급, 실손 보상사망 : 2억원 한도42일~69일진단 :3천만원한도70일~139일진단 :1억원한도140일이상진단 :1억5천만원한도중상해 : 2억원 한도",,,,,,,"1인당 지급, 실손 보상사망 : 2억원 한도42일~69일진단 :3천만원한도70일~139일진단 :1억원한도140일이상진단 :1억5천만원한도중상해 : 2억원 한도",,file_49.xls,"대인형사합의실손비Ⅲ(운전자용,비탑승중포함)",자동차 운전 중 및 운전 후 비탑승 상태에서 발생한 사고로 타인에게 다음 중 어느 하나에 해당하는 손해를 입힌 경우 형사합의금으로 지급한 금액 실손보상 / 사망하게 하거나 일반교통사고로 중상해를 입혀 관련법령에 따라 공소제기되거나 자배법에서 정한 부상등급 1-3급 부상을 입힌 경우 1인당 보험가입금액 한도 / 중대법규위반사고로 피해자가 42일이상 치료를 요한다는 진단을 받은 경우(운전 중 사고를 원인으로 한 경우에 한함) 진단주수별 약관에 정한 금액 한도 / 일반교통사고로 자배법에서 정한 부상등급 1-3급 외에 해당하는 부상을 입히고 경찰서 또는 검찰청에 제출된 의사 진단서 또는 소견서 상 중상해이며 경찰조사 후 불송치되거나 검찰에 의해 불기소된 경우 1인당 약관에 정한 금액 한도※ 비탑승 상태에서 발생한 사고 중 주정차한 이후에 발생한 사고는 사망한 경우 또는 중상해로 공소제기된 경우에 한하여 보상,"1인당 지급, 실손 보상사망 : 2억원 한도42일~69일진단 :3천만원한도70일~139일진단 :1억원한도140일이상진단 :1억5천만원한도중상해 : 2억원 한도",,,,,,,,,,,,,,,,,,,,,,,,,,,
한화손보,"캐롯 운전자보험 (무) 3종(영업용, 실속형)",주계약,"심급별자동차사고변호사선임비용(실손,운전자용,비탑승중포함)","자동차를 운전 중 및 운전 후 비탑승 상태에서 발생한 사고로 타인의 신체에 상해를 입힘으로써 다음 중 어느 하나에 해당되어 변호사선임비용을  부담하게 된 경우 사고 1회당 제기된 소송의 심급별로 실제로 부담한 변호사 선임에 따른 비용의 50%를 지급1. 구속영장에 의하여 구속된 경우2. 검사에 의하여 공소 제기(단, 약식기소는 제외)된 경우3. 검사에 의해 약식기소 되었으나 법원에 의해 보통의 심판절차인 공판절차에 의해 재판이 진행하게 된 경우 4. 검사에 의해 약식기소 되었으나 형사소송법 제453조에 의거하여 검사 또는 피보험자가 법원의 약식명령에 대하여 정식재판을 청구하는 경우5. 경찰 조사 후 불송치된 경우6. 검찰에 의해 약식기소 또는 불기소된 경우(단, 위 3. 및 4.에 해당하는 경우는 제외함) ※ 5. 및 6.에 해당하는 경우는 1)~4)중 어느 하나에 해당하는 경우에 한함. 1) 타인을 사망하게 한 경우2) “중대법규위반 교통사고”로 타인의 신체에 상해를 입힌 경우(단, 자동차 운전 중 발생한 자동차사고를 원인으로 한 경우에 한함.)3) “중대법규위반 교통사고”에 해당하지 않는 자동차사고로 타인의 신체에 상해를 입힘으로써 피해자에게 자동차사고 부상등급표에 정한 부상등급 1급, 2급 또는 3급에 해당하는 부상을 입힌 경우 4) “중대법규위반 교통사고”에 해당하지 않는 자동차사고로 타인의 신체에 상해를 입힘으로써 피해자에게 자동차사고 부상등급표에 정한 부상등급 1급, 2급 또는 3급 외에 해당하는 중상해를 입힌 경우(단, 자동차 운전 중 발생한 자동차사고를 원인으로 한 경우에 한하며 경찰서 또는 검찰청에 제출된 의사 진단서 또는 소견서 상 중상해인 경우에 한함)※ 비탑승 상태에서 발생한 사고 중 주정차한 이후에 발생한 사고는 타인이 사망한 경우 이외에는 1. 내지 4.에 해당하는 경우에 한하여 보상","자동차를 운전 중 및 운전 후 비탑승 상태에서 발생한 사고로 타인의 신체에 상해를 입힘으로써 다음 중 어느 하나에 해당되어 변호사선임비용을  부담하게 된 경우 사고 1회당 제기된 소송의 심급별로 실제로 부담한 변호사 선임에 따른 비용의 50%를 지급1. 구속영장에 의하여 구속된 경우2. 검사에 의하여 공소 제기(단, 약식기소는 제외)된 경우3. 검사에 의해 약식기소 되었으나 법원에 의해 보통의 심판절차인 공판절차에 의해 재판이 진행하게 된 경우 4. 검사에 의해 약식기소 되었으나 형사소송법 제453조에 의거하여 검사 또는 피보험자가 법원의 약식명령에 대하여 정식재판을 청구하는 경우5. 경찰 조사 후 불송치된 경우6. 검찰에 의해 약식기소 또는 불기소된 경우(단, 위 3. 및 4.에 해당하는 경우는 제외함) ※ 5. 및 6.에 해당하는 경우는 1)~4)중 어느 하나에 해당하는 경우에 한함. 1) 타인을 사망하게 한 경우2) “중대법규위반 교통사고”로 타인의 신체에 상해를 입힌 경우(단, 자동차 운전 중 발생한 자동차사고를 원인으로 한 경우에 한함.)3) “중대법규위반 교통사고”에 해당하지 않는 자동차사고로 타인의 신체에 상해를 입힘으로써 피해자에게 자동차사고 부상등급표에 정한 부상등급 1급, 2급 또는 3급에 해당하는 부상을 입힌 경우 4) “중대법규위반 교통사고”에 해당하지 않는 자동차사고로 타인의 신체에 상해를 입힘으로써 피해자에게 자동차사고 부상등급표에 정한 부상등급 1급, 2급 또는 3급 외에 해당하는 중상해를 입힌 경우(단, 자동차 운전 중 발생한 자동차사고를 원인으로 한 경우에 한하며 경찰서 또는 검찰청에 제출된 의사 진단서 또는 소견서 상 중상해인 경우에 한함)※ 비탑승 상태에서 발생한 사고 중 주정차한 이후에 발생한 사고는 타인이 사망한 경우 이외에는 1. 내지 4.에 해당하는 경우에 한하여 보상",1사고당 제기된 소송의 심급별 변호사선임비용 50% 실손보상(심급별 500만원 한도),,,,,,,1사고당 제기된 소송의 심급별 변호사선임비용 50% 실손보상(심급별 500만원 한도),,file_49.xls,"심급별자동차사고변호사선임비용(실손,운전자용,비탑승중포함)","자동차를 운전 중 및 운전 후 비탑승 상태에서 발생한 사고로 타인의 신체에 상해를 입힘으로써 다음 중 어느 하나에 해당되어 변호사선임비용을  부담하게 된 경우 사고 1회당 제기된 소송의 심급별로 실제로 부담한 변호사 선임에 따른 비용의 50%를 지급1. 구속영장에 의하여 구속된 경우2. 검사에 의하여 공소 제기(단, 약식기소는 제외)된 경우3. 검사에 의해 약식기소 되었으나 법원에 의해 보통의 심판절차인 공판절차에 의해 재판이 진행하게 된 경우 4. 검사에 의해 약식기소 되었으나 형사소송법 제453조에 의거하여 검사 또는 피보험자가 법원의 약식명령에 대하여 정식재판을 청구하는 경우5. 경찰 조사 후 불송치된 경우6. 검찰에 의해 약식기소 또는 불기소된 경우(단, 위 3. 및 4.에 해당하는 경우는 제외함) ※ 5. 및 6.에 해당하는 경우는 1)~4)중 어느 하나에 해당하는 경우에 한함. 1) 타인을 사망하게 한 경우2) “중대법규위반 교통사고”로 타인의 신체에 상해를 입힌 경우(단, 자동차 운전 중 발생한 자동차사고를 원인으로 한 경우에 한함.)3) “중대법규위반 교통사고”에 해당하지 않는 자동차사고로 타인의 신체에 상해를 입힘으로써 피해자에게 자동차사고 부상등급표에 정한 부상등급 1급, 2급 또는 3급에 해당하는 부상을 입힌 경우 4) “중대법규위반 교통사고”에 해당하지 않는 자동차사고로 타인의 신체에 상해를 입힘으로써 피해자에게 자동차사고 부상등급표에 정한 부상등급 1급, 2급 또는 3급 외에 해당하는 중상해를 입힌 경우(단, 자동차 운전 중 발생한 자동차사고를 원인으로 한 경우에 한하며 경찰서 또는 검찰청에 제출된 의사 진단서 또는 소견서 상 중상해인 경우에 한함)※ 비탑승 상태에서 발생한 사고 중 주정차한 이후에 발생한 사고는 타인이 사망한 경우 이외에는 1. 내지 4.에 해당하는 경우에 한하여 보상",1사고당 제기된 소송의 심급별 변호사선임비용 50% 실손보상(심급별 500만원 한도),,,,,,,,,,,,,,,,,,,,,,,,,,,
한화손보,"캐롯 운전자보험 (무) 3종(영업용, 실속형)",주계약,"자동차사고대물벌금(실손,운전자용)","자동차 운전 중 자동차사고로 도로교통법 제151조(벌칙)에 따른 벌금형이 확정된 경우(음주, 무면허상태에서 운전 중 발생한 사고 제외)",1사고당 500만원을 한도로 실손보상,1사고당 500만원을 한도로 실손보상,,,,,,,,,file_49.xls,"자동차사고대물벌금(실손,운전자용)","자동차 운전 중 자동차사고로 도로교통법 제151조(벌칙)에 따른 벌금형이 확정된 경우(음주, 무면허상태에서 운전 중 발생한 사고 제외)",1사고당 500만원을 한도로 실손보상,,,,,,,,,,,,,,,,,,,,,,,,,,,
한화손보,"캐롯 운전자보험 (무) 3종(영업용, 실속형)",주계약,"자동차사고대인벌금Ⅱ(스쿨존사고외2천만원한도,실손,운전자용,비탑승중포함)","자동차 운전 중 및 운전 후 비탑승중 상테에서 발생한 사고로 타인의 신체에 상해를 입힘으로써 신체상해와 관련하여 받은 벌금액(확정판결에 의해 정해진 벌금액)을 1사고당 2,000만원을 한도로 실손보상. 단, 어린이 보호구역에서 어린이 치사상의 가중처벌에 따른 벌금형이 확정된 경우 벌금액을 1사고당 3,000만원을 한도로 실손보상","자동차사고대인벌금Ⅱ(스쿨존사고외2천만원한도,실손,운전자용,비탑승중포함)","1사고당 2,000만원을 한도로 실손보상, 단 스쿨존사고 1사고당 3,000만원 한도",,,,,,,"1사고당 2,000만원을 한도로 실손보상, 단 스쿨존사고 1사고당 3,000만원 한도",,file_49.xls,"자동차사고대인벌금Ⅱ(스쿨존사고외2천만원한도,실손,운전자용,비탑승중포함)","자동차 운전 중 및 운전 후 비탑승중 상테에서 발생한 사고로 타인의 신체에 상해를 입힘으로써 신체상해와 관련하여 받은 벌금액(확정판결에 의해 정해진 벌금액)을 1사고당 2,000만원을 한도로 실손보상. 단, 어린이 보호구역에서 어린이 치사상의 가중처벌에 따른 벌금형이 확정된 경우 벌금액을 1사고당 3,000만원을 한도로 실손보상","1사고당 2,000만원을 한도로 실손보상, 단 스쿨존사고 1사고당 3,000만원 한도",,,,,,,,,,,,,,,,,,,,,,,,,,,
